mese,corse_osservate,ritardo_medio,ritardo_mediano,p90,oltre_5,oltre_10,oltre_15,oltre_30,oltre_60,effettuate,cancellate,soppresse,parzialmente_cancellate,info_mancante,in_orario,in_ritardo,in_anticipo,minuti_ritardo_tot,minuti_anticipo_tot,minuti_netti_tot,p95
2024-06-01,170347,2.559427651650997,0.782608695652174,8.695652173913043,25404,12523,7751,3016,864,,,,,,,,,,,,
2025-09,75,1.8933333333333333,-1.0,12.800000000000026,14,11,7,2,0,75.0,0.0,0.0,0.0,0.0,22.0,14.0,39.0,285.0,143.0,142.0,19.89999999999999
2025-10,9171,2.53211209246538,1.0,8.0,1869,778,446,178,43,9171.0,0.0,0.0,0.0,0.0,4016.0,1869.0,3286.0,32129.0,8907.0,23222.0,14.0
2025-12,77,0.1168831168831168,-1.0,5.400000000000006,9,5,2,2,1,77.0,0.0,0.0,0.0,0.0,21.0,9.0,47.0,206.0,197.0,9.0,10.600000000000009
2026-01,7565,0.2786516853932584,-1.0,4.0,717,258,137,38,11,7565.0,0.0,0.0,0.0,0.0,2992.0,717.0,3856.0,12961.0,10853.0,2108.0,7.0
