mese,tipo_giorno,fascia_oraria,categoria,corse_osservate,minuti_ritardo_tot,oltre_60,minuti_netti_tot,parzialmente_cancellate,soppresse,cancellate,oltre_10,oltre_15,minuti_anticipo_tot,in_orario,oltre_30,info_mancante,cancellate_tot,oltre_5,in_ritardo,in_anticipo,effettuate,p95,ritardo_medio,ritardo_mediano,p90
2024-06,infrasettimanale,mattina,EC,27,227.0,1,152.0,0,0,0,3,2,75.0,6,1,0,0,6,6,15,27,14.199999999999996,5.62962962962963,-3.0,9.400000000000002
2024-06,infrasettimanale,mattina,IC,382,4666.0,17,4345.0,0,0,0,122,84,321.0,126,47,0,0,190,190,66,382,54.89999999999998,11.37434554973822,4.0,36.0
2024-06,infrasettimanale,mattina,ICN,7,67.0,1,-23.0,0,0,0,1,1,90.0,0,1,0,0,1,1,6,7,46.59999999999995,-3.2857142857142856,-14.0,26.200000000000024
2024-06,infrasettimanale,mattina,MET,645,937.0,2,286.0,0,0,0,16,13,651.0,277,4,0,0,31,31,327,645,4.0,0.4503937007874016,-1.0,3.0
2024-06,infrasettimanale,mattina,NCL,2,0.0,0,-7.0,0,0,0,0,0,7.0,0,0,0,0,0,0,1,2,-7.0,-7.0,-7.0,-7.0
2024-06,infrasettimanale,mattina,REG,24062,63034.0,52,40760.0,0,0,0,1330,732,22274.0,11270,232,0,0,3745,3745,8939,24062,10.0,1.701594723219504,1.0,6.0
2024-06,infrasettimanale,mattina,,2304,29088.0,100,26910.0,0,0,0,776,530,2178.0,572,270,0,0,1180,1180,552,2304,57.0,11.6796875,5.0,35.90000000000009
2024-06,infrasettimanale,notte,EN,15,923.0,3,916.0,0,0,0,13,13,7.0,0,9,0,0,13,13,2,15,207.39999999999984,61.06666666666667,38.0,127.99999999999996
2024-06,infrasettimanale,notte,EXP,1,0.0,0,-6.0,0,0,0,0,0,6.0,0,0,0,0,0,0,1,1,-6.0,-6.0,-6.0,-6.0
2024-06,infrasettimanale,notte,IC,208,1909.0,5,1627.0,0,0,0,68,39,282.0,52,20,0,0,92,92,64,208,34.64999999999998,7.822115384615385,3.0,26.600000000000023
2024-06,infrasettimanale,notte,ICN,21,99.0,1,-18.0,0,0,0,1,1,117.0,8,1,0,0,3,3,10,21,7.0,-0.8571428571428571,0.0,5.0
2024-06,infrasettimanale,notte,MET,243,190.0,0,-148.0,0,0,0,5,1,338.0,77,0,0,0,9,9,148,243,4.0,-0.6324786324786325,-1.0,3.0
2024-06,infrasettimanale,notte,NCL,2,0.0,0,-47.0,0,0,0,0,0,47.0,0,0,0,0,0,0,2,2,-23.05,-23.5,-23.5,-23.1
2024-06,infrasettimanale,notte,REG,9852,23069.0,21,11732.0,0,0,0,493,282,11337.0,4085,101,0,0,1313,1313,4409,9852,10.0,1.1962883654532477,0.0,6.0
2024-06,infrasettimanale,notte,,782,5964.0,16,4858.0,0,0,0,180,110,1106.0,222,54,0,0,290,290,268,782,36.0,6.228205128205128,2.0,19.200000000000045
2024-06,infrasettimanale,pomeriggio,EC,104,1403.0,4,1371.0,0,0,0,43,25,32.0,24,15,0,0,65,65,15,104,47.7,13.182692307692308,7.0,35.400000000000006
2024-06,infrasettimanale,pomeriggio,EN,6,107.0,1,107.0,0,0,0,2,1,0.0,1,1,0,0,5,5,0,6,51.25,17.833333333333332,9.0,38.5
2024-06,infrasettimanale,pomeriggio,EXP,2,8.0,0,8.0,0,0,0,0,0,0.0,1,0,0,0,1,1,0,2,7.6,4.0,4.0,7.2
2024-06,infrasettimanale,pomeriggio,IC,336,4889.0,16,4695.0,0,0,0,140,105,194.0,74,48,0,0,203,203,59,336,56.0,13.973214285714286,7.0,39.0
2024-06,infrasettimanale,pomeriggio,ICN,1,0.0,0,-6.0,0,0,0,0,0,6.0,0,0,0,0,0,0,1,1,-6.0,-6.0,-6.0,-6.0
2024-06,infrasettimanale,pomeriggio,MET,810,1285.0,0,497.0,0,0,0,31,18,788.0,316,4,0,0,75,75,409,810,7.0,0.62125,-1.0,4.0
2024-06,infrasettimanale,pomeriggio,REG,28998,96408.0,87,70455.0,0,0,0,2394,1368,25953.0,12936,438,0,0,5761,5761,10129,28998,14.0,2.444147644487616,1.0,8.0
2024-06,infrasettimanale,pomeriggio,,1974,32848.0,148,31536.0,0,0,0,812,618,1312.0,462,340,0,0,1160,1160,350,1974,73.75,15.991886409736308,7.0,49.0
2024-06,infrasettimanale,sera,EC,41,561.0,1,552.0,0,0,0,17,11,9.0,7,7,0,0,30,30,4,41,43.0,13.46341463414634,8.0,33.0
2024-06,infrasettimanale,sera,EN,1,32.0,0,32.0,0,0,0,1,1,0.0,0,1,0,0,1,1,0,1,32.0,32.0,32.0,32.0
2024-06,infrasettimanale,sera,EXP,5,224.0,1,223.0,0,0,0,3,2,1.0,1,1,0,0,3,3,1,5,154.59999999999997,44.6,14.0,120.20000000000002
2024-06,infrasettimanale,sera,IC,195,2824.0,13,2655.0,0,0,0,61,40,169.0,46,27,0,0,99,99,50,195,66.19999999999976,13.61538461538462,5.0,39.0
2024-06,infrasettimanale,sera,ICN,158,1946.0,6,1745.0,0,0,0,54,40,201.0,39,18,0,0,79,79,40,158,54.600000000000016,11.044303797468354,4.5,30.600000000000023
2024-06,infrasettimanale,sera,MET,786,1523.0,0,812.0,0,0,0,47,25,711.0,362,3,0,0,77,77,343,786,11.0,1.0383631713554988,0.0,4.0
2024-06,infrasettimanale,sera,REG,23317,82702.0,91,59270.0,0,0,0,2133,1263,23432.0,9718,435,0,0,4803,4803,8656,23317,16.0,2.5572766104327567,1.0,9.0
2024-06,infrasettimanale,sera,,772,7538.0,14,6832.0,0,0,0,234,154,706.0,204,66,0,0,382,382,182,772,38.69999999999993,8.895833333333334,4.0,27.0
2024-06,infrasettimanale,tarda_mattina,EC,109,1589.0,6,1476.0,0,0,0,35,22,113.0,27,11,0,0,54,54,27,109,73.04999999999968,13.666666666666666,4.5,25.799999999999983
2024-06,infrasettimanale,tarda_mattina,EXP,4,232.0,1,225.0,0,0,0,1,1,7.0,0,1,0,0,2,2,2,4,190.89999999999992,56.25,3.0,158.80000000000004
2024-06,infrasettimanale,tarda_mattina,IC,363,5138.0,16,4591.0,0,0,0,117,96,547.0,79,50,0,0,168,168,114,363,53.0,12.717451523545709,4.0,37.0
2024-06,infrasettimanale,tarda_mattina,ICN,31,376.0,1,346.0,0,0,0,14,10,30.0,6,3,0,0,16,16,9,31,37.0,11.161290322580646,7.0,29.0
2024-06,infrasettimanale,tarda_mattina,MET,912,985.0,0,-238.0,0,0,0,19,7,1223.0,318,0,0,0,56,56,535,912,5.0,-0.2618261826182618,-1.0,3.0
2024-06,infrasettimanale,tarda_mattina,NCL,2,0.0,0,-85.0,0,0,0,0,0,85.0,0,0,0,0,0,0,2,2,-25.85,-42.5,-42.5,-27.7
2024-06,infrasettimanale,tarda_mattina,REG,29665,87602.0,95,59473.0,0,0,0,1965,1122,28129.0,13446,368,0,0,4984,4984,11118,29665,12.0,2.012758900771626,1.0,7.0
2024-06,infrasettimanale,tarda_mattina,,2054,36812.0,182,35482.0,0,0,0,792,602,1330.0,532,370,0,0,1146,1146,374,2054,82.75,17.29142300194932,6.0,52.5
2024-06,weekend,mattina,EC,18,90.0,1,58.0,0,0,0,1,1,32.0,7,1,0,0,3,3,8,18,17.39999999999992,3.2222222222222223,0.0,7.599999999999999
2024-06,weekend,mattina,IC,203,2778.0,12,2542.0,0,0,0,58,43,236.0,57,22,0,0,95,95,49,203,69.0,12.64676616915423,3.0,36.0
2024-06,weekend,mattina,ICN,4,0.0,0,-74.0,0,0,0,0,0,74.0,0,0,0,0,0,0,4,4,-4.8500000000000085,-18.5,-22.5,-7.699999999999996
2024-06,weekend,mattina,MET,277,195.0,0,-123.0,0,0,0,3,1,318.0,107,0,0,0,8,8,151,277,3.0,-0.4624060150375939,-1.0,2.0
2024-06,weekend,mattina,REG,8552,20415.0,21,11557.0,0,0,0,463,265,8858.0,3689,95,0,0,1129,1129,3425,8552,10.0,1.4020380929273324,0.0,6.0
2024-06,weekend,mattina,,620,7686.0,25,6902.0,0,0,0,186,135,784.0,155,61,0,0,287,287,174,620,50.10112903225803,11.21058893163658,3.770967741935484,29.699032258064538
2024-06,weekend,notte,EC,1,0.0,0,-9.0,0,0,0,0,0,9.0,0,0,0,0,0,0,1,1,-9.0,-9.0,-9.0,-9.0
2024-06,weekend,notte,EN,9,514.0,2,512.0,0,0,0,3,3,2.0,2,2,0,0,6,6,1,9,246.0,56.888888888888886,8.0,204.00000000000003
2024-06,weekend,notte,IC,100,1065.0,2,883.0,0,0,0,24,21,182.0,26,10,0,0,35,35,38,100,48.29999999999998,8.919191919191919,2.0,29.00000000000001
2024-06,weekend,notte,ICN,16,128.0,1,43.0,0,0,0,3,2,85.0,4,1,0,0,4,4,8,16,33.75,2.6875,-1.0,12.5
2024-06,weekend,notte,MET,136,272.0,0,79.0,0,0,0,11,5,193.0,41,0,0,0,17,17,71,136,13.0,0.6124031007751938,-1.0,8.200000000000003
2024-06,weekend,notte,NCL,5,0.0,0,-148.0,0,0,0,0,0,148.0,0,0,0,0,0,0,5,5,-22.0,-29.6,-27.0,-23.0
2024-06,weekend,notte,REG,3527,7200.0,8,2625.0,0,0,0,158,83,4575.0,1419,31,0,0,379,379,1643,3527,8.0,0.7628596338273758,0.0,5.0
2024-06,weekend,notte,,172,1678.0,5,1324.0,0,0,0,38,26,354.0,41,15,0,0,58,58,71,172,37.58139534883721,7.796004370220072,1.0,26.16860465116279
2024-06,weekend,pomeriggio,EC,58,636.0,2,612.0,0,0,0,18,15,24.0,20,7,0,0,26,26,12,58,49.49999999999999,10.551724137931034,3.5,36.60000000000001
2024-06,weekend,pomeriggio,EN,4,229.0,2,229.0,0,0,0,3,3,0.0,1,3,0,0,3,3,0,4,96.7,57.25,62.5,93.4
2024-06,weekend,pomeriggio,IC,166,2332.0,6,2167.0,0,0,0,66,48,165.0,23,20,0,0,101,101,42,166,47.0,13.05421686746988,7.0,33.0
2024-06,weekend,pomeriggio,ICN,1,0.0,0,-4.0,0,0,0,0,0,4.0,0,0,0,0,0,0,1,1,-4.0,-4.0,-4.0,-4.0
2024-06,weekend,pomeriggio,MET,359,283.0,0,-185.0,0,0,0,5,1,468.0,132,0,0,0,14,14,201,359,3.6999999999999886,-0.5331412103746398,-1.0,2.0
2024-06,weekend,pomeriggio,REG,10148,29338.0,27,19141.0,0,0,0,743,429,10197.0,4197,147,0,0,1725,1725,3840,10148,13.0,1.9607662364269618,1.0,7.0
2024-06,weekend,pomeriggio,,508,5335.0,16,4836.0,0,0,0,146,111,499.0,136,50,0,0,224,224,141,508,45.11515748031496,9.65583849891104,3.938976377952756,29.849803149606323
2024-06,weekend,sera,EC,27,244.0,1,236.0,0,0,0,7,6,8.0,11,2,0,0,12,12,4,27,32.0,8.74074074074074,3.0,23.200000000000006
2024-06,weekend,sera,EXP,2,0.0,0,-27.0,0,0,0,0,0,27.0,0,0,0,0,0,0,2,2,-2.25,-13.5,-13.5,-3.5
2024-06,weekend,sera,IC,87,1742.0,9,1636.0,0,0,0,36,25,106.0,20,19,0,0,46,46,20,87,71.75,19.023255813953487,5.0,60.0
2024-06,weekend,sera,ICN,92,1281.0,5,1113.0,0,0,0,25,18,168.0,25,12,0,0,37,37,30,92,64.40000000000003,12.097826086956522,3.0,34.60000000000002
2024-06,weekend,sera,IR,1,43.0,0,43.0,0,0,0,1,1,0.0,0,1,0,0,1,1,0,1,43.0,43.0,43.0,43.0
2024-06,weekend,sera,MET,340,335.0,0,-3.0,0,0,0,4,1,338.0,149,0,0,0,20,20,157,340,5.0,-0.00920245398773,0.0,3.0
2024-06,weekend,sera,NCL,3,19.0,0,18.0,0,0,0,1,1,1.0,1,0,0,0,1,1,1,3,17.099999999999998,6.0,0.0,15.199999999999998
2024-06,weekend,sera,REG,8412,23240.0,18,14414.0,0,0,0,618,340,8826.0,3346,90,0,0,1428,1428,3345,8412,13.0,1.7753417908609437,0.0,7.0
2024-06,weekend,sera,,188,1017.0,2,493.0,0,0,0,33,18,524.0,45,8,0,0,57,57,82,188,25.95212765957441,2.67033096926714,0.19148936170212752,14.844680851063831
2024-06,weekend,tarda_mattina,EC,62,418.0,1,335.0,0,0,0,16,7,83.0,15,3,0,0,25,25,20,62,26.44999999999997,5.583333333333333,2.5,15.0
2024-06,weekend,tarda_mattina,EXP,2,38.0,0,-2.0,0,0,0,1,1,40.0,0,1,0,0,1,1,1,2,34.099999999999994,-1.0,-1.0,30.200000000000003
2024-06,weekend,tarda_mattina,IC,201,2615.0,13,2253.0,0,0,0,56,47,362.0,52,30,0,0,81,81,65,201,69.14999999999998,11.37878787878788,3.0,42.30000000000001
2024-06,weekend,tarda_mattina,ICN,14,122.0,0,108.0,0,0,0,4,2,14.0,4,1,0,0,5,5,5,14,32.999999999999986,7.714285714285714,3.0,17.200000000000006
2024-06,weekend,tarda_mattina,MET,356,256.0,0,-212.0,0,0,0,2,1,468.0,134,0,0,0,12,12,206,356,3.0,-0.6022727272727273,-1.0,2.0
2024-06,weekend,tarda_mattina,REG,10100,26389.0,25,16429.0,0,0,0,606,349,9960.0,4232,106,0,0,1597,1597,3874,10100,11.0,1.693187673915284,0.0,7.0
2024-06,weekend,tarda_mattina,,479,6846.0,26,6391.0,0,0,0,168,125,455.0,118,71,0,0,237,237,117,479,66.24947807933194,13.546608344103124,4.935281837160751,39.64091858037578
2024-07,infrasettimanale,mattina,EC,45,203.0,1,81.0,0,0,0,7,5,122.0,7,1,0,0,12,12,26,45,19.799999999999983,1.8,-1.0,14.200000000000005
2024-07,infrasettimanale,mattina,EXP,2,68.0,1,68.0,0,0,0,1,1,0.0,1,1,0,0,1,1,0,2,61.0,34.0,34.0,58.0
2024-07,infrasettimanale,mattina,IC,568,8234.0,30,7870.0,0,0,0,190,143,364.0,164,74,0,0,309,309,95,568,60.0,13.855633802816902,5.0,37.0
2024-07,infrasettimanale,mattina,ICN,16,252.0,1,130.0,0,0,0,6,5,122.0,0,5,0,0,6,6,10,16,55.5,8.125,-1.5,46.0
2024-07,infrasettimanale,mattina,MET,1135,1142.0,0,8.0,0,0,0,11,5,1134.0,528,2,0,0,44,44,553,1135,4.0,0.0071111111111111,0.0,3.0
2024-07,infrasettimanale,mattina,NCL,1,5.0,0,5.0,0,0,0,0,0,0.0,0,0,0,0,1,1,0,1,5.0,5.0,5.0,5.0
2024-07,infrasettimanale,mattina,REG,36040,99523.0,81,65947.0,0,0,0,2270,1286,33576.0,16434,398,0,0,5941,5941,13484,36040,11.0,1.839064112217296,1.0,7.0
2024-07,infrasettimanale,mattina,,3494,54184.0,194,52048.0,0,0,0,1398,1018,2136.0,866,502,0,0,2040,2040,588,3494,63.69999999999983,14.896393817973667,7.0,39.0
2024-07,infrasettimanale,notte,DIR,1,0.0,0,-1.0,0,0,0,0,0,1.0,0,0,0,0,0,0,1,1,-1.0,-1.0,-1.0,-1.0
2024-07,infrasettimanale,notte,EC,1,0.0,0,-3.0,0,0,0,0,0,3.0,0,0,0,0,0,0,1,1,-3.0,-3.0,-3.0,-3.0
2024-07,infrasettimanale,notte,EN,23,349.0,2,329.0,0,0,0,10,7,20.0,2,3,0,0,14,14,7,23,62.49999999999998,14.304347826086952,8.0,44.600000000000016
2024-07,infrasettimanale,notte,EXP,1,31.0,0,31.0,0,0,0,1,1,0.0,0,1,0,0,1,1,0,1,31.0,31.0,31.0,31.0
2024-07,infrasettimanale,notte,IC,277,4317.0,12,4096.0,0,0,0,122,90,221.0,56,50,0,0,171,171,48,277,56.30000000000001,14.894545454545455,8.0,43.6
2024-07,infrasettimanale,notte,ICN,34,514.0,4,446.0,0,0,0,8,7,68.0,7,7,0,0,11,11,16,34,71.49999999999997,13.117647058823527,0.5,60.1
2024-07,infrasettimanale,notte,MET,430,289.0,0,-340.0,0,0,0,3,1,629.0,151,0,0,0,12,12,266,430,3.0,-0.7925407925407926,-1.0,2.0
2024-07,infrasettimanale,notte,REG,14743,37469.0,32,20652.0,0,0,0,880,517,16817.0,6191,159,0,0,2162,2162,6338,14743,11.0,1.405758627731264,0.0,6.0
2024-07,infrasettimanale,notte,,1194,13380.0,40,12102.0,0,0,0,342,266,1278.0,340,126,0,0,540,540,312,1194,47.0,10.15268456375839,4.0,30.0
2024-07,infrasettimanale,pomeriggio,EC,167,2930.0,7,2891.0,0,0,0,93,68,39.0,29,31,0,0,122,122,16,167,55.0,17.311377245508982,11.0,43.400000000000006
2024-07,infrasettimanale,pomeriggio,EN,17,736.0,5,736.0,0,0,0,14,13,0.0,0,10,0,0,17,17,0,17,113.79999999999998,43.294117647058826,31.0,84.20000000000002
2024-07,infrasettimanale,pomeriggio,EXP,5,20.0,0,-51.0,0,0,0,1,1,71.0,0,0,0,0,1,1,4,5,14.999999999999996,-10.2,-12.0,10.000000000000002
2024-07,infrasettimanale,pomeriggio,IC,464,9747.0,41,9589.0,0,0,0,241,190,158.0,100,105,0,0,314,314,47,464,78.0,20.8004338394794,10.0,56.0
2024-07,infrasettimanale,pomeriggio,ICN,3,2.0,0,1.0,0,0,0,0,0,1.0,2,0,0,0,0,0,1,3,1.0,0.3333333333333333,1.0,1.0
2024-07,infrasettimanale,pomeriggio,IR,1,4.0,0,4.0,0,0,0,0,0,0.0,1,0,0,0,0,0,0,1,4.0,4.0,4.0,4.0
2024-07,infrasettimanale,pomeriggio,MET,1360,1589.0,0,200.0,0,0,0,38,10,1389.0,537,4,0,0,91,91,689,1360,6.0,0.1518602885345482,-1.0,3.0
2024-07,infrasettimanale,pomeriggio,NCL,3,2.0,0,-147.0,0,0,0,0,0,149.0,1,0,0,0,0,0,2,3,-5.6000000000000085,-49.0,-74.0,-13.199999999999996
2024-07,infrasettimanale,pomeriggio,REG,43477,154613.0,132,117277.0,0,0,0,4049,2351,37336.0,18858,728,0,0,9210,9210,15041,43477,15.0,2.720476002690853,1.0,9.0
2024-07,infrasettimanale,pomeriggio,,2992,58412.0,202,57042.0,0,0,0,1544,1240,1370.0,566,600,0,0,2012,2012,406,2992,71.45000000000005,19.115951742627345,11.0,48.0
2024-07,infrasettimanale,sera,EC,66,857.0,2,815.0,0,0,0,21,13,42.0,11,9,0,0,40,40,14,66,50.39999999999999,12.538461538461538,6.0,38.8
2024-07,infrasettimanale,sera,EXP,8,30.0,0,-23.0,0,0,0,1,0,53.0,1,0,0,0,3,3,4,8,10.95,-2.875,-0.5,9.9
2024-07,infrasettimanale,sera,IC,319,6831.0,26,6476.0,0,0,0,130,102,355.0,65,57,0,0,177,177,75,319,92.3999999999998,20.42902208201893,6.0,49.400000000000034
2024-07,infrasettimanale,sera,ICN,187,3432.0,15,3278.0,0,0,0,70,50,154.0,49,32,0,0,100,100,38,187,85.79999999999995,17.529411764705884,5.0,47.20000000000002
2024-07,infrasettimanale,sera,MET,1326,1643.0,1,351.0,0,0,0,29,15,1292.0,607,4,0,0,80,80,629,1326,5.0,0.2667173252279635,0.0,3.0
2024-07,infrasettimanale,sera,NCL,1,5.0,0,5.0,0,0,0,0,0,0.0,0,0,0,0,1,1,0,1,5.0,5.0,5.0,5.0
2024-07,infrasettimanale,sera,REG,34448,123913.0,91,92091.0,0,0,0,3408,1959,31822.0,14268,599,0,0,7615,7615,12352,34448,16.0,2.6899664086461224,1.0,9.0
2024-07,infrasettimanale,sera,,1158,9958.0,4,8432.0,0,0,0,368,236,1526.0,286,70,0,0,560,560,312,1158,34.10000000000002,7.281519861830743,4.0,24.200000000000045
2024-07,infrasettimanale,tarda_mattina,DIR,1,38.0,0,38.0,0,0,0,1,1,0.0,0,1,0,0,1,1,0,1,38.0,38.0,38.0,38.0
2024-07,infrasettimanale,tarda_mattina,EC,171,2090.0,7,1942.0,0,0,0,63,41,148.0,36,22,0,0,89,89,45,171,46.74999999999992,11.423529411764706,5.0,35.099999999999994
2024-07,infrasettimanale,tarda_mattina,EXP,2,13.0,0,11.0,0,0,0,1,0,2.0,0,0,0,0,1,1,1,2,12.25,5.5,5.5,11.5
2024-07,infrasettimanale,tarda_mattina,IC,531,9602.0,32,8943.0,0,0,0,221,168,659.0,92,95,0,0,305,305,132,531,63.199999999999925,16.905482041587902,7.0,51.0
2024-07,infrasettimanale,tarda_mattina,ICN,34,437.0,2,390.0,0,0,0,13,10,47.0,5,3,0,0,17,17,12,34,42.89999999999993,11.470588235294118,6.0,26.2
2024-07,infrasettimanale,tarda_mattina,IR,1,88.0,1,88.0,0,0,0,1,1,0.0,0,1,0,0,1,1,0,1,88.0,88.0,88.0,88.0
2024-07,infrasettimanale,tarda_mattina,MET,1572,2329.0,6,547.0,0,0,0,26,20,1782.0,629,12,0,0,85,85,844,1572,5.0,0.35109114249037227,-1.0,3.0
2024-07,infrasettimanale,tarda_mattina,NCL,3,62.0,0,18.0,0,0,0,2,1,44.0,0,1,0,0,2,2,1,3,47.79999999999999,6.0,10.0,43.6
2024-07,infrasettimanale,tarda_mattina,REG,44600,118553.0,71,77026.0,0,0,0,2832,1550,41527.0,20056,410,0,0,7326,7326,17026,44600,11.0,1.734507295982706,1.0,7.0
2024-07,infrasettimanale,tarda_mattina,,3144,60398.0,222,58996.0,0,0,0,1500,1196,1402.0,694,630,0,0,2040,2040,408,3144,70.0,18.776575429662635,9.0,51.0
2024-07,weekend,mattina,EC,17,59.0,0,6.0,0,0,0,1,1,53.0,3,1,0,0,3,3,11,17,13.59999999999998,0.3529411764705882,-3.0,6.800000000000001
2024-07,weekend,mattina,IC,194,2343.0,9,2170.0,0,0,0,58,40,173.0,63,20,0,0,84,84,45,194,57.0,11.302083333333336,3.0,34.400000000000034
2024-07,weekend,mattina,ICN,5,0.0,0,-53.0,0,0,0,0,0,53.0,1,0,0,0,0,0,4,5,-1.8000000000000014,-10.6,-9.0,-3.6
2024-07,weekend,mattina,MET,340,513.0,1,174.0,0,0,0,6,5,339.0,156,1,0,0,25,25,141,340,5.0,0.5403726708074534,0.0,3.0
2024-07,weekend,mattina,REG,8622,21173.0,21,12098.0,0,0,0,495,291,9075.0,3597,114,0,0,1168,1168,3516,8622,11.0,1.4609346697258785,0.0,6.0
2024-07,weekend,mattina,,1070,13772.0,54,12824.0,0,0,0,330,244,948.0,292,120,0,0,518,518,246,1070,64.8499999999998,12.143939393939394,4.0,32.60000000000002
2024-07,weekend,notte,EN,8,439.0,2,439.0,0,0,0,5,4,0.0,2,3,0,0,6,6,0,8,194.79999999999995,54.875,14.0,148.59999999999997
2024-07,weekend,notte,EXP,1,0.0,0,-27.0,0,0,0,0,0,27.0,0,0,0,0,0,0,1,1,-27.0,-27.0,-27.0,-27.0
2024-07,weekend,notte,IC,98,1377.0,5,1218.0,0,0,0,38,27,159.0,16,14,0,0,51,51,31,98,51.99999999999983,12.428571428571429,5.0,35.3
2024-07,weekend,notte,ICN,11,119.0,0,33.0,0,0,0,4,3,86.0,1,2,0,0,4,4,6,11,44.0,3.0,-4.0,32.0
2024-07,weekend,notte,IR,1,4.0,0,4.0,0,0,0,0,0,0.0,1,0,0,0,0,0,0,1,4.0,4.0,4.0,4.0
2024-07,weekend,notte,MET,126,77.0,0,-125.0,0,0,0,2,0,202.0,36,0,0,0,4,4,76,126,3.25,-1.0775862068965518,-2.0,2.0
2024-07,weekend,notte,NCL,3,195.0,2,195.0,0,0,0,3,3,0.0,0,3,0,0,3,3,0,3,89.0,65.0,62.0,86.0
2024-07,weekend,notte,REG,3732,9622.0,13,4969.0,0,0,0,233,143,4653.0,1457,53,0,0,502,502,1649,3732,12.0,1.3772172949002215,0.0,6.0
2024-07,weekend,notte,,306,3296.0,6,2850.0,0,0,0,92,70,446.0,72,36,0,0,138,138,92,306,45.5,9.437086092715232,4.0,35.0
2024-07,weekend,pomeriggio,EC,56,997.0,4,961.0,0,0,0,27,21,36.0,8,12,0,0,35,35,12,56,69.59999999999997,17.472727272727273,9.0,43.80000000000001
2024-07,weekend,pomeriggio,EN,4,66.0,0,66.0,0,0,0,3,2,0.0,1,0,0,0,3,3,0,4,26.85,16.5,19.0,26.7
2024-07,weekend,pomeriggio,IC,154,2529.0,8,2389.0,0,0,0,73,55,140.0,28,24,0,0,92,92,32,154,58.89999999999998,15.717105263157896,9.0,47.70000000000002
2024-07,weekend,pomeriggio,IR,1,10.0,0,10.0,0,0,0,1,0,0.0,0,0,0,0,1,1,0,1,10.0,10.0,10.0,10.0
2024-07,weekend,pomeriggio,MET,406,782.0,0,288.0,0,0,0,22,17,494.0,141,6,0,0,35,35,210,406,11.5,0.7461139896373057,-1.0,4.0
2024-07,weekend,pomeriggio,REG,10702,32418.0,28,21780.0,0,0,0,828,482,10638.0,4331,166,0,0,1849,1849,4122,10702,14.0,2.114152591729761,0.0,8.0
2024-07,weekend,pomeriggio,,978,12916.0,44,12024.0,0,0,0,362,268,892.0,216,140,0,0,508,508,244,978,53.69999999999993,12.421487603305785,5.0,39.69999999999999
2024-07,weekend,sera,EC,28,409.0,1,379.0,0,0,0,12,10,30.0,2,5,0,0,16,16,10,28,44.65,13.535714285714286,5.0,41.2
2024-07,weekend,sera,EXP,1,48.0,0,48.0,0,0,0,1,1,0.0,0,1,0,0,1,1,0,1,48.0,48.0,48.0,48.0
2024-07,weekend,sera,IC,100,1684.0,5,1574.0,0,0,0,43,32,110.0,19,17,0,0,59,59,21,100,59.399999999999984,15.898989898989901,8.0,44.0
2024-07,weekend,sera,ICN,79,554.0,2,425.0,0,0,0,16,8,129.0,22,4,0,0,29,29,28,79,28.699999999999903,5.379746835443038,1.0,14.400000000000018
2024-07,weekend,sera,IR,2,62.0,0,62.0,0,0,0,2,2,0.0,0,1,0,0,2,2,0,2,40.9,31.0,31.0,39.8
2024-07,weekend,sera,MET,363,457.0,0,125.0,0,0,0,10,8,332.0,142,1,0,0,23,23,169,363,5.349999999999966,0.374251497005988,-1.0,3.0
2024-07,weekend,sera,REG,8819,27914.0,23,19124.0,0,0,0,759,431,8790.0,3514,153,0,0,1620,1620,3398,8819,15.0,2.241443975621191,1.0,9.0
2024-07,weekend,sera,,402,3588.0,8,1124.0,0,0,0,110,86,2464.0,68,42,0,0,150,150,180,402,42.1,2.824120603015076,1.0,31.0
2024-07,weekend,tarda_mattina,EC,66,731.0,2,685.0,0,0,0,20,15,46.0,16,7,0,0,29,29,20,66,48.99999999999999,10.538461538461538,4.0,32.20000000000001
2024-07,weekend,tarda_mattina,EXP,2,33.0,0,26.0,0,0,0,1,1,7.0,0,1,0,0,1,1,1,2,31.0,13.0,13.0,29.0
2024-07,weekend,tarda_mattina,IC,209,2455.0,7,2033.0,0,0,0,62,46,422.0,34,27,0,0,92,92,78,209,52.54999999999998,9.965686274509803,3.0,34.80000000000007
2024-07,weekend,tarda_mattina,ICN,15,124.0,0,92.0,0,0,0,6,4,32.0,3,0,0,0,6,6,6,15,27.6,6.133333333333334,1.0,24.6
2024-07,weekend,tarda_mattina,IR,1,12.0,0,12.0,0,0,0,1,0,0.0,0,0,0,0,1,1,0,1,12.0,12.0,12.0,12.0
2024-07,weekend,tarda_mattina,MET,507,446.0,1,-221.0,0,0,0,5,5,667.0,177,3,0,0,16,16,279,507,3.0,-0.4682203389830508,-1.0,2.0
2024-07,weekend,tarda_mattina,REG,11922,31929.0,29,20318.0,0,0,0,776,454,11611.0,4993,139,0,0,1839,1839,4614,11922,12.0,1.7751179451336712,0.0,7.0
2024-07,weekend,tarda_mattina,,928,14064.0,66,13424.0,0,0,0,320,260,640.0,214,160,0,0,502,502,196,928,71.25,14.719298245614034,5.0,47.5
2024-08,infrasettimanale,mattina,EC,43,340.0,1,248.0,0,0,0,12,10,92.0,7,2,0,0,17,17,19,43,27.0,5.767441860465116,1.0,23.60000000000003
2024-08,infrasettimanale,mattina,EXP,1,0.0,0,-3.0,0,0,0,0,0,3.0,0,0,0,0,0,0,1,1,-3.0,-3.0,-3.0,-3.0
2024-08,infrasettimanale,mattina,IC,568,5555.0,22,4536.0,0,0,0,147,101,1019.0,162,48,0,0,232,232,173,568,44.69999999999993,8.0,3.0,23.40000000000004
2024-08,infrasettimanale,mattina,ICN,14,162.0,0,3.0,0,0,0,4,3,159.0,0,3,0,0,5,5,9,14,48.85,0.2142857142857142,-7.5,44.1
2024-08,infrasettimanale,mattina,IR,4,23.0,0,21.0,0,0,0,1,0,2.0,1,0,0,0,2,2,1,4,12.249999999999998,5.25,5.0,11.5
2024-08,infrasettimanale,mattina,MET,1115,878.0,0,-406.0,0,0,0,7,1,1284.0,493,1,0,0,31,31,573,1115,3.0,-0.3701002734731085,-1.0,2.0
2024-08,infrasettimanale,mattina,NCL,2,187.0,1,126.0,0,0,0,1,1,61.0,0,1,0,0,1,1,1,2,174.6,63.0,63.0,162.20000000000002
2024-08,infrasettimanale,mattina,REG,30849,61967.0,46,27725.0,0,0,0,1253,716,34242.0,13830,224,0,0,3453,3453,13471,30849,8.0,0.9015087468296809,0.0,5.0
2024-08,infrasettimanale,mattina,,2812,23728.0,52,18850.0,0,0,0,698,474,4878.0,778,204,0,0,1146,1146,888,2812,36.75,6.703413940256046,3.0,25.0
2024-08,infrasettimanale,notte,EN,21,550.0,4,541.0,0,0,0,7,6,9.0,5,4,0,0,12,12,4,21,95.0,25.761904761904763,5.0,81.0
2024-08,infrasettimanale,notte,EXP,4,22.0,0,18.0,0,0,0,1,1,4.0,1,0,0,0,1,1,2,4,15.899999999999997,4.5,1.0,13.800000000000002
2024-08,infrasettimanale,notte,IC,324,3269.0,13,2673.0,0,0,0,87,62,596.0,68,34,0,0,133,133,123,324,48.849999999999966,8.25,1.5,30.0
2024-08,infrasettimanale,notte,ICN,43,251.0,0,133.0,0,0,0,5,5,118.0,13,3,0,0,12,12,18,43,33.49999999999999,3.0930232558139537,1.0,22.600000000000072
2024-08,infrasettimanale,notte,MET,417,249.0,0,-394.0,0,0,0,2,0,643.0,149,0,0,0,7,7,256,417,3.0,-0.9563106796116504,-1.0,2.0
2024-08,infrasettimanale,notte,NCL,8,314.0,4,252.0,0,0,0,5,4,62.0,0,4,0,0,5,5,3,8,84.25,31.5,37.0,82.5
2024-08,infrasettimanale,notte,REG,13364,25481.0,17,7862.0,0,0,0,544,313,17619.0,5497,88,0,0,1414,1414,6416,13364,8.0,0.5899302168530052,0.0,5.0
2024-08,infrasettimanale,notte,,1258,6302.0,4,3638.0,0,0,0,204,130,2664.0,402,40,0,0,378,378,478,1258,24.0,2.891891891891892,1.0,15.0
2024-08,infrasettimanale,pomeriggio,DIR,1,1.0,0,1.0,0,0,0,0,0,0.0,1,0,0,0,0,0,0,1,1.0,1.0,1.0,1.0
2024-08,infrasettimanale,pomeriggio,EC,154,1512.0,1,1341.0,0,0,0,48,37,171.0,41,17,0,0,70,70,42,154,33.20000000000002,8.764705882352942,4.0,30.80000000000001
2024-08,infrasettimanale,pomeriggio,EN,13,801.0,3,801.0,0,0,0,13,12,0.0,0,11,0,0,13,13,0,13,135.19999999999987,61.61538461538461,53.0,96.6
2024-08,infrasettimanale,pomeriggio,EXP,9,32.0,0,29.0,0,0,0,2,0,3.0,5,0,0,0,2,2,2,9,10.6,3.2222222222222223,3.0,10.2
2024-08,infrasettimanale,pomeriggio,IC,444,7019.0,25,6742.0,0,0,0,193,150,277.0,88,68,0,0,268,268,85,444,64.0,15.287981859410433,7.0,42.0
2024-08,infrasettimanale,pomeriggio,MET,1323,1266.0,0,-196.0,0,0,0,24,14,1462.0,558,2,0,0,56,56,697,1323,4.0,-0.1495041952707856,-1.0,2.0
2024-08,infrasettimanale,pomeriggio,REG,37029,95968.0,89,57148.0,0,0,0,2179,1278,38820.0,16417,433,0,0,5319,5319,15155,37029,11.0,1.5491041175354423,0.0,6.0
2024-08,infrasettimanale,pomeriggio,,2548,27686.0,72,24122.0,0,0,0,806,552,3564.0,666,248,0,0,1200,1200,682,2548,46.0,9.467032967032967,4.0,29.0
2024-08,infrasettimanale,sera,EC,64,879.0,5,848.0,0,0,0,22,17,31.0,12,10,0,0,36,36,13,64,64.0,13.901639344262296,6.0,40.0
2024-08,infrasettimanale,sera,EN,2,21.0,0,21.0,0,0,0,1,1,0.0,1,0,0,0,1,1,0,2,17.25,10.5,10.5,16.5
2024-08,infrasettimanale,sera,EXP,7,34.0,0,-32.0,0,0,0,1,1,66.0,0,1,0,0,1,1,6,7,23.49999999999997,-4.571428571428571,-5.0,13.000000000000012
2024-08,infrasettimanale,sera,IC,308,5858.0,23,5330.0,0,0,0,106,80,528.0,58,43,0,0,144,144,106,308,89.0,17.305194805194805,4.0,43.900000000000034
2024-08,infrasettimanale,sera,ICN,210,1675.0,4,1069.0,0,0,0,47,37,606.0,53,17,0,0,69,69,88,210,44.54999999999998,5.09047619047619,0.0,26.099999999999994
2024-08,infrasettimanale,sera,MET,1280,1639.0,0,319.0,0,0,0,28,17,1320.0,596,7,0,0,72,72,606,1280,5.0,0.2503924646781789,0.0,3.0
2024-08,infrasettimanale,sera,REG,30101,87330.0,74,55555.0,0,0,0,2133,1249,31775.0,12645,439,0,0,5085,5085,12255,30101,13.0,1.8527597131899285,0.0,7.0
2024-08,infrasettimanale,sera,,934,5916.0,6,4074.0,0,0,0,190,136,1842.0,212,42,0,0,348,348,370,934,27.799999999999955,4.380645161290323,2.0,18.0
2024-08,infrasettimanale,tarda_mattina,EC,152,1480.0,3,1325.0,0,0,0,48,32,155.0,32,16,0,0,70,70,50,152,38.79999999999996,8.717105263157896,4.0,30.800000000000015
2024-08,infrasettimanale,tarda_mattina,EXP,12,105.0,0,90.0,0,0,0,4,1,15.0,1,1,0,0,8,8,3,12,26.04999999999998,7.5,6.5,12.800000000000002
2024-08,infrasettimanale,tarda_mattina,IC,558,6356.0,20,5413.0,0,0,0,194,130,943.0,122,59,0,0,257,257,177,558,53.0,9.735611510791369,3.0,30.5
2024-08,infrasettimanale,tarda_mattina,ICN,43,301.0,1,214.0,0,0,0,11,8,87.0,12,2,0,0,15,15,16,43,18.0,4.976744186046512,1.0,16.800000000000004
2024-08,infrasettimanale,tarda_mattina,MET,1535,1175.0,0,-961.0,0,0,0,16,8,2136.0,576,3,0,0,38,38,916,1535,3.0,-0.6281045751633987,-1.0,2.0
2024-08,infrasettimanale,tarda_mattina,REG,38264,75930.0,38,33701.0,0,0,0,1646,920,42229.0,17008,219,0,0,4384,4384,16787,38264,8.0,0.8827103905288247,0.0,5.0
2024-08,infrasettimanale,tarda_mattina,,2552,29240.0,82,26356.0,0,0,0,794,584,2884.0,710,278,0,0,1192,1192,648,2552,51.0,10.335686274509804,4.0,31.600000000000136
2024-08,weekend,mattina,EC,16,98.0,0,76.0,0,0,0,4,3,22.0,5,1,0,0,5,5,6,16,22.5,4.75,1.0,15.5
2024-08,weekend,mattina,EXP,3,27.0,0,15.0,0,0,0,1,1,12.0,0,0,0,0,2,2,1,3,19.5,5.0,6.0,18.0
2024-08,weekend,mattina,IC,215,3615.0,17,3263.0,0,0,0,70,53,352.0,60,33,0,0,98,98,57,215,72.19999999999993,15.17674418604651,4.0,47.99999999999997
2024-08,weekend,mattina,ICN,4,84.0,0,61.0,0,0,0,3,3,23.0,0,1,0,0,3,3,1,4,42.39999999999999,15.25,19.0,38.8
2024-08,weekend,mattina,MET,425,453.0,0,16.0,0,0,0,7,3,437.0,184,0,0,0,22,22,211,425,5.0,0.038369304556354906,-1.0,3.0
2024-08,weekend,mattina,REG,9722,20639.0,33,9000.0,0,0,0,425,258,11639.0,4156,98,0,0,1069,1069,4464,9722,8.0,0.928888430178553,0.0,5.0
2024-08,weekend,mattina,,1122,11788.0,36,9928.0,0,0,0,326,226,1860.0,276,100,0,0,484,484,358,1122,48.30000000000007,8.880143112701253,3.0,26.19999999999999
2024-08,weekend,notte,EN,9,67.0,0,67.0,0,0,0,2,2,0.0,4,0,0,0,5,5,0,9,18.2,7.444444444444445,6.0,17.4
2024-08,weekend,notte,IC,142,1895.0,10,1607.0,0,0,0,41,28,288.0,29,20,0,0,57,57,56,142,75.74999999999994,11.316901408450704,2.0,46.80000000000001
2024-08,weekend,notte,ICN,17,345.0,3,267.0,0,0,0,3,3,78.0,6,3,0,0,4,4,7,17,107.99999999999996,15.705882352941176,3.0,79.00000000000001
2024-08,weekend,notte,MET,146,65.0,0,-190.0,0,0,0,0,0,255.0,52,0,0,0,1,1,93,146,2.0,-1.3013698630136987,-1.0,1.5
2024-08,weekend,notte,NCL,4,192.0,1,192.0,0,0,0,3,3,0.0,0,2,0,0,4,4,0,4,101.34999999999998,48.0,39.0,93.70000000000002
2024-08,weekend,notte,REG,4275,8447.0,9,2472.0,0,0,0,154,93,5975.0,1714,41,0,0,458,458,2092,4275,8.0,0.5797373358348968,0.0,5.0
2024-08,weekend,notte,,428,3222.0,8,2154.0,0,0,0,64,44,1068.0,122,24,0,0,124,124,182,428,36.099999999999966,5.032710280373833,1.0,14.700000000000015
2024-08,weekend,pomeriggio,EC,61,847.0,5,757.0,0,0,0,18,12,90.0,15,9,0,0,20,20,26,61,75.0,12.40983606557377,1.0,38.0
2024-08,weekend,pomeriggio,EN,6,391.0,2,391.0,0,0,0,6,6,0.0,0,6,0,0,6,6,0,6,104.25,65.16666666666667,56.0,89.5
2024-08,weekend,pomeriggio,EXP,1,165.0,1,165.0,0,0,0,1,1,0.0,0,1,0,0,1,1,0,1,165.0,165.0,165.0,165.0
2024-08,weekend,pomeriggio,IC,186,2833.0,7,2674.0,0,0,0,82,64,159.0,41,26,0,0,111,111,33,186,49.79999999999998,14.454054054054058,8.0,37.0
2024-08,weekend,pomeriggio,IR,5,122.0,1,119.0,0,0,0,3,3,3.0,0,1,0,0,4,4,1,5,58.6,23.8,21.0,51.2
2024-08,weekend,pomeriggio,MET,492,430.0,1,-285.0,0,0,0,4,1,715.0,179,1,0,0,23,23,288,492,4.0,-0.5816326530612245,-1.0,2.0
2024-08,weekend,pomeriggio,REG,12078,34965.0,54,21640.0,0,0,0,822,519,13325.0,5136,200,0,0,1801,1801,5098,12078,13.0,1.7980889073535522,0.0,7.0
2024-08,weekend,pomeriggio,,1012,12988.0,54,11660.0,0,0,0,310,214,1328.0,272,120,0,0,432,432,306,1012,65.59999999999991,11.544554455445544,3.0,34.0
2024-08,weekend,sera,EC,25,395.0,2,375.0,0,0,0,7,3,20.0,4,3,0,0,14,14,7,25,71.5999999999999,15.0,5.0,30.80000000000004
2024-08,weekend,sera,EXP,12,45.0,0,-19.0,0,0,0,0,0,64.0,3,0,0,0,5,5,4,12,9.0,-1.5833333333333333,2.5,8.9
2024-08,weekend,sera,IC,108,1593.0,8,1444.0,0,0,0,39,27,149.0,19,12,0,0,55,55,34,108,69.09999999999988,13.37037037037037,5.0,41.89999999999996
2024-08,weekend,sera,ICN,104,758.0,4,442.0,0,0,0,20,11,316.0,21,6,0,0,31,31,52,104,31.799999999999955,4.25,-0.5,14.700000000000005
2024-08,weekend,sera,MET,434,386.0,0,-150.0,0,0,0,3,3,536.0,180,1,0,0,19,19,232,434,4.0,-0.3480278422273782,-1.0,2.0
2024-08,weekend,sera,REG,10194,27466.0,29,16188.0,0,0,0,671,405,11278.0,4267,134,0,0,1542,1542,4340,10194,12.0,1.5950339934968962,0.0,7.0
2024-08,weekend,sera,,394,2710.0,8,1668.0,0,0,0,78,44,1042.0,74,18,0,0,128,128,190,394,27.25,4.255102040816326,0.0,15.0
2024-08,weekend,tarda_mattina,EC,72,440.0,1,354.0,0,0,0,13,9,86.0,19,3,0,0,28,28,25,72,22.35000000000001,4.916666666666667,1.0,15.899999999999999
2024-08,weekend,tarda_mattina,EXP,2,28.0,0,28.0,0,0,0,1,1,0.0,0,0,0,0,2,2,0,2,19.4,14.0,14.0,18.8
2024-08,weekend,tarda_mattina,IC,243,3587.0,16,3174.0,0,0,0,70,61,413.0,59,37,0,0,103,103,81,243,68.79999999999995,13.061728395061728,2.0,44.400000000000034
2024-08,weekend,tarda_mattina,ICN,18,99.0,0,63.0,0,0,0,4,4,36.0,4,0,0,0,5,5,9,18,22.45,3.5,-0.5,19.9
2024-08,weekend,tarda_mattina,IR,1,81.0,1,81.0,0,0,0,1,1,0.0,0,1,0,0,1,1,0,1,81.0,81.0,81.0,81.0
2024-08,weekend,tarda_mattina,MET,607,459.0,0,-435.0,0,0,0,7,3,894.0,222,1,0,0,22,22,356,607,4.0,-0.725,-1.0,2.0
2024-08,weekend,tarda_mattina,NCL,2,0.0,0,-36.0,0,0,0,0,0,36.0,0,0,0,0,0,0,2,2,-15.3,-18.0,-18.0,-15.6
2024-08,weekend,tarda_mattina,REG,13471,32572.0,43,17624.0,0,0,0,743,413,14948.0,5873,149,0,0,1748,1748,5806,13471,10.0,1.3125791316005064,0.0,6.0
2024-08,weekend,tarda_mattina,,978,15778.0,70,14658.0,0,0,0,358,276,1120.0,250,170,0,0,470,470,258,978,69.19999999999993,14.987730061349692,4.0,49.19999999999999
2024-09,infrasettimanale,mattina,EC,93,971.0,4,794.0,0,0,0,28,20,177.0,14,9,0,0,40,40,38,93,50.900000000000006,8.630434782608695,2.0,23.80000000000001
2024-09,infrasettimanale,mattina,EN,1,0.0,0,-16.0,0,0,0,0,0,16.0,0,0,0,0,0,0,1,1,-16.0,-16.0,-16.0,-16.0
2024-09,infrasettimanale,mattina,EXP,2,171.0,1,171.0,0,0,0,2,1,0.0,0,1,0,0,2,2,0,2,153.45,85.5,85.5,145.9
2024-09,infrasettimanale,mattina,IC,570,6815.0,21,6119.0,0,0,0,183,129,696.0,174,72,0,0,287,287,109,570,52.54999999999996,10.735087719298246,5.0,35.10000000000002
2024-09,infrasettimanale,mattina,ICN,2,10.0,0,-13.0,0,0,0,1,0,23.0,0,0,0,0,1,1,1,2,8.349999999999998,-6.5,-6.5,6.699999999999999
2024-09,infrasettimanale,mattina,MET,927,1523.0,1,666.0,0,0,0,27,14,857.0,453,4,0,0,77,77,387,927,6.0,0.7262813522355507,0.0,4.0
2024-09,infrasettimanale,mattina,NCL,4,0.0,0,-44.0,0,0,0,0,0,44.0,0,0,0,0,0,0,4,4,-5.15,-11.0,-6.5,-5.3
2024-09,infrasettimanale,mattina,REG,34503,123586.0,140,95432.0,0,0,0,3001,1716,28154.0,15469,576,0,0,7473,7473,11321,34503,15.0,2.7852785803928435,1.0,9.0
2024-09,infrasettimanale,mattina,,3222,45166.0,142,43464.0,0,0,0,1260,912,1702.0,838,402,0,0,1866,1866,514,3222,55.59999999999992,13.506525792417651,6.0,34.0
2024-09,infrasettimanale,notte,EC,3,208.0,1,208.0,0,0,0,1,1,0.0,0,1,0,0,3,3,0,3,176.19999999999996,69.33333333333333,7.0,157.4
2024-09,infrasettimanale,notte,EN,27,1398.0,8,1346.0,0,0,0,17,15,52.0,2,13,0,0,17,17,8,27,181.9,49.851851851851855,29.0,154.20000000000002
2024-09,infrasettimanale,notte,IC,263,2695.0,7,2302.0,0,0,0,75,44,393.0,69,17,0,0,121,121,71,263,32.0,8.81992337164751,4.0,23.0
2024-09,infrasettimanale,notte,ICN,23,137.0,0,82.0,0,0,0,5,2,55.0,6,1,0,0,9,9,8,23,25.69999999999998,3.5652173913043477,2.0,13.6
2024-09,infrasettimanale,notte,MET,326,320.0,1,-154.0,0,0,0,4,3,474.0,123,2,0,0,13,13,188,326,4.0,-0.4753086419753086,-1.0,2.0
2024-09,infrasettimanale,notte,NCL,1,110.0,1,110.0,0,0,0,1,1,0.0,0,1,0,0,1,1,0,1,110.0,110.0,110.0,110.0
2024-09,infrasettimanale,notte,REG,14132,39074.0,42,23980.0,0,0,0,895,544,15094.0,6063,181,0,0,2220,2220,5776,14132,12.0,1.7056689664983284,0.0,6.0
2024-09,infrasettimanale,notte,,1066,11242.0,36,10322.0,0,0,0,304,216,920.0,298,118,0,0,482,482,282,1066,44.0,9.71939736346516,3.0,32.0
2024-09,infrasettimanale,pomeriggio,EC,179,2602.0,10,2458.0,0,0,0,80,56,144.0,27,26,0,0,100,100,50,179,66.59999999999997,13.887005649717516,7.0,41.0
2024-09,infrasettimanale,pomeriggio,EN,20,287.0,1,263.0,0,0,0,8,6,24.0,1,2,0,0,18,18,1,20,39.35000000000002,13.15,7.0,29.900000000000013
2024-09,infrasettimanale,pomeriggio,EXP,7,6.0,0,-27.0,0,0,0,0,0,33.0,3,0,0,0,0,0,4,7,3.099999999999998,-3.857142857142857,-2.0,2.200000000000001
2024-09,infrasettimanale,pomeriggio,IC,467,6568.0,12,6268.0,0,0,0,214,155,300.0,98,67,0,0,288,288,80,467,51.0,13.450643776824034,8.0,39.0
2024-09,infrasettimanale,pomeriggio,ICN,14,48.0,0,7.0,0,0,0,2,1,41.0,1,0,0,0,4,4,9,14,13.449999999999998,0.5,-4.0,10.400000000000002
2024-09,infrasettimanale,pomeriggio,IR,3,96.0,1,96.0,0,0,0,2,2,0.0,1,1,0,0,2,2,0,3,66.0,32.0,21.0,61.0
2024-09,infrasettimanale,pomeriggio,MET,1131,1407.0,0,393.0,0,0,0,23,11,1014.0,543,2,0,0,81,81,505,1131,6.0,0.3480956598759964,0.0,4.0
2024-09,infrasettimanale,pomeriggio,REG,41846,149010.0,165,114775.0,0,0,0,3660,2151,34235.0,18535,685,0,0,9036,9036,13978,41846,15.0,2.7624010204818408,1.0,9.0
2024-09,infrasettimanale,pomeriggio,,2824,36438.0,72,35124.0,0,0,0,1178,834,1314.0,698,358,0,0,1720,1720,406,2824,47.0,12.437677053824364,7.0,34.0
2024-09,infrasettimanale,sera,EC,104,2292.0,11,2262.0,0,0,0,61,49,30.0,16,28,0,0,74,74,12,104,75.74999999999994,22.176470588235297,13.5,64.10000000000011
2024-09,infrasettimanale,sera,EN,1,18.0,0,18.0,0,0,0,1,1,0.0,0,0,0,0,1,1,0,1,18.0,18.0,18.0,18.0
2024-09,infrasettimanale,sera,EXP,1,54.0,0,54.0,0,0,0,1,1,0.0,0,1,0,0,1,1,0,1,54.0,54.0,54.0,54.0
2024-09,infrasettimanale,sera,IC,276,4425.0,18,3917.0,0,0,0,102,68,508.0,59,32,0,0,138,138,79,276,77.0,14.192028985507246,4.5,36.0
2024-09,infrasettimanale,sera,ICN,201,3037.0,17,2639.0,0,0,0,63,48,398.0,53,30,0,0,83,83,65,201,88.0,13.129353233830846,2.0,43.0
2024-09,infrasettimanale,sera,IR,2,59.0,0,59.0,0,0,0,2,2,0.0,0,1,0,0,2,2,0,2,41.65,29.5,29.5,40.3
2024-09,infrasettimanale,sera,MET,1090,1457.0,0,558.0,0,0,0,23,5,899.0,541,0,0,0,94,94,452,1090,6.0,0.5133394664213431,0.0,4.0
2024-09,infrasettimanale,sera,REG,33661,136994.0,148,107692.0,0,0,0,3660,2141,29302.0,13976,702,0,0,8316,8316,11193,33661,17.0,3.2161266238614306,1.0,10.0
2024-09,infrasettimanale,sera,,1132,9886.0,12,8428.0,0,0,0,356,220,1458.0,258,62,0,0,548,548,326,1132,30.0,7.445229681978798,4.0,22.0
2024-09,infrasettimanale,tarda_mattina,EC,189,2362.0,8,2168.0,0,0,0,70,53,194.0,36,20,0,0,96,96,55,189,50.69999999999999,11.593582887700537,5.0,30.400000000000013
2024-09,infrasettimanale,tarda_mattina,EXP,7,75.0,0,75.0,0,0,0,3,2,0.0,2,0,0,0,5,5,0,7,21.4,10.714285714285714,9.0,20.8
2024-09,infrasettimanale,tarda_mattina,IC,466,5096.0,13,4236.0,0,0,0,136,100,860.0,108,50,0,0,209,209,149,466,53.5,9.090128755364807,3.0,32.0
2024-09,infrasettimanale,tarda_mattina,ICN,38,227.0,1,124.0,0,0,0,6,6,103.0,12,3,0,0,9,9,17,38,30.3,3.263157894736842,0.0,18.300000000000004
2024-09,infrasettimanale,tarda_mattina,IR,1,25.0,0,25.0,0,0,0,1,1,0.0,0,0,0,0,1,1,0,1,25.0,25.0,25.0,25.0
2024-09,infrasettimanale,tarda_mattina,MET,1296,1679.0,1,319.0,0,0,0,25,15,1360.0,595,4,0,0,82,82,612,1296,5.0,0.24747866563227303,0.0,3.0
2024-09,infrasettimanale,tarda_mattina,NCL,4,0.0,0,-250.0,0,0,0,0,0,250.0,0,0,0,0,0,0,4,4,-50.400000000000006,-62.5,-65.0,-52.8
2024-09,infrasettimanale,tarda_mattina,REG,42509,132639.0,155,94629.0,0,0,0,3061,1758,38010.0,18962,601,0,0,7753,7753,15509,42509,13.0,2.2411187949981053,1.0,7.0
2024-09,infrasettimanale,tarda_mattina,,2902,44206.0,140,42972.0,0,0,0,1204,908,1234.0,772,476,0,0,1732,1732,396,2902,59.0,14.817931034482761,7.0,41.100000000000136
2024-09,weekend,mattina,EC,32,147.0,0,26.0,0,0,0,8,5,121.0,5,0,0,0,9,9,18,32,18.45,0.8125,-3.5,16.900000000000002
2024-09,weekend,mattina,EN,1,12.0,0,12.0,0,0,0,1,0,0.0,0,0,0,0,1,1,0,1,12.0,12.0,12.0,12.0
2024-09,weekend,mattina,EXP,5,40.0,0,40.0,0,0,0,2,2,0.0,3,0,0,0,2,2,0,5,19.2,8.0,3.0,18.4
2024-09,weekend,mattina,IC,222,1896.0,8,1535.0,0,0,0,49,34,361.0,71,17,0,0,81,81,70,222,40.79999999999996,6.914414414414415,2.0,21.90000000000001
2024-09,weekend,mattina,ICN,3,0.0,0,-39.0,0,0,0,0,0,39.0,0,0,0,0,0,0,3,3,-2.200000000000001,-13.0,-13.0,-3.3999999999999986
2024-09,weekend,mattina,MET,334,240.0,0,-163.0,0,0,0,1,1,403.0,135,0,0,0,9,9,180,334,3.0,-0.5030864197530864,-1.0,2.0
2024-09,weekend,mattina,NCL,2,186.0,2,186.0,0,0,0,2,2,0.0,0,2,0,0,2,2,0,2,108.3,93.0,93.0,106.6
2024-09,weekend,mattina,REG,9599,20903.0,22,10714.0,0,0,0,409,245,10189.0,4124,87,0,0,1195,1195,3954,9599,8.0,1.1553973902728352,0.0,5.0
2024-09,weekend,mattina,,1192,13566.0,46,12468.0,0,0,0,376,254,1098.0,304,106,0,0,580,580,302,1192,50.19999999999993,10.51264755480607,4.0,26.0
2024-09,weekend,notte,EC,2,8.0,0,8.0,0,0,0,0,0,0.0,1,0,0,0,1,1,0,2,5.8,4.0,4.0,5.6
2024-09,weekend,notte,EN,11,278.0,1,269.0,0,0,0,6,4,9.0,2,2,0,0,8,8,1,11,102.5,24.454545454545453,10.0,32.0
2024-09,weekend,notte,EXP,2,47.0,0,8.0,0,0,0,1,1,39.0,0,1,0,0,1,1,1,2,42.7,4.0,4.0,38.400000000000006
2024-09,weekend,notte,IC,113,851.0,3,595.0,0,0,0,23,15,256.0,31,8,0,0,33,33,48,113,30.44999999999999,5.3125,1.0,25.40000000000004
2024-09,weekend,notte,ICN,14,147.0,1,60.0,0,0,0,3,3,87.0,1,2,0,0,4,4,9,14,51.14999999999999,4.285714285714286,-3.0,37.40000000000001
2024-09,weekend,notte,MET,113,35.0,0,-137.0,0,0,0,0,0,172.0,33,0,0,0,1,1,75,113,2.0,-1.256880733944954,-1.0,1.0
2024-09,weekend,notte,NCL,3,326.0,2,326.0,0,0,0,2,2,0.0,0,2,0,0,2,2,0,3,166.6,163.0,163.0,166.2
2024-09,weekend,notte,REG,4179,8920.0,7,4170.0,0,0,0,186,106,4750.0,1771,33,0,0,510,510,1785,4179,9.0,1.0255779636005902,0.0,5.0
2024-09,weekend,notte,,324,4674.0,24,4222.0,0,0,0,84,70,452.0,90,48,0,0,124,124,110,324,78.84999999999997,13.030864197530864,2.0,37.0
2024-09,weekend,pomeriggio,EC,74,815.0,2,750.0,0,0,0,28,21,65.0,17,6,0,0,37,37,20,74,36.099999999999966,10.135135135135137,4.5,26.40000000000001
2024-09,weekend,pomeriggio,EN,8,141.0,0,140.0,0,0,0,4,3,1.0,1,2,0,0,6,6,1,8,45.39999999999999,17.5,9.5,39.8
2024-09,weekend,pomeriggio,IC,202,1726.0,2,1428.0,0,0,0,55,40,298.0,45,18,0,0,91,91,66,202,36.0,7.069306930693069,3.0,24.0
2024-09,weekend,pomeriggio,ICN,7,0.0,0,-17.0,0,0,0,0,0,17.0,0,0,0,0,0,0,7,7,-1.0,-2.4285714285714284,-2.0,-1.0
2024-09,weekend,pomeriggio,IR,1,2.0,0,2.0,0,0,0,0,0,0.0,1,0,0,0,0,0,0,1,2.0,2.0,2.0,2.0
2024-09,weekend,pomeriggio,MET,417,307.0,0,-201.0,0,0,0,5,3,508.0,159,0,0,0,14,14,227,417,4.0,-0.5025,-1.0,2.0
2024-09,weekend,pomeriggio,REG,12088,33127.0,18,21301.0,0,0,0,837,493,11826.0,5091,144,0,0,2009,2009,4573,12088,13.0,1.8248093891887265,1.0,7.0
2024-09,weekend,pomeriggio,,1106,12170.0,26,11150.0,0,0,0,378,268,1020.0,276,124,0,0,542,542,276,1106,45.39999999999986,10.191956124314444,4.0,32.400000000000034
2024-09,weekend,sera,EC,47,505.0,0,469.0,0,0,0,22,14,36.0,8,5,0,0,27,27,11,47,37.0,10.195652173913045,7.5,32.0
2024-09,weekend,sera,EN,2,6.0,0,-4.0,0,0,0,0,0,10.0,0,0,0,0,1,1,1,2,5.199999999999999,-2.0,-2.0,4.4
2024-09,weekend,sera,EXP,3,78.0,1,77.0,0,0,0,1,1,1.0,1,1,0,0,1,1,1,3,67.0,25.666666666666668,4.0,60.0
2024-09,weekend,sera,IC,122,1360.0,3,1187.0,0,0,0,39,29,173.0,28,14,0,0,56,56,37,122,38.0,9.8099173553719,3.0,33.0
2024-09,weekend,sera,ICN,92,740.0,3,494.0,0,0,0,19,13,246.0,18,8,0,0,26,26,48,92,48.050000000000026,5.369565217391305,-1.0,25.50000000000003
2024-09,weekend,sera,IR,1,20.0,0,20.0,0,0,0,1,1,0.0,0,0,0,0,1,1,0,1,20.0,20.0,20.0,20.0
2024-09,weekend,sera,MET,384,274.0,0,-115.0,0,0,0,1,0,389.0,193,0,0,0,7,7,166,384,3.0,-0.314207650273224,0.0,2.0
2024-09,weekend,sera,REG,10010,27723.0,13,17915.0,0,0,0,698,373,9808.0,4131,106,0,0,1763,1763,3774,10010,12.649999999999636,1.853020273065784,1.0,7.0
2024-09,weekend,sera,,440,2680.0,4,1636.0,0,0,0,88,56,1044.0,106,18,0,0,158,158,172,440,24.59999999999991,3.752293577981651,2.0,19.30000000000001
2024-09,weekend,tarda_mattina,EC,111,1365.0,2,1242.0,0,0,0,37,30,123.0,26,16,0,0,50,50,34,111,42.19999999999999,11.290909090909093,3.5,35.20000000000002
2024-09,weekend,tarda_mattina,EXP,4,20.0,0,17.0,0,0,0,1,0,3.0,1,0,0,0,2,2,1,4,9.4,4.25,5.0,8.8
2024-09,weekend,tarda_mattina,IC,226,2298.0,10,1756.0,0,0,0,57,40,542.0,48,20,0,0,85,85,92,226,48.79999999999998,7.804444444444445,2.0,25.599999999999994
2024-09,weekend,tarda_mattina,ICN,16,101.0,0,37.0,0,0,0,2,2,64.0,4,2,0,0,2,2,10,16,47.75,2.3125,-2.5,24.5
2024-09,weekend,tarda_mattina,MET,493,409.0,0,-252.0,0,0,0,5,3,661.0,188,2,0,0,14,14,269,493,3.0,-0.535031847133758,-1.0,2.0
2024-09,weekend,tarda_mattina,NCL,3,527.0,3,527.0,0,0,0,3,3,0.0,0,3,0,0,3,3,0,3,208.4,175.66666666666666,203.0,207.80000000000004
2024-09,weekend,tarda_mattina,REG,13208,31696.0,20,18336.0,0,0,0,714,409,13360.0,5693,112,0,0,1895,1895,5211,13208,10.0,1.432611922806469,0.0,6.0
2024-09,weekend,tarda_mattina,,1044,12968.0,52,12076.0,0,0,0,330,238,892.0,276,116,0,0,526,526,238,1044,59.04999999999996,11.611538461538462,5.0,33.10000000000002
2024-10,infrasettimanale,mattina,DIR,1,11.0,0,11.0,0,0,0,1,0,0.0,0,0,0,0,1,1,0,1,11.0,11.0,11.0,11.0
2024-10,infrasettimanale,mattina,EC,123,1065.0,3,773.0,0,0,0,31,25,292.0,23,8,0,0,44,44,56,123,32.699999999999974,6.284552845528455,1.0,22.0
2024-10,infrasettimanale,mattina,EXP,1,20.0,0,20.0,0,0,0,1,1,0.0,0,0,0,0,1,1,0,1,20.0,20.0,20.0,20.0
2024-10,infrasettimanale,mattina,IC,634,7728.0,28,7166.0,0,0,0,203,135,562.0,201,61,0,0,322,322,108,634,54.0,11.356576862123614,5.0,29.0
2024-10,infrasettimanale,mattina,MET,1027,2490.0,1,1813.0,0,0,0,50,28,677.0,515,7,0,0,148,148,348,1027,9.0,1.7932739861523244,1.0,6.0
2024-10,infrasettimanale,mattina,NCL,3,12.0,0,-31.0,0,0,0,1,0,43.0,1,0,0,0,1,1,1,3,10.0,-10.333333333333334,1.0,9.0
2024-10,infrasettimanale,mattina,REG,38579,152718.0,162,124497.0,0,0,0,3533,1923,28221.0,17493,618,0,0,9460,9460,11328,38579,15.0,3.2521877693895145,2.0,9.0
2024-10,infrasettimanale,mattina,,3524,55892.0,212,54142.0,0,0,0,1436,994,1750.0,850,476,0,0,2090,2090,574,3524,65.19999999999982,15.40751280591918,7.0,40.0
2024-10,infrasettimanale,notte,EC,7,0.0,0,-21.0,0,0,0,0,0,21.0,0,0,0,0,0,0,7,7,-1.0,-3.0,-2.0,-1.0
2024-10,infrasettimanale,notte,EN,44,2402.0,11,2268.0,0,0,0,21,20,134.0,7,16,0,0,22,22,15,44,245.25000000000009,51.54545454545455,5.5,187.7000000000001
2024-10,infrasettimanale,notte,EXP,1,17.0,0,17.0,0,0,0,1,1,0.0,0,0,0,0,1,1,0,1,17.0,17.0,17.0,17.0
2024-10,infrasettimanale,notte,IC,264,3424.0,13,3062.0,0,0,0,87,63,362.0,64,27,0,0,144,144,56,264,54.85,11.598484848484848,5.0,29.700000000000017
2024-10,infrasettimanale,notte,ICN,45,729.0,5,432.0,0,0,0,9,9,297.0,11,7,0,0,9,9,25,45,80.6,9.6,-1.0,60.2
2024-10,infrasettimanale,notte,MET,352,235.0,0,-300.0,0,0,0,4,0,535.0,117,0,0,0,11,11,223,352,4.0,-0.8547008547008548,-1.0,2.0
2024-10,infrasettimanale,notte,NCL,1,0.0,0,-61.0,0,0,0,0,0,61.0,0,0,0,0,0,0,1,1,-61.0,-61.0,-61.0,-61.0
2024-10,infrasettimanale,notte,REG,15748,48487.0,71,32144.0,0,0,0,1017,586,16343.0,6838,214,0,0,2620,2620,6240,15748,11.0,2.04764938208689,1.0,7.0
2024-10,infrasettimanale,notte,,1180,16488.0,62,15620.0,0,0,0,364,292,868.0,344,168,0,0,566,566,270,1180,60.54999999999996,13.23728813559322,4.0,39.0
2024-10,infrasettimanale,pomeriggio,EC,222,3067.0,11,2835.0,0,0,0,85,59,232.0,42,27,0,0,119,119,59,222,59.04999999999998,12.886363636363637,6.0,38.0
2024-10,infrasettimanale,pomeriggio,EN,32,668.0,1,668.0,0,0,0,21,14,0.0,7,2,0,0,25,25,0,32,29.45,20.875,13.0,27.9
2024-10,infrasettimanale,pomeriggio,EXP,3,135.0,2,135.0,0,0,0,2,2,0.0,0,2,0,0,3,3,0,3,69.0,45.0,60.0,68.0
2024-10,infrasettimanale,pomeriggio,IC,511,5314.0,7,4915.0,0,0,0,192,124,399.0,117,38,0,0,283,283,111,511,37.0,9.61839530332681,6.0,25.0
2024-10,infrasettimanale,pomeriggio,ICN,18,227.0,1,189.0,0,0,0,5,4,38.0,1,3,0,0,6,6,11,18,53.24999999999989,10.5,-2.0,35.00000000000001
2024-10,infrasettimanale,pomeriggio,IR,1,5.0,0,5.0,0,0,0,0,0,0.0,0,0,0,0,1,1,0,1,5.0,5.0,5.0,5.0
2024-10,infrasettimanale,pomeriggio,MET,1268,1911.0,0,788.0,0,0,0,41,19,1123.0,584,3,0,0,103,103,575,1268,7.0,0.624405705229794,0.0,4.0
2024-10,infrasettimanale,pomeriggio,REG,47213,174281.0,180,137565.0,0,0,0,4095,2375,36716.0,21421,808,0,0,10720,10720,14761,47213,15.0,2.933030574389152,1.0,9.0
2024-10,infrasettimanale,pomeriggio,,3010,38658.0,86,36970.0,0,0,0,1272,892,1688.0,764,358,0,0,1766,1766,480,3010,45.0,12.282392026578073,7.0,32.0
2024-10,infrasettimanale,sera,EC,136,1562.0,1,1490.0,0,0,0,56,33,72.0,27,15,0,0,87,87,21,136,44.3,11.037037037037036,7.0,30.60000000000001
2024-10,infrasettimanale,sera,EN,1,68.0,1,68.0,0,0,0,1,1,0.0,0,1,0,0,1,1,0,1,68.0,68.0,68.0,68.0
2024-10,infrasettimanale,sera,EXP,2,0.0,0,-4.0,0,0,0,0,0,4.0,1,0,0,0,0,0,1,2,-0.2000000000000001,-2.0,-2.0,-0.3999999999999999
2024-10,infrasettimanale,sera,IC,295,3948.0,19,3562.0,0,0,0,92,64,386.0,70,32,0,0,142,142,81,295,72.39999999999998,12.156996587030717,4.0,32.0
2024-10,infrasettimanale,sera,ICN,204,1815.0,8,1033.0,0,0,0,44,29,782.0,53,21,0,0,62,62,89,204,51.24999999999997,5.063725490196078,0.0,30.10000000000005
2024-10,infrasettimanale,sera,MET,1198,2174.0,2,1268.0,0,0,0,44,27,906.0,578,8,0,0,109,109,497,1198,7.0,1.070945945945946,0.0,4.0
2024-10,infrasettimanale,sera,NCL,1,34.0,0,34.0,0,0,0,1,1,0.0,0,1,0,0,1,1,0,1,34.0,34.0,34.0,34.0
2024-10,infrasettimanale,sera,REG,37009,138987.0,111,106595.0,0,0,0,3636,1935,32392.0,15320,584,0,0,9189,9189,12292,37009,15.0,2.896524550963289,1.0,9.0
2024-10,infrasettimanale,sera,,1170,9838.0,18,8388.0,0,0,0,312,204,1450.0,286,76,0,0,564,564,320,1170,32.0,7.1692307692307695,4.0,21.0
2024-10,infrasettimanale,tarda_mattina,EC,256,4002.0,15,3731.0,0,0,0,100,75,271.0,43,41,0,0,128,128,84,256,69.89999999999995,14.631372549019607,5.0,42.6
2024-10,infrasettimanale,tarda_mattina,EXP,6,200.0,2,181.0,0,0,0,3,3,19.0,1,2,0,0,4,4,1,6,92.0,30.166666666666668,11.0,87.0
2024-10,infrasettimanale,tarda_mattina,IC,481,6595.0,25,5912.0,0,0,0,172,126,683.0,101,71,0,0,251,251,126,481,60.29999999999996,12.368200836820083,6.0,37.0
2024-10,infrasettimanale,tarda_mattina,ICN,45,166.0,1,-42.0,0,0,0,5,3,208.0,6,1,0,0,6,6,33,45,15.799999999999985,-0.9333333333333331,-3.0,8.400000000000006
2024-10,infrasettimanale,tarda_mattina,MET,1392,2300.0,2,816.0,0,0,0,41,24,1484.0,587,6,0,0,113,113,677,1392,6.0,0.5925925925925926,0.0,4.0
2024-10,infrasettimanale,tarda_mattina,NCL,4,1.0,0,-61.0,0,0,0,0,0,62.0,1,0,0,0,0,0,3,4,-1.100000000000005,-15.25,-16.5,-3.199999999999997
2024-10,infrasettimanale,tarda_mattina,REG,47784,143087.0,117,100169.0,0,0,0,3202,1784,42918.0,21281,577,0,0,8762,8762,17453,47784,12.0,2.108998652518107,1.0,7.0
2024-10,infrasettimanale,tarda_mattina,,3142,49364.0,166,47978.0,0,0,0,1254,966,1386.0,808,514,0,0,1882,1882,446,3142,61.0,15.29910714285714,7.0,42.0
2024-10,weekend,mattina,EC,36,174.0,1,49.0,0,0,0,6,4,125.0,5,1,0,0,9,9,22,36,16.75,1.3611111111111112,-2.5,14.0
2024-10,weekend,mattina,EN,6,85.0,0,76.0,0,0,0,4,4,9.0,1,0,0,0,4,4,1,6,27.5,12.666666666666666,15.0,27.0
2024-10,weekend,mattina,EXP,3,0.0,0,-8.0,0,0,0,0,0,8.0,1,0,0,0,0,0,2,3,-0.10000000000000002,-2.6666666666666665,-1.0,-0.19999999999999982
2024-10,weekend,mattina,IC,194,1742.0,6,1491.0,0,0,0,45,30,251.0,64,11,0,0,73,73,55,194,30.0,7.765625,3.0,18.0
2024-10,weekend,mattina,MET,304,278.0,0,-10.0,0,0,0,3,0,288.0,142,0,0,0,9,9,135,304,4.0,-0.0349650349650349,0.0,3.0
2024-10,weekend,mattina,REG,8866,21554.0,13,12712.0,0,0,0,437,268,8842.0,3822,84,0,0,1318,1318,3360,8866,10.0,1.4955294117647058,1.0,6.0
2024-10,weekend,mattina,,1050,9534.0,20,8508.0,0,0,0,260,172,1026.0,292,68,0,0,468,468,280,1050,38.0,8.180769230769231,4.0,22.0
2024-10,weekend,notte,EN,10,753.0,4,728.0,0,0,0,6,6,25.0,0,4,0,0,8,8,2,10,219.15,72.8,18.0,204.3
2024-10,weekend,notte,IC,105,690.0,2,374.0,0,0,0,17,10,316.0,27,7,0,0,26,26,52,105,33.39999999999999,3.5619047619047617,0.0,14.0
2024-10,weekend,notte,ICN,9,90.0,0,49.0,0,0,0,2,2,41.0,0,2,0,0,3,3,6,9,42.2,5.444444444444445,-3.0,39.4
2024-10,weekend,notte,MET,96,84.0,0,-53.0,0,0,0,1,1,137.0,32,1,0,0,5,5,53,96,4.549999999999997,-0.5888888888888889,-1.0,2.0
2024-10,weekend,notte,REG,3731,9544.0,16,5575.0,0,0,0,162,100,3969.0,1610,35,0,0,497,497,1488,3731,9.0,1.5507649513212796,0.0,6.0
2024-10,weekend,notte,,276,2410.0,4,2004.0,0,0,0,72,46,406.0,68,24,0,0,108,108,96,276,33.75,7.367647058823529,2.0,25.5
2024-10,weekend,pomeriggio,EC,68,1098.0,6,1047.0,0,0,0,28,22,51.0,8,11,0,0,43,43,16,68,79.49999999999994,15.626865671641792,8.0,46.6
2024-10,weekend,pomeriggio,EN,1,0.0,0,-15.0,0,0,0,0,0,15.0,0,0,0,0,0,0,1,1,-15.0,-15.0,-15.0,-15.0
2024-10,weekend,pomeriggio,EXP,5,39.0,0,39.0,0,0,0,1,1,0.0,2,0,0,0,3,3,0,5,16.2,7.8,6.0,14.4
2024-10,weekend,pomeriggio,IC,173,1288.0,1,1056.0,0,0,0,49,33,232.0,49,5,0,0,70,70,53,173,26.0,6.1395348837209305,3.0,20.90000000000001
2024-10,weekend,pomeriggio,ICN,5,15.0,0,1.0,0,0,0,0,0,14.0,0,0,0,0,2,2,3,5,8.399999999999999,0.2,-4.0,7.8
2024-10,weekend,pomeriggio,MET,383,418.0,1,21.0,0,0,0,7,4,397.0,153,3,0,0,16,16,191,383,4.0,0.0583333333333333,-1.0,2.0
2024-10,weekend,pomeriggio,REG,11017,29732.0,25,19096.0,0,0,0,682,388,10636.0,4751,116,0,0,1820,1820,4024,11017,12.0,1.802359603586597,1.0,7.0
2024-10,weekend,pomeriggio,,884,8504.0,18,7716.0,0,0,0,278,194,788.0,242,82,0,0,402,402,236,884,42.0,8.768181818181818,4.0,27.100000000000023
2024-10,weekend,sera,EC,40,451.0,1,403.0,0,0,0,12,11,48.0,5,3,0,0,22,22,13,40,56.14999999999999,10.075,5.5,24.200000000000003
2024-10,weekend,sera,EN,7,65.0,0,41.0,0,0,0,3,2,24.0,1,0,0,0,3,3,3,7,25.8,5.857142857142857,3.0,24.6
2024-10,weekend,sera,EXP,2,3.0,0,-33.0,0,0,0,0,0,36.0,1,0,0,0,0,0,1,2,1.0499999999999972,-16.5,-16.5,-0.8999999999999986
2024-10,weekend,sera,IC,115,1454.0,8,1199.0,0,0,0,30,19,255.0,22,14,0,0,50,50,41,115,71.39999999999995,10.610619469026547,3.0,33.599999999999994
2024-10,weekend,sera,ICN,70,406.0,2,200.0,0,0,0,11,9,206.0,16,4,0,0,14,14,40,70,29.099999999999994,2.857142857142857,-2.0,16.500000000000007
2024-10,weekend,sera,MET,341,480.0,0,191.0,0,0,0,9,6,289.0,166,2,0,0,20,20,140,341,5.0,0.5858895705521472,0.0,3.0
2024-10,weekend,sera,REG,8764,25475.0,14,16962.0,0,0,0,604,350,8513.0,3637,109,0,0,1582,1582,3256,8764,12.0,2.00141592920354,1.0,7.0
2024-10,weekend,sera,,352,2704.0,6,2200.0,0,0,0,74,50,504.0,90,20,0,0,140,140,122,352,30.0,6.25,2.0,21.0
2024-10,weekend,tarda_mattina,EC,107,1113.0,2,935.0,0,0,0,41,25,178.0,21,11,0,0,50,50,36,107,38.39999999999998,8.738317757009346,3.0,29.200000000000017
2024-10,weekend,tarda_mattina,EXP,6,145.0,1,145.0,0,0,0,2,2,0.0,3,2,0,0,3,3,0,6,69.5,24.166666666666668,5.5,66.0
2024-10,weekend,tarda_mattina,IC,202,1562.0,5,1153.0,0,0,0,45,29,409.0,42,15,0,0,72,72,84,202,37.749999999999886,5.823232323232324,1.0,23.0
2024-10,weekend,tarda_mattina,ICN,15,90.0,1,-32.0,0,0,0,2,1,122.0,1,1,0,0,3,3,11,15,28.699999999999942,-2.1333333333333333,-3.0,11.999999999999998
2024-10,weekend,tarda_mattina,MET,427,432.0,0,-81.0,0,0,0,7,6,513.0,161,1,0,0,16,16,235,427,4.0,-0.1966019417475728,-1.0,2.0
2024-10,weekend,tarda_mattina,REG,11982,28383.0,23,16117.0,0,0,0,634,351,12266.0,5085,108,0,0,1689,1689,4756,11982,10.0,1.3978317432784042,0.0,6.0
2024-10,weekend,tarda_mattina,,864,8706.0,18,7936.0,0,0,0,242,192,770.0,262,84,0,0,386,386,214,864,45.0,9.206496519721576,4.0,29.0
2024-11,infrasettimanale,mattina,EC,99,607.0,0,355.0,0,0,0,24,15,252.0,22,4,0,0,32,32,45,99,27.19999999999999,3.585858585858586,1.0,22.200000000000003
2024-11,infrasettimanale,mattina,EN,1,15.0,0,15.0,0,0,0,1,1,0.0,0,0,0,0,1,1,0,1,15.0,15.0,15.0,15.0
2024-11,infrasettimanale,mattina,IC,588,6207.0,18,5429.0,0,0,0,176,118,778.0,165,57,0,0,269,269,154,588,45.64999999999998,9.232993197278912,4.0,27.300000000000068
2024-11,infrasettimanale,mattina,ICN,3,48.0,0,-15.0,0,0,0,1,1,63.0,0,1,0,0,1,1,2,3,40.89999999999999,-5.0,-23.0,33.800000000000004
2024-11,infrasettimanale,mattina,IR,6,53.0,0,53.0,0,0,0,3,1,0.0,0,0,0,0,6,6,0,6,13.75,8.833333333333334,8.5,12.5
2024-11,infrasettimanale,mattina,MET,929,2218.0,0,1613.0,0,0,0,46,29,605.0,484,7,0,0,126,126,309,929,9.099999999999907,1.7551686615886837,1.0,6.0
2024-11,infrasettimanale,mattina,NCL,3,0.0,0,-68.0,0,0,0,0,0,68.0,0,0,0,0,0,0,3,3,-5.7,-22.666666666666668,-12.0,-6.400000000000001
2024-11,infrasettimanale,mattina,REG,34423,132656.0,133,105041.0,0,0,0,3243,1867,27615.0,15215,621,0,0,8315,8315,10625,34423,16.0,3.075420875420876,1.0,9.0
2024-11,infrasettimanale,mattina,,3142,48430.0,178,46402.0,0,0,0,1184,878,2028.0,770,438,0,0,1784,1784,574,3142,65.0,14.834398976982097,6.0,39.0
2024-11,infrasettimanale,notte,DIR,1,6.0,0,6.0,0,0,0,0,0,0.0,0,0,0,0,1,1,0,1,6.0,6.0,6.0,6.0
2024-11,infrasettimanale,notte,EC,1,0.0,0,-1.0,0,0,0,0,0,1.0,0,0,0,0,0,0,1,1,-1.0,-1.0,-1.0,-1.0
2024-11,infrasettimanale,notte,EN,39,764.0,4,564.0,0,0,0,15,14,200.0,4,8,0,0,21,21,14,39,75.80000000000003,14.461538461538462,7.0,45.20000000000008
2024-11,infrasettimanale,notte,IC,244,3086.0,14,2635.0,0,0,0,78,56,451.0,60,29,0,0,118,118,65,244,60.89999999999998,10.843621399176955,4.0,36.80000000000001
2024-11,infrasettimanale,notte,ICN,42,102.0,0,-252.0,0,0,0,4,3,354.0,7,0,0,0,8,8,27,42,14.849999999999987,-6.0,-3.0,7.799999999999998
2024-11,infrasettimanale,notte,IR,3,122.0,0,122.0,0,0,0,3,3,0.0,0,2,0,0,3,3,0,3,55.9,40.66666666666666,37.0,53.79999999999999
2024-11,infrasettimanale,notte,MET,325,174.0,0,-330.0,0,0,0,2,0,504.0,111,0,0,0,6,6,208,325,3.0,-1.015384615384615,-1.0,2.0
2024-11,infrasettimanale,notte,NCL,4,13.0,0,9.0,0,0,0,1,0,4.0,0,0,0,0,1,1,1,4,12.15,4.5,4.5,11.3
2024-11,infrasettimanale,notte,REG,14106,41114.0,38,26017.0,0,0,0,947,567,15097.0,6036,196,0,0,2432,2432,5569,14106,12.0,1.8534587162499108,1.0,7.0
2024-11,infrasettimanale,notte,,1078,12982.0,52,11918.0,0,0,0,276,200,1064.0,356,116,0,0,442,442,280,1078,58.099999999999966,11.0556586270872,3.0,33.39999999999998
2024-11,infrasettimanale,pomeriggio,EC,210,2872.0,7,2639.0,0,0,0,87,62,233.0,35,32,0,0,113,113,61,210,52.19999999999999,12.626794258373206,6.0,43.0
2024-11,infrasettimanale,pomeriggio,EN,24,393.0,2,381.0,0,0,0,12,9,12.0,6,2,0,0,16,16,2,24,58.74999999999992,15.875,8.5,28.7
2024-11,infrasettimanale,pomeriggio,EXP,4,12.0,0,11.0,0,0,0,0,0,1.0,2,0,0,0,1,1,1,4,6.399999999999999,2.75,2.5,5.800000000000001
2024-11,infrasettimanale,pomeriggio,IC,462,4766.0,11,4239.0,0,0,0,143,97,527.0,113,43,0,0,209,209,138,462,46.04999999999997,9.215217391304348,4.0,27.100000000000023
2024-11,infrasettimanale,pomeriggio,ICN,14,48.0,0,12.0,0,0,0,2,2,36.0,1,0,0,0,3,3,10,14,20.35,0.8571428571428571,-3.0,15.800000000000017
2024-11,infrasettimanale,pomeriggio,IR,2,171.0,1,171.0,0,0,0,2,2,0.0,0,2,0,0,2,2,0,2,114.75,85.5,85.5,111.5
2024-11,infrasettimanale,pomeriggio,MET,1106,1920.0,0,1186.0,0,0,0,35,17,734.0,545,1,0,0,136,136,412,1106,7.0,1.0850869167429094,0.0,5.0
2024-11,infrasettimanale,pomeriggio,REG,41195,142805.0,155,108360.0,0,0,0,3253,1901,34445.0,18410,670,0,0,8556,8556,13458,41195,14.0,2.680585790619434,1.0,8.0
2024-11,infrasettimanale,pomeriggio,,2742,33398.0,66,31694.0,0,0,0,1016,714,1704.0,694,342,0,0,1532,1532,496,2742,47.0,11.64364437913299,6.0,35.0
2024-11,infrasettimanale,sera,EC,123,1677.0,4,1633.0,0,0,0,55,38,44.0,24,15,0,0,76,76,19,123,47.599999999999966,13.722689075630251,8.0,35.60000000000001
2024-11,infrasettimanale,sera,EN,5,409.0,2,393.0,0,0,0,3,3,16.0,0,2,0,0,3,3,2,5,249.6,78.6,19.0,213.2
2024-11,infrasettimanale,sera,IC,308,4865.0,25,4399.0,0,0,0,102,76,466.0,63,43,0,0,142,142,103,308,75.64999999999998,14.282467532467532,3.0,44.30000000000001
2024-11,infrasettimanale,sera,ICN,167,1637.0,9,1128.0,0,0,0,35,26,509.0,38,16,0,0,62,62,67,167,59.79999999999984,6.754491017964072,2.0,27.400000000000006
2024-11,infrasettimanale,sera,MET,1053,1863.0,0,1079.0,0,0,0,44,20,784.0,538,3,0,0,108,108,397,1053,8.0,1.0345158197507192,1.0,5.0
2024-11,infrasettimanale,sera,REG,33669,131873.0,179,100135.0,0,0,0,3350,1983,31738.0,13872,719,0,0,7716,7716,11780,33669,17.0,3.000929033804843,1.0,10.0
2024-11,infrasettimanale,sera,,1078,6242.0,6,4696.0,0,0,0,208,110,1546.0,268,38,0,0,416,416,388,1078,22.25,4.380597014925373,2.0,15.0
2024-11,infrasettimanale,tarda_mattina,EC,195,2353.0,4,2138.0,0,0,0,67,46,215.0,37,23,0,0,98,98,58,195,42.19999999999981,11.077720207253886,5.0,33.80000000000001
2024-11,infrasettimanale,tarda_mattina,EXP,4,38.0,0,38.0,0,0,0,1,1,0.0,0,0,0,0,4,4,0,4,13.949999999999998,9.5,8.0,12.900000000000002
2024-11,infrasettimanale,tarda_mattina,IC,428,4572.0,15,3521.0,0,0,0,118,81,1051.0,91,40,0,0,163,163,165,428,53.099999999999966,8.403341288782816,2.0,29.0
2024-11,infrasettimanale,tarda_mattina,ICN,40,245.0,2,-13.0,0,0,0,4,4,258.0,7,4,0,0,4,4,29,40,52.149999999999935,-0.325,-4.0,6.700000000000038
2024-11,infrasettimanale,tarda_mattina,MET,1273,1580.0,0,289.0,0,0,0,28,15,1291.0,503,3,0,0,89,89,621,1273,6.0,0.2382522671063479,-1.0,3.0
2024-11,infrasettimanale,tarda_mattina,NCL,1,0.0,0,-64.0,0,0,0,0,0,64.0,0,0,0,0,0,0,1,1,-64.0,-64.0,-64.0,-64.0
2024-11,infrasettimanale,tarda_mattina,REG,42052,104606.0,75,61846.0,0,0,0,2240,1277,42760.0,18187,381,0,0,6271,6271,16513,42052,10.0,1.509506724268385,1.0,6.0
2024-11,infrasettimanale,tarda_mattina,,2792,37664.0,122,35596.0,0,0,0,954,726,2068.0,786,398,0,0,1400,1400,582,2792,55.84999999999991,12.859826589595375,5.0,39.0
2024-11,weekend,mattina,EC,37,201.0,1,99.0,0,0,0,9,4,102.0,5,1,0,0,12,12,20,37,20.0,2.675675675675676,-2.0,15.999999999999991
2024-11,weekend,mattina,EN,4,20.0,0,-1.0,0,0,0,1,1,21.0,0,0,0,0,1,1,3,4,16.54999999999999,-0.25,-6.0,13.100000000000003
2024-11,weekend,mattina,EXP,3,3.0,0,-18.0,0,0,0,0,0,21.0,1,0,0,0,0,0,2,3,2.1,-6.0,-6.0,1.2000000000000002
2024-11,weekend,mattina,IC,228,1762.0,4,1317.0,0,0,0,49,31,445.0,75,15,0,0,77,77,76,228,38.59999999999991,5.776315789473684,2.0,18.60000000000002
2024-11,weekend,mattina,ICN,2,40.0,0,10.0,0,0,0,1,1,30.0,0,1,0,0,1,1,1,2,36.5,5.0,5.0,33.0
2024-11,weekend,mattina,MET,352,328.0,0,-27.0,0,0,0,7,3,355.0,145,0,0,0,14,14,166,352,4.0,-0.083076923076923,-1.0,2.6000000000000227
2024-11,weekend,mattina,REG,10226,27817.0,29,17334.0,0,0,0,624,373,10483.0,4196,126,0,0,1713,1713,3923,10226,11.0,1.763018714401953,1.0,7.0
2024-11,weekend,mattina,,1098,10256.0,32,8530.0,0,0,0,282,202,1726.0,272,86,0,0,438,438,378,1098,43.85000000000002,7.8400735294117645,3.0,26.0
2024-11,weekend,notte,EN,13,178.0,1,92.0,0,0,0,3,3,86.0,1,2,0,0,5,5,7,13,61.79999999999989,7.076923076923077,-2.0,29.000000000000007
2024-11,weekend,notte,IC,122,1126.0,4,770.0,0,0,0,26,20,356.0,29,16,0,0,38,38,54,122,56.0,6.363636363636363,0.0,35.0
2024-11,weekend,notte,ICN,10,0.0,0,-160.0,0,0,0,0,0,160.0,0,0,0,0,0,0,10,10,-2.900000000000002,-16.0,-15.0,-3.8000000000000007
2024-11,weekend,notte,MET,120,199.0,1,47.0,0,0,0,3,2,152.0,43,1,0,0,6,6,67,120,4.25,0.4051724137931034,-1.0,2.5
2024-11,weekend,notte,NCL,2,155.0,2,155.0,0,0,0,2,2,0.0,0,2,0,0,2,2,0,2,80.65,77.5,77.5,80.3
2024-11,weekend,notte,REG,4460,11839.0,13,6665.0,0,0,0,273,168,5174.0,1791,58,0,0,666,666,1839,4460,12.0,1.5514432029795158,0.0,6.0
2024-11,weekend,notte,,372,2452.0,6,1960.0,0,0,0,68,42,492.0,120,22,0,0,136,136,114,372,30.0,5.297297297297297,2.0,17.19999999999999
2024-11,weekend,pomeriggio,EC,78,664.0,1,569.0,0,0,0,24,15,95.0,15,7,0,0,35,35,28,78,34.14999999999999,7.294871794871795,4.0,23.499999999999982
2024-11,weekend,pomeriggio,EN,10,186.0,2,158.0,0,0,0,5,3,28.0,3,2,0,0,5,5,2,10,69.79999999999998,15.8,7.5,62.6
2024-11,weekend,pomeriggio,EXP,9,68.0,0,58.0,0,0,0,1,1,10.0,5,1,0,0,2,2,2,9,31.399999999999984,6.444444444444445,3.0,13.800000000000008
2024-11,weekend,pomeriggio,IC,182,1789.0,3,1533.0,0,0,0,60,40,256.0,37,17,0,0,88,88,56,182,37.0,8.469613259668508,4.0,26.0
2024-11,weekend,pomeriggio,ICN,7,157.0,1,135.0,0,0,0,1,1,22.0,1,1,0,0,1,1,5,7,108.69999999999989,19.285714285714285,-3.0,63.400000000000055
2024-11,weekend,pomeriggio,IR,1,138.0,1,138.0,0,0,0,1,1,0.0,0,1,0,0,1,1,0,1,138.0,138.0,138.0,138.0
2024-11,weekend,pomeriggio,MET,437,590.0,0,223.0,0,0,0,15,6,367.0,175,0,0,0,33,33,198,437,8.0,0.5492610837438424,0.0,3.0
2024-11,weekend,pomeriggio,REG,12522,31285.0,25,18165.0,0,0,0,714,404,13120.0,5271,111,0,0,1906,1906,4834,12522,11.0,1.5123636666389144,1.0,6.0
2024-11,weekend,pomeriggio,,966,6936.0,8,5472.0,0,0,0,232,150,1464.0,250,58,0,0,358,358,358,966,32.89999999999998,5.6645962732919255,2.0,21.0
2024-11,weekend,sera,EC,48,457.0,1,413.0,0,0,0,17,15,44.0,10,2,0,0,22,22,16,48,25.95,8.604166666666666,3.0,21.200000000000017
2024-11,weekend,sera,EN,4,5.0,0,-10.0,0,0,0,0,0,15.0,0,0,0,0,1,1,3,4,3.9499999999999975,-2.5,-3.5,2.900000000000001
2024-11,weekend,sera,EXP,1,0.0,0,-3.0,0,0,0,0,0,3.0,0,0,0,0,0,0,1,1,-3.0,-3.0,-3.0,-3.0
2024-11,weekend,sera,IC,133,1548.0,6,1301.0,0,0,0,40,28,247.0,27,12,0,0,58,58,47,133,48.84999999999985,9.856060606060606,2.0,26.0
2024-11,weekend,sera,ICN,84,598.0,4,209.0,0,0,0,15,10,389.0,14,7,0,0,22,22,48,84,48.24999999999997,2.488095238095238,-3.0,19.200000000000017
2024-11,weekend,sera,IR,1,10.0,0,10.0,0,0,0,1,0,0.0,0,0,0,0,1,1,0,1,10.0,10.0,10.0,10.0
2024-11,weekend,sera,MET,368,560.0,0,196.0,0,0,0,14,8,364.0,163,2,0,0,26,26,161,368,6.0,0.56,0.0,4.0
2024-11,weekend,sera,REG,10300,28480.0,24,17488.0,0,0,0,713,386,10992.0,4169,121,0,0,1746,1746,4015,10300,12.0,1.761127895266868,1.0,7.0
2024-11,weekend,sera,,390,1710.0,0,766.0,0,0,0,60,32,944.0,80,10,0,0,122,122,186,390,20.349999999999994,1.974226804123712,0.0,13.700000000000017
2024-11,weekend,tarda_mattina,EC,109,1477.0,6,1323.0,0,0,0,37,29,154.0,21,14,0,0,49,49,38,109,63.7999999999999,12.25,4.0,35.3
2024-11,weekend,tarda_mattina,EXP,5,224.0,1,224.0,0,0,0,1,1,0.0,2,1,0,0,3,3,0,5,161.79999999999995,44.8,9.0,123.60000000000002
2024-11,weekend,tarda_mattina,IC,223,1409.0,3,708.0,0,0,0,44,31,701.0,38,15,0,0,70,70,114,223,33.0,3.189189189189189,-1.0,22.0
2024-11,weekend,tarda_mattina,ICN,17,2.0,0,-112.0,0,0,0,0,0,114.0,3,0,0,0,0,0,14,17,1.0,-6.588235294117647,-5.0,0.4000000000000003
2024-11,weekend,tarda_mattina,IR,1,0.0,0,-4.0,0,0,0,0,0,4.0,0,0,0,0,0,0,1,1,-4.0,-4.0,-4.0,-4.0
2024-11,weekend,tarda_mattina,MET,503,587.0,1,-48.0,0,0,0,13,5,635.0,178,3,0,0,27,27,277,503,5.0,-0.0995850622406639,-1.0,3.0
2024-11,weekend,tarda_mattina,REG,13644,30197.0,36,14377.0,0,0,0,627,351,15820.0,5626,123,0,0,1666,1666,5895,13644,9.0,1.0902403882611662,0.0,5.0
2024-11,weekend,tarda_mattina,,950,8824.0,34,7474.0,0,0,0,264,192,1350.0,250,80,0,0,372,372,328,950,42.59999999999991,7.867368421052632,3.0,26.600000000000023
2024-12,infrasettimanale,mattina,EC,119,772.0,2,528.0,0,0,0,21,18,244.0,31,8,0,0,33,33,54,119,31.299999999999983,4.47457627118644,0.0,22.599999999999994
2024-12,infrasettimanale,mattina,EN,6,139.0,0,139.0,0,0,0,5,4,0.0,1,1,0,0,5,5,0,6,50.0,23.166666666666668,20.0,42.0
2024-12,infrasettimanale,mattina,IC,558,4869.0,12,4066.0,0,0,0,133,91,803.0,161,46,0,0,229,229,166,558,45.5,7.31294964028777,3.0,23.0
2024-12,infrasettimanale,mattina,ICN,2,125.0,1,108.0,0,0,0,1,1,17.0,0,1,0,0,1,1,1,2,117.9,54.0,54.0,110.8
2024-12,infrasettimanale,mattina,IR,1,0.0,0,-6.0,0,0,0,0,0,6.0,0,0,0,0,0,0,1,1,-6.0,-6.0,-6.0,-6.0
2024-12,infrasettimanale,mattina,MET,859,1591.0,0,821.0,0,0,0,33,15,770.0,393,2,0,0,105,105,347,859,8.799999999999955,0.9715976331360948,0.0,5.0
2024-12,infrasettimanale,mattina,NCL,2,50.0,0,50.0,0,0,0,1,1,0.0,1,1,0,0,1,1,0,2,46.6,25.0,25.0,44.2
2024-12,infrasettimanale,mattina,REG,32066,104969.0,80,78599.0,0,0,0,2440,1329,26370.0,14638,415,0,0,6635,6635,10480,32066,13.0,2.475325166126036,1.0,8.0
2024-12,infrasettimanale,mattina,,3020,28860.0,52,26342.0,0,0,0,890,612,2518.0,912,264,0,0,1416,1416,692,3020,40.0,8.72251655629139,4.0,26.0
2024-12,infrasettimanale,notte,EC,12,30.0,0,-21.0,0,0,0,1,1,51.0,1,0,0,0,1,1,10,12,13.799999999999985,-1.75,-5.0,2.6000000000000014
2024-12,infrasettimanale,notte,EN,32,744.0,5,578.0,0,0,0,14,13,166.0,2,10,0,0,14,14,16,32,86.14999999999998,18.0625,-0.5,69.80000000000001
2024-12,infrasettimanale,notte,IC,237,2678.0,12,2219.0,0,0,0,71,56,459.0,60,33,0,0,95,95,81,237,55.0,9.402542372881356,2.0,33.5
2024-12,infrasettimanale,notte,ICN,41,409.0,2,123.0,0,0,0,9,6,286.0,2,3,0,0,15,15,24,41,55.0,3.0,-3.0,15.0
2024-12,infrasettimanale,notte,MET,313,150.0,0,-337.0,0,0,0,0,0,487.0,109,0,0,0,4,4,199,313,2.4499999999999886,-1.080128205128205,-1.0,2.0
2024-12,infrasettimanale,notte,NCL,2,0.0,0,-40.0,0,0,0,0,0,40.0,0,0,0,0,0,0,2,2,-19.1,-20.0,-20.0,-19.2
2024-12,infrasettimanale,notte,REG,13834,35301.0,32,20321.0,0,0,0,743,429,14980.0,5946,158,0,0,2062,2062,5732,13834,10.0,1.478966521106259,0.0,6.0
2024-12,infrasettimanale,notte,,1008,8344.0,20,7326.0,0,0,0,224,152,1018.0,342,68,0,0,378,378,286,1008,34.0,7.282306163021869,3.0,22.80000000000001
2024-12,infrasettimanale,pomeriggio,EC,216,2088.0,5,1782.0,0,0,0,57,32,306.0,43,15,0,0,97,97,75,216,35.0,8.288372093023256,3.0,23.599999999999994
2024-12,infrasettimanale,pomeriggio,EN,21,164.0,0,119.0,0,0,0,5,5,45.0,8,0,0,0,8,8,5,21,23.0,5.666666666666667,4.0,22.0
2024-12,infrasettimanale,pomeriggio,EXP,1,3.0,0,3.0,0,0,0,0,0,0.0,1,0,0,0,0,0,0,1,3.0,3.0,3.0,3.0
2024-12,infrasettimanale,pomeriggio,IC,471,3998.0,8,3318.0,0,0,0,135,85,680.0,118,32,0,0,195,195,151,471,39.0,7.150862068965517,3.0,21.0
2024-12,infrasettimanale,pomeriggio,ICN,20,278.0,2,243.0,0,0,0,5,4,35.0,4,3,0,0,8,8,8,20,64.15000000000003,12.15,3.0,52.10000000000001
2024-12,infrasettimanale,pomeriggio,IR,1,2.0,0,2.0,0,0,0,0,0,0.0,1,0,0,0,0,0,0,1,2.0,2.0,2.0,2.0
2024-12,infrasettimanale,pomeriggio,MET,1089,1723.0,1,698.0,0,0,0,38,20,1025.0,485,6,0,0,92,92,506,1089,7.0,0.644506001846722,0.0,4.0
2024-12,infrasettimanale,pomeriggio,NCL,1,132.0,1,132.0,0,0,0,1,1,0.0,0,1,0,0,1,1,0,1,132.0,132.0,132.0,132.0
2024-12,infrasettimanale,pomeriggio,REG,39371,120822.0,108,85977.0,0,0,0,2690,1506,34845.0,17727,514,0,0,7370,7370,13878,39371,12.0,2.205952533675433,1.0,7.0
2024-12,infrasettimanale,pomeriggio,,2682,22820.0,60,20220.0,0,0,0,706,450,2600.0,760,154,0,0,1196,1196,724,2682,32.049999999999955,7.544776119402985,3.0,22.0
2024-12,infrasettimanale,sera,EC,126,994.0,4,810.0,0,0,0,35,22,184.0,27,9,0,0,45,45,52,126,33.69999999999999,6.532258064516129,1.5,18.700000000000003
2024-12,infrasettimanale,sera,EN,7,86.0,0,70.0,0,0,0,4,2,16.0,1,0,0,0,5,5,1,7,26.899999999999995,10.0,13.0,24.800000000000004
2024-12,infrasettimanale,sera,EXP,1,0.0,0,0.0,0,0,0,0,0,0.0,0,0,0,0,0,0,0,1,0.0,0.0,0.0,0.0
2024-12,infrasettimanale,sera,IC,263,3146.0,10,2699.0,0,0,0,78,57,447.0,48,27,0,0,116,116,97,263,52.0,10.340996168582375,3.0,30.0
2024-12,infrasettimanale,sera,ICN,207,1574.0,7,829.0,0,0,0,39,29,745.0,50,20,0,0,61,61,96,207,42.69999999999999,4.004830917874396,1.0,24.200000000000045
2024-12,infrasettimanale,sera,IR,1,29.0,0,29.0,0,0,0,1,1,0.0,0,0,0,0,1,1,0,1,29.0,29.0,29.0,29.0
2024-12,infrasettimanale,sera,MET,984,1377.0,0,402.0,0,0,0,25,11,975.0,444,4,0,0,74,74,453,984,6.0,0.4140061791967044,0.0,4.0
2024-12,infrasettimanale,sera,REG,32224,103749.0,97,71183.0,0,0,0,2577,1466,32566.0,13343,496,0,0,6336,6336,12164,32224,13.0,2.2354363596394813,1.0,8.0
2024-12,infrasettimanale,sera,,1128,6678.0,10,4698.0,0,0,0,222,124,1980.0,312,42,0,0,358,358,456,1128,24.899999999999977,4.172291296625222,1.0,17.0
2024-12,infrasettimanale,tarda_mattina,EC,230,1851.0,2,1482.0,0,0,0,64,44,369.0,57,17,0,0,92,92,80,230,38.0,6.471615720524017,2.0,22.200000000000017
2024-12,infrasettimanale,tarda_mattina,EXP,1,0.0,0,-2.0,0,0,0,0,0,2.0,0,0,0,0,0,0,1,1,-2.0,-2.0,-2.0,-2.0
2024-12,infrasettimanale,tarda_mattina,IC,446,4146.0,16,3071.0,0,0,0,108,83,1075.0,97,39,0,0,169,169,176,446,39.849999999999966,6.947963800904978,2.0,24.0
2024-12,infrasettimanale,tarda_mattina,ICN,45,303.0,2,63.0,0,0,0,5,4,240.0,8,3,0,0,6,6,31,45,28.399999999999963,1.4,-3.0,8.000000000000007
2024-12,infrasettimanale,tarda_mattina,MET,1221,1257.0,1,-174.0,0,0,0,22,9,1431.0,490,1,0,0,69,69,650,1221,5.0,-0.1439205955334987,-1.0,3.0
2024-12,infrasettimanale,tarda_mattina,REG,39948,91502.0,58,50479.0,0,0,0,1894,1086,41023.0,17780,319,0,0,5429,5429,16417,39948,9.0,1.2738858325341946,0.0,6.0
2024-12,infrasettimanale,tarda_mattina,,2734,26340.0,80,23562.0,0,0,0,682,516,2778.0,846,234,0,0,1120,1120,768,2734,42.0,8.618141916605706,3.0,26.0
2024-12,weekend,mattina,EC,50,297.0,1,175.0,0,0,0,9,6,122.0,10,3,0,0,13,13,26,50,33.19999999999993,3.571428571428572,-1.0,18.40000000000002
2024-12,weekend,mattina,EXP,3,27.0,0,19.0,0,0,0,1,1,8.0,0,0,0,0,1,1,1,3,25.25,9.5,9.5,23.5
2024-12,weekend,mattina,IC,247,2773.0,9,2313.0,0,0,0,58,37,460.0,65,20,0,0,93,93,88,247,46.25,9.402439024390244,2.0,22.5
2024-12,weekend,mattina,ICN,4,0.0,0,-90.0,0,0,0,0,0,90.0,0,0,0,0,0,0,4,4,-10.400000000000006,-22.5,-26.0,-12.799999999999995
2024-12,weekend,mattina,MET,354,287.0,0,-125.0,0,0,0,3,3,412.0,159,0,0,0,8,8,185,354,3.0,-0.3551136363636363,-1.0,2.0
2024-12,weekend,mattina,NCL,2,19.0,0,10.0,0,0,0,1,1,9.0,0,0,0,0,1,1,1,2,17.599999999999998,5.0,5.0,16.2
2024-12,weekend,mattina,REG,9944,26653.0,35,16417.0,0,0,0,557,330,10236.0,4404,116,0,0,1532,1532,3906,9944,10.0,1.6680552733184313,1.0,6.0
2024-12,weekend,mattina,,1262,14418.0,42,12982.0,0,0,0,378,282,1436.0,334,146,0,0,558,558,370,1262,51.0,10.286846275752774,3.0,32.0
2024-12,weekend,notte,EC,6,44.0,0,40.0,0,0,0,1,1,4.0,3,1,0,0,1,1,1,6,31.2,8.0,1.0,24.399999999999995
2024-12,weekend,notte,EN,16,125.0,1,-43.0,0,0,0,2,2,168.0,2,2,0,0,3,3,10,16,46.99999999999994,-2.8666666666666667,-3.0,22.0
2024-12,weekend,notte,EXP,1,0.0,0,0.0,0,0,0,0,0,0.0,0,0,0,0,0,0,0,1,0.0,0.0,0.0,0.0
2024-12,weekend,notte,IC,104,993.0,4,655.0,0,0,0,14,11,338.0,19,7,0,0,25,25,60,104,49.29999999999991,6.298076923076923,-2.0,14.700000000000005
2024-12,weekend,notte,ICN,16,44.0,0,-104.0,0,0,0,2,2,148.0,3,0,0,0,2,2,11,16,18.5,-6.5,-3.5,10.0
2024-12,weekend,notte,MET,130,50.0,0,-149.0,0,0,0,0,0,199.0,41,0,0,0,2,2,85,130,2.0,-1.1640625,-1.0,1.2999999999999972
2024-12,weekend,notte,NCL,6,53.0,0,-43.0,0,0,0,3,1,96.0,0,0,0,0,4,4,2,6,18.25,-7.166666666666667,10.0,16.5
2024-12,weekend,notte,REG,4301,11314.0,17,6292.0,0,0,0,268,150,5022.0,1799,49,0,0,647,647,1837,4301,11.0,1.4690637403689002,0.0,6.0
2024-12,weekend,notte,,372,5056.0,24,4486.0,0,0,0,116,94,570.0,84,48,0,0,152,152,134,372,62.599999999999966,12.124324324324323,2.0,38.6
2024-12,weekend,pomeriggio,EC,89,855.0,3,748.0,0,0,0,26,21,107.0,26,8,0,0,33,33,30,89,40.39999999999998,8.404494382022472,2.0,27.200000000000003
2024-12,weekend,pomeriggio,EN,14,203.0,1,135.0,0,0,0,4,3,68.0,3,3,0,0,6,6,4,14,60.399999999999935,10.384615384615383,4.0,41.40000000000001
2024-12,weekend,pomeriggio,EXP,3,46.0,0,46.0,0,0,0,1,1,0.0,0,1,0,0,2,2,0,3,39.2,23.0,23.0,37.4
2024-12,weekend,pomeriggio,IC,211,2021.0,6,1612.0,0,0,0,52,32,409.0,45,14,0,0,74,74,90,211,35.79999999999998,7.712918660287081,1.0,19.200000000000017
2024-12,weekend,pomeriggio,ICN,7,94.0,1,81.0,0,0,0,1,1,13.0,0,1,0,0,3,3,4,7,57.699999999999946,11.571428571428571,-2.0,36.40000000000003
2024-12,weekend,pomeriggio,IR,1,109.0,1,109.0,0,0,0,1,1,0.0,0,1,0,0,1,1,0,1,109.0,109.0,109.0,109.0
2024-12,weekend,pomeriggio,MET,432,610.0,0,167.0,0,0,0,14,8,443.0,187,2,0,0,31,31,213,432,5.0,0.3874709976798144,0.0,3.0
2024-12,weekend,pomeriggio,REG,12420,31546.0,22,18454.0,0,0,0,684,360,13092.0,5546,123,0,0,1881,1881,4933,12420,10.0,1.493042071197411,0.0,6.0
2024-12,weekend,pomeriggio,,1172,9980.0,18,8702.0,0,0,0,306,214,1278.0,342,92,0,0,492,492,338,1172,36.0,7.424914675767918,3.0,25.5
2024-12,weekend,sera,EC,57,280.0,1,197.0,0,0,0,11,6,83.0,12,1,0,0,17,17,28,57,19.2,3.456140350877193,0.0,14.4
2024-12,weekend,sera,EXP,2,10.0,0,10.0,0,0,0,1,0,0.0,0,0,0,0,1,1,0,2,10.0,10.0,10.0,10.0
2024-12,weekend,sera,IC,114,1481.0,5,1226.0,0,0,0,27,16,255.0,28,12,0,0,41,41,44,114,57.19999999999997,10.849557522123892,1.0,28.799999999999983
2024-12,weekend,sera,ICN,106,515.0,1,157.0,0,0,0,14,8,358.0,26,5,0,0,25,25,55,106,25.25,1.481132075471698,-1.0,13.0
2024-12,weekend,sera,IR,2,61.0,1,57.0,0,0,0,1,1,4.0,0,1,0,0,1,1,1,2,57.75,28.5,28.5,54.5
2024-12,weekend,sera,MET,391,416.0,0,39.0,0,0,0,7,4,377.0,195,0,0,0,15,15,180,391,4.0,0.1,0.0,3.0
2024-12,weekend,sera,REG,10479,27570.0,18,16165.0,0,0,0,676,366,11405.0,4483,86,0,0,1723,1723,4230,10479,12.0,1.548965120735914,0.0,7.0
2024-12,weekend,sera,,458,2816.0,2,1950.0,0,0,0,90,54,866.0,112,30,0,0,152,152,194,458,34.0,4.25764192139738,1.0,17.400000000000034
2024-12,weekend,tarda_mattina,EC,135,1270.0,3,1088.0,0,0,0,39,25,182.0,26,13,0,0,61,61,48,135,44.3,8.059259259259258,4.0,24.60000000000001
2024-12,weekend,tarda_mattina,EXP,1,47.0,0,47.0,0,0,0,1,1,0.0,0,1,0,0,1,1,0,1,47.0,47.0,47.0,47.0
2024-12,weekend,tarda_mattina,IC,220,1747.0,9,1179.0,0,0,0,40,27,568.0,41,14,0,0,70,70,108,220,44.599999999999966,5.383561643835616,0.0,17.200000000000017
2024-12,weekend,tarda_mattina,ICN,21,166.0,1,-3.0,0,0,0,2,2,169.0,6,1,0,0,3,3,12,21,15.0,-0.1428571428571428,-4.0,5.0
2024-12,weekend,tarda_mattina,MET,522,793.0,1,169.0,0,0,0,20,13,624.0,192,2,0,0,46,46,281,522,8.0,0.325626204238921,-1.0,4.0
2024-12,weekend,tarda_mattina,REG,13496,28403.0,20,12574.0,0,0,0,566,331,15829.0,5785,112,0,0,1627,1627,6002,13496,8.0,0.9373788579096464,0.0,5.0
2024-12,weekend,tarda_mattina,,1126,12068.0,42,10810.0,0,0,0,316,232,1258.0,314,148,0,0,456,456,356,1126,48.89999999999998,9.600355239786856,3.0,35.0
2025-01,infrasettimanale,mattina,EC,151,513.0,0,216.0,0,0,0,18,11,297.0,46,2,0,0,35,35,59,151,17.0,1.542857142857143,1.0,11.200000000000015
2025-01,infrasettimanale,mattina,IC,601,5507.0,18,4894.0,0,0,0,146,92,613.0,202,49,0,0,243,243,155,601,49.0,8.156666666666666,3.0,25.100000000000023
2025-01,infrasettimanale,mattina,ICN,1,0.0,0,-21.0,0,0,0,0,0,21.0,0,0,0,0,0,0,1,1,-21.0,-21.0,-21.0,-21.0
2025-01,infrasettimanale,mattina,MET,961,1908.0,1,1045.0,0,0,0,38,23,863.0,439,7,0,0,108,108,400,961,8.0,1.1034846884899685,0.0,5.0
2025-01,infrasettimanale,mattina,NCL,2,170.0,1,170.0,0,0,0,1,1,0.0,0,1,0,0,2,2,0,2,154.29999999999998,85.0,85.0,146.6
2025-01,infrasettimanale,mattina,REG,35902,98294.0,67,64676.0,0,0,0,2159,1124,33618.0,16259,355,0,0,6183,6183,12950,35902,11.0,1.8274186256781195,1.0,7.0
2025-01,infrasettimanale,mattina,,3316,31346.0,66,27759.0,0,0,0,878,651,3587.0,986,309,0,0,1447,1447,875,3316,43.633594692400486,8.391474318940762,3.0,27.51145958986731
2025-01,infrasettimanale,notte,EC,22,49.0,0,6.0,0,0,0,2,1,43.0,2,0,0,0,5,5,13,22,10.400000000000006,0.3,-2.0,8.200000000000003
2025-01,infrasettimanale,notte,EN,42,1040.0,6,877.0,0,0,0,16,16,163.0,5,11,0,0,16,16,20,42,125.0,21.390243902439025,1.0,95.0
2025-01,infrasettimanale,notte,IC,274,2612.0,9,2036.0,0,0,0,63,42,576.0,60,21,0,0,114,114,99,274,45.79999999999984,7.457875457875458,3.0,19.80000000000001
2025-01,infrasettimanale,notte,ICN,48,275.0,1,67.0,0,0,0,8,7,208.0,11,2,0,0,9,9,28,48,21.0,1.3958333333333333,-3.0,17.60000000000001
2025-01,infrasettimanale,notte,MET,353,378.0,0,-154.0,0,0,0,7,6,532.0,124,0,0,0,15,15,209,353,4.0,-0.4425287356321839,-1.0,3.0
2025-01,infrasettimanale,notte,REG,15166,34626.0,32,17035.0,0,0,0,684,419,17591.0,6516,149,0,0,1929,1929,6582,15166,9.0,1.1336261396153589,0.0,5.0
2025-01,infrasettimanale,notte,,1159,8609.0,28,7081.0,0,0,0,210,155,1528.0,393,76,0,0,369,369,393,1159,34.83019844693704,6.130741419172161,2.0,18.0
2025-01,infrasettimanale,pomeriggio,EC,241,1738.0,5,1390.0,0,0,0,48,30,348.0,65,13,0,0,80,80,94,241,32.099999999999994,5.815899581589958,1.0,19.0
2025-01,infrasettimanale,pomeriggio,EN,41,591.0,3,511.0,0,0,0,17,15,80.0,11,5,0,0,20,20,9,41,62.649999999999956,12.774999999999999,4.0,30.900000000000013
2025-01,infrasettimanale,pomeriggio,EXP,1,80.0,1,80.0,0,0,0,1,1,0.0,0,1,0,0,1,1,0,1,80.0,80.0,80.0,80.0
2025-01,infrasettimanale,pomeriggio,IC,536,5787.0,22,5122.0,0,0,0,129,93,665.0,128,57,0,0,202,202,192,536,48.0,9.812260536398467,3.0,30.0
2025-01,infrasettimanale,pomeriggio,ICN,58,588.0,1,488.0,0,0,0,5,5,100.0,13,2,0,0,14,14,31,58,19.15,8.413793103448276,-1.0,9.0
2025-01,infrasettimanale,pomeriggio,MET,1164,1243.0,0,-107.0,0,0,0,21,13,1350.0,467,3,0,0,59,59,623,1164,5.0,-0.093124456048738,-1.0,3.0
2025-01,infrasettimanale,pomeriggio,NCL,6,0.0,0,-171.0,0,0,0,0,0,171.0,0,0,0,0,0,0,3,6,-39.1,-57.0,-67.0,-42.2
2025-01,infrasettimanale,pomeriggio,REG,43150,112200.0,99,71746.0,0,0,0,2243,1270,40454.0,19836,427,0,0,6750,6750,16031,43150,10.0,1.6835065818804702,1.0,6.0
2025-01,infrasettimanale,pomeriggio,,3072,31226.0,90,28052.0,0,0,0,834,589,3174.0,942,284,0,0,1344,1344,786,3072,46.23291015625,9.131510416666666,3.4886067708333335,28.0
2025-01,infrasettimanale,sera,EC,133,1023.0,5,865.0,0,0,0,26,15,158.0,31,10,0,0,46,46,51,133,37.84999999999992,6.7578125,2.0,19.499999999999982
2025-01,infrasettimanale,sera,IC,275,3634.0,9,3402.0,0,0,0,83,57,232.0,71,26,0,0,131,131,66,275,43.64999999999998,12.694029850746269,4.0,29.0
2025-01,infrasettimanale,sera,ICN,242,2232.0,9,1413.0,0,0,0,43,32,819.0,59,19,0,0,67,67,116,242,48.0,5.838842975206612,1.0,19.0
2025-01,infrasettimanale,sera,MET,1080,1216.0,2,-110.0,0,0,0,18,11,1326.0,483,3,0,0,51,51,543,1080,4.0,-0.1021355617455896,-1.0,2.3999999999999773
2025-01,infrasettimanale,sera,REG,35413,103324.0,113,65567.0,0,0,0,2279,1321,37757.0,15050,469,0,0,6110,6110,13856,35413,12.0,1.8724868631482752,1.0,7.0
2025-01,infrasettimanale,sera,,1272,9070.0,16,6723.0,0,0,0,259,180,2347.0,342,86,0,0,446,446,480,1272,34.53789308176096,5.302060196143259,2.0,19.488993710691823
2025-01,infrasettimanale,tarda_mattina,EC,274,1992.0,7,1386.0,0,0,0,55,41,606.0,51,18,0,0,89,89,131,274,37.0,5.114391143911439,0.0,21.0
2025-01,infrasettimanale,tarda_mattina,IC,604,5402.0,22,4302.0,0,0,0,127,88,1100.0,152,53,0,0,211,211,231,604,49.35000000000002,7.242424242424242,1.0,24.0
2025-01,infrasettimanale,tarda_mattina,ICN,47,213.0,1,-70.0,0,0,0,4,3,283.0,6,2,0,0,5,5,36,47,22.19999999999993,-1.4893617021276595,-4.0,5.599999999999993
2025-01,infrasettimanale,tarda_mattina,MET,1326,1513.0,1,-201.0,0,0,0,31,16,1714.0,520,4,0,0,76,76,719,1326,5.0,-0.1528517110266159,-1.0,3.0
2025-01,infrasettimanale,tarda_mattina,NCL,7,9.0,0,2.0,0,0,0,0,0,7.0,1,0,0,0,1,1,1,7,8.1,0.6666666666666666,0.0,7.2
2025-01,infrasettimanale,tarda_mattina,REG,43731,89969.0,60,42497.0,0,0,0,1784,1000,47472.0,19332,292,0,0,5215,5215,18721,43731,8.0,0.982180826476842,0.0,5.0
2025-01,infrasettimanale,tarda_mattina,,2947,26323.0,74,22855.0,0,0,0,674,470,3468.0,929,228,0,0,1117,1117,895,2947,37.897658635900896,7.771174057431639,3.0,24.48829317950458
2025-01,weekend,mattina,EC,46,169.0,1,56.0,0,0,0,3,3,113.0,14,2,0,0,6,6,23,46,14.399999999999991,1.302325581395349,-1.0,5.800000000000004
2025-01,weekend,mattina,EXP,1,38.0,0,38.0,0,0,0,1,1,0.0,0,1,0,0,1,1,0,1,38.0,38.0,38.0,38.0
2025-01,weekend,mattina,IC,202,1658.0,6,1217.0,0,0,0,35,23,441.0,46,11,0,0,56,56,86,202,34.30000000000001,6.473404255319149,0.0,17.0
2025-01,weekend,mattina,IR,1,4.0,0,4.0,0,0,0,0,0,0.0,1,0,0,0,0,0,0,1,4.0,4.0,4.0,4.0
2025-01,weekend,mattina,MET,274,194.0,0,-150.0,0,0,0,1,1,344.0,108,1,0,0,5,5,134,274,3.0,-0.6072874493927125,-1.0,2.0
2025-01,weekend,mattina,NCL,1,0.0,0,-4.0,0,0,0,0,0,4.0,0,0,0,0,0,0,1,1,-4.0,-4.0,-4.0,-4.0
2025-01,weekend,mattina,REG,7735,16540.0,21,8044.0,0,0,0,322,182,8496.0,3085,69,0,0,962,962,3119,7735,9.0,1.1225230253977114,0.0,5.0
2025-01,weekend,mattina,,1049,10113.0,37,8524.0,0,0,0,223,150,1589.0,242,85,0,0,388,388,348,1049,49.86730219256433,8.705644726593091,2.0,26.431458531935206
2025-01,weekend,notte,EC,6,4.0,0,-8.0,0,0,0,0,0,12.0,2,0,0,0,0,0,4,6,3.0,-1.3333333333333333,-1.0,2.0
2025-01,weekend,notte,EN,13,185.0,1,128.0,0,0,0,1,1,57.0,3,1,0,0,4,4,6,13,68.39999999999978,9.846153846153848,1.0,6.0
2025-01,weekend,notte,IC,80,611.0,3,367.0,0,0,0,13,11,244.0,12,6,0,0,24,24,41,80,49.60000000000002,4.766233766233766,-1.0,23.80000000000001
2025-01,weekend,notte,ICN,15,79.0,1,-60.0,0,0,0,1,1,139.0,2,1,0,0,2,2,11,15,24.89999999999993,-4.0,-7.0,4.399999999999998
2025-01,weekend,notte,MET,87,44.0,0,-65.0,0,0,0,0,0,109.0,31,0,0,0,1,1,46,87,3.0,-0.8333333333333334,-1.0,2.0
2025-01,weekend,notte,REG,3228,7323.0,10,3510.0,0,0,0,162,110,3813.0,1252,40,0,0,367,367,1356,3228,10.0,1.1798319327731093,0.0,5.0
2025-01,weekend,notte,,306,2985.0,14,2452.0,0,0,0,49,39,533.0,86,29,0,0,84,84,113,306,66.96029411764708,8.656038111574444,1.0,30.17058823529417
2025-01,weekend,pomeriggio,EC,74,558.0,3,425.0,0,0,0,17,9,133.0,11,7,0,0,26,26,33,74,38.69999999999996,6.071428571428571,0.0,26.500000000000007
2025-01,weekend,pomeriggio,EN,12,121.0,0,56.0,0,0,0,4,4,65.0,2,0,0,0,6,6,4,12,29.0,4.666666666666667,5.0,28.700000000000003
2025-01,weekend,pomeriggio,EXP,3,27.0,0,-40.0,0,0,0,1,1,67.0,1,0,0,0,1,1,1,3,23.5,-13.333333333333334,1.0,21.0
2025-01,weekend,pomeriggio,IC,177,1300.0,3,1004.0,0,0,0,28,19,296.0,44,5,0,0,51,51,68,177,25.80000000000001,6.159509202453987,1.0,19.80000000000001
2025-01,weekend,pomeriggio,ICN,6,66.0,1,52.0,0,0,0,1,1,14.0,1,1,0,0,1,1,4,6,47.5,8.666666666666666,-2.5,33.0
2025-01,weekend,pomeriggio,IR,2,9.0,0,8.0,0,0,0,0,0,1.0,0,0,0,0,1,1,1,2,8.5,4.0,4.0,8.0
2025-01,weekend,pomeriggio,MET,338,280.0,0,-189.0,0,0,0,6,4,469.0,109,1,0,0,13,13,182,338,3.849999999999965,-0.6217105263157895,-1.0,2.0
2025-01,weekend,pomeriggio,REG,9708,20735.0,20,10014.0,0,0,0,394,260,10721.0,3920,98,0,0,1121,1121,3891,9708,9.0,1.121137483206449,0.0,5.0
2025-01,weekend,pomeriggio,,926,5891.0,15,4457.0,0,0,0,128,80,1434.0,255,41,0,0,245,245,355,926,29.458909287257008,5.208355005505193,1.0,14.939740820734364
2025-01,weekend,sera,EC,46,277.0,0,196.0,0,0,0,10,7,81.0,8,2,0,0,15,15,22,46,29.0,4.355555555555555,0.0,24.400000000000006
2025-01,weekend,sera,IC,104,1065.0,5,798.0,0,0,0,15,12,267.0,24,8,0,0,23,23,40,104,84.0000000000001,9.172413793103448,0.0,19.800000000000043
2025-01,weekend,sera,ICN,73,572.0,3,283.0,0,0,0,12,9,289.0,11,6,0,0,17,17,45,73,45.19999999999989,3.8767123287671232,-2.0,21.399999999999977
2025-01,weekend,sera,IR,2,1.0,0,-2.0,0,0,0,0,0,3.0,1,0,0,0,0,0,1,2,0.7999999999999998,-1.0,-1.0,0.6000000000000001
2025-01,weekend,sera,MET,292,301.0,0,-111.0,0,0,0,8,2,412.0,111,0,0,0,17,17,133,292,6.0,-0.425287356321839,-1.0,3.0
2025-01,weekend,sera,REG,7963,18677.0,31,9730.0,0,0,0,395,240,8947.0,2992,101,0,0,980,980,3285,7963,10.0,1.3407744246934,0.0,6.0
2025-01,weekend,sera,,385,1531.0,3,573.0,0,0,0,47,33,958.0,79,11,0,0,78,78,184,385,25.19974025974025,1.6755296814596008,-1.0,15.020259740259748
2025-01,weekend,tarda_mattina,EC,115,640.0,3,391.0,0,0,0,17,10,249.0,25,3,0,0,39,39,48,115,19.44999999999999,3.4910714285714284,1.0,12.900000000000006
2025-01,weekend,tarda_mattina,IC,206,1799.0,5,1135.0,0,0,0,27,23,664.0,45,11,0,0,39,39,102,206,33.75,6.102150537634408,-1.0,17.0
2025-01,weekend,tarda_mattina,ICN,11,26.0,0,-60.0,0,0,0,1,1,86.0,1,0,0,0,1,1,9,11,13.0,-5.454545454545454,-4.0,1.0
2025-01,weekend,tarda_mattina,MET,406,176.0,0,-544.0,0,0,0,0,0,720.0,123,0,0,0,5,5,240,406,2.0,-1.4782608695652173,-1.0,2.0
2025-01,weekend,tarda_mattina,REG,10477,17302.0,16,4760.0,0,0,0,289,169,12542.0,4107,59,0,0,947,947,4606,10477,7.0,0.4927536231884058,0.0,4.0
2025-01,weekend,tarda_mattina,,894,7275.0,31,6003.0,0,0,0,144,122,1272.0,251,69,0,0,255,255,324,894,49.44261744966438,7.228668973723431,1.5313199105145414,24.322706935123065
2025-02,infrasettimanale,mattina,DIR,1,0.0,0,-2.0,0,0,0,0,0,2.0,0,0,0,0,0,0,1,1,-2.0,-2.0,-2.0,-2.0
2025-02,infrasettimanale,mattina,EC,134,551.0,1,308.0,0,0,0,17,8,243.0,42,4,0,0,30,30,56,134,18.94999999999997,2.40625,1.0,12.0
2025-02,infrasettimanale,mattina,IC,537,4039.0,11,3365.0,0,0,0,99,65,674.0,155,30,0,0,209,209,171,537,34.299999999999955,6.289719626168225,2.0,16.0
2025-02,infrasettimanale,mattina,ICN,1,0.0,0,-23.0,0,0,0,0,0,23.0,0,0,0,0,0,0,1,1,-23.0,-23.0,-23.0,-23.0
2025-02,infrasettimanale,mattina,IR,1,62.0,1,62.0,0,0,0,1,1,0.0,0,1,0,0,1,1,0,1,62.0,62.0,62.0,62.0
2025-02,infrasettimanale,mattina,MET,882,1375.0,0,407.0,0,0,0,23,13,968.0,426,4,0,0,69,69,378,882,6.0,0.4662084765177549,0.0,4.0
2025-02,infrasettimanale,mattina,NCL,5,236.0,2,236.0,0,0,0,4,4,0.0,0,2,0,0,5,5,0,5,111.79999999999998,47.2,20.0,100.6
2025-02,infrasettimanale,mattina,REG,34006,86196.0,55,51803.0,0,0,0,1734,911,34393.0,15137,274,0,0,5480,5480,12977,34006,10.0,1.5420313151157945,1.0,6.0
2025-02,infrasettimanale,mattina,,3000,28904.0,68,25886.0,0,0,0,838,568,3018.0,930,246,0,0,1356,1356,712,3000,41.0,8.634422948632421,4.0,26.0
2025-02,infrasettimanale,notte,EC,20,13.0,0,-29.0,0,0,0,0,0,42.0,8,0,0,0,0,0,12,20,3.0,-1.45,-1.5,3.0
2025-02,infrasettimanale,notte,EN,36,639.0,3,532.0,0,0,0,13,13,107.0,4,11,0,0,15,15,16,36,67.79999999999998,15.199999999999998,3.0,51.20000000000002
2025-02,infrasettimanale,notte,IC,249,1649.0,5,1074.0,0,0,0,46,33,575.0,56,14,0,0,82,82,108,249,30.75,4.365853658536586,1.0,17.5
2025-02,infrasettimanale,notte,ICN,44,102.0,0,-101.0,0,0,0,3,1,203.0,9,1,0,0,4,4,31,44,11.800000000000011,-2.2954545454545454,-2.0,3.700000000000003
2025-02,infrasettimanale,notte,MET,314,518.0,1,66.0,0,0,0,7,6,452.0,111,6,0,0,14,14,186,314,4.0,0.2122186495176848,-1.0,2.0
2025-02,infrasettimanale,notte,NCL,1,136.0,1,136.0,0,0,0,1,1,0.0,0,1,0,0,1,1,0,1,136.0,136.0,136.0,136.0
2025-02,infrasettimanale,notte,REG,14260,31076.0,40,13496.0,0,0,0,612,350,17580.0,5998,131,0,0,1667,1667,6399,14260,9.0,0.959613196814562,0.0,5.0
2025-02,infrasettimanale,notte,,1076,8504.0,32,7338.0,0,0,0,230,154,1166.0,364,74,0,0,390,390,322,1076,34.14999999999998,6.819702602230484,2.0,22.0
2025-02,infrasettimanale,pomeriggio,EC,232,1204.0,0,766.0,0,0,0,43,30,438.0,61,10,0,0,66,66,104,232,24.0,3.3160173160173154,1.0,18.0
2025-02,infrasettimanale,pomeriggio,EN,36,688.0,2,660.0,0,0,0,17,14,28.0,8,7,0,0,23,23,4,36,52.699999999999946,18.857142857142858,9.0,36.8
2025-02,infrasettimanale,pomeriggio,IC,448,3194.0,8,2521.0,0,0,0,103,62,673.0,105,24,0,0,166,166,174,448,30.0,5.665168539325843,2.0,18.0
2025-02,infrasettimanale,pomeriggio,ICN,67,309.0,1,122.0,0,0,0,7,5,187.0,13,5,0,0,9,9,45,67,42.19999999999993,1.82089552238806,-2.0,9.799999999999995
2025-02,infrasettimanale,pomeriggio,MET,1051,1149.0,0,-256.0,0,0,0,25,13,1405.0,393,2,0,0,66,66,571,1051,5.0,-0.2485436893203883,-1.0,3.0
2025-02,infrasettimanale,pomeriggio,NCL,2,46.0,0,10.0,0,0,0,1,1,36.0,0,1,0,0,1,1,1,2,41.89999999999999,5.0,5.0,37.8
2025-02,infrasettimanale,pomeriggio,REG,41033,97353.0,53,56949.0,0,0,0,1944,1058,40404.0,18631,325,0,0,5948,5948,15739,41033,9.0,1.41249565950692,1.0,6.0
2025-02,infrasettimanale,pomeriggio,,2712,20930.0,32,18026.0,0,0,0,660,418,2904.0,780,142,0,0,1236,1236,696,2712,31.25,6.646755162241888,4.0,19.0
2025-02,infrasettimanale,sera,EC,108,640.0,1,478.0,0,0,0,18,12,162.0,19,7,0,0,32,32,51,108,37.0,4.686274509803922,-0.5,16.900000000000006
2025-02,infrasettimanale,sera,IC,233,2274.0,6,1999.0,0,0,0,68,37,275.0,68,17,0,0,100,100,65,233,36.59999999999991,8.579399141630901,3.0,20.80000000000001
2025-02,infrasettimanale,sera,ICN,211,1488.0,4,931.0,0,0,0,27,22,557.0,54,11,0,0,56,56,101,211,28.0,4.412322274881516,0.0,16.0
2025-02,infrasettimanale,sera,IR,2,0.0,0,-1.0,0,0,0,0,0,1.0,1,0,0,0,0,0,1,2,-0.05,-0.5,-0.5,-0.0999999999999999
2025-02,infrasettimanale,sera,MET,955,777.0,1,-421.0,0,0,0,10,3,1198.0,426,1,0,0,28,28,499,955,4.0,-0.4417628541448058,-1.0,2.0
2025-02,infrasettimanale,sera,REG,33294,87857.0,59,51671.0,0,0,0,1902,1007,36186.0,14152,299,0,0,5567,5567,13222,33294,11.0,1.5685923317446344,1.0,7.0
2025-02,infrasettimanale,sera,,1090,4900.0,8,2602.0,0,0,0,164,76,2298.0,292,22,0,0,344,344,454,1090,18.799999999999955,2.387155963302752,1.0,12.0
2025-02,infrasettimanale,tarda_mattina,EC,260,1731.0,4,1249.0,0,0,0,52,35,482.0,65,16,0,0,82,82,113,260,31.049999999999983,4.803846153846154,1.0,20.19999999999999
2025-02,infrasettimanale,tarda_mattina,EXP,1,60.0,1,60.0,0,0,0,1,1,0.0,0,1,0,0,1,1,0,1,60.0,60.0,60.0,60.0
2025-02,infrasettimanale,tarda_mattina,IC,513,4145.0,15,3072.0,0,0,0,107,76,1073.0,136,36,0,0,165,165,208,513,42.0,6.035363457760314,1.0,20.0
2025-02,infrasettimanale,tarda_mattina,ICN,51,227.0,1,-41.0,0,0,0,3,3,268.0,3,2,0,0,5,5,43,51,15.0,-0.803921568627451,-5.0,2.0
2025-02,infrasettimanale,tarda_mattina,MET,1220,1426.0,0,-372.0,0,0,0,24,16,1798.0,487,10,0,0,54,54,673,1220,4.0,-0.3064250411861614,-1.0,2.0
2025-02,infrasettimanale,tarda_mattina,NCL,7,163.0,1,26.0,0,0,0,2,2,137.0,1,2,0,0,3,3,3,7,84.59999999999998,3.714285714285713,3.0,73.20000000000002
2025-02,infrasettimanale,tarda_mattina,REG,41697,80183.0,34,33053.0,0,0,0,1543,823,47130.0,17797,278,0,0,4698,4698,18439,41697,8.0,0.807470562368691,0.0,5.0
2025-02,infrasettimanale,tarda_mattina,,2684,23356.0,78,20378.0,0,0,0,620,412,2978.0,840,204,0,0,1064,1064,780,2684,40.0,7.592399403874814,3.0,23.0
2025-02,weekend,mattina,EC,50,188.0,0,104.0,0,0,0,5,3,84.0,19,2,0,0,11,11,19,50,13.799999999999985,2.122448979591837,1.0,9.400000000000006
2025-02,weekend,mattina,IC,212,1155.0,3,615.0,0,0,0,32,21,540.0,52,11,0,0,56,56,103,212,28.5,2.914691943127962,0.0,14.0
2025-02,weekend,mattina,ICN,1,1.0,0,1.0,0,0,0,0,0,0.0,1,0,0,0,0,0,0,1,1.0,1.0,1.0,1.0
2025-02,weekend,mattina,MET,304,330.0,0,-91.0,0,0,0,5,5,421.0,119,1,0,0,13,13,172,304,4.0,-0.2993421052631579,-1.0,2.0
2025-02,weekend,mattina,NCL,1,0.0,0,-2.0,0,0,0,0,0,2.0,0,0,0,0,0,0,1,1,-2.0,-2.0,-2.0,-2.0
2025-02,weekend,mattina,REG,9096,18755.0,11,7556.0,0,0,0,371,225,11199.0,3865,81,0,0,1052,1052,4102,9096,8.0,0.8377868943341834,0.0,5.0
2025-02,weekend,mattina,,1116,8818.0,16,7332.0,0,0,0,252,178,1486.0,310,80,0,0,422,422,384,1116,38.0,6.56989247311828,2.0,24.0
2025-02,weekend,notte,EC,8,3.0,0,-22.0,0,0,0,0,0,25.0,2,0,0,0,0,0,6,8,1.9499999999999984,-2.75,-4.0,0.8999999999999995
2025-02,weekend,notte,EN,11,6.0,0,-44.0,0,0,0,0,0,50.0,4,0,0,0,0,0,7,11,2.0,-4.0,-3.0,2.0
2025-02,weekend,notte,EXP,1,0.0,0,-3.0,0,0,0,0,0,3.0,0,0,0,0,0,0,1,1,-3.0,-3.0,-3.0,-3.0
2025-02,weekend,notte,IC,97,591.0,2,258.0,0,0,0,13,10,333.0,15,4,0,0,21,21,61,97,22.999999999999943,2.6597938144329896,-2.0,13.800000000000011
2025-02,weekend,notte,ICN,22,13.0,0,-146.0,0,0,0,0,0,159.0,4,0,0,0,1,1,17,22,2.95,-6.636363636363637,-4.0,1.900000000000002
2025-02,weekend,notte,MET,99,118.0,0,-36.0,0,0,0,2,2,154.0,34,1,0,0,3,3,61,99,3.0,-0.3673469387755102,-1.0,2.0
2025-02,weekend,notte,REG,4020,7422.0,5,1770.0,0,0,0,155,94,5652.0,1611,25,0,0,428,428,1940,4020,7.0,0.4448353857753204,0.0,5.0
2025-02,weekend,notte,,340,2602.0,6,2066.0,0,0,0,92,52,536.0,86,26,0,0,136,136,118,340,36.54999999999998,6.076470588235294,2.0,19.19999999999999
2025-02,weekend,pomeriggio,EC,89,590.0,1,471.0,0,0,0,19,14,119.0,24,6,0,0,31,31,34,89,31.199999999999985,5.292134831460674,2.0,19.0
2025-02,weekend,pomeriggio,EN,9,60.0,0,50.0,0,0,0,2,1,10.0,3,0,0,0,4,4,2,9,19.0,5.555555555555555,4.0,13.000000000000004
2025-02,weekend,pomeriggio,EXP,1,6.0,0,6.0,0,0,0,0,0,0.0,0,0,0,0,1,1,0,1,6.0,6.0,6.0,6.0
2025-02,weekend,pomeriggio,IC,198,1092.0,0,592.0,0,0,0,36,23,500.0,42,12,0,0,58,58,97,198,31.0,3.00507614213198,0.0,17.400000000000006
2025-02,weekend,pomeriggio,ICN,9,5.0,0,-25.0,0,0,0,0,0,30.0,0,0,0,0,1,1,8,9,2.199999999999997,-2.7777777777777777,-3.0,-0.5999999999999988
2025-02,weekend,pomeriggio,IR,1,0.0,0,-4.0,0,0,0,0,0,4.0,0,0,0,0,0,0,1,1,-4.0,-4.0,-4.0,-4.0
2025-02,weekend,pomeriggio,MET,382,411.0,0,-33.0,0,0,0,8,6,444.0,157,0,0,0,14,14,198,382,4.0,-0.089430894308943,-1.0,2.0
2025-02,weekend,pomeriggio,REG,11322,23480.0,19,9686.0,0,0,0,457,273,13794.0,4895,85,0,0,1311,1311,4993,11322,8.0,0.8648986516653273,0.0,5.0
2025-02,weekend,pomeriggio,,1034,7234.0,14,5798.0,0,0,0,190,124,1436.0,314,50,0,0,366,366,354,1034,28.19999999999999,5.607350096711799,2.0,17.0
2025-02,weekend,sera,EC,45,147.0,0,83.0,0,0,0,7,3,64.0,11,1,0,0,8,8,24,45,14.9,1.930232558139535,-1.0,11.800000000000004
2025-02,weekend,sera,IC,84,752.0,2,559.0,0,0,0,15,11,193.0,20,7,0,0,27,27,35,84,48.200000000000045,6.817073170731708,1.0,22.700000000000017
2025-02,weekend,sera,ICN,115,365.0,0,-71.0,0,0,0,12,8,436.0,29,1,0,0,20,20,66,115,21.0,-0.6173913043478261,-1.0,10.200000000000015
2025-02,weekend,sera,IR,1,26.0,0,26.0,0,0,0,1,1,0.0,0,0,0,0,1,1,0,1,26.0,26.0,26.0,26.0
2025-02,weekend,sera,MET,319,319.0,0,-102.0,0,0,0,4,2,421.0,151,1,0,0,13,13,153,319,4.0,-0.3217665615141956,0.0,3.0
2025-02,weekend,sera,REG,9558,20594.0,19,8586.0,0,0,0,425,230,12008.0,4068,74,0,0,1188,1188,4240,9558,9.0,0.9041701769165964,0.0,5.0
2025-02,weekend,sera,,428,2000.0,0,1070.0,0,0,0,74,42,930.0,96,8,0,0,132,132,200,428,23.349999999999994,2.5,0.5,14.0
2025-02,weekend,tarda_mattina,EC,131,1002.0,3,746.0,0,0,0,27,22,256.0,31,9,0,0,42,42,57,131,35.099999999999994,5.7384615384615385,1.0,25.10000000000001
2025-02,weekend,tarda_mattina,IC,236,1097.0,3,307.0,0,0,0,33,20,790.0,58,9,0,0,54,54,122,236,21.349999999999994,1.311965811965812,-1.0,13.0
2025-02,weekend,tarda_mattina,ICN,19,10.0,0,-172.0,0,0,0,0,0,182.0,2,0,0,0,1,1,16,19,2.3999999999999915,-9.052631578947368,-5.0,2.0
2025-02,weekend,tarda_mattina,MET,463,402.0,1,-332.0,0,0,0,7,5,734.0,170,1,0,0,11,11,281,463,3.0,-0.7186147186147186,-1.0,2.0
2025-02,weekend,tarda_mattina,NCL,1,20.0,0,20.0,0,0,0,1,1,0.0,0,0,0,0,1,1,0,1,20.0,20.0,20.0,20.0
2025-02,weekend,tarda_mattina,REG,12237,21273.0,16,5505.0,0,0,0,383,199,15768.0,5113,63,0,0,1175,1175,5838,12237,7.0,0.45398317664522514,0.0,4.0
2025-02,weekend,tarda_mattina,,942,6750.0,18,5280.0,0,0,0,176,130,1470.0,280,66,0,0,280,280,382,942,37.5,5.6050955414012735,1.0,24.0
2025-03,infrasettimanale,mattina,EC,145,377.0,0,7.0,0,0,0,14,8,370.0,33,0,0,0,25,25,85,145,16.600000000000023,0.0489510489510489,-1.0,8.799999999999997
2025-03,infrasettimanale,mattina,IC,566,4558.0,13,3984.0,0,0,0,121,91,574.0,206,40,0,0,216,216,144,566,35.0,7.03886925795053,2.5,21.0
2025-03,infrasettimanale,mattina,ICN,1,0.0,0,-16.0,0,0,0,0,0,16.0,0,0,0,0,0,0,1,1,-16.0,-16.0,-16.0,-16.0
2025-03,infrasettimanale,mattina,IR,3,39.0,0,35.0,0,0,0,2,2,4.0,0,0,0,0,2,2,1,3,21.5,11.666666666666666,17.0,21.0
2025-03,infrasettimanale,mattina,MET,933,2225.0,4,1313.0,0,0,0,50,34,912.0,428,12,0,0,106,106,373,933,11.0,1.4476295479603087,0.0,6.0
2025-03,infrasettimanale,mattina,NCL,5,26.0,0,-22.0,0,0,0,1,0,48.0,0,0,0,0,3,3,2,5,10.4,-4.4,7.0,9.8
2025-03,infrasettimanale,mattina,REG,35131,89334.0,55,54819.0,0,0,0,1880,1024,34515.0,15925,316,0,0,5480,5480,13346,35131,10.0,1.5774797847543955,1.0,6.0
2025-03,infrasettimanale,mattina,,3152,25680.0,60,22094.0,0,0,0,748,472,3586.0,1012,182,0,0,1252,1252,854,3152,34.0,7.0859525336754325,3.0,21.0
2025-03,infrasettimanale,notte,EC,21,29.0,0,-31.0,0,0,0,1,1,60.0,3,0,0,0,3,3,15,21,7.0,-1.4761904761904765,-3.0,5.0
2025-03,infrasettimanale,notte,EN,41,584.0,3,361.0,0,0,0,12,12,223.0,4,9,0,0,13,13,24,41,64.0,8.804878048780488,-3.0,46.0
2025-03,infrasettimanale,notte,EXP,2,16.0,0,15.0,0,0,0,1,1,1.0,0,0,0,0,1,1,1,2,15.15,7.5,7.5,14.3
2025-03,infrasettimanale,notte,IC,253,1846.0,5,1350.0,0,0,0,44,28,496.0,74,12,0,0,74,74,103,253,27.0,5.378486055776892,1.0,17.0
2025-03,infrasettimanale,notte,ICN,43,64.0,0,-168.0,0,0,0,2,2,232.0,12,0,0,0,3,3,28,43,6.699999999999995,-3.9069767441860463,-3.0,3.8000000000000043
2025-03,infrasettimanale,notte,MET,333,309.0,0,-181.0,0,0,0,8,5,490.0,115,3,0,0,12,12,199,333,3.0,-0.5552147239263804,-1.0,2.0
2025-03,infrasettimanale,notte,REG,14788,28527.0,26,10160.0,0,0,0,524,324,18367.0,6247,118,0,0,1497,1497,6927,14788,7.0,0.692522663758435,0.0,5.0
2025-03,infrasettimanale,notte,,1102,9556.0,26,8192.0,0,0,0,244,174,1364.0,338,92,0,0,396,396,366,1102,38.54999999999996,7.447272727272726,2.0,27.0
2025-03,infrasettimanale,pomeriggio,EC,252,1758.0,2,1277.0,0,0,0,51,36,481.0,59,20,0,0,92,92,97,252,35.64999999999998,5.149193548387097,2.0,18.0
2025-03,infrasettimanale,pomeriggio,EN,41,442.0,0,416.0,0,0,0,18,11,26.0,10,3,0,0,27,27,4,41,31.0,10.146341463414634,7.0,25.0
2025-03,infrasettimanale,pomeriggio,EXP,5,17.0,0,-16.0,0,0,0,1,0,33.0,0,0,0,0,2,2,2,5,10.949999999999998,-4.0,-0.5,9.900000000000002
2025-03,infrasettimanale,pomeriggio,IC,501,4206.0,14,3385.0,0,0,0,113,67,821.0,119,30,0,0,182,182,197,501,36.0,6.7971887550200805,2.0,18.0
2025-03,infrasettimanale,pomeriggio,ICN,66,254.0,2,128.0,0,0,0,5,3,126.0,21,3,0,0,11,11,34,66,13.25,1.93939393939394,-1.0,7.5
2025-03,infrasettimanale,pomeriggio,MET,1121,1530.0,1,173.0,0,0,0,37,20,1357.0,418,7,0,0,82,82,563,1121,7.0,0.1627469426152399,-1.0,4.0
2025-03,infrasettimanale,pomeriggio,NCL,13,74.0,0,-214.0,0,0,0,2,2,288.0,1,1,0,0,3,3,8,13,33.39999999999999,-17.833333333333332,-21.5,25.800000000000008
2025-03,infrasettimanale,pomeriggio,REG,42942,105715.0,49,64656.0,0,0,0,2202,1269,41059.0,19138,363,0,0,6513,6513,16193,42942,10.0,1.5451677659879552,1.0,6.0
2025-03,infrasettimanale,pomeriggio,,2836,27508.0,88,23994.0,0,0,0,700,430,3514.0,786,214,0,0,1242,1242,790,2836,39.59999999999991,8.514549325762953,4.0,22.0
2025-03,infrasettimanale,sera,EC,113,690.0,3,578.0,0,0,0,19,10,112.0,37,5,0,0,33,33,40,113,26.55,5.254545454545455,1.5,14.0
2025-03,infrasettimanale,sera,EXP,2,3.0,0,3.0,0,0,0,0,0,0.0,2,0,0,0,0,0,0,2,1.95,1.5,1.5,1.9
2025-03,infrasettimanale,sera,IC,253,2009.0,5,1609.0,0,0,0,56,33,400.0,67,13,0,0,93,93,88,253,29.649999999999977,6.487903225806452,2.0,18.0
2025-03,infrasettimanale,sera,ICN,205,1184.0,2,755.0,0,0,0,31,23,429.0,48,5,0,0,64,64,93,205,17.0,3.682926829268293,0.0,15.0
2025-03,infrasettimanale,sera,MET,996,987.0,0,-291.0,0,0,0,15,7,1278.0,411,2,0,0,44,44,525,996,4.0,-0.2969387755102041,-1.0,3.0
2025-03,infrasettimanale,sera,REG,34439,93609.0,71,57265.0,0,0,0,2086,1080,36344.0,14631,325,0,0,5957,5957,13438,34439,11.0,1.6829777229177687,1.0,7.0
2025-03,infrasettimanale,sera,,1180,7750.0,20,5244.0,0,0,0,200,140,2506.0,264,64,0,0,368,368,544,1180,30.649999999999974,4.459183673469388,1.0,18.0
2025-03,infrasettimanale,tarda_mattina,EC,280,1868.0,5,1410.0,0,0,0,56,42,458.0,73,14,0,0,99,99,104,280,29.0,5.108695652173913,2.0,19.0
2025-03,infrasettimanale,tarda_mattina,EXP,7,145.0,1,132.0,0,0,0,3,2,13.0,2,2,0,0,3,3,2,7,69.79999999999998,18.857142857142858,1.0,62.60000000000001
2025-03,infrasettimanale,tarda_mattina,IC,515,3972.0,10,2872.0,0,0,0,123,74,1100.0,112,41,0,0,177,177,225,515,40.349999999999966,5.587548638132295,0.0,23.69999999999999
2025-03,infrasettimanale,tarda_mattina,ICN,50,248.0,1,74.0,0,0,0,9,6,174.0,4,2,0,0,13,13,33,50,23.49999999999997,1.48,-1.0,15.200000000000005
2025-03,infrasettimanale,tarda_mattina,MET,1305,1539.0,2,-249.0,0,0,0,27,15,1788.0,492,9,0,0,64,64,691,1305,5.0,-0.19967923015236572,-1.0,3.0
2025-03,infrasettimanale,tarda_mattina,NCL,13,49.0,0,-230.0,0,0,0,1,1,279.0,1,1,0,0,1,1,9,13,24.5,-20.90909090909091,-38.0,3.0
2025-03,infrasettimanale,tarda_mattina,REG,43455,90952.0,52,45735.0,0,0,0,1828,1009,45217.0,18646,324,0,0,5405,5405,18206,43455,9.0,1.0823058901483775,0.0,5.0
2025-03,infrasettimanale,tarda_mattina,,2858,24720.0,80,21522.0,0,0,0,562,400,3198.0,940,204,0,0,1010,1010,838,2858,40.0,7.7195121951219505,2.0,23.0
2025-03,weekend,mattina,EC,65,140.0,0,-14.0,0,0,0,5,3,154.0,19,0,0,0,8,8,37,65,10.0,-0.21875,-1.0,6.400000000000006
2025-03,weekend,mattina,EN,2,0.0,0,-121.0,0,0,0,0,0,121.0,0,0,0,0,0,0,2,2,-58.25,-60.5,-60.5,-58.5
2025-03,weekend,mattina,EXP,2,71.0,1,71.0,0,0,0,1,1,0.0,0,1,0,0,1,1,0,2,71.0,71.0,71.0,71.0
2025-03,weekend,mattina,IC,263,1884.0,7,1312.0,0,0,0,48,36,572.0,63,18,0,0,80,80,118,263,46.0,5.026819923371647,1.0,20.0
2025-03,weekend,mattina,ICN,1,0.0,0,-16.0,0,0,0,0,0,16.0,0,0,0,0,0,0,1,1,-16.0,-16.0,-16.0,-16.0
2025-03,weekend,mattina,MET,396,243.0,0,-296.0,0,0,0,1,1,539.0,159,0,0,0,7,7,224,396,3.0,-0.758974358974359,-1.0,2.0
2025-03,weekend,mattina,REG,11159,18164.0,10,3966.0,0,0,0,300,174,14198.0,4591,56,0,0,1047,1047,5273,11159,7.0,0.3634863898817707,0.0,4.0
2025-03,weekend,mattina,,1370,8714.0,22,6296.0,0,0,0,230,148,2418.0,392,86,0,0,418,418,556,1370,33.0,4.609077598828697,1.0,16.0
2025-03,weekend,notte,EC,10,3.0,0,-36.0,0,0,0,0,0,39.0,1,0,0,0,0,0,9,10,0.7499999999999947,-3.6,-4.0,-1.5000000000000018
2025-03,weekend,notte,EN,14,26.0,0,-81.0,0,0,0,1,0,107.0,6,0,0,0,2,2,6,14,7.099999999999999,-5.785714285714286,0.5,4.400000000000002
2025-03,weekend,notte,EXP,2,2.0,0,-4.0,0,0,0,0,0,6.0,1,0,0,0,0,0,1,2,1.5999999999999996,-2.0,-2.0,1.2000000000000002
2025-03,weekend,notte,IC,110,521.0,2,161.0,0,0,0,12,10,360.0,20,5,0,0,25,25,64,110,25.19999999999996,1.4770642201834865,-3.0,10.400000000000006
2025-03,weekend,notte,ICN,24,12.0,0,-201.0,0,0,0,0,0,213.0,5,0,0,0,1,1,18,24,2.699999999999996,-8.375,-5.0,1.0
2025-03,weekend,notte,MET,135,143.0,0,-32.0,0,0,0,2,2,175.0,53,2,0,0,4,4,72,135,3.1999999999999886,-0.24806201550387594,-1.0,2.0
2025-03,weekend,notte,NCL,2,174.0,1,174.0,0,0,0,2,2,0.0,0,1,0,0,2,2,0,2,148.2,87.0,87.0,141.4
2025-03,weekend,notte,REG,4919,7692.0,2,553.0,0,0,0,148,80,7139.0,1884,28,0,0,439,439,2478,4919,7.0,0.1151843365965423,-1.0,4.0
2025-03,weekend,notte,,404,2266.0,6,1336.0,0,0,0,62,42,930.0,140,26,0,0,92,92,170,404,34.0,3.3233830845771144,1.0,15.0
2025-03,weekend,pomeriggio,EC,122,578.0,2,310.0,0,0,0,9,7,268.0,28,3,0,0,27,27,62,122,21.0,2.649572649572649,-1.0,8.400000000000006
2025-03,weekend,pomeriggio,EN,17,89.0,0,14.0,0,0,0,5,1,75.0,3,0,0,0,7,7,7,17,15.799999999999992,0.8235294117647058,3.0,11.8
2025-03,weekend,pomeriggio,EXP,3,65.0,1,65.0,0,0,0,1,1,0.0,1,1,0,0,1,1,0,3,61.75,32.5,32.5,58.5
2025-03,weekend,pomeriggio,IC,237,1067.0,1,380.0,0,0,0,32,20,687.0,51,10,0,0,56,56,129,237,26.25,1.6101694915254237,-2.0,14.0
2025-03,weekend,pomeriggio,ICN,11,2.0,0,-42.0,0,0,0,0,0,44.0,1,0,0,0,0,0,10,11,0.5,-3.8181818181818175,-4.0,-1.0
2025-03,weekend,pomeriggio,MET,486,415.0,0,-218.0,0,0,0,6,3,633.0,179,2,0,0,13,13,271,486,3.899999999999977,-0.4708423326133909,-1.0,2.0
2025-03,weekend,pomeriggio,REG,13911,25466.0,10,8392.0,0,0,0,532,303,17074.0,5799,84,0,0,1442,1442,6280,13911,8.0,0.6206641520597589,0.0,5.0
2025-03,weekend,pomeriggio,,1276,8404.0,20,6452.0,0,0,0,232,144,1952.0,382,60,0,0,436,436,458,1276,28.149999999999977,5.056426332288401,2.0,16.0
2025-03,weekend,sera,EC,52,311.0,0,226.0,0,0,0,7,6,85.0,11,5,0,0,9,9,32,52,49.69999999999997,4.346153846153846,-1.0,15.499999999999991
2025-03,weekend,sera,EXP,1,0.0,0,0.0,0,0,0,0,0,0.0,0,0,0,0,0,0,0,1,0.0,0.0,0.0,0.0
2025-03,weekend,sera,IC,123,629.0,2,322.0,0,0,0,18,13,307.0,27,7,0,0,29,29,67,123,29.799999999999983,2.6178861788617884,-1.0,14.599999999999994
2025-03,weekend,sera,ICN,119,535.0,1,141.0,0,0,0,13,8,394.0,34,4,0,0,27,27,58,119,17.49999999999997,1.184873949579832,0.0,10.200000000000005
2025-03,weekend,sera,MET,428,601.0,0,47.0,0,0,0,11,11,554.0,190,6,0,0,15,15,213,428,4.0,0.1124401913875598,-1.0,2.0
2025-03,weekend,sera,NCL,1,165.0,1,165.0,0,0,0,1,1,0.0,0,1,0,0,1,1,0,1,165.0,165.0,165.0,165.0
2025-03,weekend,sera,REG,11741,24253.0,13,9879.0,0,0,0,492,273,14374.0,4882,81,0,0,1450,1450,5247,11741,8.0,0.8531824855341567,0.0,5.0
2025-03,weekend,sera,,526,2272.0,8,810.0,0,0,0,46,30,1462.0,150,16,0,0,122,122,254,526,15.899999999999975,1.5399239543726235,0.0,8.800000000000011
2025-03,weekend,tarda_mattina,EC,169,791.0,1,451.0,0,0,0,25,15,340.0,56,4,0,0,46,46,64,169,17.0,2.716867469879518,1.5,13.0
2025-03,weekend,tarda_mattina,EXP,7,26.0,0,3.0,0,0,0,1,0,23.0,2,0,0,0,3,3,2,7,10.199999999999998,0.4285714285714285,2.0,8.400000000000002
2025-03,weekend,tarda_mattina,IC,280,1811.0,7,975.0,0,0,0,44,32,836.0,55,17,0,0,75,75,149,280,32.099999999999966,3.4946236559139785,-1.0,16.200000000000017
2025-03,weekend,tarda_mattina,ICN,25,42.0,0,-140.0,0,0,0,2,1,182.0,3,0,0,0,3,3,19,25,9.399999999999991,-5.6,-5.0,5.400000000000006
2025-03,weekend,tarda_mattina,MET,582,740.0,0,-115.0,0,0,0,19,13,855.0,213,3,0,0,35,35,316,582,6.0,-0.2039007092198581,-1.0,3.0
2025-03,weekend,tarda_mattina,REG,15094,23797.0,12,5060.0,0,0,0,421,218,18737.0,6315,64,0,0,1354,1354,7037,15094,6.0,0.3440772473820209,0.0,4.0
2025-03,weekend,tarda_mattina,,1170,7070.0,20,5208.0,0,0,0,182,144,1862.0,368,50,0,0,356,356,446,1170,26.799999999999955,4.451282051282052,1.0,18.600000000000023
2025-04,infrasettimanale,mattina,EC,161,516.0,0,121.0,0,0,0,14,11,395.0,51,6,0,0,24,24,80,161,16.89999999999995,0.7806451612903226,-1.0,8.599999999999994
2025-04,infrasettimanale,mattina,EXP,1,31.0,0,31.0,0,0,0,1,1,0.0,0,1,0,0,1,1,0,1,31.0,31.0,31.0,31.0
2025-04,infrasettimanale,mattina,IC,561,5154.0,14,4518.0,0,0,0,120,82,636.0,167,41,0,0,219,219,175,561,37.0,8.053475935828876,3.0,22.0
2025-04,infrasettimanale,mattina,ICN,1,0.0,0,-9.0,0,0,0,0,0,9.0,0,0,0,0,0,0,1,1,-9.0,-9.0,-9.0,-9.0
2025-04,infrasettimanale,mattina,MET,955,1008.0,1,-137.0,0,0,0,13,6,1145.0,431,1,0,0,51,51,468,955,5.0,-0.1442105263157894,0.0,3.0
2025-04,infrasettimanale,mattina,NCL,5,371.0,1,327.0,0,0,0,2,1,44.0,1,1,0,0,2,2,1,5,303.84999999999985,81.75,8.0,252.7000000000001
2025-04,infrasettimanale,mattina,REG,35989,86784.0,65,51967.0,0,0,0,1679,913,34817.0,16487,301,0,0,5286,5286,13809,35989,9.0,1.460485638806138,1.0,6.0
2025-04,infrasettimanale,mattina,,3238,24776.0,46,21152.0,0,0,0,684,458,3624.0,994,154,0,0,1224,1224,1020,3238,29.0,6.53242742433601,3.0,19.0
2025-04,infrasettimanale,notte,EC,23,88.0,1,23.0,0,0,0,2,2,65.0,3,1,0,0,3,3,17,23,14.299999999999988,1.0,-3.0,7.000000000000005
2025-04,infrasettimanale,notte,EN,43,751.0,4,650.0,0,0,0,17,11,101.0,7,7,0,0,23,23,13,43,73.59999999999998,15.116279069767442,6.0,49.20000000000008
2025-04,infrasettimanale,notte,EXP,1,0.0,0,-6.0,0,0,0,0,0,6.0,0,0,0,0,0,0,1,1,-6.0,-6.0,-6.0,-6.0
2025-04,infrasettimanale,notte,IC,258,2093.0,9,1441.0,0,0,0,43,25,652.0,66,12,0,0,71,71,121,258,24.749999999999886,5.5852713178294575,0.0,14.0
2025-04,infrasettimanale,notte,ICN,44,258.0,2,59.0,0,0,0,6,5,199.0,7,2,0,0,8,8,29,44,22.40000000000001,1.3409090909090908,-3.0,16.90000000000002
2025-04,infrasettimanale,notte,MET,329,233.0,0,-282.0,0,0,0,3,2,515.0,116,1,0,0,10,10,202,329,3.0,-0.8597560975609757,-1.0,2.0
2025-04,infrasettimanale,notte,NCL,4,94.0,1,94.0,0,0,0,1,1,0.0,0,1,0,0,1,1,0,4,94.0,94.0,94.0,94.0
2025-04,infrasettimanale,notte,REG,14736,29043.0,19,10941.0,0,0,0,581,342,18102.0,6205,100,0,0,1597,1597,6815,14736,8.0,0.7485120065676951,0.0,5.0
2025-04,infrasettimanale,notte,,1108,6672.0,26,4852.0,0,0,0,158,108,1820.0,394,60,0,0,266,266,448,1108,31.40000000000009,4.379061371841155,1.0,14.0
2025-04,infrasettimanale,pomeriggio,EC,302,2101.0,5,1604.0,0,0,0,53,36,497.0,78,16,0,0,98,98,118,302,30.0,5.45578231292517,2.0,19.0
2025-04,infrasettimanale,pomeriggio,EN,28,614.0,2,587.0,0,0,0,14,12,27.0,6,7,0,0,18,18,4,28,60.84999999999999,20.964285714285715,9.5,44.500000000000014
2025-04,infrasettimanale,pomeriggio,EXP,9,145.0,1,141.0,0,0,0,1,1,4.0,4,1,0,0,3,3,1,9,81.74999999999994,17.625,4.0,41.49999999999998
2025-04,infrasettimanale,pomeriggio,IC,504,4163.0,8,3317.0,0,0,0,115,77,846.0,120,38,0,0,169,169,213,504,37.94999999999999,6.607569721115538,1.0,22.0
2025-04,infrasettimanale,pomeriggio,ICN,79,933.0,6,820.0,0,0,0,22,18,113.0,20,10,0,0,29,29,30,79,72.1,10.379746835443038,1.0,33.20000000000003
2025-04,infrasettimanale,pomeriggio,MET,1164,1195.0,1,-364.0,0,0,0,23,12,1559.0,436,5,0,0,60,60,659,1164,5.0,-0.3151515151515151,-1.0,3.0
2025-04,infrasettimanale,pomeriggio,NCL,1,9.0,0,9.0,0,0,0,0,0,0.0,0,0,0,0,1,1,0,1,9.0,9.0,9.0,9.0
2025-04,infrasettimanale,pomeriggio,REG,45019,114635.0,70,70719.0,0,0,0,2468,1403,43916.0,20347,426,0,0,6927,6927,17191,45019,10.0,1.5904419206117173,1.0,6.0
2025-04,infrasettimanale,pomeriggio,,2972,30502.0,78,27024.0,0,0,0,852,598,3478.0,778,304,0,0,1336,1336,858,2972,44.75,9.092866756393,4.0,30.0
2025-04,infrasettimanale,sera,EC,215,1188.0,3,934.0,0,0,0,35,19,254.0,57,9,0,0,67,67,83,215,26.69999999999999,4.51207729468599,1.0,14.0
2025-04,infrasettimanale,sera,EN,14,282.0,0,282.0,0,0,0,9,9,0.0,1,3,0,0,13,13,0,14,35.599999999999994,20.142857142857142,23.0,30.0
2025-04,infrasettimanale,sera,EXP,2,4.0,0,4.0,0,0,0,0,0,0.0,2,0,0,0,0,0,0,2,3.8,2.0,2.0,3.6
2025-04,infrasettimanale,sera,IC,257,2085.0,5,1611.0,0,0,0,60,32,474.0,61,11,0,0,98,98,98,257,25.19999999999999,6.2684824902723735,2.0,17.400000000000006
2025-04,infrasettimanale,sera,ICN,232,2508.0,10,1895.0,0,0,0,55,42,613.0,50,27,0,0,77,77,105,232,55.899999999999984,8.168103448275861,1.0,32.0
2025-04,infrasettimanale,sera,MET,1016,1100.0,1,-261.0,0,0,0,18,10,1361.0,418,5,0,0,44,44,552,1016,4.0,-0.257396449704142,-1.0,2.0
2025-04,infrasettimanale,sera,NCL,1,168.0,1,168.0,0,0,0,1,1,0.0,0,1,0,0,1,1,0,1,168.0,168.0,168.0,168.0
2025-04,infrasettimanale,sera,REG,35930,97969.0,75,60133.0,0,0,0,2225,1267,37836.0,15266,434,0,0,5935,5935,14312,35930,11.0,1.6932672542449243,1.0,7.0
2025-04,infrasettimanale,sera,,1182,10596.0,30,8496.0,0,0,0,288,188,2100.0,296,88,0,0,442,442,444,1182,41.5,7.187817258883249,2.0,23.0
2025-04,infrasettimanale,tarda_mattina,EC,362,1867.0,1,1245.0,0,0,0,59,40,622.0,82,13,0,0,104,104,171,362,25.0,3.487394957983193,0.0,16.0
2025-04,infrasettimanale,tarda_mattina,EXP,10,249.0,1,249.0,0,0,0,8,7,0.0,1,2,0,0,8,8,0,10,61.19999999999999,27.666666666666668,22.0,46.400000000000006
2025-04,infrasettimanale,tarda_mattina,IC,557,4720.0,19,3604.0,0,0,0,113,81,1116.0,145,38,0,0,169,169,243,557,40.5999999999998,6.470377019748653,0.0,21.0
2025-04,infrasettimanale,tarda_mattina,ICN,49,94.0,0,-242.0,0,0,0,3,2,336.0,4,1,0,0,6,6,39,49,10.799999999999985,-4.938775510204081,-5.0,8.0
2025-04,infrasettimanale,tarda_mattina,MET,1352,1064.0,0,-1017.0,0,0,0,10,6,2081.0,515,0,0,0,51,51,781,1352,4.0,-0.755011135857461,-1.0,2.0
2025-04,infrasettimanale,tarda_mattina,NCL,3,58.0,0,21.0,0,0,0,1,1,37.0,0,1,0,0,1,1,1,3,53.25,10.5,10.5,48.5
2025-04,infrasettimanale,tarda_mattina,REG,45827,98173.0,56,50789.0,0,0,0,1881,1027,47384.0,20455,325,0,0,5922,5922,19017,45827,8.0,1.1188483059435168,0.0,5.0
2025-04,infrasettimanale,tarda_mattina,,2990,33400.0,100,30100.0,0,0,0,732,544,3300.0,942,298,0,0,1200,1200,848,2990,49.0,10.066889632107024,3.0,29.0
2025-04,weekend,mattina,EC,48,286.0,2,160.0,0,0,0,7,5,126.0,15,2,0,0,10,10,23,48,22.599999999999994,3.3333333333333335,0.0,14.800000000000026
2025-04,weekend,mattina,EXP,1,43.0,0,43.0,0,0,0,1,1,0.0,0,1,0,0,1,1,0,1,43.0,43.0,43.0,43.0
2025-04,weekend,mattina,IC,207,1317.0,6,812.0,0,0,0,27,21,505.0,62,8,0,0,51,51,94,207,24.799999999999955,3.922705314009662,0.0,14.400000000000006
2025-04,weekend,mattina,ICN,2,0.0,0,-25.0,0,0,0,0,0,25.0,0,0,0,0,0,0,2,2,-4.850000000000001,-12.5,-12.5,-5.699999999999999
2025-04,weekend,mattina,MET,326,268.0,0,-181.0,0,0,0,4,3,449.0,123,2,0,0,10,10,188,326,4.0,-0.5638629283489096,-1.0,2.0
2025-04,weekend,mattina,REG,9287,16360.0,8,4991.0,0,0,0,294,157,11369.0,3957,53,0,0,916,916,4337,9287,7.0,0.5419109663409337,0.0,4.0
2025-04,weekend,mattina,,1080,11012.0,42,9278.0,0,0,0,208,164,1734.0,294,96,0,0,354,354,432,1080,54.0,8.59074074074074,1.0,23.100000000000023
2025-04,weekend,notte,EC,7,8.0,0,-14.0,0,0,0,0,0,22.0,1,0,0,0,1,1,5,7,4.399999999999999,-2.0,-3.0,3.8000000000000007
2025-04,weekend,notte,EN,16,87.0,0,22.0,0,0,0,2,1,65.0,6,0,0,0,7,7,2,16,18.499999999999982,1.4666666666666666,3.0,11.199999999999998
2025-04,weekend,notte,EXP,2,23.0,0,23.0,0,0,0,1,0,0.0,0,0,0,0,2,2,0,2,13.75,11.5,11.5,13.5
2025-04,weekend,notte,IC,80,198.0,1,-118.0,0,0,0,3,3,316.0,11,2,0,0,9,9,60,80,8.0,-1.475,-4.0,5.0
2025-04,weekend,notte,ICN,22,18.0,0,-152.0,0,0,0,1,0,170.0,3,0,0,0,1,1,18,22,2.95,-6.909090909090909,-6.0,1.900000000000002
2025-04,weekend,notte,MET,101,47.0,0,-102.0,0,0,0,0,0,149.0,41,0,0,0,0,0,60,101,3.0,-1.00990099009901,-2.0,2.0
2025-04,weekend,notte,REG,3919,6640.0,9,913.0,0,0,0,124,73,5727.0,1551,25,0,0,349,349,2000,3919,7.0,0.2341025641025641,-1.0,4.0
2025-04,weekend,notte,,322,3752.0,20,2876.0,0,0,0,60,46,876.0,80,30,0,0,74,74,168,322,61.0,8.93167701863354,-1.0,22.0
2025-04,weekend,pomeriggio,EC,104,456.0,2,240.0,0,0,0,15,8,216.0,22,3,0,0,26,26,54,104,21.84999999999997,2.3529411764705883,-1.0,11.0
2025-04,weekend,pomeriggio,EN,10,70.0,0,70.0,0,0,0,3,2,0.0,6,1,0,0,3,3,0,10,24.599999999999994,7.777777777777777,3.0,18.200000000000003
2025-04,weekend,pomeriggio,EXP,3,78.0,1,77.0,0,0,0,1,1,1.0,0,1,0,0,2,2,1,3,66.19999999999999,25.666666666666668,5.0,59.400000000000006
2025-04,weekend,pomeriggio,IC,182,954.0,2,500.0,0,0,0,26,15,454.0,37,4,0,0,51,51,94,182,21.899999999999977,2.747252747252748,-1.0,12.0
2025-04,weekend,pomeriggio,ICN,8,0.0,0,-64.0,0,0,0,0,0,64.0,0,0,0,0,0,0,8,8,-2.0,-8.0,-4.5,-2.0
2025-04,weekend,pomeriggio,IR,2,106.0,1,106.0,0,0,0,2,1,0.0,0,1,0,0,2,2,0,2,88.1,53.0,53.0,84.2
2025-04,weekend,pomeriggio,MET,398,390.0,1,-142.0,0,0,0,7,5,532.0,145,3,0,0,14,14,233,398,3.0,-0.36224489795918374,-1.0,2.0
2025-04,weekend,pomeriggio,REG,11721,23223.0,12,9231.0,0,0,0,470,268,13992.0,5057,73,0,0,1380,1380,5220,11721,8.0,0.7918847044694176,0.0,5.0
2025-04,weekend,pomeriggio,,1002,6626.0,18,4908.0,0,0,0,186,124,1718.0,306,56,0,0,330,330,366,1002,32.0,4.898203592814372,2.0,17.0
2025-04,weekend,sera,EC,63,202.0,0,65.0,0,0,0,7,3,137.0,10,1,0,0,13,13,40,63,13.9,1.031746031746032,-2.0,9.800000000000004
2025-04,weekend,sera,EN,5,52.0,0,47.0,0,0,0,2,2,5.0,1,0,0,0,3,3,1,5,22.8,9.4,8.0,21.6
2025-04,weekend,sera,IC,92,619.0,2,387.0,0,0,0,11,7,232.0,23,5,0,0,19,19,50,92,23.75000000000005,4.206521739130435,-1.0,10.900000000000006
2025-04,weekend,sera,ICN,98,482.0,3,74.0,0,0,0,12,8,408.0,17,6,0,0,17,17,64,98,32.14999999999999,0.7551020408163265,-2.5,10.0
2025-04,weekend,sera,IR,1,15.0,0,15.0,0,0,0,1,1,0.0,0,0,0,0,1,1,0,1,15.0,15.0,15.0,15.0
2025-04,weekend,sera,MET,335,214.0,0,-309.0,0,0,0,2,1,523.0,124,0,0,0,7,7,203,335,3.0,-0.9251497005988024,-1.0,2.0
2025-04,weekend,sera,REG,9669,19765.0,13,8239.0,0,0,0,405,214,11526.0,4161,73,0,0,1143,1143,4306,9669,9.0,0.8573361082206036,0.0,5.0
2025-04,weekend,sera,,390,1326.0,2,370.0,0,0,0,50,28,956.0,94,2,0,0,84,84,212,390,17.0,0.9487179487179487,-1.0,11.599999999999996
2025-04,weekend,tarda_mattina,EC,147,934.0,2,641.0,0,0,0,26,16,293.0,40,6,0,0,41,41,66,147,28.399999999999977,4.360544217687075,1.0,15.400000000000004
2025-04,weekend,tarda_mattina,IC,222,980.0,2,215.0,0,0,0,34,23,765.0,44,5,0,0,55,55,123,222,22.0,0.9684684684684683,-1.0,14.900000000000006
2025-04,weekend,tarda_mattina,ICN,14,3.0,0,-113.0,0,0,0,0,0,116.0,1,0,0,0,0,0,13,14,0.3999999999999986,-8.071428571428571,-4.0,-1.299999999999999
2025-04,weekend,tarda_mattina,MET,476,387.0,1,-349.0,0,0,0,4,3,736.0,162,3,0,0,15,15,296,476,3.0,-0.7378435517970402,-1.0,2.0
2025-04,weekend,tarda_mattina,REG,12716,24126.0,8,8682.0,0,0,0,491,273,15444.0,5416,77,0,0,1428,1428,5800,12716,8.0,0.6866497943688706,0.0,5.0
2025-04,weekend,tarda_mattina,,944,7256.0,22,5896.0,0,0,0,178,134,1360.0,278,76,0,0,330,330,336,944,39.0,6.245762711864407,2.0,24.0
2025-05,infrasettimanale,mattina,DIR,1,18.0,0,18.0,0,0,0,1,1,0.0,0,0,0,0,1,1,0,1,18.0,18.0,18.0,18.0
2025-05,infrasettimanale,mattina,EC,146,717.0,4,330.0,0,0,0,18,10,387.0,37,6,0,0,27,27,80,146,18.69999999999999,2.2916666666666665,-1.0,11.0
2025-05,infrasettimanale,mattina,EXP,2,15.0,0,15.0,0,0,0,0,0,0.0,0,0,0,0,2,2,0,2,7.95,7.5,7.5,7.9
2025-05,infrasettimanale,mattina,IC,559,4990.0,16,4377.0,0,0,0,135,96,613.0,166,37,0,0,224,224,154,559,47.85000000000002,8.045955882352942,3.0,23.0
2025-05,infrasettimanale,mattina,IR,1,0.0,0,-1.0,0,0,0,0,0,1.0,0,0,0,0,0,0,1,1,-1.0,-1.0,-1.0,-1.0
2025-05,infrasettimanale,mattina,MET,977,1434.0,0,271.0,0,0,0,27,17,1163.0,418,8,0,0,67,67,472,977,6.0,0.2831765935214211,0.0,3.0
2025-05,infrasettimanale,mattina,NCL,14,214.0,0,173.0,0,0,0,6,5,41.0,2,3,0,0,7,7,4,14,58.0,13.307692307692308,5.0,53.600000000000016
2025-05,infrasettimanale,mattina,REG,37168,109897.0,106,76122.0,0,0,0,2359,1413,33775.0,16519,497,0,0,6541,6541,13262,37168,12.0,2.0957546390617257,1.0,7.0
2025-05,infrasettimanale,mattina,,3274,33188.0,88,29968.0,0,0,0,878,616,3220.0,888,280,0,0,1432,1432,850,3274,41.0,9.453627760252363,4.0,27.0
2025-05,infrasettimanale,notte,EC,22,72.0,0,23.0,0,0,0,2,1,49.0,4,1,0,0,5,5,13,22,12.799999999999995,1.0454545454545454,-1.5,8.700000000000006
2025-05,infrasettimanale,notte,EN,43,1709.0,7,1678.0,0,0,0,22,13,31.0,7,9,0,0,27,27,9,43,232.79999999999995,39.02325581395349,10.0,178.80000000000024
2025-05,infrasettimanale,notte,EXP,6,206.0,2,206.0,0,0,0,4,3,0.0,2,3,0,0,4,4,0,6,75.0,34.333333333333336,27.0,75.0
2025-05,infrasettimanale,notte,IC,266,2504.0,11,1906.0,0,0,0,61,47,598.0,59,25,0,0,89,89,110,266,53.29999999999996,7.387596899224806,1.0,28.30000000000001
2025-05,infrasettimanale,notte,ICN,42,288.0,2,69.0,0,0,0,8,6,219.0,9,3,0,0,11,11,22,42,32.599999999999966,1.6428571428571428,-1.0,16.0
2025-05,infrasettimanale,notte,IR,1,0.0,0,-4.0,0,0,0,0,0,4.0,0,0,0,0,0,0,1,1,-4.0,-4.0,-4.0,-4.0
2025-05,infrasettimanale,notte,MET,334,194.0,0,-291.0,0,0,0,1,1,485.0,109,1,0,0,9,9,208,334,3.0,-0.8926380368098159,-1.0,2.0
2025-05,infrasettimanale,notte,NCL,6,146.0,0,146.0,0,0,0,3,3,0.0,0,3,0,0,3,3,0,6,53.9,48.66666666666666,53.0,53.79999999999999
2025-05,infrasettimanale,notte,REG,15028,33893.0,48,16311.0,0,0,0,701,454,17582.0,6072,175,0,0,1794,1794,6799,15028,9.0,1.1122400272758268,0.0,5.0
2025-05,infrasettimanale,notte,,1108,8740.0,24,6876.0,0,0,0,212,148,1864.0,308,92,0,0,348,348,422,1108,42.099999999999966,6.37847866419295,1.0,23.19999999999999
2025-05,infrasettimanale,pomeriggio,EC,293,2633.0,8,2148.0,0,0,0,64,37,485.0,77,14,0,0,116,116,98,293,27.5,7.381443298969073,2.0,17.0
2025-05,infrasettimanale,pomeriggio,EN,21,501.0,3,501.0,0,0,0,11,8,0.0,6,6,0,0,15,15,0,21,75.0,23.857142857142858,11.0,61.0
2025-05,infrasettimanale,pomeriggio,EXP,8,69.0,0,6.0,0,0,0,2,2,63.0,1,1,0,0,2,2,5,8,37.84999999999998,0.75,-2.0,27.7
2025-05,infrasettimanale,pomeriggio,IC,513,4670.0,14,3956.0,0,0,0,133,93,714.0,110,52,0,0,209,209,173,513,45.0,8.040650406504065,3.0,31.0
2025-05,infrasettimanale,pomeriggio,ICN,71,1009.0,9,897.0,0,0,0,19,18,112.0,17,10,0,0,22,22,32,71,80.0,12.633802816901408,0.0,71.0
2025-05,infrasettimanale,pomeriggio,MET,1182,1548.0,1,90.0,0,0,0,37,21,1458.0,412,7,0,0,79,79,563,1182,7.0,0.0853889943074003,-1.0,3.0
2025-05,infrasettimanale,pomeriggio,NCL,1,0.0,0,-49.0,0,0,0,0,0,49.0,0,0,0,0,0,0,1,1,-49.0,-49.0,-49.0,-49.0
2025-05,infrasettimanale,pomeriggio,REG,46059,143158.0,138,104618.0,0,0,0,3368,2018,38540.0,19357,679,0,0,8555,8555,15262,46059,14.0,2.4231713531291983,1.0,8.0
2025-05,infrasettimanale,pomeriggio,,2972,35800.0,120,32800.0,0,0,0,964,670,3000.0,650,350,0,0,1514,1514,728,2972,52.75,11.341632088520056,5.0,35.0
2025-05,infrasettimanale,sera,EC,230,1785.0,2,1533.0,0,0,0,48,35,252.0,71,11,0,0,88,88,68,230,26.0,6.753303964757709,3.0,19.40000000000001
2025-05,infrasettimanale,sera,EN,19,155.0,0,152.0,0,0,0,6,5,3.0,9,0,0,0,9,9,1,19,20.2,8.0,4.0,20.0
2025-05,infrasettimanale,sera,EXP,5,2.0,0,-37.0,0,0,0,0,0,39.0,1,0,0,0,0,0,4,5,1.1999999999999993,-7.4,-9.0,0.4000000000000002
2025-05,infrasettimanale,sera,IC,294,2608.0,7,2114.0,0,0,0,77,51,494.0,62,23,0,0,107,107,114,294,34.0,7.469964664310954,1.0,26.80000000000001
2025-05,infrasettimanale,sera,ICN,253,2980.0,17,2046.0,0,0,0,62,47,934.0,54,31,0,0,82,82,117,253,78.59999999999991,8.08695652173913,0.0,36.80000000000001
2025-05,infrasettimanale,sera,IR,2,0.0,0,-9.0,0,0,0,0,0,9.0,0,0,0,0,0,0,2,2,-3.1500000000000004,-4.5,-4.5,-3.3
2025-05,infrasettimanale,sera,MET,1025,1766.0,2,485.0,0,0,0,46,31,1281.0,406,5,0,0,83,83,503,1025,9.0,0.4889112903225806,-1.0,4.0
2025-05,infrasettimanale,sera,NCL,1,0.0,0,-8.0,0,0,0,0,0,8.0,0,0,0,0,0,0,1,1,-8.0,-8.0,-8.0,-8.0
2025-05,infrasettimanale,sera,REG,36785,124047.0,159,88521.0,0,0,0,2944,1853,35526.0,15054,675,0,0,7188,7188,13485,36785,15.0,2.47770593668654,1.0,8.0
2025-05,infrasettimanale,sera,,1188,11132.0,28,9184.0,0,0,0,302,202,1948.0,232,106,0,0,494,494,412,1188,45.0,8.07029876977153,3.0,28.199999999999985
2025-05,infrasettimanale,tarda_mattina,DIR,1,34.0,0,34.0,0,0,0,1,1,0.0,0,1,0,0,1,1,0,1,34.0,34.0,34.0,34.0
2025-05,infrasettimanale,tarda_mattina,EC,362,2831.0,11,2251.0,0,0,0,71,41,580.0,101,19,0,0,126,126,130,362,30.399999999999977,6.30532212885154,2.0,17.0
2025-05,infrasettimanale,tarda_mattina,EXP,10,129.0,0,85.0,0,0,0,4,4,44.0,1,2,0,0,4,4,5,10,39.79999999999998,8.5,1.0,32.599999999999994
2025-05,infrasettimanale,tarda_mattina,IC,601,6087.0,22,5122.0,0,0,0,150,110,965.0,133,58,0,0,229,229,223,601,51.0,8.755555555555556,1.0,29.0
2025-05,infrasettimanale,tarda_mattina,ICN,47,148.0,0,-115.0,0,0,0,4,3,263.0,8,3,0,0,5,5,34,47,24.899999999999928,-2.4468085106382977,-4.0,5.199999999999996
2025-05,infrasettimanale,tarda_mattina,IR,1,0.0,0,-2.0,0,0,0,0,0,2.0,0,0,0,0,0,0,1,1,-2.0,-2.0,-2.0,-2.0
2025-05,infrasettimanale,tarda_mattina,MET,1372,2005.0,3,216.0,0,0,0,36,18,1789.0,439,6,0,0,87,87,715,1372,7.0,0.1740531829170024,-1.0,3.0
2025-05,infrasettimanale,tarda_mattina,NCL,12,52.0,0,-49.0,0,0,0,1,1,101.0,0,1,0,0,1,1,8,12,30.399999999999977,-5.4444444444444455,-5.0,8.80000000000001
2025-05,infrasettimanale,tarda_mattina,REG,46985,113592.0,68,70805.0,0,0,0,2401,1344,42787.0,19758,447,0,0,6796,6796,17323,46985,10.0,1.6137156141030609,1.0,6.0
2025-05,infrasettimanale,tarda_mattina,,3010,36872.0,128,34208.0,0,0,0,980,700,2664.0,772,370,0,0,1392,1392,724,3010,56.69999999999982,11.844875346260388,4.0,35.0
2025-05,weekend,mattina,EC,52,236.0,1,96.0,0,0,0,9,4,140.0,11,1,0,0,11,11,30,52,19.45,1.8461538461538465,-2.0,13.799999999999995
2025-05,weekend,mattina,IC,251,1677.0,6,1163.0,0,0,0,40,25,514.0,68,12,0,0,76,76,107,251,26.5,4.633466135458168,1.0,14.0
2025-05,weekend,mattina,MET,364,303.0,0,-139.0,0,0,0,3,2,442.0,135,1,0,0,13,13,212,364,3.050000000000012,-0.3861111111111111,-1.0,2.0
2025-05,weekend,mattina,REG,10973,22542.0,25,9898.0,0,0,0,442,258,12644.0,4765,102,0,0,1217,1217,4906,10973,8.0,0.9090742101396031,0.0,5.0
2025-05,weekend,mattina,,1256,9974.0,34,7800.0,0,0,0,258,182,2174.0,308,84,0,0,466,466,482,1256,39.64999999999998,6.210191082802548,2.0,21.0
2025-05,weekend,notte,EC,9,8.0,0,-26.0,0,0,0,0,0,34.0,1,0,0,0,1,1,7,9,4.599999999999998,-2.888888888888889,-5.0,2.200000000000001
2025-05,weekend,notte,EN,13,197.0,1,184.0,0,0,0,7,5,13.0,2,1,0,0,8,8,3,13,46.39999999999991,14.153846153846152,11.0,23.000000000000004
2025-05,weekend,notte,EXP,2,0.0,0,-21.0,0,0,0,0,0,21.0,0,0,0,0,0,0,2,2,-6.450000000000001,-10.5,-10.5,-6.9
2025-05,weekend,notte,IC,97,357.0,0,38.0,0,0,0,12,7,319.0,16,2,0,0,24,24,57,97,18.59999999999997,0.3917525773195876,-2.0,10.0
2025-05,weekend,notte,ICN,28,21.0,0,-154.0,0,0,0,0,0,175.0,4,0,0,0,2,2,22,28,4.949999999999996,-5.5,-5.5,3.0
2025-05,weekend,notte,MET,122,55.0,0,-143.0,0,0,0,0,0,198.0,43,0,0,0,0,0,79,122,2.9499999999999886,-1.1721311475409837,-1.5,2.0
2025-05,weekend,notte,NCL,5,112.0,1,112.0,0,0,0,2,2,0.0,0,2,0,0,2,2,0,5,65.0,56.0,56.0,64.0
2025-05,weekend,notte,REG,4730,9499.0,7,2942.0,0,0,0,200,114,6557.0,1897,42,0,0,494,494,2301,4730,8.0,0.6270247229326513,0.0,5.0
2025-05,weekend,notte,,350,1890.0,6,1046.0,0,0,0,52,36,844.0,102,14,0,0,80,80,164,350,26.0,3.023121387283237,0.0,14.80000000000001
2025-05,weekend,pomeriggio,EC,120,992.0,3,750.0,0,0,0,25,15,242.0,18,12,0,0,41,41,61,120,37.44999999999997,6.25,-1.0,21.90000000000008
2025-05,weekend,pomeriggio,EN,9,112.0,0,112.0,0,0,0,4,4,0.0,2,1,0,0,7,7,0,9,29.200000000000003,12.444444444444445,6.0,26.4
2025-05,weekend,pomeriggio,EXP,2,0.0,0,-2.0,0,0,0,0,0,2.0,0,0,0,0,0,0,2,2,-1.0,-1.0,-1.0,-1.0
2025-05,weekend,pomeriggio,IC,215,1569.0,5,1151.0,0,0,0,49,35,418.0,50,16,0,0,62,62,103,215,37.29999999999998,5.353488372093024,0.0,20.599999999999994
2025-05,weekend,pomeriggio,ICN,13,15.0,0,-60.0,0,0,0,1,0,75.0,2,0,0,0,1,1,10,13,6.199999999999982,-4.615384615384615,-5.0,0.8000000000000007
2025-05,weekend,pomeriggio,MET,439,350.0,0,-293.0,0,0,0,3,3,643.0,171,2,0,0,6,6,261,439,3.0,-0.6689497716894978,-1.0,2.0
2025-05,weekend,pomeriggio,REG,13765,31954.0,24,16593.0,0,0,0,735,414,15361.0,5998,127,0,0,1818,1818,5876,13765,10.0,1.2118755477651182,0.0,6.0
2025-05,weekend,pomeriggio,,1170,8466.0,14,6630.0,0,0,0,256,182,1836.0,332,64,0,0,432,432,406,1170,32.799999999999955,5.666666666666667,2.0,21.0
2025-05,weekend,sera,EC,77,373.0,0,215.0,0,0,0,12,7,158.0,13,1,0,0,30,30,33,77,20.0,2.8289473684210527,1.0,12.5
2025-05,weekend,sera,EN,7,124.0,0,124.0,0,0,0,5,5,0.0,2,1,0,0,5,5,0,7,28.5,17.714285714285715,21.0,27.0
2025-05,weekend,sera,EXP,1,2.0,0,2.0,0,0,0,0,0,0.0,1,0,0,0,0,0,0,1,2.0,2.0,2.0,2.0
2025-05,weekend,sera,IC,103,514.0,1,248.0,0,0,0,14,11,266.0,27,4,0,0,25,25,51,103,24.49999999999996,2.407766990291262,0.0,14.799999999999997
2025-05,weekend,sera,ICN,119,863.0,4,351.0,0,0,0,22,13,512.0,19,10,0,0,32,32,68,119,42.19999999999999,2.9495798319327733,-2.0,24.40000000000001
2025-05,weekend,sera,IR,1,53.0,0,53.0,0,0,0,1,1,0.0,0,1,0,0,1,1,0,1,53.0,53.0,53.0,53.0
2025-05,weekend,sera,MET,386,317.0,0,-239.0,0,0,0,6,5,556.0,148,0,0,0,16,16,222,386,3.0,-0.6191709844559585,-1.0,2.0
2025-05,weekend,sera,REG,11483,28024.0,15,15225.0,0,0,0,647,388,12799.0,4835,135,0,0,1659,1659,4924,11483,11.0,1.3334209143457698,0.0,6.0
2025-05,weekend,sera,,472,2086.0,0,1110.0,0,0,0,72,34,976.0,108,12,0,0,146,146,218,472,21.0,2.351694915254237,1.0,13.0
2025-05,weekend,tarda_mattina,EC,172,1323.0,4,1018.0,0,0,0,33,20,305.0,47,7,0,0,61,61,64,172,24.899999999999974,5.918604651162791,2.0,16.900000000000006
2025-05,weekend,tarda_mattina,EXP,1,15.0,0,15.0,0,0,0,1,1,0.0,0,0,0,0,1,1,0,1,15.0,15.0,15.0,15.0
2025-05,weekend,tarda_mattina,IC,246,1662.0,4,954.0,0,0,0,52,37,708.0,54,16,0,0,70,70,122,246,32.5,3.8780487804878048,0.0,23.5
2025-05,weekend,tarda_mattina,ICN,22,54.0,0,-97.0,0,0,0,2,1,151.0,6,0,0,0,3,3,13,22,12.599999999999994,-4.409090909090909,-3.5,4.900000000000002
2025-05,weekend,tarda_mattina,MET,533,384.0,0,-428.0,0,0,0,3,1,812.0,198,0,0,0,19,19,316,533,4.0,-0.8030018761726079,-1.0,2.0
2025-05,weekend,tarda_mattina,REG,14943,31667.0,20,14861.0,0,0,0,660,347,16806.0,6542,111,0,0,1873,1873,6437,14943,9.0,1.0006059789927282,0.0,5.0
2025-05,weekend,tarda_mattina,,1104,8568.0,22,6746.0,0,0,0,234,162,1822.0,286,76,0,0,396,396,420,1104,37.5,6.121597096188748,2.0,23.0
2025-06,infrasettimanale,mattina,EC,99,383.0,0,187.0,0,0,0,13,7,196.0,26,2,0,0,29,29,40,99,16.299999999999997,1.9684210526315788,1.0,12.200000000000015
2025-06,infrasettimanale,mattina,IC,536,5311.0,17,4747.0,0,0,0,140,95,564.0,176,45,0,0,224,224,131,536,42.5,8.939736346516007,3.0,26.0
2025-06,infrasettimanale,mattina,ICN,6,0.0,0,-20.0,0,0,0,0,0,20.0,1,0,0,0,0,0,5,6,-0.25,-3.3333333333333335,-2.0,-0.5
2025-06,infrasettimanale,mattina,IR,1,23.0,0,23.0,0,0,0,1,1,0.0,0,0,0,0,1,1,0,1,23.0,23.0,23.0,23.0
2025-06,infrasettimanale,mattina,MET,864,1024.0,0,233.0,0,0,0,7,2,791.0,436,2,0,0,58,58,361,864,5.0,0.2725146198830409,0.0,3.0
2025-06,infrasettimanale,mattina,NCL,1,127.0,1,127.0,0,0,0,1,1,0.0,0,1,0,0,1,1,0,1,127.0,127.0,127.0,127.0
2025-06,infrasettimanale,mattina,REG,33204,79091.0,48,46482.0,0,0,0,1591,922,32609.0,14913,294,0,0,4746,4746,12757,33204,9.0,1.43392152023692,1.0,6.0
2025-06,infrasettimanale,mattina,,2986,37234.0,138,34300.0,0,0,0,902,654,2934.0,794,342,0,0,1368,1368,750,2986,58.0,11.778846153846152,4.0,33.0
2025-06,infrasettimanale,notte,EC,21,459.0,1,445.0,0,0,0,11,9,14.0,7,7,0,0,11,11,3,21,57.0,21.19047619047619,13.0,56.0
2025-06,infrasettimanale,notte,EN,37,875.0,5,806.0,0,0,0,14,13,69.0,11,8,0,0,23,23,3,37,95.3999999999999,21.783783783783782,7.0,67.59999999999997
2025-06,infrasettimanale,notte,EXP,7,86.0,0,72.0,0,0,0,4,4,14.0,0,0,0,0,5,5,2,7,24.4,10.285714285714286,15.0,23.8
2025-06,infrasettimanale,notte,IC,250,2782.0,8,2284.0,0,0,0,69,49,498.0,54,19,0,0,106,106,87,250,40.099999999999966,9.246963562753036,3.0,26.40000000000001
2025-06,infrasettimanale,notte,ICN,48,383.0,2,177.0,0,0,0,8,4,206.0,9,4,0,0,12,12,27,48,38.44999999999998,3.6875,-1.5,12.0
2025-06,infrasettimanale,notte,IR,1,11.0,0,11.0,0,0,0,1,0,0.0,0,0,0,0,1,1,0,1,11.0,11.0,11.0,11.0
2025-06,infrasettimanale,notte,MET,460,596.0,0,-228.0,0,0,0,18,9,824.0,125,3,0,0,33,33,294,460,6.449999999999988,-0.504424778761062,-2.0,3.0
2025-06,infrasettimanale,notte,NCL,2,0.0,0,-138.0,0,0,0,0,0,138.0,0,0,0,0,0,0,2,2,-53.7,-69.0,-69.0,-55.4
2025-06,infrasettimanale,notte,REG,14127,28612.0,22,11685.0,0,0,0,601,358,16927.0,5618,137,0,0,1566,1566,6531,14127,9.0,0.8519868756835581,0.0,5.0
2025-06,infrasettimanale,notte,,1048,9278.0,34,7756.0,0,0,0,212,148,1522.0,286,92,0,0,342,342,394,1048,45.5,7.589041095890411,2.0,28.0
2025-06,infrasettimanale,pomeriggio,EC,250,3183.0,11,2947.0,0,0,0,82,68,236.0,55,32,0,0,113,113,72,250,59.0,12.279166666666669,4.0,35.29999999999998
2025-06,infrasettimanale,pomeriggio,EXP,7,105.0,0,98.0,0,0,0,3,3,7.0,1,1,0,0,5,5,1,7,39.79999999999999,14.0,9.0,32.60000000000001
2025-06,infrasettimanale,pomeriggio,IC,463,6453.0,20,6012.0,0,0,0,173,118,441.0,94,68,0,0,244,244,122,463,54.09999999999991,13.069565217391304,5.0,37.10000000000002
2025-06,infrasettimanale,pomeriggio,ICN,55,1182.0,9,1102.0,0,0,0,19,18,80.0,9,14,0,0,23,23,23,55,100.9,20.036363636363635,1.0,74.80000000000001
2025-06,infrasettimanale,pomeriggio,MET,1104,1396.0,1,164.0,0,0,0,24,16,1232.0,408,6,0,0,77,77,549,1104,5.349999999999909,0.1586073500967117,-1.0,4.0
2025-06,infrasettimanale,pomeriggio,REG,42735,133563.0,130,95723.0,0,0,0,3150,1877,37840.0,18185,657,0,0,7922,7922,14845,42735,13.0,2.337443836686853,1.0,8.0
2025-06,infrasettimanale,pomeriggio,,2850,49754.0,196,47452.0,0,0,0,1196,930,2302.0,614,538,0,0,1626,1626,554,2850,73.0,16.98353614889048,7.0,47.0
2025-06,infrasettimanale,sera,EC,157,1385.0,4,1225.0,0,0,0,38,25,160.0,34,10,0,0,66,66,50,157,32.749999999999915,8.166666666666666,3.0,23.099999999999994
2025-06,infrasettimanale,sera,EN,42,627.0,2,608.0,0,0,0,16,12,19.0,16,4,0,0,22,22,4,42,48.349999999999945,14.476190476190476,5.0,27.699999999999996
2025-06,infrasettimanale,sera,EXP,4,7.0,0,-27.0,0,0,0,0,0,34.0,0,0,0,0,1,1,3,4,5.199999999999996,-6.75,-8.0,3.400000000000002
2025-06,infrasettimanale,sera,IC,299,4285.0,20,3770.0,0,0,0,92,67,515.0,49,39,0,0,139,139,104,299,71.24999999999994,12.91095890410959,3.0,41.80000000000007
2025-06,infrasettimanale,sera,ICN,250,2264.0,8,1399.0,0,0,0,52,43,865.0,54,27,0,0,67,67,129,250,49.099999999999966,5.596,-1.0,30.099999999999994
2025-06,infrasettimanale,sera,IR,3,85.0,1,82.0,0,0,0,1,1,3.0,0,1,0,0,2,2,1,3,72.5,27.33333333333333,5.0,65.0
2025-06,infrasettimanale,sera,MET,1053,1403.0,1,188.0,0,0,0,28,14,1215.0,429,6,0,0,61,61,539,1053,5.0,0.1827016520894072,-1.0,3.0
2025-06,infrasettimanale,sera,REG,34325,106437.0,104,71887.0,0,0,0,2577,1536,34550.0,13890,511,0,0,6331,6331,13058,34325,14.0,2.16013101355209,1.0,8.0
2025-06,infrasettimanale,sera,,1136,13916.0,56,11878.0,0,0,0,334,254,2038.0,180,140,0,0,520,520,396,1136,59.5999999999999,10.837591240875913,3.0,35.0
2025-06,infrasettimanale,tarda_mattina,EC,303,2453.0,6,1925.0,0,0,0,65,41,528.0,80,17,0,0,103,103,113,303,34.25,6.503378378378378,2.0,17.5
2025-06,infrasettimanale,tarda_mattina,EXP,10,125.0,0,113.0,0,0,0,5,4,12.0,0,2,0,0,5,5,3,10,38.44999999999999,14.125,15.5,33.9
2025-06,infrasettimanale,tarda_mattina,IC,584,8640.0,29,7856.0,0,0,0,204,156,784.0,134,78,0,0,286,286,163,584,58.0,13.475128644939966,4.0,36.0
2025-06,infrasettimanale,tarda_mattina,ICN,61,192.0,0,-134.0,0,0,0,7,6,326.0,13,1,0,0,9,9,39,61,21.0,-2.19672131147541,-4.0,14.0
2025-06,infrasettimanale,tarda_mattina,IR,1,3.0,0,3.0,0,0,0,0,0,0.0,1,0,0,0,0,0,0,1,3.0,3.0,3.0,3.0
2025-06,infrasettimanale,tarda_mattina,MET,1295,2272.0,5,600.0,0,0,0,26,20,1672.0,492,9,0,0,60,60,693,1295,4.0,0.48192771084337355,-1.0,3.0
2025-06,infrasettimanale,tarda_mattina,REG,43354,103516.0,74,61773.0,0,0,0,2208,1240,41743.0,18525,402,0,0,6274,6274,17058,43354,10.0,1.4758104976467497,0.0,6.0
2025-06,infrasettimanale,tarda_mattina,,2878,48666.0,210,46398.0,0,0,0,1124,856,2268.0,656,498,0,0,1604,1604,558,2878,78.0,16.46486870120653,6.0,49.0
2025-06,weekend,mattina,EC,41,81.0,0,-17.0,0,0,0,2,2,98.0,8,0,0,0,7,7,26,41,9.0,-0.4146341463414634,-2.0,5.0
2025-06,weekend,mattina,EN,1,0.0,0,-23.0,0,0,0,0,0,23.0,0,0,0,0,0,0,1,1,-23.0,-23.0,-23.0,-23.0
2025-06,weekend,mattina,IC,251,3114.0,11,2824.0,0,0,0,71,53,290.0,67,30,0,0,113,113,70,251,52.54999999999998,11.296,4.0,33.099999999999994
2025-06,weekend,mattina,ICN,3,0.0,0,-59.0,0,0,0,0,0,59.0,0,0,0,0,0,0,3,3,-7.100000000000001,-19.666666666666668,-26.0,-9.2
2025-06,weekend,mattina,IR,1,0.0,0,-4.0,0,0,0,0,0,4.0,0,0,0,0,0,0,1,1,-4.0,-4.0,-4.0,-4.0
2025-06,weekend,mattina,MET,350,226.0,0,-204.0,0,0,0,1,0,430.0,144,0,0,0,9,9,195,350,3.0,-0.5862068965517241,-1.0,2.0
2025-06,weekend,mattina,REG,10141,19737.0,17,7458.0,0,0,0,384,217,12279.0,4279,76,0,0,1099,1099,4637,10141,8.0,0.7446829755366949,0.0,5.0
2025-06,weekend,mattina,,1202,10494.0,32,8872.0,0,0,0,282,182,1622.0,334,80,0,0,476,476,388,1202,37.30000000000007,7.40567612687813,3.0,23.0
2025-06,weekend,notte,EC,9,141.0,0,123.0,0,0,0,4,3,18.0,1,2,0,0,6,6,2,9,47.6,13.666666666666666,8.0,45.2
2025-06,weekend,notte,EN,18,237.0,1,217.0,0,0,0,5,4,20.0,5,3,0,0,7,7,5,18,63.19999999999997,12.764705882352942,2.0,44.00000000000001
2025-06,weekend,notte,EXP,2,1.0,0,-8.0,0,0,0,0,0,9.0,1,0,0,0,0,0,1,2,0.5,-4.0,-4.0,0.0
2025-06,weekend,notte,IC,103,1724.0,8,1482.0,0,0,0,26,22,242.0,21,15,0,0,35,35,47,103,100.79999999999998,14.388349514563108,1.0,52.6
2025-06,weekend,notte,ICN,27,244.0,1,82.0,0,0,0,3,2,162.0,3,2,0,0,4,4,20,27,42.19999999999997,3.037037037037037,-3.0,8.800000000000004
2025-06,weekend,notte,MET,182,95.0,0,-256.0,0,0,0,1,0,351.0,68,0,0,0,3,3,110,182,3.0,-1.4143646408839776,-2.0,2.0
2025-06,weekend,notte,NCL,6,61.0,0,34.0,0,0,0,2,1,27.0,0,1,0,0,4,4,2,6,28.25,5.666666666666667,7.0,23.5
2025-06,weekend,notte,REG,4482,9322.0,8,3125.0,0,0,0,202,120,6197.0,1707,43,0,0,501,501,2231,4482,9.0,0.7039873845460689,-1.0,5.0
2025-06,weekend,notte,,358,3004.0,16,2080.0,0,0,0,64,50,924.0,84,28,0,0,98,98,176,358,48.0,5.810055865921788,0.0,20.0
2025-06,weekend,pomeriggio,EC,111,1382.0,7,1211.0,0,0,0,39,27,171.0,22,13,0,0,48,48,41,111,62.0,10.90990990990991,3.0,35.0
2025-06,weekend,pomeriggio,EN,2,16.0,0,16.0,0,0,0,1,0,0.0,1,0,0,0,1,1,0,2,11.6,8.0,8.0,11.2
2025-06,weekend,pomeriggio,EXP,1,0.0,0,-7.0,0,0,0,0,0,7.0,0,0,0,0,0,0,1,1,-7.0,-7.0,-7.0,-7.0
2025-06,weekend,pomeriggio,IC,212,3350.0,13,3101.0,0,0,0,80,62,249.0,44,39,0,0,120,120,46,212,64.54999999999998,14.766666666666666,6.0,45.0
2025-06,weekend,pomeriggio,ICN,9,29.0,0,10.0,0,0,0,1,1,19.0,3,0,0,0,2,2,4,9,11.599999999999996,1.1111111111111112,2.0,7.200000000000001
2025-06,weekend,pomeriggio,IR,2,109.0,1,109.0,0,0,0,2,2,0.0,0,2,0,0,2,2,0,2,66.65,54.5,54.5,65.3
2025-06,weekend,pomeriggio,MET,446,417.0,1,-144.0,0,0,0,8,5,561.0,174,1,0,0,21,21,251,446,4.0,-0.3228699551569506,-1.0,2.0
2025-06,weekend,pomeriggio,REG,13055,40699.0,70,26223.0,0,0,0,961,598,14476.0,5306,250,0,0,2130,2130,5423,13055,14.0,2.039272105140369,0.0,7.0
2025-06,weekend,pomeriggio,,1164,20980.0,98,19928.0,0,0,0,466,372,1052.0,274,208,0,0,644,644,246,1164,76.0,17.120274914089347,6.0,50.89999999999998
2025-06,weekend,sera,EC,69,578.0,2,512.0,0,0,0,14,11,66.0,18,8,0,0,26,26,23,69,47.79999999999994,7.64179104477612,2.0,30.4
2025-06,weekend,sera,EN,15,200.0,1,196.0,0,0,0,6,3,4.0,6,2,0,0,6,6,2,15,57.94999999999998,14.0,4.0,31.400000000000023
2025-06,weekend,sera,EXP,6,15.0,0,-10.0,0,0,0,1,0,25.0,3,0,0,0,1,1,2,6,9.5,-1.6666666666666667,0.5,7.0
2025-06,weekend,sera,IC,121,2165.0,10,1850.0,0,0,0,35,24,315.0,19,16,0,0,45,45,56,121,99.84999999999997,15.416666666666666,1.0,38.90000000000008
2025-06,weekend,sera,ICN,123,1317.0,7,788.0,0,0,0,29,24,529.0,26,16,0,0,34,34,63,123,61.69999999999997,6.40650406504065,-1.0,41.19999999999999
2025-06,weekend,sera,MET,393,401.0,0,-79.0,0,0,0,7,2,480.0,161,0,0,0,22,22,208,393,5.0,-0.2020460358056266,-1.0,3.0
2025-06,weekend,sera,REG,11033,34300.0,49,22578.0,0,0,0,795,506,11722.0,4416,202,0,0,1872,1872,4557,11033,14.0,2.081881051175657,0.0,7.0
2025-06,weekend,sera,,440,4552.0,16,3144.0,0,0,0,94,76,1408.0,80,46,0,0,154,154,200,440,52.39999999999998,7.244239631336406,1.0,30.0
2025-06,weekend,tarda_mattina,EC,150,1167.0,3,919.0,0,0,0,32,23,248.0,36,11,0,0,52,52,62,150,33.54999999999998,6.126666666666667,1.5,19.0
2025-06,weekend,tarda_mattina,EXP,3,29.0,0,19.0,0,0,0,1,1,10.0,0,0,0,0,1,1,2,3,25.899999999999995,6.333333333333333,-2.0,22.8
2025-06,weekend,tarda_mattina,IC,252,3760.0,17,3295.0,0,0,0,90,65,465.0,45,36,0,0,122,122,85,252,67.24999999999994,13.075396825396826,4.0,43.60000000000002
2025-06,weekend,tarda_mattina,ICN,25,276.0,1,145.0,0,0,0,4,2,131.0,4,2,0,0,7,7,14,25,33.19999999999993,5.8,-1.0,13.6
2025-06,weekend,tarda_mattina,MET,519,504.0,1,-169.0,0,0,0,4,4,673.0,203,2,0,0,24,24,290,519,4.0,-0.3268858800773694,-1.0,2.0
2025-06,weekend,tarda_mattina,REG,14349,32893.0,25,16855.0,0,0,0,746,417,16038.0,6053,143,0,0,1938,1938,6238,14349,10.0,1.1845526741162415,0.0,6.0
2025-06,weekend,tarda_mattina,,1076,16534.0,76,15102.0,0,0,0,368,306,1432.0,262,176,0,0,508,508,304,1076,71.0,14.06145251396648,4.0,50.0
2025-07,infrasettimanale,mattina,DIR,1,2.0,0,2.0,0,0,0,0,0,0.0,1,0,0,0,0,0,0,1,2.0,2.0,2.0,2.0
2025-07,infrasettimanale,mattina,EC,109,756.0,3,565.0,0,0,0,21,14,191.0,23,8,0,0,34,34,41,109,38.14999999999999,5.76530612244898,1.0,23.59999999999999
2025-07,infrasettimanale,mattina,IC,576,7280.0,28,6736.0,0,0,0,183,128,544.0,155,71,0,0,273,273,136,576,58.0,11.94326241134752,4.0,38.099999999999966
2025-07,infrasettimanale,mattina,ICN,18,101.0,0,-42.0,0,0,0,3,2,143.0,2,2,0,0,3,3,13,18,34.44999999999997,-2.333333333333333,-2.5,19.10000000000001
2025-07,infrasettimanale,mattina,IR,3,39.0,0,39.0,0,0,0,1,1,0.0,2,1,0,0,1,1,0,3,32.7,13.0,3.0,29.399999999999995
2025-07,infrasettimanale,mattina,MET,980,2201.0,5,1445.0,0,0,0,33,21,756.0,473,10,0,0,69,69,396,980,6.0,1.5405117270788913,0.0,4.0
2025-07,infrasettimanale,mattina,NCL,2,411.0,1,411.0,0,0,0,2,2,0.0,0,2,0,0,2,2,0,2,341.85,205.5,205.5,326.7
2025-07,infrasettimanale,mattina,REG,37232,91021.0,69,51603.0,0,0,0,1853,1067,39418.0,16015,382,0,0,5329,5329,14957,37232,10.0,1.4215310872978706,0.0,6.0
2025-07,infrasettimanale,mattina,,3432,45440.0,162,42918.0,0,0,0,1140,864,2522.0,950,442,0,0,1710,1710,708,3432,57.0,12.742874109263658,5.0,36.0
2025-07,infrasettimanale,notte,EC,20,216.0,0,206.0,0,0,0,10,8,10.0,4,0,0,0,11,11,5,20,27.0,10.3,9.0,25.200000000000003
2025-07,infrasettimanale,notte,EN,44,1246.0,3,1246.0,0,0,0,24,21,0.0,9,15,0,0,35,35,0,44,71.85000000000002,28.318181818181817,11.0,53.0
2025-07,infrasettimanale,notte,EXP,8,265.0,2,251.0,0,0,0,4,4,14.0,0,4,0,0,4,4,3,8,79.5,35.857142857142854,49.0,78.0
2025-07,infrasettimanale,notte,IC,301,3932.0,14,3409.0,0,0,0,92,74,523.0,60,37,0,0,132,132,103,301,58.0,11.55593220338983,3.0,37.200000000000045
2025-07,infrasettimanale,notte,ICN,34,185.0,0,104.0,0,0,0,7,3,81.0,5,2,0,0,10,10,19,34,25.849999999999977,3.0588235294117645,-1.0,13.0
2025-07,infrasettimanale,notte,IR,3,47.0,0,47.0,0,0,0,1,1,0.0,0,1,0,0,3,3,0,3,29.600000000000005,15.666666666666666,8.0,27.200000000000003
2025-07,infrasettimanale,notte,MET,355,194.0,0,-273.0,0,0,0,1,0,467.0,127,0,0,0,4,4,210,355,3.0,-0.8005865102639296,-1.0,2.0
2025-07,infrasettimanale,notte,NCL,3,14.0,0,14.0,0,0,0,1,0,0.0,0,0,0,0,1,1,0,3,14.0,14.0,14.0,14.0
2025-07,infrasettimanale,notte,REG,15864,34562.0,41,15094.0,0,0,0,716,425,19468.0,6254,171,0,0,1886,1886,7308,15864,9.0,0.9770844122216468,0.0,5.0
2025-07,infrasettimanale,notte,,1154,10684.0,32,9260.0,0,0,0,256,208,1424.0,350,122,0,0,402,402,378,1154,45.79999999999996,8.194690265486726,2.0,31.0
2025-07,infrasettimanale,pomeriggio,DIR,1,3.0,0,3.0,0,0,0,0,0,0.0,1,0,0,0,0,0,0,1,3.0,3.0,3.0,3.0
2025-07,infrasettimanale,pomeriggio,EC,270,2837.0,3,2608.0,0,0,0,91,71,229.0,50,34,0,0,121,121,82,270,44.79999999999996,10.308300395256918,4.0,35.80000000000001
2025-07,infrasettimanale,pomeriggio,EXP,5,5.0,0,-24.0,0,0,0,0,0,29.0,0,0,0,0,1,1,3,5,3.199999999999996,-6.0,-8.5,1.400000000000002
2025-07,infrasettimanale,pomeriggio,IC,503,8369.0,33,7939.0,0,0,0,203,159,430.0,117,87,0,0,270,270,102,503,71.7999999999999,16.23517382413088,6.0,46.39999999999998
2025-07,infrasettimanale,pomeriggio,ICN,64,1124.0,5,1065.0,0,0,0,22,19,59.0,15,16,0,0,28,28,21,64,70.19999999999993,16.640625,2.0,49.0
2025-07,infrasettimanale,pomeriggio,IR,3,39.0,0,38.0,0,0,0,1,1,1.0,1,1,0,0,1,1,1,3,35.099999999999994,12.666666666666666,0.0,31.200000000000003
2025-07,infrasettimanale,pomeriggio,MET,1240,1976.0,0,921.0,0,0,0,60,26,1055.0,502,4,0,0,107,107,566,1240,10.0,0.7838297872340425,0.0,4.0
2025-07,infrasettimanale,pomeriggio,NCL,2,0.0,0,-99.0,0,0,0,0,0,99.0,0,0,0,0,0,0,2,2,-45.45,-49.5,-49.5,-45.9
2025-07,infrasettimanale,pomeriggio,REG,45942,130783.0,141,84971.0,0,0,0,2990,1740,45812.0,19278,626,0,0,7622,7622,17471,45942,12.0,1.9150120574248946,1.0,7.0
2025-07,infrasettimanale,pomeriggio,,3100,40974.0,156,37342.0,0,0,0,1032,726,3632.0,736,382,0,0,1544,1544,772,3100,60.0,12.235255570117957,5.0,36.0
2025-07,infrasettimanale,sera,EC,172,1479.0,3,1341.0,0,0,0,47,28,138.0,38,14,0,0,72,72,52,172,40.94999999999999,8.277777777777779,2.0,25.70000000000002
2025-07,infrasettimanale,sera,EN,44,1306.0,7,1305.0,0,0,0,27,22,1.0,11,14,0,0,32,32,1,44,109.50000000000004,29.65909090909091,16.5,76.60000000000002
2025-07,infrasettimanale,sera,EXP,13,178.0,0,158.0,0,0,0,6,3,20.0,4,2,0,0,7,7,2,13,45.39999999999998,12.153846153846152,7.0,37.00000000000001
2025-07,infrasettimanale,sera,IC,272,4939.0,18,4523.0,0,0,0,88,66,416.0,48,40,0,0,123,123,87,272,67.19999999999982,17.531007751937985,3.5,43.60000000000002
2025-07,infrasettimanale,sera,ICN,270,2751.0,14,1893.0,0,0,0,60,44,858.0,58,29,0,0,91,91,121,270,60.2999999999999,7.011111111111111,1.0,30.0
2025-07,infrasettimanale,sera,IR,1,38.0,0,38.0,0,0,0,1,1,0.0,0,1,0,0,1,1,0,1,38.0,38.0,38.0,38.0
2025-07,infrasettimanale,sera,MET,1171,1468.0,0,406.0,0,0,0,27,14,1062.0,538,2,0,0,63,63,536,1171,5.0,0.357080035180299,0.0,3.0
2025-07,infrasettimanale,sera,REG,37003,110740.0,138,71124.0,0,0,0,2642,1535,39616.0,14816,543,0,0,6551,6551,14772,37003,13.0,1.9680677384543013,1.0,7.0
2025-07,infrasettimanale,sera,,1196,13634.0,54,11846.0,0,0,0,320,242,1788.0,280,120,0,0,504,504,402,1196,52.19999999999993,9.988195615514334,3.0,29.800000000000068
2025-07,infrasettimanale,tarda_mattina,EC,372,2816.0,5,2373.0,0,0,0,86,60,443.0,87,24,0,0,130,130,131,372,35.64999999999998,6.818965517241379,2.0,24.0
2025-07,infrasettimanale,tarda_mattina,EXP,12,166.0,1,143.0,0,0,0,4,3,23.0,2,2,0,0,5,5,4,12,61.0,13.0,3.0,40.0
2025-07,infrasettimanale,tarda_mattina,IC,676,8970.0,37,8015.0,0,0,0,226,169,955.0,143,91,0,0,324,324,202,676,61.0,11.980568011958146,4.0,38.200000000000045
2025-07,infrasettimanale,tarda_mattina,ICN,55,480.0,2,260.0,0,0,0,9,8,220.0,5,6,0,0,13,13,37,55,44.599999999999966,4.727272727272728,-3.0,31.60000000000001
2025-07,infrasettimanale,tarda_mattina,MET,1368,2473.0,3,1260.0,0,0,0,59,41,1213.0,570,15,0,0,98,98,609,1368,9.0,0.9866875489428347,0.0,4.0
2025-07,infrasettimanale,tarda_mattina,NCL,3,0.0,0,-78.0,0,0,0,0,0,78.0,0,0,0,0,0,0,3,3,-7.500000000000003,-26.0,-21.0,-9.0
2025-07,infrasettimanale,tarda_mattina,REG,46480,108816.0,90,59659.0,0,0,0,2326,1320,49157.0,19347,442,0,0,6431,6431,19185,46480,10.0,1.3268465182483375,0.0,6.0
2025-07,infrasettimanale,tarda_mattina,,3106,44846.0,148,42628.0,0,0,0,1130,816,2218.0,800,458,0,0,1666,1666,560,3106,59.0,14.087243886318571,6.0,38.0
2025-07,weekend,mattina,EC,32,203.0,1,140.0,0,0,0,4,3,63.0,13,3,0,0,5,5,13,32,33.5,4.516129032258065,1.0,10.0
2025-07,weekend,mattina,IC,215,2373.0,7,1949.0,0,0,0,65,47,424.0,47,19,0,0,85,85,83,215,56.29999999999998,9.065116279069768,1.0,28.599999999999994
2025-07,weekend,mattina,ICN,4,0.0,0,-76.0,0,0,0,0,0,76.0,0,0,0,0,0,0,4,4,-3.3000000000000007,-19.0,-15.5,-3.6
2025-07,weekend,mattina,MET,299,525.0,2,258.0,0,0,0,7,5,267.0,141,3,0,0,12,12,136,299,4.0,0.892733564013841,0.0,3.0
2025-07,weekend,mattina,REG,9191,18772.0,26,7551.0,0,0,0,361,207,11221.0,3839,69,0,0,1040,1040,4224,9191,8.0,0.8295067560145007,0.0,5.0
2025-07,weekend,mattina,,1124,9632.0,26,8336.0,0,0,0,258,182,1296.0,342,80,0,0,452,452,330,1124,39.94999999999993,7.416370106761565,3.0,22.0
2025-07,weekend,notte,EC,7,149.0,0,147.0,0,0,0,4,3,2.0,2,3,0,0,4,4,1,7,49.5,21.0,13.0,48.0
2025-07,weekend,notte,EN,16,139.0,1,114.0,0,0,0,2,1,25.0,4,1,0,0,5,5,7,16,34.0,7.125,0.0,10.0
2025-07,weekend,notte,EXP,3,0.0,0,-13.0,0,0,0,0,0,13.0,1,0,0,0,0,0,2,3,-0.2000000000000001,-4.333333333333333,-2.0,-0.3999999999999999
2025-07,weekend,notte,IC,97,872.0,3,672.0,0,0,0,22,16,200.0,21,10,0,0,35,35,41,97,50.19999999999999,6.927835051546392,1.0,29.400000000000013
2025-07,weekend,notte,ICN,20,92.0,0,20.0,0,0,0,1,1,72.0,2,1,0,0,5,5,13,20,11.300000000000033,1.0,-2.5,9.0
2025-07,weekend,notte,MET,167,92.0,0,-140.0,0,0,0,1,0,232.0,63,0,0,0,1,1,103,167,3.0,-0.8383233532934131,-1.0,2.0
2025-07,weekend,notte,NCL,3,5.0,0,5.0,0,0,0,0,0,0.0,0,0,0,0,1,1,0,3,5.0,5.0,5.0,5.0
2025-07,weekend,notte,REG,4082,9131.0,16,3397.0,0,0,0,178,116,5734.0,1557,46,0,0,456,456,2028,4082,9.0,0.8406335065577827,-1.0,5.0
2025-07,weekend,notte,,326,2970.0,10,2142.0,0,0,0,82,52,828.0,62,26,0,0,116,116,148,326,40.60000000000002,6.570552147239264,1.0,20.0
2025-07,weekend,pomeriggio,EC,88,1198.0,2,1116.0,0,0,0,34,29,82.0,16,16,0,0,49,49,23,88,55.0,12.681818181818182,6.5,36.89999999999999
2025-07,weekend,pomeriggio,EXP,4,4.0,0,-26.0,0,0,0,0,0,30.0,1,0,0,0,0,0,3,4,2.949999999999997,-6.5,-4.5,1.9000000000000008
2025-07,weekend,pomeriggio,IC,172,2269.0,9,2007.0,0,0,0,61,50,262.0,33,27,0,0,85,85,54,172,60.14999999999992,11.668604651162791,4.0,42.80000000000001
2025-07,weekend,pomeriggio,ICN,8,54.0,0,46.0,0,0,0,1,1,8.0,2,0,0,0,4,4,2,8,20.69999999999999,5.75,4.5,14.399999999999997
2025-07,weekend,pomeriggio,MET,389,273.0,0,-146.0,0,0,0,1,0,419.0,173,0,0,0,10,10,205,389,4.0,-0.3762886597938144,-1.0,2.0
2025-07,weekend,pomeriggio,REG,11717,28416.0,38,14235.0,0,0,0,598,364,14181.0,4854,142,0,0,1520,1520,5204,11717,10.0,1.2294869580238383,0.0,6.0
2025-07,weekend,pomeriggio,,1056,15650.0,74,14192.0,0,0,0,336,252,1458.0,240,158,0,0,490,490,324,1056,71.09999999999997,13.464895635673624,4.0,44.0
2025-07,weekend,sera,EC,56,596.0,3,525.0,0,0,0,10,7,71.0,12,5,0,0,18,18,25,56,48.39999999999994,9.545454545454543,1.0,18.6
2025-07,weekend,sera,EN,15,212.0,1,212.0,0,0,0,6,5,0.0,6,1,0,0,9,9,0,15,43.29999999999993,14.133333333333333,8.0,23.4
2025-07,weekend,sera,EXP,5,0.0,0,-84.0,0,0,0,0,0,84.0,1,0,0,0,0,0,4,5,-1.200000000000001,-16.8,-18.0,-2.3999999999999995
2025-07,weekend,sera,IC,89,1144.0,5,965.0,0,0,0,26,20,179.0,18,13,0,0,39,39,32,89,70.5999999999998,10.842696629213483,3.0,39.2
2025-07,weekend,sera,ICN,114,728.0,4,357.0,0,0,0,19,15,371.0,30,6,0,0,28,28,56,114,28.09999999999997,3.1315789473684204,0.0,16.0
2025-07,weekend,sera,IR,1,72.0,1,72.0,0,0,0,1,1,0.0,0,1,0,0,1,1,0,1,72.0,72.0,72.0,72.0
2025-07,weekend,sera,MET,351,296.0,0,-50.0,0,0,0,5,1,346.0,172,1,0,0,9,9,169,351,3.0,-0.1428571428571428,0.0,2.0
2025-07,weekend,sera,REG,9891,26254.0,40,14821.0,0,0,0,585,372,11433.0,3985,133,0,0,1376,1376,4394,9891,11.0,1.5193234238851872,0.0,6.0
2025-07,weekend,sera,,382,5538.0,36,4746.0,0,0,0,100,76,792.0,70,48,0,0,138,138,164,382,95.5,12.75806451612903,1.0,52.5
2025-07,weekend,tarda_mattina,EC,126,1096.0,3,924.0,0,0,0,28,22,172.0,31,12,0,0,49,49,46,126,45.25,7.333333333333333,2.5,23.0
2025-07,weekend,tarda_mattina,EXP,2,11.0,0,10.0,0,0,0,1,0,1.0,0,0,0,0,1,1,1,2,10.4,5.0,5.0,9.8
2025-07,weekend,tarda_mattina,IC,241,3353.0,10,2815.0,0,0,0,82,63,538.0,45,34,0,0,112,112,84,241,48.0,11.680497925311204,4.0,37.0
2025-07,weekend,tarda_mattina,ICN,20,86.0,0,-7.0,0,0,0,3,1,93.0,7,1,0,0,5,5,8,20,13.900000000000011,-0.35,1.0,11.200000000000005
2025-07,weekend,tarda_mattina,MET,461,292.0,0,-253.0,0,0,0,3,1,545.0,191,0,0,0,9,9,260,461,3.0,-0.55,-1.0,2.0
2025-07,weekend,tarda_mattina,REG,12986,26906.0,16,11582.0,0,0,0,566,330,15324.0,5358,109,0,0,1623,1623,5865,12986,9.0,0.9016036120193056,0.0,5.0
2025-07,weekend,tarda_mattina,,958,13352.0,60,12276.0,0,0,0,332,232,1076.0,254,144,0,0,450,450,254,958,66.0,12.81419624217119,4.0,40.39999999999998
2025-08,infrasettimanale,mattina,EC,134,349.0,1,38.0,0,0,0,9,4,311.0,38,3,0,0,19,19,75,134,11.0,0.2878787878787879,-1.0,5.900000000000006
2025-08,infrasettimanale,mattina,IC,491,4605.0,14,3531.0,0,0,0,120,85,1074.0,130,42,0,0,182,182,179,491,49.0,7.191446028513238,1.0,24.0
2025-08,infrasettimanale,mattina,ICN,13,15.0,0,-244.0,0,0,0,1,0,259.0,1,0,0,0,1,1,11,13,6.799999999999989,-18.76923076923077,-23.0,2.6000000000000054
2025-08,infrasettimanale,mattina,MET,887,813.0,0,79.0,0,0,0,8,1,734.0,447,0,0,0,27,27,402,887,4.0,0.0901826484018264,0.0,3.0
2025-08,infrasettimanale,mattina,NCL,1,0.0,0,-64.0,0,0,0,0,0,64.0,0,0,0,0,0,0,1,1,-64.0,-64.0,-64.0,-64.0
2025-08,infrasettimanale,mattina,REG,30230,58853.0,61,21080.0,0,0,0,1092,667,37773.0,12948,224,0,0,3153,3153,13815,30230,7.0,0.7046396577082498,0.0,5.0
2025-08,infrasettimanale,mattina,,2398,14648.0,36,8408.0,0,0,0,388,260,6240.0,664,122,0,0,668,668,1064,2398,30.0,3.5091819699499167,1.0,15.0
2025-08,infrasettimanale,notte,EC,18,41.0,0,-4.0,0,0,0,1,1,45.0,3,1,0,0,2,2,13,18,8.749999999999964,-0.2222222222222222,-2.0,3.6000000000000014
2025-08,infrasettimanale,notte,EN,43,892.0,3,844.0,0,0,0,18,17,48.0,10,9,0,0,25,25,8,43,63.49999999999998,19.627906976744185,7.0,48.6
2025-08,infrasettimanale,notte,EXP,6,124.0,1,1.0,0,0,0,3,3,123.0,0,2,0,0,3,3,3,6,60.0,0.1666666666666666,7.0,51.0
2025-08,infrasettimanale,notte,IC,289,2431.0,9,1786.0,0,0,0,56,48,645.0,87,22,0,0,96,96,105,289,40.59999999999991,6.201388888888889,2.0,22.30000000000001
2025-08,infrasettimanale,notte,ICN,43,173.0,1,-19.0,0,0,0,3,2,192.0,8,2,0,0,5,5,30,43,12.599999999999994,-0.4418604651162791,-3.0,5.200000000000017
2025-08,infrasettimanale,notte,MET,294,138.0,0,-373.0,0,0,0,0,0,511.0,80,0,0,0,8,8,204,294,3.0,-1.2773972602739727,-1.0,1.0
2025-08,infrasettimanale,notte,NCL,14,808.0,6,724.0,0,0,0,9,9,84.0,1,9,0,0,10,10,3,14,123.75,51.71428571428572,50.0,121.7
2025-08,infrasettimanale,notte,REG,13507,25010.0,24,6824.0,0,0,0,473,297,18186.0,5477,119,0,0,1307,1307,6617,13507,7.0,0.5092157301693904,0.0,4.0
2025-08,infrasettimanale,notte,,1166,5802.0,16,1546.0,0,0,0,134,98,4256.0,270,50,0,0,250,250,646,1166,24.899999999999977,1.3259005145797598,-1.0,11.0
2025-08,infrasettimanale,pomeriggio,EC,300,2340.0,8,1773.0,0,0,0,56,39,567.0,66,19,0,0,94,94,135,300,38.200000000000045,6.010169491525423,1.0,20.0
2025-08,infrasettimanale,pomeriggio,EXP,5,49.0,0,22.0,0,0,0,2,1,27.0,1,0,0,0,3,3,1,5,25.4,4.4,8.0,21.8
2025-08,infrasettimanale,pomeriggio,IC,416,5375.0,20,4623.0,0,0,0,157,107,752.0,87,48,0,0,210,210,118,416,57.29999999999996,11.13975903614458,5.0,37.80000000000007
2025-08,infrasettimanale,pomeriggio,ICN,40,387.0,2,311.0,0,0,0,9,5,76.0,12,5,0,0,14,14,14,40,47.49999999999992,7.775,1.0,38.50000000000001
2025-08,infrasettimanale,pomeriggio,MET,1124,1042.0,0,9.0,0,0,0,11,6,1033.0,529,1,0,0,40,40,551,1124,4.0,0.0080357142857142,0.0,2.0
2025-08,infrasettimanale,pomeriggio,REG,37380,88196.0,76,44633.0,0,0,0,1873,1106,43563.0,15760,394,0,0,5031,5031,16227,37380,10.0,1.2057107353179537,0.0,6.0
2025-08,infrasettimanale,pomeriggio,,2446,17926.0,48,11850.0,0,0,0,506,338,6076.0,678,148,0,0,812,812,956,2446,35.0,4.844644317252658,2.0,19.0
2025-08,infrasettimanale,sera,EC,197,1454.0,4,1167.0,0,0,0,40,22,287.0,37,8,0,0,75,75,80,197,26.44999999999999,6.078125,1.0,17.0
2025-08,infrasettimanale,sera,EN,41,882.0,3,806.0,0,0,0,24,18,76.0,7,7,0,0,27,27,7,41,80.0,19.65853658536585,13.0,41.0
2025-08,infrasettimanale,sera,EXP,9,24.0,0,-5.0,0,0,0,0,0,29.0,3,0,0,0,3,3,2,9,7.949999999999998,-0.625,1.0,6.9
2025-08,infrasettimanale,sera,IC,230,2992.0,13,2476.0,0,0,0,63,41,516.0,60,21,0,0,82,82,88,230,61.64999999999996,10.765217391304347,2.0,26.299999999999983
2025-08,infrasettimanale,sera,ICN,283,1702.0,4,593.0,0,0,0,44,31,1109.0,66,12,0,0,75,75,142,283,24.0,2.095406360424028,-1.0,15.800000000000011
2025-08,infrasettimanale,sera,MET,1011,803.0,0,-106.0,0,0,0,3,2,909.0,522,0,0,0,18,18,466,1011,3.0,-0.1053677932405566,0.0,2.0
2025-08,infrasettimanale,sera,REG,30774,79448.0,106,44190.0,0,0,0,1660,965,35258.0,12941,374,0,0,4411,4411,13089,30774,10.0,1.4516605893367498,0.0,6.0
2025-08,infrasettimanale,sera,,734,4716.0,12,1858.0,0,0,0,118,74,2858.0,136,32,0,0,214,214,384,734,26.69999999999999,2.5313351498637604,-1.0,14.400000000000036
2025-08,infrasettimanale,tarda_mattina,EC,320,1740.0,3,1263.0,0,0,0,48,30,477.0,83,12,0,0,99,99,137,320,21.399999999999864,3.9592476489028217,1.0,13.0
2025-08,infrasettimanale,tarda_mattina,EXP,6,340.0,2,339.0,0,0,0,5,4,1.0,0,3,0,0,5,5,1,6,165.75,56.5,24.0,140.5
2025-08,infrasettimanale,tarda_mattina,IC,641,6799.0,19,5596.0,0,0,0,174,120,1203.0,131,67,0,0,260,260,249,641,52.0,8.74375,2.0,30.10000000000002
2025-08,infrasettimanale,tarda_mattina,ICN,46,236.0,2,77.0,0,0,0,6,3,159.0,10,2,0,0,8,8,28,46,17.0,1.673913043478261,-4.0,10.5
2025-08,infrasettimanale,tarda_mattina,IR,1,0.0,0,-3.0,0,0,0,0,0,3.0,0,0,0,0,0,0,1,1,-3.0,-3.0,-3.0,-3.0
2025-08,infrasettimanale,tarda_mattina,MET,1264,1320.0,0,120.0,0,0,0,16,11,1200.0,588,3,0,0,45,45,617,1264,4.0,0.096,0.0,3.0
2025-08,infrasettimanale,tarda_mattina,NCL,2,55.0,0,36.0,0,0,0,1,1,19.0,0,1,0,0,1,1,1,2,51.3,18.0,18.0,47.60000000000001
2025-08,infrasettimanale,tarda_mattina,REG,38402,72286.0,48,25304.0,0,0,0,1422,822,46982.0,16249,257,0,0,4089,4089,17713,38402,8.0,0.6650022338440514,0.0,5.0
2025-08,infrasettimanale,tarda_mattina,,2252,19738.0,58,14384.0,0,0,0,500,376,5354.0,582,206,0,0,780,780,890,2252,41.0,6.38721136767318,2.0,26.0
2025-08,weekend,mattina,EC,54,233.0,0,129.0,0,0,0,9,6,104.0,15,1,0,0,13,13,26,54,21.349999999999994,2.388888888888889,0.0,16.10000000000001
2025-08,weekend,mattina,IC,261,2735.0,9,2018.0,0,0,0,53,36,717.0,67,18,0,0,85,85,109,261,44.0,7.731800766283525,1.0,20.0
2025-08,weekend,mattina,ICN,6,0.0,0,-100.0,0,0,0,0,0,100.0,0,0,0,0,0,0,6,6,-7.0,-16.666666666666668,-18.5,-8.0
2025-08,weekend,mattina,MET,372,265.0,0,-125.0,0,0,0,1,0,390.0,155,0,0,0,8,8,207,372,4.0,-0.3378378378378378,-1.0,2.0
2025-08,weekend,mattina,REG,11069,20617.0,15,6052.0,0,0,0,421,251,14565.0,4529,87,0,0,1115,1115,5321,11069,8.0,0.5519379844961241,0.0,5.0
2025-08,weekend,mattina,,1214,7728.0,14,4844.0,0,0,0,202,124,2884.0,332,48,0,0,370,370,512,1214,23.399999999999864,3.99011532125206,1.0,15.0
2025-08,weekend,notte,EC,8,24.0,0,14.0,0,0,0,1,1,10.0,3,0,0,0,1,1,4,8,13.69999999999999,1.75,0.0,7.399999999999997
2025-08,weekend,notte,EN,20,475.0,2,466.0,0,0,0,10,8,9.0,4,4,0,0,13,13,3,20,75.05000000000005,23.3,9.5,49.400000000000034
2025-08,weekend,notte,EXP,5,83.0,0,66.0,0,0,0,3,3,17.0,0,1,0,0,3,3,2,5,37.8,13.2,17.0,34.6
2025-08,weekend,notte,IC,122,603.0,2,253.0,0,0,0,24,14,350.0,27,3,0,0,32,32,63,122,20.0,2.0737704918032787,-1.0,15.0
2025-08,weekend,notte,ICN,24,195.0,1,35.0,0,0,0,2,2,160.0,1,2,0,0,3,3,20,24,48.0999999999999,1.4583333333333333,-4.0,6.599999999999994
2025-08,weekend,notte,MET,130,92.0,0,-127.0,0,0,0,1,1,219.0,39,0,0,0,2,2,88,130,3.0,-0.9844961240310076,-2.0,2.0
2025-08,weekend,notte,REG,5018,8427.0,4,1060.0,0,0,0,167,93,7367.0,1954,33,0,0,444,444,2573,5018,7.0,0.2132367732850533,-1.0,4.0
2025-08,weekend,notte,,434,2392.0,10,644.0,0,0,0,72,54,1748.0,92,24,0,0,98,98,244,434,32.19999999999999,1.4838709677419355,-1.0,16.0
2025-08,weekend,pomeriggio,EC,122,954.0,4,666.0,0,0,0,20,10,288.0,15,6,0,0,37,37,68,122,26.34999999999998,5.55,-1.0,13.0
2025-08,weekend,pomeriggio,EXP,4,72.0,0,22.0,0,0,0,2,2,50.0,0,1,0,0,2,2,2,4,43.69999999999999,5.5,8.0,40.400000000000006
2025-08,weekend,pomeriggio,IC,195,3193.0,9,2952.0,0,0,0,68,46,241.0,48,31,0,0,92,92,53,195,56.0,15.295336787564768,4.0,42.400000000000034
2025-08,weekend,pomeriggio,ICN,6,68.0,0,63.0,0,0,0,1,1,5.0,2,1,0,0,3,3,1,6,41.25,10.5,3.5,29.5
2025-08,weekend,pomeriggio,MET,479,392.0,0,-123.0,0,0,0,6,2,515.0,204,0,0,0,15,15,254,479,3.0,-0.2600422832980972,-1.0,2.0
2025-08,weekend,pomeriggio,REG,14203,31292.0,28,12457.0,0,0,0,650,412,18835.0,5669,157,0,0,1653,1653,6698,14203,9.0,0.8885164051355207,0.0,5.0
2025-08,weekend,pomeriggio,,1176,7822.0,16,5080.0,0,0,0,212,132,2742.0,298,60,0,0,396,396,482,1176,29.649999999999977,4.319727891156463,2.0,15.0
2025-08,weekend,sera,EC,82,551.0,2,429.0,0,0,0,18,7,122.0,16,3,0,0,33,33,33,82,23.950000000000003,5.2317073170731705,2.0,11.0
2025-08,weekend,sera,EN,19,360.0,2,326.0,0,0,0,9,6,34.0,3,4,0,0,12,12,4,19,77.09999999999995,17.157894736842106,8.0,60.6
2025-08,weekend,sera,EXP,11,31.0,0,-58.0,0,0,0,2,1,89.0,1,0,0,0,2,2,8,11,13.5,-5.2727272727272725,-1.0,10.0
2025-08,weekend,sera,IC,87,883.0,3,675.0,0,0,0,21,10,208.0,17,6,0,0,30,30,39,87,42.0,7.848837209302324,1.0,15.5
2025-08,weekend,sera,ICN,167,708.0,1,9.0,0,0,0,18,12,699.0,41,8,0,0,32,32,94,167,27.099999999999973,0.0538922155688622,-1.0,10.0
2025-08,weekend,sera,MET,427,290.0,0,-159.0,0,0,0,2,1,449.0,210,0,0,0,5,5,212,427,3.0,-0.37236533957845436,0.0,2.0
2025-08,weekend,sera,NCL,6,88.0,0,88.0,0,0,0,3,3,0.0,1,1,0,0,5,5,0,6,31.0,14.666666666666666,13.0,27.0
2025-08,weekend,sera,REG,12183,26986.0,23,12264.0,0,0,0,585,321,14722.0,5011,110,0,0,1571,1571,5468,12183,9.0,1.0177593360995851,0.0,5.0
2025-08,weekend,sera,,396,2344.0,10,752.0,0,0,0,52,38,1592.0,60,24,0,0,88,88,246,396,37.0,1.908629441624365,-3.0,13.0
2025-08,weekend,tarda_mattina,EC,170,824.0,1,573.0,0,0,0,30,15,251.0,43,4,0,0,55,55,70,170,19.65000000000001,3.4107142857142856,1.0,14.0
2025-08,weekend,tarda_mattina,EXP,3,4.0,0,-24.0,0,0,0,0,0,28.0,2,0,0,0,0,0,1,3,3.6,-8.0,0.0,3.2000000000000006
2025-08,weekend,tarda_mattina,IC,308,3746.0,13,2964.0,0,0,0,76,58,782.0,56,28,0,0,114,114,136,308,56.25,9.68627450980392,1.0,28.5
2025-08,weekend,tarda_mattina,ICN,24,29.0,0,-106.0,0,0,0,0,0,135.0,8,0,0,0,2,2,14,24,4.849999999999998,-4.416666666666667,-1.5,4.0
2025-08,weekend,tarda_mattina,MET,577,287.0,0,-329.0,0,0,0,0,0,616.0,256,0,0,0,3,3,318,577,2.0,-0.5701906412478336,-1.0,2.0
2025-08,weekend,tarda_mattina,REG,15618,29803.0,22,9573.0,0,0,0,568,303,20230.0,6398,105,0,0,1652,1652,7423,15618,8.0,0.6186906223744587,0.0,5.0
2025-08,weekend,tarda_mattina,,1054,11910.0,30,9994.0,0,0,0,290,218,1916.0,250,102,0,0,416,416,388,1054,48.79999999999996,9.481973434535105,2.0,28.40000000000004
2025-09,infrasettimanale,mattina,EC,126,558.0,1,297.0,0,0,0,17,8,261.0,38,3,0,0,28,28,53,126,15.0,2.495798319327731,1.0,13.0
2025-09,infrasettimanale,mattina,EXP,1,42.0,0,42.0,0,0,0,1,1,0.0,0,1,0,0,1,1,0,1,42.0,42.0,42.0,42.0
2025-09,infrasettimanale,mattina,IC,577,7929.0,24,7447.0,0,0,0,198,154,482.0,152,75,0,0,297,297,123,577,51.89999999999986,13.01923076923077,5.0,37.0
2025-09,infrasettimanale,mattina,ICN,7,67.0,0,12.0,0,0,0,2,2,55.0,0,1,0,0,3,3,4,7,29.4,1.7142857142857142,-3.0,28.8
2025-09,infrasettimanale,mattina,MET,1073,1778.0,0,787.0,0,0,0,31,13,991.0,476,2,0,0,119,119,430,1073,7.0,0.7678048780487805,0.0,5.0
2025-09,infrasettimanale,mattina,NCL,2,35.0,0,2.0,0,0,0,1,1,33.0,0,1,0,0,1,1,1,2,31.599999999999994,1.0,1.0,28.200000000000003
2025-09,infrasettimanale,mattina,REG,37799,117551.0,124,83670.0,0,0,0,2608,1478,33881.0,16538,521,0,0,7178,7178,13079,37799,12.0,2.273950264981655,1.0,7.0
2025-09,infrasettimanale,mattina,,3190,35632.0,116,32576.0,0,0,0,1004,660,3056.0,822,286,0,0,1578,1578,728,3190,48.0,10.414322250639389,5.0,27.700000000000045
2025-09,infrasettimanale,notte,EC,21,133.0,0,103.0,0,0,0,2,2,30.0,4,2,0,0,6,6,8,21,45.24999999999998,5.722222222222222,1.0,17.800000000000026
2025-09,infrasettimanale,notte,EN,40,1208.0,6,1200.0,0,0,0,26,19,8.0,8,12,0,0,30,30,2,40,128.79999999999995,30.0,14.0,80.80000000000003
2025-09,infrasettimanale,notte,EXP,14,179.0,1,160.0,0,0,0,5,5,19.0,2,1,0,0,6,6,4,14,50.64999999999996,13.333333333333334,6.0,24.700000000000006
2025-09,infrasettimanale,notte,IC,280,2554.0,9,1910.0,0,0,0,68,46,644.0,70,26,0,0,97,97,110,280,40.599999999999966,6.8953068592057765,2.0,27.0
2025-09,infrasettimanale,notte,ICN,39,381.0,3,192.0,0,0,0,6,5,189.0,11,3,0,0,8,8,20,39,83.10000000000002,4.923076923076923,-1.0,15.200000000000005
2025-09,infrasettimanale,notte,MET,377,462.0,2,-192.0,0,0,0,5,4,654.0,120,4,0,0,8,8,231,377,3.0,-0.5348189415041783,-1.0,2.0
2025-09,infrasettimanale,notte,NCL,4,228.0,1,228.0,0,0,0,4,4,0.0,0,4,0,0,4,4,0,4,110.99999999999996,57.0,37.5,99.0
2025-09,infrasettimanale,notte,REG,15785,38306.0,56,21262.0,0,0,0,778,441,17044.0,6671,181,0,0,2084,2084,6553,15785,10.0,1.3889469558400835,0.0,6.0
2025-09,infrasettimanale,notte,,1116,10586.0,36,9250.0,0,0,0,272,180,1336.0,356,94,0,0,424,424,316,1116,40.0,8.43978102189781,2.0,25.30000000000001
2025-09,infrasettimanale,pomeriggio,EC,286,3140.0,10,2768.0,0,0,0,83,57,372.0,60,23,0,0,120,120,81,286,56.0,10.60536398467433,3.0,26.0
2025-09,infrasettimanale,pomeriggio,EXP,8,69.0,0,62.0,0,0,0,1,1,7.0,1,1,0,0,3,3,2,8,41.25,10.333333333333334,4.0,30.5
2025-09,infrasettimanale,pomeriggio,IC,492,5383.0,14,4869.0,0,0,0,153,115,514.0,116,48,0,0,237,237,129,492,45.849999999999966,10.101659751037344,4.0,29.0
2025-09,infrasettimanale,pomeriggio,ICN,40,346.0,2,218.0,0,0,0,7,7,128.0,7,6,0,0,10,10,23,40,48.74999999999996,5.45,-1.0,37.1
2025-09,infrasettimanale,pomeriggio,MET,1344,1724.0,0,154.0,0,0,0,41,13,1570.0,544,2,0,0,99,99,632,1344,7.0,0.1207843137254902,0.0,3.6000000000001364
2025-09,infrasettimanale,pomeriggio,NCL,4,10.0,0,-109.0,0,0,0,1,0,119.0,0,0,0,0,1,1,3,4,4.149999999999984,-27.25,-34.0,-1.6999999999999922
2025-09,infrasettimanale,pomeriggio,REG,46285,137065.0,126,95201.0,0,0,0,3253,1887,41864.0,19548,593,0,0,8355,8355,16469,46285,13.0,2.145519697106283,1.0,7.0
2025-09,infrasettimanale,pomeriggio,,2952,41456.0,128,38772.0,0,0,0,1098,812,2684.0,690,390,0,0,1598,1598,608,2952,56.0,13.388121546961326,6.0,37.0
2025-09,infrasettimanale,sera,DIR,1,27.0,0,27.0,0,0,0,1,1,0.0,0,0,0,0,1,1,0,1,27.0,27.0,27.0,27.0
2025-09,infrasettimanale,sera,EC,184,2047.0,6,1904.0,0,0,0,48,36,143.0,33,19,0,0,90,90,46,184,49.6,11.266272189349111,5.0,31.0
2025-09,infrasettimanale,sera,EN,41,845.0,2,841.0,0,0,0,22,16,4.0,9,8,0,0,31,31,1,41,56.0,20.51219512195122,10.0,44.0
2025-09,infrasettimanale,sera,EXP,5,26.0,0,23.0,0,0,0,1,1,3.0,2,0,0,0,1,1,1,5,19.849999999999994,5.75,1.5,16.700000000000003
2025-09,infrasettimanale,sera,IC,291,3766.0,16,3286.0,0,0,0,88,63,480.0,68,34,0,0,130,130,88,291,63.75,11.48951048951049,4.0,39.0
2025-09,infrasettimanale,sera,ICN,228,1874.0,8,1381.0,0,0,0,41,32,493.0,58,13,0,0,71,71,99,228,34.94999999999993,6.057017543859649,1.0,20.30000000000001
2025-09,infrasettimanale,sera,IR,1,14.0,0,14.0,0,0,0,1,0,0.0,0,0,0,0,1,1,0,1,14.0,14.0,14.0,14.0
2025-09,infrasettimanale,sera,MET,1245,1647.0,0,57.0,0,0,0,26,10,1590.0,533,7,0,0,82,82,609,1245,5.0,0.0465686274509803,0.0,4.0
2025-09,infrasettimanale,sera,REG,37128,126715.0,142,91557.0,0,0,0,3053,1782,35158.0,15241,656,0,0,7667,7667,13278,37128,14.0,2.530177416680484,1.0,8.0
2025-09,infrasettimanale,sera,,1170,11966.0,32,9806.0,0,0,0,332,236,2160.0,250,118,0,0,518,518,386,1170,45.0,8.49740034662045,3.0,30.0
2025-09,infrasettimanale,tarda_mattina,EC,361,2429.0,5,1987.0,0,0,0,65,41,442.0,91,20,0,0,126,126,117,361,36.0499999999999,5.949101796407184,2.0,18.0
2025-09,infrasettimanale,tarda_mattina,EXP,18,559.0,3,477.0,0,0,0,4,4,82.0,3,3,0,0,7,7,5,18,167.0999999999997,31.799999999999997,4.0,76.0
2025-09,infrasettimanale,tarda_mattina,IC,623,7353.0,21,6378.0,0,0,0,193,139,975.0,162,68,0,0,278,278,179,623,53.10000000000003,10.303715670436189,3.0,34.0
2025-09,infrasettimanale,tarda_mattina,ICN,43,128.0,0,25.0,0,0,0,3,2,103.0,14,0,0,0,10,10,19,43,10.799999999999995,0.5813953488372093,0.0,8.0
2025-09,infrasettimanale,tarda_mattina,IR,2,4.0,0,2.0,0,0,0,0,0,2.0,1,0,0,0,0,0,1,2,3.6999999999999993,1.0,1.0,3.4000000000000004
2025-09,infrasettimanale,tarda_mattina,MET,1496,1595.0,0,-299.0,0,0,0,19,9,1894.0,587,3,0,0,76,76,778,1496,5.0,-0.2074947952810546,-1.0,3.0
2025-09,infrasettimanale,tarda_mattina,NCL,7,3.0,0,-162.0,0,0,0,0,0,165.0,1,0,0,0,0,0,6,7,1.7999999999999972,-23.142857142857142,-25.0,0.6000000000000014
2025-09,infrasettimanale,tarda_mattina,REG,47075,120051.0,93,74191.0,0,0,0,2670,1538,45860.0,19907,499,0,0,7267,7267,18066,47075,11.0,1.639942528735632,1.0,6.0
2025-09,infrasettimanale,tarda_mattina,,2986,39930.0,130,37338.0,0,0,0,1072,794,2592.0,726,400,0,0,1530,1530,666,2986,54.0,12.7782340862423,5.0,36.0
2025-09,weekend,mattina,EC,49,154.0,0,19.0,0,0,0,5,3,135.0,10,1,0,0,8,8,31,49,16.799999999999955,0.3877551020408163,-1.0,8.600000000000009
2025-09,weekend,mattina,EXP,1,36.0,0,36.0,0,0,0,1,1,0.0,0,1,0,0,1,1,0,1,36.0,36.0,36.0,36.0
2025-09,weekend,mattina,IC,217,1846.0,4,1387.0,0,0,0,49,31,459.0,57,12,0,0,75,75,81,217,31.399999999999977,6.511737089201878,2.0,19.0
2025-09,weekend,mattina,ICN,3,1.0,0,-25.0,0,0,0,0,0,26.0,1,0,0,0,0,0,2,3,0.7999999999999998,-8.333333333333334,-1.0,0.6000000000000001
2025-09,weekend,mattina,IR,1,0.0,0,0.0,0,0,0,0,0,0.0,0,0,0,0,0,0,0,1,0.0,0.0,0.0,0.0
2025-09,weekend,mattina,MET,353,358.0,0,-93.0,0,0,0,4,1,451.0,149,0,0,0,19,19,179,353,5.0,-0.2680115273775216,-1.0,3.0
2025-09,weekend,mattina,REG,9534,19508.0,15,8165.0,0,0,0,375,204,11343.0,4137,72,0,0,1111,1111,4187,9534,8.0,0.8653948065712771,0.0,5.0
2025-09,weekend,mattina,,994,5640.0,14,4126.0,0,0,0,148,86,1514.0,340,32,0,0,296,296,356,994,20.25,4.159274193548387,2.0,13.5
2025-09,weekend,notte,EC,8,9.0,0,-9.0,0,0,0,0,0,18.0,2,0,0,0,1,1,5,8,4.299999999999999,-1.125,-2.5,3.6
2025-09,weekend,notte,EN,16,643.0,2,622.0,0,0,0,7,5,21.0,3,4,0,0,9,9,4,16,226.0,38.875,7.0,125.5
2025-09,weekend,notte,EXP,9,58.0,0,58.0,0,0,0,1,1,0.0,0,1,0,0,1,1,0,9,58.0,58.0,58.0,58.0
2025-09,weekend,notte,IC,95,534.0,2,223.0,0,0,0,13,11,311.0,27,5,0,0,17,17,48,95,36.00000000000006,2.4239130434782608,-1.0,15.0
2025-09,weekend,notte,ICN,18,329.0,2,246.0,0,0,0,3,2,83.0,3,2,0,0,5,5,10,18,93.24999999999976,13.666666666666666,-1.5,28.70000000000004
2025-09,weekend,notte,MET,126,161.0,1,-61.0,0,0,0,1,1,222.0,39,1,0,0,4,4,82,126,3.0,-0.488,-1.0,2.0
2025-09,weekend,notte,REG,4221,9109.0,17,3800.0,0,0,0,164,94,5309.0,1767,35,0,0,472,472,1940,4221,8.0,0.9093084469968892,0.0,5.0
2025-09,weekend,notte,,332,2174.0,8,1254.0,0,0,0,66,34,920.0,80,16,0,0,104,104,148,332,27.75,3.7771084337349397,0.0,15.5
2025-09,weekend,pomeriggio,EC,112,717.0,1,520.0,0,0,0,20,15,197.0,26,8,0,0,39,39,46,112,31.5,4.684684684684685,2.0,19.0
2025-09,weekend,pomeriggio,EXP,2,35.0,0,26.0,0,0,0,1,1,9.0,0,1,0,0,1,1,1,2,32.8,13.0,13.0,30.6
2025-09,weekend,pomeriggio,IC,193,1751.0,6,1459.0,0,0,0,50,34,292.0,44,14,0,0,83,83,63,193,37.54999999999998,7.678947368421052,3.0,26.0
2025-09,weekend,pomeriggio,ICN,3,0.0,0,-7.0,0,0,0,0,0,7.0,1,0,0,0,0,0,2,3,-0.2000000000000001,-2.333333333333333,-2.0,-0.3999999999999999
2025-09,weekend,pomeriggio,IR,1,20.0,0,20.0,0,0,0,1,1,0.0,0,0,0,0,1,1,0,1,20.0,20.0,20.0,20.0
2025-09,weekend,pomeriggio,MET,452,633.0,0,22.0,0,0,0,17,11,611.0,164,3,0,0,27,27,254,452,7.799999999999954,0.049438202247191,-1.0,3.0
2025-09,weekend,pomeriggio,REG,11944,27550.0,31,13585.0,0,0,0,549,323,13965.0,5104,116,0,0,1608,1608,5157,11944,9.0,1.144578313253012,0.0,6.0
2025-09,weekend,pomeriggio,,1004,12500.0,52,10912.0,0,0,0,280,220,1588.0,216,140,0,0,430,430,356,1004,60.0,10.890219560878243,3.0,39.0
2025-09,weekend,sera,EC,71,407.0,0,325.0,0,0,0,18,9,82.0,12,0,0,0,33,33,25,71,21.55,4.642857142857143,3.5,15.500000000000009
2025-09,weekend,sera,EN,15,297.0,2,297.0,0,0,0,8,5,0.0,3,3,0,0,12,12,0,15,71.29999999999998,19.8,10.0,51.39999999999999
2025-09,weekend,sera,EXP,5,41.0,0,32.0,0,0,0,1,1,9.0,1,1,0,0,1,1,3,5,31.599999999999994,6.4,-1.0,24.200000000000003
2025-09,weekend,sera,IC,111,1119.0,4,879.0,0,0,0,26,20,240.0,28,10,0,0,40,40,43,111,43.0,7.918918918918919,2.0,25.0
2025-09,weekend,sera,ICN,100,818.0,2,456.0,0,0,0,12,8,362.0,23,6,0,0,27,27,50,100,31.199999999999992,4.56,-0.5,11.0
2025-09,weekend,sera,MET,406,428.0,0,-128.0,0,0,0,6,1,556.0,168,1,0,0,22,22,214,406,5.0,-0.3168316831683168,-1.0,3.0
2025-09,weekend,sera,REG,10158,28713.0,35,17543.0,0,0,0,635,359,11170.0,4256,130,0,0,1639,1639,4175,10158,11.0,1.7421052631578946,0.0,7.0
2025-09,weekend,sera,,390,3390.0,20,2388.0,0,0,0,86,64,1002.0,82,32,0,0,134,134,174,390,60.399999999999864,6.123076923076923,1.0,23.0
2025-09,weekend,tarda_mattina,EC,154,1167.0,3,914.0,0,0,0,35,24,253.0,35,9,0,0,56,56,63,154,30.69999999999999,5.935064935064935,2.0,21.40000000000004
2025-09,weekend,tarda_mattina,EXP,2,68.0,1,68.0,0,0,0,1,1,0.0,0,1,0,0,1,1,0,2,68.0,68.0,68.0,68.0
2025-09,weekend,tarda_mattina,IC,252,2510.0,10,1712.0,0,0,0,56,44,798.0,53,28,0,0,86,86,112,252,53.5,6.820717131474104,1.0,33.0
2025-09,weekend,tarda_mattina,ICN,16,29.0,0,-42.0,0,0,0,0,0,71.0,4,0,0,0,3,3,9,16,8.25,-2.625,-1.0,6.5
2025-09,weekend,tarda_mattina,MET,524,483.0,0,-272.0,0,0,0,5,2,755.0,187,1,0,0,30,30,301,524,5.0,-0.525096525096525,-1.0,3.0
2025-09,weekend,tarda_mattina,REG,13209,26041.0,13,10151.0,0,0,0,512,279,15890.0,5616,75,0,0,1570,1570,5929,13209,8.0,0.7739992375142966,0.0,5.0
2025-09,weekend,tarda_mattina,,982,12216.0,42,11116.0,0,0,0,290,208,1100.0,260,120,0,0,456,456,256,982,53.0,11.436213991769549,4.0,34.0
2025-10,infrasettimanale,mattina,EC,155,513.0,0,194.0,0,0,0,15,7,319.0,40,1,0,0,43,43,67,155,14.0,1.2933333333333332,1.0,9.099999999999994
2025-10,infrasettimanale,mattina,EN,4,27.0,0,27.0,0,0,0,1,0,0.0,1,0,0,0,3,3,0,4,10.249999999999998,6.75,6.0,9.5
2025-10,infrasettimanale,mattina,IC,588,5670.0,20,5021.0,0,0,0,143,92,649.0,161,47,0,0,244,244,162,588,45.39999999999986,8.855379188712522,3.0,23.40000000000004
2025-10,infrasettimanale,mattina,ICN,3,0.0,0,-62.0,0,0,0,0,0,62.0,0,0,0,0,0,0,3,3,-13.199999999999998,-20.666666666666668,-24.0,-14.4
2025-10,infrasettimanale,mattina,IR,1,0.0,0,-1.0,0,0,0,0,0,1.0,0,0,0,0,0,0,1,1,-1.0,-1.0,-1.0,-1.0
2025-10,infrasettimanale,mattina,MET,1251,2982.0,1,1809.0,0,0,0,67,37,1173.0,554,12,0,0,170,170,504,1251,10.0,1.473127035830619,1.0,6.0
2025-10,infrasettimanale,mattina,NCL,4,138.0,1,138.0,0,0,0,4,3,0.0,0,2,0,0,4,4,0,4,57.3,34.5,32.5,54.6
2025-10,infrasettimanale,mattina,REG,40077,130966.0,99,97435.0,0,0,0,3001,1625,33531.0,17702,533,0,0,8479,8479,13193,40077,13.0,2.474602529588053,1.0,8.0
2025-10,infrasettimanale,mattina,,3276,38468.0,106,35762.0,0,0,0,1020,702,2706.0,914,360,0,0,1580,1580,716,3276,52.0,11.140809968847352,4.0,31.600000000000136
2025-10,infrasettimanale,notte,DIR,1,0.0,0,0.0,0,0,0,0,0,0.0,0,0,0,0,0,0,0,1,0.0,0.0,0.0,0.0
2025-10,infrasettimanale,notte,EC,24,65.0,0,-4.0,0,0,0,1,1,69.0,5,1,0,0,4,4,15,24,8.699999999999996,-0.1666666666666666,-1.5,6.699999999999999
2025-10,infrasettimanale,notte,EN,12,50.0,0,50.0,0,0,0,0,0,0.0,7,0,0,0,5,5,0,12,6.799999999999997,4.166666666666667,4.0,5.0
2025-10,infrasettimanale,notte,EXP,1,0.0,0,-11.0,0,0,0,0,0,11.0,0,0,0,0,0,0,1,1,-11.0,-11.0,-11.0,-11.0
2025-10,infrasettimanale,notte,IC,324,2687.0,6,2028.0,0,0,0,77,46,659.0,75,24,0,0,135,135,101,324,35.5,6.520900321543408,3.0,22.0
2025-10,infrasettimanale,notte,ICN,76,292.0,1,23.0,0,0,0,6,5,269.0,29,2,0,0,15,15,32,76,15.0,0.3026315789473684,1.0,7.5
2025-10,infrasettimanale,notte,MET,441,474.0,0,-391.0,0,0,0,7,6,865.0,136,4,0,0,16,16,286,441,4.0,-0.8926940639269406,-1.0,2.0
2025-10,infrasettimanale,notte,NCL,16,1318.0,10,1318.0,0,0,0,16,16,0.0,0,16,0,0,16,16,0,16,137.75,82.375,74.0,127.5
2025-10,infrasettimanale,notte,REG,16509,42148.0,54,24515.0,0,0,0,862,527,17633.0,7310,219,0,0,2306,2306,6594,16509,10.0,1.512338062924121,0.0,6.0
2025-10,infrasettimanale,notte,,1192,13630.0,48,12434.0,0,0,0,324,240,1196.0,346,140,0,0,494,494,318,1192,53.10000000000002,10.73747841105354,3.0,32.200000000000045
2025-10,infrasettimanale,pomeriggio,EC,310,2610.0,6,2184.0,0,0,0,81,55,426.0,75,24,0,0,128,128,98,310,39.0,7.255813953488371,3.0,24.0
2025-10,infrasettimanale,pomeriggio,EXP,5,71.0,1,68.0,0,0,0,1,1,3.0,1,1,0,0,2,2,2,5,51.79999999999999,13.6,1.0,40.60000000000001
2025-10,infrasettimanale,pomeriggio,IC,447,3774.0,11,3286.0,0,0,0,101,75,488.0,109,26,0,0,206,206,112,447,32.69999999999999,7.695550351288056,4.0,23.0
2025-10,infrasettimanale,pomeriggio,ICN,23,125.0,0,46.0,0,0,0,3,2,79.0,0,2,0,0,5,5,18,23,39.79999999999996,2.0,-4.0,10.400000000000002
2025-10,infrasettimanale,pomeriggio,MET,1549,2433.0,1,52.0,0,0,0,56,34,2381.0,538,15,0,0,118,118,864,1549,7.0,0.0342105263157894,-1.0,4.0
2025-10,infrasettimanale,pomeriggio,NCL,14,430.0,4,357.0,0,0,0,7,6,73.0,0,6,0,0,9,9,2,14,103.5,32.45454545454545,32.0,95.0
2025-10,infrasettimanale,pomeriggio,REG,48709,144427.0,107,100525.0,0,0,0,3274,1810,43902.0,21285,601,0,0,9063,9063,16838,48709,12.0,2.13039884711567,1.0,7.0
2025-10,infrasettimanale,pomeriggio,,3122,32280.0,68,29034.0,0,0,0,1002,692,3246.0,776,278,0,0,1476,1476,812,3122,42.450000000000045,9.475848563968668,4.0,27.0
2025-10,infrasettimanale,sera,EC,243,1728.0,4,1460.0,0,0,0,56,28,268.0,53,15,0,0,102,102,77,243,34.0,6.293103448275862,3.0,16.0
2025-10,infrasettimanale,sera,EN,13,360.0,2,350.0,0,0,0,10,9,10.0,0,5,0,0,12,12,1,13,72.79999999999998,26.923076923076923,18.0,65.40000000000002
2025-10,infrasettimanale,sera,EXP,13,203.0,2,149.0,0,0,0,4,4,54.0,2,3,0,0,4,4,7,13,72.6,11.461538461538462,-1.0,62.800000000000026
2025-10,infrasettimanale,sera,IC,393,4503.0,17,3699.0,0,0,0,85,58,804.0,77,35,0,0,128,128,167,393,54.89999999999998,9.943548387096774,1.0,25.0
2025-10,infrasettimanale,sera,ICN,258,1988.0,7,1370.0,0,0,0,48,35,618.0,69,19,0,0,75,75,114,258,44.14999999999998,5.310077519379845,0.0,22.30000000000001
2025-10,infrasettimanale,sera,MET,1454,1784.0,0,-502.0,0,0,0,33,17,2286.0,557,4,0,0,100,100,769,1454,6.0,-0.3520336605890603,-1.0,3.0
2025-10,infrasettimanale,sera,NCL,22,1208.0,9,1181.0,0,0,0,21,20,27.0,0,16,0,0,21,21,1,22,95.0,53.68181818181818,46.0,94.6
2025-10,infrasettimanale,sera,REG,38651,138467.0,175,100493.0,0,0,0,3200,1802,37974.0,15841,671,0,0,8237,8237,13727,38651,14.0,2.658193360666578,1.0,8.0
2025-10,infrasettimanale,sera,,1174,8228.0,22,6188.0,0,0,0,250,134,2040.0,250,44,0,0,436,436,462,1174,25.0,5.390243902439025,2.0,16.0
2025-10,infrasettimanale,tarda_mattina,EC,377,2700.0,7,2192.0,0,0,0,80,48,508.0,101,19,0,0,138,138,129,377,29.649999999999977,5.956521739130435,2.0,19.0
2025-10,infrasettimanale,tarda_mattina,EXP,6,33.0,0,-64.0,0,0,0,2,1,97.0,0,0,0,0,2,2,4,6,19.75,-10.666666666666666,-5.5,16.5
2025-10,infrasettimanale,tarda_mattina,IC,698,6674.0,21,5339.0,0,0,0,189,134,1335.0,154,59,0,0,292,292,227,698,47.19999999999994,7.933135215453194,2.0,24.800000000000068
2025-10,infrasettimanale,tarda_mattina,ICN,49,293.0,2,152.0,0,0,0,6,4,141.0,10,2,0,0,17,17,22,49,20.399999999999977,3.1020408163265305,2.0,11.600000000000009
2025-10,infrasettimanale,tarda_mattina,IR,2,0.0,0,-1.0,0,0,0,0,0,1.0,0,0,0,0,0,0,1,2,-1.0,-1.0,-1.0,-1.0
2025-10,infrasettimanale,tarda_mattina,MET,1758,1807.0,0,-971.0,0,0,0,31,12,2778.0,597,2,0,0,102,102,1021,1758,5.0,-0.5645348837209302,-1.0,3.0
2025-10,infrasettimanale,tarda_mattina,NCL,17,296.0,1,75.0,0,0,0,7,6,221.0,0,3,0,0,7,7,6,17,81.39999999999989,5.769230769230769,11.0,49.60000000000001
2025-10,infrasettimanale,tarda_mattina,REG,49018,117340.0,88,67392.0,0,0,0,2360,1313,49948.0,21307,427,0,0,7091,7091,19235,49018,9.0,1.4148174584846642,0.0,6.0
2025-10,infrasettimanale,tarda_mattina,,2990,32914.0,98,30408.0,0,0,0,910,636,2506.0,844,324,0,0,1456,1456,620,2990,48.04999999999996,10.413698630136986,4.0,32.100000000000136
2025-10,weekend,mattina,EC,47,112.0,0,3.0,0,0,0,4,2,109.0,10,1,0,0,6,6,30,47,11.75,0.0652173913043478,-1.5,5.5
2025-10,weekend,mattina,EN,2,6.0,0,1.0,0,0,0,0,0,5.0,0,0,0,0,1,1,1,2,5.449999999999999,0.5,0.5,4.9
2025-10,weekend,mattina,EXP,5,112.0,1,99.0,0,0,0,1,1,13.0,0,1,0,0,2,2,3,5,86.59999999999998,19.8,-2.0,66.20000000000002
2025-10,weekend,mattina,IC,205,1181.0,2,764.0,0,0,0,22,13,417.0,61,10,0,0,60,60,84,205,24.59999999999988,3.726829268292683,1.0,10.0
2025-10,weekend,mattina,ICN,1,0.0,0,-9.0,0,0,0,0,0,9.0,0,0,0,0,0,0,1,1,-9.0,-9.0,-9.0,-9.0
2025-10,weekend,mattina,IR,1,0.0,0,-4.0,0,0,0,0,0,4.0,0,0,0,0,0,0,1,1,-4.0,-4.0,-4.0,-4.0
2025-10,weekend,mattina,MET,383,334.0,0,-217.0,0,0,0,3,1,551.0,155,1,0,0,16,16,209,383,4.0,-0.5710526315789474,-1.0,2.1000000000000227
2025-10,weekend,mattina,REG,9534,20741.0,11,9783.0,0,0,0,436,237,10958.0,4079,65,0,0,1266,1266,4122,9534,9.0,1.033379106369494,0.0,6.0
2025-10,weekend,mattina,,990,10334.0,32,8762.0,0,0,0,254,202,1572.0,252,94,0,0,412,412,326,990,47.0,8.85050505050505,3.0,27.0
2025-10,weekend,notte,EC,8,27.0,0,9.0,0,0,0,1,1,18.0,1,0,0,0,1,1,6,8,17.549999999999986,1.125,-2.5,8.099999999999994
2025-10,weekend,notte,EN,5,15.0,0,14.0,0,0,0,0,0,1.0,3,0,0,0,1,1,1,5,6.4,2.8,3.0,5.800000000000001
2025-10,weekend,notte,EXP,6,70.0,1,36.0,0,0,0,1,1,34.0,0,1,0,0,1,1,5,6,52.0,6.0,-3.5,34.0
2025-10,weekend,notte,IC,111,725.0,1,349.0,0,0,0,20,14,376.0,26,6,0,0,31,31,53,111,30.84999999999998,3.172727272727273,1.0,17.500000000000043
2025-10,weekend,notte,ICN,22,27.0,0,-96.0,0,0,0,1,1,123.0,4,0,0,0,2,2,16,22,6.799999999999997,-4.363636363636363,-4.5,2.8000000000000043
2025-10,weekend,notte,MET,130,118.0,0,-161.0,0,0,0,3,1,279.0,33,0,0,0,6,6,91,130,3.0,-1.2384615384615385,-2.0,2.0
2025-10,weekend,notte,NCL,10,789.0,6,789.0,0,0,0,6,6,0.0,0,6,0,0,6,6,0,10,157.75,131.5,141.0,157.5
2025-10,weekend,notte,REG,4168,8364.0,4,2715.0,0,0,0,166,111,5649.0,1712,36,0,0,466,466,1955,4168,8.0,0.6569078151463827,0.0,5.0
2025-10,weekend,notte,,336,3336.0,8,2750.0,0,0,0,98,64,586.0,74,34,0,0,142,142,120,336,38.30000000000001,8.18452380952381,2.0,28.600000000000023
2025-10,weekend,pomeriggio,EC,96,622.0,2,445.0,0,0,0,16,13,177.0,24,5,0,0,27,27,42,96,28.19999999999997,4.78494623655914,1.0,23.999999999999982
2025-10,weekend,pomeriggio,EXP,5,238.0,1,222.0,0,0,0,1,1,16.0,1,1,0,0,1,1,3,5,188.0,44.4,-4.0,142.00000000000003
2025-10,weekend,pomeriggio,IC,161,1176.0,1,825.0,0,0,0,37,28,351.0,38,11,0,0,53,53,70,161,37.0,5.124223602484472,1.0,20.0
2025-10,weekend,pomeriggio,ICN,9,15.0,0,-21.0,0,0,0,1,1,36.0,0,0,0,0,1,1,8,9,7.799999999999994,-2.333333333333333,-4.0,0.6000000000000032
2025-10,weekend,pomeriggio,IR,1,3.0,0,3.0,0,0,0,0,0,0.0,1,0,0,0,0,0,0,1,3.0,3.0,3.0,3.0
2025-10,weekend,pomeriggio,MET,490,374.0,0,-415.0,0,0,0,6,4,789.0,174,0,0,0,17,17,294,490,3.7999999999999545,-0.8556701030927835,-1.0,2.0
2025-10,weekend,pomeriggio,REG,11512,24697.0,18,11020.0,0,0,0,457,255,13677.0,5026,99,0,0,1435,1435,4976,11512,8.0,0.9635393897000964,0.0,5.0
2025-10,weekend,pomeriggio,,988,8772.0,24,6926.0,0,0,0,226,158,1846.0,254,66,0,0,358,358,376,988,38.0,7.010121457489879,2.0,21.0
2025-10,weekend,sera,EC,69,402.0,1,297.0,0,0,0,10,10,105.0,23,4,0,0,17,17,27,69,28.99999999999996,4.432835820895522,1.0,21.4
2025-10,weekend,sera,EN,7,86.0,0,84.0,0,0,0,4,3,2.0,1,0,0,0,4,4,2,7,25.1,12.0,11.0,24.200000000000006
2025-10,weekend,sera,EXP,7,1.0,0,-9.0,0,0,0,0,0,10.0,2,0,0,0,0,0,1,7,0.8999999999999998,-3.0,0.0,0.8
2025-10,weekend,sera,IC,125,1247.0,4,988.0,0,0,0,20,15,259.0,37,8,0,0,31,31,57,125,34.599999999999994,7.904,0.0,15.600000000000009
2025-10,weekend,sera,ICN,103,416.0,0,110.0,0,0,0,12,8,306.0,21,4,0,0,25,25,57,103,22.0,1.0679611650485437,-1.0,10.799999999999997
2025-10,weekend,sera,MET,445,464.0,0,-292.0,0,0,0,10,3,756.0,171,1,0,0,21,21,247,445,4.0,-0.6651480637813213,-1.0,3.0
2025-10,weekend,sera,REG,9670,23284.0,16,11959.0,0,0,0,488,258,11325.0,4063,95,0,0,1414,1414,4140,9670,10.0,1.2435270874493085,0.0,6.0
2025-10,weekend,sera,,356,1842.0,2,658.0,0,0,0,56,44,1184.0,72,16,0,0,96,96,188,356,28.0,1.848314606741573,-1.0,17.30000000000001
2025-10,weekend,tarda_mattina,EC,147,998.0,2,686.0,0,0,0,31,22,312.0,26,6,0,0,56,56,61,147,24.90000000000001,4.7972027972027975,1.0,17.799999999999997
2025-10,weekend,tarda_mattina,IC,253,1985.0,9,1379.0,0,0,0,57,36,606.0,61,16,0,0,84,84,108,253,36.999999999999886,5.450592885375494,1.0,23.200000000000045
2025-10,weekend,tarda_mattina,ICN,17,117.0,1,67.0,0,0,0,1,1,50.0,6,1,0,0,2,2,9,17,26.59999999999993,3.941176470588236,-1.0,5.600000000000001
2025-10,weekend,tarda_mattina,MET,586,477.0,0,-551.0,0,0,0,4,2,1028.0,203,0,0,0,30,30,347,586,5.0,-0.9499999999999998,-1.0,3.0
2025-10,weekend,tarda_mattina,REG,13116,25713.0,18,9864.0,0,0,0,474,260,15849.0,5692,78,0,0,1512,1512,5837,13116,8.0,0.756383712905452,0.0,5.0
2025-10,weekend,tarda_mattina,,904,11258.0,42,9888.0,0,0,0,274,190,1370.0,230,88,0,0,408,408,266,904,54.0,10.938053097345133,3.5,29.0
2025-11,infrasettimanale,mattina,EC,136,606.0,2,274.0,0,0,0,18,12,332.0,42,3,0,0,28,28,63,136,18.0,2.0601503759398496,0.0,13.0
2025-11,infrasettimanale,mattina,EN,1,36.0,0,36.0,0,0,0,1,1,0.0,0,1,0,0,1,1,0,1,36.0,36.0,36.0,36.0
2025-11,infrasettimanale,mattina,EXP,2,26.0,0,26.0,0,0,0,2,1,0.0,0,0,0,0,2,2,0,2,14.8,13.0,13.0,14.6
2025-11,infrasettimanale,mattina,IC,527,5375.0,18,4671.0,0,0,0,132,100,704.0,143,50,0,0,231,231,148,527,48.94999999999999,8.948275862068966,4.0,28.0
2025-11,infrasettimanale,mattina,ICN,2,0.0,0,-39.0,0,0,0,0,0,39.0,0,0,0,0,0,0,2,2,-17.25,-19.5,-19.5,-17.5
2025-11,infrasettimanale,mattina,IR,2,0.0,0,-6.0,0,0,0,0,0,6.0,0,0,0,0,0,0,2,2,-2.1,-3.0,-3.0,-2.2
2025-11,infrasettimanale,mattina,MET,902,1757.0,1,946.0,0,0,0,24,13,811.0,448,1,0,0,98,98,341,902,7.0,1.0665163472378805,1.0,5.0
2025-11,infrasettimanale,mattina,NCL,5,94.0,0,89.0,0,0,0,3,3,5.0,0,1,0,0,3,3,1,5,45.24999999999999,22.25,22.5,41.5
2025-11,infrasettimanale,mattina,REG,35205,115999.0,71,85652.0,0,0,0,2790,1477,30347.0,15288,437,0,0,7773,7773,11392,35205,13.0,2.4860534641395526,1.0,8.0
2025-11,infrasettimanale,mattina,,5880,73964.0,272,67108.0,0,0,0,1764,1288,6856.0,1532,668,0,0,2808,2808,1520,5880,55.79999999999996,11.451877133105802,4.0,32.0
2025-11,infrasettimanale,notte,EC,20,4.0,0,-99.0,0,0,0,0,0,103.0,2,0,0,0,0,0,18,20,0.2000000000000028,-4.95,-5.5,-0.8999999999999986
2025-11,infrasettimanale,notte,EN,15,414.0,3,414.0,0,0,0,7,6,0.0,0,5,0,0,15,15,0,15,84.39999999999995,27.6,9.0,69.2
2025-11,infrasettimanale,notte,EXP,1,0.0,0,-7.0,0,0,0,0,0,7.0,0,0,0,0,0,0,1,1,-7.0,-7.0,-7.0,-7.0
2025-11,infrasettimanale,notte,IC,295,2639.0,9,1954.0,0,0,0,64,38,685.0,83,21,0,0,113,113,96,295,36.0,6.691780821917808,2.0,17.0
2025-11,infrasettimanale,notte,ICN,54,617.0,3,459.0,0,0,0,14,8,158.0,12,7,0,0,19,19,23,54,62.84999999999994,8.5,1.0,49.7
2025-11,infrasettimanale,notte,MET,300,365.0,1,-64.0,0,0,0,7,5,429.0,111,1,0,0,14,14,173,300,4.0,-0.2147651006711409,-1.0,2.300000000000012
2025-11,infrasettimanale,notte,NCL,30,894.0,6,716.0,0,0,0,12,12,178.0,0,11,0,0,12,12,10,30,117.7,32.54545454545455,29.0,111.20000000000002
2025-11,infrasettimanale,notte,REG,14550,36196.0,31,19573.0,0,0,0,778,451,16623.0,6290,158,0,0,2127,2127,5841,14550,10.0,1.37277317996914,0.0,6.0
2025-11,infrasettimanale,notte,,2080,20904.0,56,18604.0,0,0,0,536,352,2300.0,652,176,0,0,880,880,548,2080,44.0,8.944230769230769,3.0,26.0
2025-11,infrasettimanale,pomeriggio,EC,270,1945.0,2,1406.0,0,0,0,71,46,539.0,53,18,0,0,99,99,109,270,38.0,5.3869731800766285,2.0,22.0
2025-11,infrasettimanale,pomeriggio,EXP,7,44.0,0,30.0,0,0,0,2,2,14.0,4,0,0,0,2,2,1,7,19.5,4.285714285714286,3.0,18.0
2025-11,infrasettimanale,pomeriggio,IC,402,4129.0,11,3616.0,0,0,0,110,80,513.0,106,43,0,0,165,165,125,402,49.0,9.131313131313131,3.0,31.5
2025-11,infrasettimanale,pomeriggio,ICN,10,87.0,1,63.0,0,0,0,2,1,24.0,0,1,0,0,3,3,7,10,42.599999999999945,6.3,-2.5,19.19999999999998
2025-11,infrasettimanale,pomeriggio,IR,1,54.0,0,54.0,0,0,0,1,1,0.0,0,1,0,0,1,1,0,1,54.0,54.0,54.0,54.0
2025-11,infrasettimanale,pomeriggio,MET,1094,1603.0,0,524.0,0,0,0,31,12,1079.0,492,1,0,0,104,104,473,1094,6.599999999999909,0.490177736202058,0.0,4.0
2025-11,infrasettimanale,pomeriggio,NCL,50,1477.0,10,1319.0,0,0,0,17,14,158.0,1,14,0,0,18,18,3,50,191.75,59.95454545454545,44.0,164.50000000000009
2025-11,infrasettimanale,pomeriggio,REG,42544,125899.0,81,86088.0,0,0,0,2886,1592,39811.0,18493,475,0,0,8184,8184,14723,42544,12.0,2.0794202898550727,1.0,7.0
2025-11,infrasettimanale,pomeriggio,,5428,77108.0,308,70816.0,0,0,0,1996,1480,6292.0,1096,732,0,0,2948,2948,1376,5428,67.0,13.065682656826569,6.0,38.0
2025-11,infrasettimanale,sera,EC,217,1403.0,2,1135.0,0,0,0,38,22,268.0,56,10,0,0,82,82,69,217,27.19999999999993,5.483091787439614,3.0,15.0
2025-11,infrasettimanale,sera,EN,15,351.0,1,351.0,0,0,0,11,7,0.0,2,5,0,0,13,13,0,15,61.1,23.4,11.0,56.6
2025-11,infrasettimanale,sera,EXP,4,19.0,0,-13.0,0,0,0,1,1,32.0,0,0,0,0,1,1,3,4,15.399999999999991,-3.25,-8.5,11.800000000000004
2025-11,infrasettimanale,sera,IC,316,4347.0,21,3687.0,0,0,0,71,61,660.0,69,34,0,0,106,106,131,316,82.5,12.049019607843135,1.0,40.5
2025-11,infrasettimanale,sera,ICN,249,2338.0,8,1660.0,0,0,0,58,49,678.0,47,25,0,0,90,90,112,249,46.99999999999997,6.666666666666667,1.0,29.40000000000004
2025-11,infrasettimanale,sera,IR,1,7.0,0,7.0,0,0,0,0,0,0.0,0,0,0,0,1,1,0,1,7.0,7.0,7.0,7.0
2025-11,infrasettimanale,sera,MET,999,1291.0,0,92.0,0,0,0,22,11,1199.0,438,3,0,0,71,71,484,999,6.0,0.0926485397784491,0.0,3.800000000000068
2025-11,infrasettimanale,sera,NCL,37,828.0,4,741.0,0,0,0,20,17,87.0,0,13,0,0,20,20,1,37,92.0,35.285714285714285,36.0,80.0
2025-11,infrasettimanale,sera,REG,34377,105823.0,68,69483.0,0,0,0,2544,1343,36340.0,14192,396,0,0,6922,6922,12750,34377,12.0,2.0518249468462084,1.0,8.0
2025-11,infrasettimanale,sera,,1980,20960.0,68,17564.0,0,0,0,588,392,3396.0,424,172,0,0,888,888,668,1980,43.29999999999996,8.87070707070707,4.0,26.0
2025-11,infrasettimanale,tarda_mattina,EC,315,2379.0,5,1991.0,0,0,0,76,44,388.0,74,17,0,0,123,123,107,315,30.0,6.5493421052631575,2.0,21.69999999999999
2025-11,infrasettimanale,tarda_mattina,EXP,8,399.0,2,392.0,0,0,0,6,5,7.0,0,3,0,0,6,6,2,8,153.74999999999994,49.0,26.5,120.5
2025-11,infrasettimanale,tarda_mattina,IC,629,5812.0,15,4631.0,0,0,0,160,112,1181.0,150,55,0,0,233,233,237,629,48.0,7.469354838709678,2.0,26.200000000000045
2025-11,infrasettimanale,tarda_mattina,ICN,33,181.0,1,22.0,0,0,0,3,2,159.0,4,2,0,0,6,6,23,33,28.599999999999937,0.6666666666666666,-4.0,7.0
2025-11,infrasettimanale,tarda_mattina,MET,1207,1382.0,0,-180.0,0,0,0,19,12,1562.0,500,2,0,0,75,75,615,1207,5.0,-0.1512605042016806,-1.0,3.0
2025-11,infrasettimanale,tarda_mattina,NCL,87,4606.0,29,4409.0,0,0,0,48,47,197.0,2,38,0,0,49,49,6,87,215.39999999999992,77.35087719298245,63.0,189.4
2025-11,infrasettimanale,tarda_mattina,REG,43217,99767.0,77,52179.0,0,0,0,2044,1161,47588.0,18542,381,0,0,5901,5901,17617,43217,9.0,1.2405848787446505,0.0,6.0
2025-11,infrasettimanale,tarda_mattina,,5196,67868.0,272,61952.0,0,0,0,1652,1224,5916.0,1312,664,0,0,2572,2572,1308,5196,62.0,11.932203389830509,4.0,38.0
2025-11,weekend,mattina,EC,60,165.0,0,16.0,0,0,0,6,5,149.0,20,1,0,0,10,10,27,60,16.0,0.2807017543859649,1.0,9.599999999999994
2025-11,weekend,mattina,EN,2,5.0,0,5.0,0,0,0,0,0,0.0,1,0,0,0,1,1,0,2,4.75,2.5,2.5,4.5
2025-11,weekend,mattina,EXP,5,161.0,1,161.0,0,0,0,3,3,0.0,2,3,0,0,3,3,0,5,58.6,32.2,47.0,56.2
2025-11,weekend,mattina,IC,275,2181.0,7,1660.0,0,0,0,55,39,521.0,78,24,0,0,91,91,106,275,43.30000000000001,6.036363636363636,1.0,22.599999999999994
2025-11,weekend,mattina,MET,395,284.0,0,-247.0,0,0,0,4,0,531.0,164,0,0,0,12,12,219,395,3.0,-0.6253164556962025,-1.0,2.0
2025-11,weekend,mattina,NCL,1,0.0,0,0.0,0,0,0,0,0,0.0,0,0,0,0,0,0,0,1,0.0,0.0,0.0,0.0
2025-11,weekend,mattina,REG,11295,25750.0,28,12028.0,0,0,0,509,305,13722.0,4766,116,0,0,1467,1467,4936,11295,9.0,1.076909302533799,0.0,5.0
2025-11,weekend,mattina,,2556,26320.0,116,21644.0,0,0,0,552,428,4676.0,652,236,0,0,904,904,1000,2556,53.10000000000002,8.4679186228482,2.0,27.0
2025-11,weekend,notte,EC,10,4.0,0,-38.0,0,0,0,0,0,42.0,1,0,0,0,0,0,9,10,0.8499999999999925,-3.8,-5.0,-2.3000000000000025
2025-11,weekend,notte,EN,8,36.0,0,36.0,0,0,0,0,0,0.0,4,0,0,0,4,4,0,8,6.65,4.5,4.5,6.3
2025-11,weekend,notte,IC,144,1224.0,4,757.0,0,0,1,19,13,467.0,33,4,0,1,34,34,77,143,20.849999999999994,5.256944444444445,-1.0,13.400000000000034
2025-11,weekend,notte,ICN,28,293.0,3,118.0,0,0,0,5,3,175.0,4,3,0,0,7,7,17,28,78.0,4.214285714285714,-4.0,33.200000000000045
2025-11,weekend,notte,MET,118,118.0,0,-81.0,0,0,0,4,3,199.0,35,0,0,0,6,6,77,118,3.299999999999983,-0.6864406779661016,-1.0,2.0
2025-11,weekend,notte,NCL,30,1293.0,8,1263.0,0,0,0,14,14,30.0,2,11,0,0,14,14,1,30,202.4,74.29411764705883,48.0,177.60000000000002
2025-11,weekend,notte,REG,4948,11125.0,14,4192.0,0,0,0,212,121,6933.0,2010,45,0,0,597,597,2316,4948,9.0,0.8515133048953889,0.0,5.0
2025-11,weekend,notte,,796,6156.0,12,4596.0,0,0,0,180,128,1560.0,208,48,0,0,268,268,316,796,32.299999999999955,5.803030303030303,1.0,23.0
2025-11,weekend,pomeriggio,EC,116,827.0,3,455.0,0,0,0,21,17,372.0,25,8,0,0,32,32,56,116,38.39999999999995,4.026548672566372,0.0,20.8
2025-11,weekend,pomeriggio,EXP,9,20.0,0,-39.0,0,0,0,0,0,59.0,3,0,0,0,2,2,4,9,7.199999999999999,-4.333333333333333,0.0,6.4
2025-11,weekend,pomeriggio,IC,215,1601.0,4,1135.0,0,0,0,41,29,466.0,47,15,0,0,64,64,103,215,34.39999999999998,5.303738317757009,0.0,20.700000000000017
2025-11,weekend,pomeriggio,ICN,8,0.0,0,-45.0,0,0,0,0,0,45.0,0,0,0,0,0,0,8,8,-3.3500000000000005,-5.625,-5.0,-3.7
2025-11,weekend,pomeriggio,IR,2,71.0,1,68.0,0,0,0,1,1,3.0,0,1,0,0,1,1,1,2,67.3,34.0,34.0,63.60000000000001
2025-11,weekend,pomeriggio,MET,502,600.0,2,-22.0,0,0,0,9,6,622.0,184,3,0,0,29,29,287,502,5.0,-0.044,-1.0,3.0
2025-11,weekend,pomeriggio,NCL,4,0.0,0,-52.0,0,0,0,0,0,52.0,0,0,0,0,0,0,2,4,-12.5,-26.0,-26.0,-14.0
2025-11,weekend,pomeriggio,REG,14242,30043.0,13,12709.0,0,0,0,595,311,17334.0,5886,98,0,0,1898,1898,6053,14242,9.0,0.9184794391847944,0.0,6.0
2025-11,weekend,pomeriggio,,2448,24516.0,64,20052.0,0,0,0,696,532,4464.0,580,280,0,0,1000,1000,868,2448,44.0,8.191176470588236,2.0,33.89999999999997
2025-11,weekend,sera,EC,105,603.0,2,367.0,0,0,0,15,10,236.0,23,5,0,0,29,29,52,105,26.549999999999983,3.5288461538461537,-0.5,14.0
2025-11,weekend,sera,EN,10,97.0,0,62.0,0,0,0,5,1,35.0,0,0,0,0,8,8,2,10,21.249999999999982,6.2,9.5,14.499999999999996
2025-11,weekend,sera,EXP,3,89.0,1,68.0,0,0,0,1,1,21.0,1,1,0,0,1,1,1,3,77.69999999999999,22.666666666666668,3.0,69.4
2025-11,weekend,sera,FA,1,55.0,0,55.0,0,0,0,1,1,0.0,0,1,0,0,1,1,0,1,55.0,55.0,55.0,55.0
2025-11,weekend,sera,FR,3,2.0,0,-3.0,0,0,0,0,0,5.0,2,0,0,0,0,0,1,3,1.0,-1.0,1.0,1.0
2025-11,weekend,sera,IC,155,1710.0,7,1265.0,0,0,0,25,20,445.0,37,14,0,0,38,38,80,155,56.19999999999993,8.161290322580646,-1.0,21.19999999999999
2025-11,weekend,sera,ICN,167,978.0,4,404.0,0,0,0,20,14,574.0,45,5,0,0,33,33,89,167,18.69999999999999,2.4191616766467066,-1.0,10.800000000000011
2025-11,weekend,sera,IR,4,19.0,0,19.0,0,0,0,1,0,0.0,3,0,0,0,1,1,0,4,9.949999999999998,4.75,3.5,8.900000000000002
2025-11,weekend,sera,MET,428,393.0,0,-115.0,0,0,0,5,2,508.0,199,2,0,0,15,15,213,428,3.6999999999999886,-0.2693208430913349,0.0,2.0
2025-11,weekend,sera,NCL,5,0.0,0,0.0,0,0,0,0,0,0.0,0,0,0,0,0,0,0,5,0.0,0.0,0.0,0.0
2025-11,weekend,sera,REG,12225,30351.0,35,15552.0,0,0,0,638,378,14799.0,5034,130,0,0,1760,1760,5324,12225,10.0,1.2833800957253672,0.0,6.0
2025-11,weekend,sera,,964,8608.0,28,6640.0,0,0,0,264,180,1968.0,208,92,0,0,384,384,372,964,41.0,6.8879668049792535,2.0,27.0
2025-11,weekend,tarda_mattina,EC,181,1090.0,3,725.0,0,0,0,26,19,365.0,41,6,0,0,52,52,83,181,23.25,4.119318181818182,0.0,15.0
2025-11,weekend,tarda_mattina,EXP,4,350.0,2,350.0,0,0,0,3,3,0.0,0,2,0,0,4,4,0,4,217.95,87.5,51.0,192.90000000000003
2025-11,weekend,tarda_mattina,IC,331,2106.0,6,1245.0,0,0,0,56,39,861.0,91,15,0,0,90,90,149,331,28.0,3.7727272727272725,1.0,15.100000000000026
2025-11,weekend,tarda_mattina,ICN,26,427.0,2,326.0,0,0,0,5,3,101.0,3,3,0,0,8,8,15,26,136.25,12.538461538461538,-1.0,30.0
2025-11,weekend,tarda_mattina,MET,573,522.0,1,-350.0,0,0,0,9,6,872.0,220,2,0,0,14,14,339,573,3.0,-0.6108202443280978,-1.0,2.0
2025-11,weekend,tarda_mattina,NCL,7,39.0,0,38.0,0,0,0,2,1,1.0,0,0,0,0,2,2,1,7,23.9,12.666666666666666,14.0,22.8
2025-11,weekend,tarda_mattina,REG,15579,27497.0,17,6660.0,0,0,0,523,284,20837.0,6339,91,0,0,1589,1589,7225,15579,7.0,0.4395169273411206,0.0,5.0
2025-11,weekend,tarda_mattina,,2204,30144.0,152,26596.0,0,0,0,600,456,3548.0,568,284,0,0,904,904,732,2204,74.0,12.067150635208712,3.0,44.0
2025-12,infrasettimanale,mattina,EC,156,701.0,2,423.0,0,0,0,26,13,278.0,32,2,0,0,42,42,75,156,20.0,2.838926174496644,-1.0,13.0
2025-12,infrasettimanale,mattina,EN,1,1.0,0,1.0,0,0,0,0,0,0.0,1,0,0,0,0,0,0,1,1.0,1.0,1.0,1.0
2025-12,infrasettimanale,mattina,EXP,1,5.0,0,5.0,0,0,0,0,0,0.0,0,0,0,0,1,1,0,1,5.0,5.0,5.0,5.0
2025-12,infrasettimanale,mattina,FA,55,545.0,1,485.0,0,0,0,17,11,60.0,15,5,0,0,26,26,14,55,44.89999999999997,8.818181818181818,4.0,25.0
2025-12,infrasettimanale,mattina,FB,7,258.0,2,246.0,0,0,0,2,2,12.0,1,2,0,0,3,3,3,7,146.99999999999991,35.142857142857146,3.0,114.00000000000004
2025-12,infrasettimanale,mattina,FR,521,6084.0,19,5701.0,0,0,2,180,125,383.0,137,54,0,2,288,288,96,519,46.0,10.942418426103648,6.0,31.0
2025-12,infrasettimanale,mattina,IC,634,6121.0,21,5076.0,1,3,9,158,114,1045.0,159,62,0,10,244,244,222,621,49.0,8.1216,2.0,29.0
2025-12,infrasettimanale,mattina,ICN,2,45.0,0,23.0,0,0,0,1,1,22.0,0,1,0,0,1,1,1,2,41.65,11.5,11.5,38.3
2025-12,infrasettimanale,mattina,MET,997,1791.0,2,706.0,0,1,4,33,16,1085.0,462,6,0,4,95,95,425,992,7.0,0.7189409368635438,0.0,4.0
2025-12,infrasettimanale,mattina,NCL,2,61.0,1,61.0,0,1,0,1,1,0.0,1,1,0,0,1,1,0,1,57.95,30.5,30.5,54.9
2025-12,infrasettimanale,mattina,REG,37364,109584.0,79,74774.0,1,170,171,2456,1282,34810.0,16475,394,0,172,7072,7072,13217,37022,12.0,2.033891850723534,1.0,7.0
2025-12,infrasettimanale,mattina,,3799,51950.0,217,48399.0,0,0,0,1228,876,3551.0,1047,427,0,0,1859,1859,866,3799,66.84160305343511,12.83167586313006,4.435640958146881,33.910897604632794
2025-12,infrasettimanale,notte,EC,23,68.0,0,-4.0,0,0,0,2,2,72.0,5,0,0,0,3,3,15,23,15.299999999999988,-0.1739130434782608,-4.0,8.000000000000004
2025-12,infrasettimanale,notte,EN,21,485.0,3,484.0,0,0,5,12,8,1.0,7,4,0,5,13,13,1,16,100.0,23.047619047619047,10.0,96.0
2025-12,infrasettimanale,notte,EXP,1,0.0,0,0.0,0,0,0,0,0,0.0,0,0,0,0,0,0,0,1,0.0,0.0,0.0,0.0
2025-12,infrasettimanale,notte,FA,16,156.0,1,147.0,0,0,0,2,2,9.0,7,1,0,0,6,6,3,16,42.0,9.1875,2.0,14.5
2025-12,infrasettimanale,notte,FB,7,74.0,0,71.0,0,0,0,3,3,3.0,3,0,0,0,3,3,1,7,27.4,10.142857142857142,2.0,26.8
2025-12,infrasettimanale,notte,FR,171,1777.0,3,1683.0,0,0,1,52,38,94.0,60,19,0,1,78,78,33,170,47.0,9.842105263157896,4.0,32.0
2025-12,infrasettimanale,notte,IC,283,2053.0,3,1217.0,1,0,0,51,43,836.0,84,23,0,1,74,74,121,282,42.0,4.362007168458781,1.0,23.200000000000017
2025-12,infrasettimanale,notte,ICN,68,615.0,3,460.0,0,0,0,8,6,155.0,10,6,0,0,19,19,39,68,39.79999999999998,6.764705882352941,-1.0,13.300000000000004
2025-12,infrasettimanale,notte,MET,346,186.0,0,-338.0,0,1,1,0,0,524.0,119,0,0,1,8,8,216,344,3.0,-0.9854227405247812,-1.0,2.0
2025-12,infrasettimanale,notte,NCL,6,548.0,4,548.0,0,0,0,6,5,0.0,0,5,0,0,6,6,0,6,131.25,91.33333333333331,115.5,129.5
2025-12,infrasettimanale,notte,REG,15698,35394.0,30,17123.0,1,25,35,709,421,18271.0,6640,136,0,36,2081,2081,6720,15637,9.0,1.108930768732595,0.0,5.0
2025-12,infrasettimanale,notte,,1343,14622.0,52,13103.0,0,0,0,348,262,1519.0,397,146,0,0,579,579,343,1343,51.51571109456439,9.934548303266212,2.9910647803425165,32.34609084139984
2025-12,infrasettimanale,pomeriggio,EC,330,2726.0,5,2200.0,0,0,0,82,52,526.0,92,22,0,0,117,117,112,330,35.0,6.853582554517134,2.0,20.0
2025-12,infrasettimanale,pomeriggio,EXP,5,81.0,0,34.0,0,0,0,2,2,47.0,0,2,0,0,2,2,3,5,46.8,6.8,-4.0,42.6
2025-12,infrasettimanale,pomeriggio,FA,52,477.0,1,397.0,0,0,0,14,12,80.0,10,4,0,0,23,23,19,52,45.79999999999998,7.634615384615385,2.5,23.800000000000004
2025-12,infrasettimanale,pomeriggio,FB,8,136.0,1,136.0,0,0,0,3,2,0.0,2,1,0,0,6,6,0,8,54.14999999999997,17.0,8.5,36.29999999999999
2025-12,infrasettimanale,pomeriggio,FR,483,6470.0,28,5993.0,0,0,1,168,117,477.0,116,60,0,1,260,260,107,482,66.0,12.407867494824016,5.0,35.80000000000001
2025-12,infrasettimanale,pomeriggio,IC,480,3941.0,10,3086.0,0,0,5,111,74,855.0,118,35,0,5,165,165,191,475,39.34999999999997,6.510548523206751,2.0,21.69999999999999
2025-12,infrasettimanale,pomeriggio,ICN,16,46.0,0,-12.0,0,0,0,1,1,58.0,0,1,0,0,1,1,15,16,10.75,-0.75,-3.0,-1.5
2025-12,infrasettimanale,pomeriggio,IR,3,141.0,1,141.0,0,0,2,2,2,0.0,1,1,0,2,2,2,0,1,107.59999999999998,47.0,23.0,98.2
2025-12,infrasettimanale,pomeriggio,MET,1225,1601.0,0,199.0,0,1,2,26,11,1402.0,506,6,0,2,91,91,608,1222,6.0,0.1651452282157676,-1.0,4.0
2025-12,infrasettimanale,pomeriggio,NCL,5,55.0,0,55.0,0,3,0,1,1,0.0,3,1,0,0,1,1,0,2,46.74999999999998,13.75,0.0,38.50000000000001
2025-12,infrasettimanale,pomeriggio,REG,45944,127473.0,106,81284.0,1,151,233,2798,1535,46189.0,19596,474,0,234,8040,8040,16945,45559,11.0,1.823287947780445,1.0,7.0
2025-12,infrasettimanale,pomeriggio,,3513,37782.0,132,33058.0,0,0,0,1025,734,4724.0,899,329,0,0,1600,1600,1008,3513,47.74551665243381,9.42609850502701,4.0,27.478223740392867
2025-12,infrasettimanale,sera,EC,243,1508.0,5,1183.0,0,1,0,41,28,325.0,57,8,0,0,76,76,97,242,26.549999999999983,5.143478260869565,2.0,16.0
2025-12,infrasettimanale,sera,ECFR,8,94.0,0,94.0,0,0,0,5,3,0.0,0,0,0,0,8,8,0,8,18.65,11.75,11.5,18.3
2025-12,infrasettimanale,sera,EN,18,503.0,1,498.0,0,0,1,11,10,5.0,4,7,0,1,13,13,1,17,65.74999999999977,27.666666666666668,16.5,38.900000000000006
2025-12,infrasettimanale,sera,EXP,6,10.0,0,8.0,0,0,0,0,0,2.0,1,0,0,0,1,1,1,6,5.8,2.6666666666666665,4.0,5.599999999999999
2025-12,infrasettimanale,sera,FA,14,287.0,1,283.0,0,0,0,5,4,4.0,5,1,0,0,7,7,2,14,80.79999999999994,20.214285714285715,5.5,22.0
2025-12,infrasettimanale,sera,FB,8,66.0,0,64.0,0,0,0,2,1,2.0,1,0,0,0,6,6,1,8,22.099999999999994,8.0,5.5,17.199999999999996
2025-12,infrasettimanale,sera,FR,182,2723.0,11,2494.0,0,0,0,57,38,229.0,42,21,0,0,89,89,51,182,65.79999999999995,13.703296703296703,4.0,31.90000000000001
2025-12,infrasettimanale,sera,IC,325,2983.0,10,2192.0,0,1,0,65,45,791.0,68,29,0,0,105,105,145,324,52.29999999999997,6.893081761006289,1.0,23.600000000000023
2025-12,infrasettimanale,sera,ICN,306,1553.0,5,531.0,0,0,0,37,23,1022.0,74,14,0,0,71,71,161,306,26.75,1.7352941176470589,-1.0,11.0
2025-12,infrasettimanale,sera,IR,1,36.0,0,36.0,0,0,0,1,1,0.0,0,1,0,0,1,1,0,1,36.0,36.0,36.0,36.0
2025-12,infrasettimanale,sera,MET,1101,1193.0,0,-387.0,0,3,2,17,11,1580.0,449,5,0,2,65,65,581,1096,5.0,-0.3534246575342465,-1.0,3.0
2025-12,infrasettimanale,sera,REG,37287,107682.0,94,64956.0,0,107,109,2496,1345,42726.0,14958,440,0,109,6889,6889,14951,37071,12.0,1.7652046306864506,1.0,7.0
2025-12,infrasettimanale,sera,,1355,10147.0,27,7500.0,0,0,0,285,195,2647.0,324,77,0,0,479,479,531,1355,32.912177121771215,5.616538512281372,1.7173431734317344,19.456088560885608
2025-12,infrasettimanale,tarda_mattina,DIR,1,0.0,0,-3.0,0,0,0,0,0,3.0,0,0,0,0,0,0,1,1,-3.0,-3.0,-3.0,-3.0
2025-12,infrasettimanale,tarda_mattina,EC,345,2100.0,4,1584.0,0,1,0,67,43,516.0,93,11,0,0,104,104,139,344,25.0,4.714285714285714,1.0,17.5
2025-12,infrasettimanale,tarda_mattina,ECFR,8,132.0,0,132.0,0,0,0,4,2,0.0,0,2,0,0,8,8,0,8,44.99999999999999,16.5,9.5,38.0
2025-12,infrasettimanale,tarda_mattina,EXP,3,10.0,0,10.0,0,0,1,0,0,0.0,2,0,0,1,1,1,0,2,7.3,3.3333333333333335,1.0,6.6000000000000005
2025-12,infrasettimanale,tarda_mattina,FA,16,366.0,3,360.0,0,0,0,5,5,6.0,6,3,0,0,8,8,2,16,97.5,22.5,5.0,76.5
2025-12,infrasettimanale,tarda_mattina,FB,31,411.0,1,394.0,0,0,0,12,9,17.0,8,4,0,0,15,15,8,31,44.5,12.709677419354838,4.0,32.0
2025-12,infrasettimanale,tarda_mattina,FR,469,5727.0,22,5333.0,0,0,0,133,103,394.0,147,56,0,0,222,222,100,469,51.39999999999986,11.371002132196162,4.0,38.0
2025-12,infrasettimanale,tarda_mattina,IC,661,5052.0,16,3542.0,0,3,8,124,96,1510.0,169,46,0,8,215,215,265,650,38.0,5.457627118644068,1.0,23.0
2025-12,infrasettimanale,tarda_mattina,ICN,61,369.0,2,-167.0,0,0,0,6,5,536.0,4,4,0,0,12,12,45,61,31.0,-2.737704918032787,-6.0,9.0
2025-12,infrasettimanale,tarda_mattina,IR,1,4.0,0,4.0,0,0,0,0,0,0.0,1,0,0,0,0,0,0,1,4.0,4.0,4.0,4.0
2025-12,infrasettimanale,tarda_mattina,MET,1404,1749.0,0,-243.0,0,4,5,33,18,1992.0,531,7,0,5,87,87,765,1395,5.8999999999998645,-0.175704989154013,-1.0,3.0
2025-12,infrasettimanale,tarda_mattina,NCL,18,1200.0,6,1200.0,0,2,0,11,11,0.0,3,9,0,0,11,11,0,16,262.25,85.71428571428571,43.5,227.6000000000001
2025-12,infrasettimanale,tarda_mattina,REG,47385,98331.0,54,45294.0,2,136,227,1886,1099,53037.0,20209,369,0,229,5742,5742,20144,47020,8.0,0.982622844126261,0.0,5.0
2025-12,infrasettimanale,tarda_mattina,,3399,42594.0,170,39090.0,0,0,0,1056,780,3504.0,911,411,0,0,1631,1631,818,3399,59.73690791409233,11.633849042304046,4.0,36.60417769932337
2025-12,weekend,mattina,EC,54,139.0,0,38.0,0,0,0,5,3,101.0,14,0,0,0,11,11,27,54,14.449999999999996,0.7307692307692307,-1.0,8.899999999999999
2025-12,weekend,mattina,EXP,6,53.0,0,35.0,0,0,0,2,2,18.0,0,0,0,0,3,3,3,6,22.5,5.833333333333333,2.0,22.0
2025-12,weekend,mattina,FA,12,88.0,0,82.0,0,0,0,3,2,6.0,2,0,0,0,8,8,2,12,18.7,6.833333333333333,5.5,15.699999999999998
2025-12,weekend,mattina,FB,2,0.0,0,0.0,0,0,0,0,0,0.0,2,0,0,0,0,0,0,2,0.0,0.0,0.0,0.0
2025-12,weekend,mattina,FR,111,672.0,2,501.0,0,0,0,21,12,171.0,33,3,0,0,37,37,41,111,23.0,4.513513513513513,2.0,15.0
2025-12,weekend,mattina,IC,228,1479.0,4,883.0,0,0,4,34,22,596.0,51,11,0,4,73,73,104,224,27.24999999999989,3.87280701754386,1.0,14.0
2025-12,weekend,mattina,ICN,2,8.0,0,8.0,0,0,0,0,0,0.0,1,0,0,0,1,1,0,2,5.8,4.0,4.0,5.6
2025-12,weekend,mattina,MET,319,461.0,1,74.0,0,0,0,10,3,387.0,130,2,0,0,23,23,164,319,8.0,0.2334384858044164,-1.0,3.0
2025-12,weekend,mattina,REG,9474,20106.0,13,8926.0,0,19,19,389,207,11180.0,4055,69,0,19,1250,1250,4110,9436,8.0,0.9480616038236855,0.0,5.0
2025-12,weekend,mattina,,1355,9586.0,14,7372.0,0,0,0,294,185,2214.0,400,81,0,0,459,459,496,1355,31.938007380073778,5.440590405904059,2.0,19.66568265682658
2025-12,weekend,notte,EC,8,0.0,0,-35.0,0,0,0,0,0,35.0,0,0,0,0,0,0,8,8,-1.3500000000000003,-4.375,-4.5,-1.7000000000000002
2025-12,weekend,notte,EN,8,531.0,3,520.0,0,0,2,5,5,11.0,1,3,0,2,6,6,1,6,228.5999999999999,65.0,21.5,178.2
2025-12,weekend,notte,FA,1,0.0,0,-7.0,0,0,0,0,0,7.0,0,0,0,0,0,0,1,1,-7.0,-7.0,-7.0,-7.0
2025-12,weekend,notte,FB,2,11.0,0,11.0,0,0,0,1,0,0.0,1,0,0,0,1,1,0,2,10.45,5.5,5.5,9.9
2025-12,weekend,notte,FR,35,272.0,0,226.0,0,0,0,8,5,46.0,7,3,0,0,17,17,11,35,32.599999999999994,6.457142857142857,4.0,24.80000000000001
2025-12,weekend,notte,IC,91,393.0,2,54.0,0,0,0,9,6,339.0,22,5,0,0,15,15,54,91,26.5,0.5934065934065934,-3.0,8.0
2025-12,weekend,notte,ICN,21,225.0,2,143.0,0,0,0,6,2,82.0,2,2,0,0,6,6,13,21,81.0,6.809523809523809,-2.0,14.0
2025-12,weekend,notte,MET,121,77.0,0,-113.0,0,0,0,1,1,190.0,41,0,0,0,4,4,76,121,3.0,-0.9338842975206612,-1.0,2.0
2025-12,weekend,notte,NCL,4,0.0,0,0.0,0,4,0,0,0,0.0,4,0,0,0,0,0,0,0,0.0,0.0,0.0,0.0
2025-12,weekend,notte,REG,4185,8941.0,14,3117.0,0,6,6,165,108,5824.0,1662,46,0,6,455,455,2058,4173,8.0,0.7465868263473054,0.0,5.0
2025-12,weekend,notte,,401,3388.0,12,2621.0,0,0,0,81,56,767.0,89,36,0,0,132,132,177,401,39.128678304239415,6.58549459684123,0.3965087281795511,21.53790523690776
2025-12,weekend,pomeriggio,EC,110,892.0,2,729.0,0,1,0,33,16,163.0,27,7,0,0,46,46,37,109,37.0,6.627272727272727,3.0,20.0
2025-12,weekend,pomeriggio,EXP,6,33.0,0,27.0,0,0,0,2,1,6.0,1,0,0,0,3,3,1,6,14.800000000000002,5.400000000000001,5.0,13.6
2025-12,weekend,pomeriggio,FA,11,93.0,0,77.0,0,0,0,2,2,16.0,3,2,0,0,3,3,5,11,43.0,7.0,0.0,32.0
2025-12,weekend,pomeriggio,FB,2,16.0,0,16.0,0,0,0,1,0,0.0,0,0,0,0,2,2,0,2,9.8,8.0,8.0,9.6
2025-12,weekend,pomeriggio,FR,103,1226.0,6,1052.0,0,0,0,33,29,174.0,25,13,0,0,42,42,36,103,60.19999999999993,10.21359223300971,2.0,34.19999999999999
2025-12,weekend,pomeriggio,IC,173,1293.0,4,924.0,0,2,0,27,20,369.0,49,11,0,0,36,36,88,171,40.400000000000006,5.341040462427745,-1.0,18.600000000000023
2025-12,weekend,pomeriggio,ICN,6,0.0,0,-22.0,0,0,0,0,0,22.0,1,0,0,0,0,0,5,6,-0.75,-3.6666666666666665,-4.0,-1.5
2025-12,weekend,pomeriggio,IR,1,7.0,0,7.0,0,0,0,0,0,0.0,0,0,0,0,1,1,0,1,7.0,7.0,7.0,7.0
2025-12,weekend,pomeriggio,MET,399,431.0,0,14.0,0,0,0,6,3,417.0,170,0,0,0,25,25,204,399,5.0,0.0350877192982456,-1.0,3.0
2025-12,weekend,pomeriggio,REG,11757,27028.0,32,12332.0,0,35,34,544,326,14696.0,4908,120,0,34,1521,1521,5245,11688,9.0,1.0563645708411855,0.0,5.0
2025-12,weekend,pomeriggio,,1265,13500.0,72,11249.0,0,0,0,279,184,2251.0,340,105,0,0,446,446,479,1265,71.30482213438722,8.892490118577076,1.394466403162055,23.324584980237155
2025-12,weekend,sera,EC,87,455.0,1,298.0,0,0,0,11,7,157.0,32,4,0,0,21,21,34,87,24.7,3.425287356321839,1.0,13.400000000000004
2025-12,weekend,sera,ECFR,2,8.0,0,8.0,0,0,0,0,0,0.0,1,0,0,0,1,1,0,2,4.9,4.0,4.0,4.8
2025-12,weekend,sera,EN,7,127.0,1,89.0,0,0,0,1,1,38.0,1,1,0,0,3,3,3,7,81.79999999999993,12.714285714285714,0.0,50.60000000000004
2025-12,weekend,sera,EXP,5,2.0,0,-10.0,0,0,0,0,0,12.0,2,0,0,0,0,0,2,5,1.0,-2.5,-2.5,1.0
2025-12,weekend,sera,FA,3,11.0,0,7.0,0,0,0,1,0,4.0,1,0,0,0,1,1,1,3,9.9,2.333333333333333,0.0,8.8
2025-12,weekend,sera,FB,2,10.0,0,10.0,0,0,0,0,0,0.0,1,0,0,0,1,1,0,2,6.8,5.0,5.0,6.6
2025-12,weekend,sera,FR,38,253.0,1,171.0,0,0,0,8,7,82.0,6,1,0,0,12,12,20,38,29.0,4.5,-1.0,21.10000000000003
2025-12,weekend,sera,IC,115,663.0,4,241.0,0,1,0,14,10,422.0,29,7,0,0,17,17,69,114,30.3,2.095652173913044,-1.0,12.200000000000015
2025-12,weekend,sera,ICN,115,1273.0,5,759.0,0,0,0,16,14,514.0,17,7,0,0,25,25,73,115,38.899999999999935,6.6,-3.0,19.0
2025-12,weekend,sera,MET,356,419.0,0,10.0,0,0,0,5,4,409.0,170,1,0,0,20,20,165,356,5.0,0.028169014084507,0.0,3.0
2025-12,weekend,sera,REG,10002,21865.0,23,9057.0,1,9,18,402,241,12808.0,4093,100,0,19,1241,1241,4609,9974,8.0,0.910892084883838,0.0,5.0
2025-12,weekend,sera,,472,5764.0,31,4577.0,0,0,0,81,67,1187.0,101,43,0,0,122,122,243,472,79.7542372881356,9.822985589561874,-1.0,19.88177966101695
2025-12,weekend,tarda_mattina,EC,145,842.0,0,600.0,0,1,0,24,18,242.0,41,7,0,0,46,46,56,144,25.80000000000001,4.195804195804196,2.0,18.0
2025-12,weekend,tarda_mattina,ECFR,2,7.0,0,7.0,0,0,0,0,0,0.0,1,0,0,0,1,1,0,2,4.85,3.5,3.5,4.7
2025-12,weekend,tarda_mattina,EXP,4,61.0,0,53.0,0,0,1,1,1,8.0,0,1,0,1,3,3,1,3,39.59999999999999,13.25,8.0,34.2
2025-12,weekend,tarda_mattina,FA,4,35.0,0,35.0,0,0,0,2,1,0.0,2,0,0,0,2,2,0,4,18.1,8.75,8.0,17.200000000000003
2025-12,weekend,tarda_mattina,FB,8,232.0,2,213.0,0,0,0,2,2,19.0,3,2,0,0,2,2,3,8,125.14999999999996,26.625,0.5,100.29999999999998
2025-12,weekend,tarda_mattina,FR,99,732.0,1,541.0,0,0,0,23,16,191.0,21,8,0,0,33,33,45,99,37.1,5.4646464646464645,1.0,25.0
2025-12,weekend,tarda_mattina,IC,248,1439.0,5,718.0,0,0,3,29,19,721.0,56,10,0,3,55,55,137,245,25.299999999999955,2.8951612903225805,-1.0,12.0
2025-12,weekend,tarda_mattina,ICN,21,63.0,0,-98.0,0,0,0,1,1,161.0,6,1,0,0,3,3,12,21,8.0,-4.666666666666667,-2.0,5.0
2025-12,weekend,tarda_mattina,MET,464,384.0,1,-388.0,0,0,2,3,3,772.0,149,1,0,2,17,17,298,462,4.0,-0.8362068965517241,-1.0,2.0
2025-12,weekend,tarda_mattina,REG,12905,23358.0,20,5816.0,0,25,31,464,276,17542.0,5245,102,0,31,1299,1299,6292,12849,7.0,0.4531006544094733,0.0,5.0
2025-12,weekend,tarda_mattina,,1197,10605.0,24,8712.0,0,0,0,261,151,1893.0,359,82,0,0,439,439,399,1197,33.73868003341687,7.2781954887218046,2.6048454469507103,18.39515455304929
2026-01,infrasettimanale,mattina,EC,163,1100.0,4,796.0,0,8,1,26,16,304.0,49,8,0,1,39,39,75,154,23.700000000000017,4.883435582822086,0.0,14.0
2026-01,infrasettimanale,mattina,EXP,2,0.0,0,-3.0,0,0,0,0,0,3.0,1,0,0,0,0,0,1,2,-0.1500000000000003,-1.5,-1.5,-0.2999999999999998
2026-01,infrasettimanale,mattina,FA,131,1155.0,4,855.0,0,0,1,33,20,300.0,39,10,0,1,43,43,49,130,39.5,6.526717557251908,1.0,24.0
2026-01,infrasettimanale,mattina,FB,22,114.0,0,103.0,0,0,0,4,0,11.0,8,0,0,0,12,12,2,22,11.95,4.681818181818182,5.0,10.900000000000002
2026-01,infrasettimanale,mattina,FR,1414,15905.0,50,14722.0,0,0,5,397,289,1183.0,410,156,0,5,663,663,341,1409,49.34999999999992,10.41159830268741,4.0,32.0
2026-01,infrasettimanale,mattina,IC,586,5207.0,18,4336.0,1,11,14,129,96,871.0,159,47,0,15,212,212,215,560,42.0,7.399317406143345,1.0,24.5
2026-01,infrasettimanale,mattina,ICN,2,0.0,0,-20.0,0,0,0,0,0,20.0,0,0,0,0,0,0,2,2,-4.600000000000001,-10.0,-10.0,-5.199999999999999
2026-01,infrasettimanale,mattina,MET,956,1267.0,0,283.0,0,5,11,17,5,984.0,428,0,0,11,77,77,451,940,6.0,0.2960251046025104,0.0,4.0
2026-01,infrasettimanale,mattina,NCL,5,94.0,0,91.0,0,1,0,3,3,3.0,1,1,0,0,3,3,1,4,39.2,18.2,24.0,36.400000000000006
2026-01,infrasettimanale,mattina,REG,36919,118414.0,119,83583.0,4,986,702,2793,1605,34831.0,16606,578,0,706,7080,7080,13233,35227,13.0,2.26395622850023,1.0,8.0
2026-01,infrasettimanale,mattina,,72,468.0,1,390.0,0,0,0,13,9,78.0,22,2,0,0,30,30,20,72,20.90000000000001,5.416666666666667,4.0,16.0
2026-01,infrasettimanale,notte,EC,21,149.0,0,120.0,0,1,0,4,4,29.0,9,3,0,0,4,4,8,20,42.0,5.714285714285714,1.0,30.0
2026-01,infrasettimanale,notte,EN,21,325.0,1,316.0,0,1,1,11,7,9.0,4,3,0,1,15,15,2,19,39.0,15.047619047619047,10.0,38.0
2026-01,infrasettimanale,notte,EXP,1,0.0,0,-2.0,0,0,0,0,0,2.0,0,0,0,0,0,0,1,1,-2.0,-2.0,-2.0,-2.0
2026-01,infrasettimanale,notte,FA,43,378.0,1,375.0,0,0,0,7,2,3.0,17,2,0,0,24,24,2,43,12.0,8.720930232558139,5.0,10.800000000000004
2026-01,infrasettimanale,notte,FB,22,202.0,0,184.0,0,0,0,7,4,18.0,6,2,0,0,11,11,5,22,39.44999999999999,8.363636363636363,4.0,28.00000000000002
2026-01,infrasettimanale,notte,FR,499,4583.0,15,4022.0,0,0,0,124,81,561.0,143,43,0,0,202,202,154,499,42.099999999999966,8.060120240480963,2.0,23.19999999999999
2026-01,infrasettimanale,notte,IC,263,2932.0,9,2367.0,0,9,21,59,45,565.0,76,26,0,21,93,93,94,233,46.69999999999993,9.0,1.0,28.80000000000001
2026-01,infrasettimanale,notte,ICN,42,415.0,1,289.0,0,0,0,9,5,126.0,7,4,0,0,9,9,26,42,52.199999999999925,6.880952380952381,-2.5,14.900000000000002
2026-01,infrasettimanale,notte,MET,346,395.0,1,-157.0,0,10,2,5,3,552.0,124,3,0,2,11,11,211,334,3.0,-0.45375722543352603,-1.0,2.0
2026-01,infrasettimanale,notte,NCL,7,187.0,2,-8.0,0,0,0,2,2,195.0,0,2,0,0,2,2,5,7,97.29999999999998,-1.1428571428571428,-36.0,91.6
2026-01,infrasettimanale,notte,REG,15339,34610.0,35,16869.0,2,508,157,692,396,17741.0,6856,163,0,159,1939,1939,6544,14672,9.0,1.099745746137297,0.0,5.0
2026-01,infrasettimanale,notte,,30,290.0,1,266.0,0,0,0,6,6,24.0,9,3,0,0,11,11,10,30,34.22,8.866666666666667,1.1,24.14000000000003
2026-01,infrasettimanale,pomeriggio,EC,338,2330.0,3,1937.0,0,21,2,78,47,393.0,92,19,0,2,133,133,113,315,31.0,5.730769230769231,2.0,18.0
2026-01,infrasettimanale,pomeriggio,EXP,3,35.0,0,32.0,0,0,0,1,1,3.0,1,1,0,0,1,1,1,3,29.899999999999995,10.666666666666666,2.0,26.8
2026-01,infrasettimanale,pomeriggio,FA,110,746.0,4,463.0,0,1,1,16,13,283.0,30,7,0,1,28,28,52,108,41.55,4.209090909090909,0.0,17.0
2026-01,infrasettimanale,pomeriggio,FB,22,204.0,1,164.0,0,0,0,4,4,40.0,4,3,0,0,4,4,14,22,54.44999999999998,7.454545454545454,-1.0,41.400000000000055
2026-01,infrasettimanale,pomeriggio,FR,1328,13555.0,37,11963.0,0,0,11,392,265,1592.0,360,115,0,11,631,631,337,1317,42.0,9.00828313253012,4.0,27.0
2026-01,infrasettimanale,pomeriggio,IC,502,3795.0,14,2949.0,10,13,18,88,65,846.0,151,35,0,28,150,150,201,461,36.0,5.874501992031872,1.0,19.0
2026-01,infrasettimanale,pomeriggio,ICN,33,29.0,0,-64.0,0,0,0,1,0,93.0,5,0,0,0,2,2,26,33,4.399999999999999,-1.93939393939394,-3.0,3.6000000000000014
2026-01,infrasettimanale,pomeriggio,MET,1185,1488.0,0,94.0,0,11,18,20,14,1394.0,507,5,0,18,75,75,603,1156,5.0,0.0793248945147679,-1.0,3.0
2026-01,infrasettimanale,pomeriggio,NCL,3,31.0,0,31.0,0,1,0,1,1,0.0,2,1,0,0,1,1,0,2,27.899999999999995,10.333333333333334,0.0,24.8
2026-01,infrasettimanale,pomeriggio,REG,45478,117690.0,75,72639.0,2,1400,833,2540,1377,45051.0,20896,458,0,835,7317,7317,17265,43243,10.0,1.59723382734509,0.0,6.0
2026-01,infrasettimanale,pomeriggio,,73,479.0,1,361.0,0,0,0,15,7,118.0,19,4,0,0,27,27,27,73,28.938356164383517,4.945205479452055,1.7534246575342465,13.35616438356164
2026-01,infrasettimanale,sera,EC,221,1359.0,3,1151.0,0,17,0,49,28,208.0,74,10,0,0,75,75,72,204,24.0,5.208144796380091,1.0,16.0
2026-01,infrasettimanale,sera,ECFR,21,601.0,1,601.0,0,0,0,16,16,0.0,2,8,0,0,19,19,0,21,58.0,28.61904761904762,27.0,53.0
2026-01,infrasettimanale,sera,EN,20,267.0,0,248.0,0,1,0,11,8,19.0,4,2,0,0,15,15,1,19,33.2,12.4,11.0,27.600000000000012
2026-01,infrasettimanale,sera,EXP,2,0.0,0,-7.0,0,0,0,0,0,7.0,0,0,0,0,0,0,2,2,-1.25,-3.5,-3.5,-1.5
2026-01,infrasettimanale,sera,FA,33,267.0,2,189.0,0,0,0,4,4,78.0,9,3,0,0,10,10,14,33,51.19999999999993,5.727272727272728,0.0,18.80000000000001
2026-01,infrasettimanale,sera,FB,20,93.0,0,66.0,0,0,0,3,1,27.0,7,1,0,0,4,4,9,20,14.550000000000022,3.3,1.0,11.200000000000005
2026-01,infrasettimanale,sera,FR,498,3946.0,12,2918.0,0,1,2,105,71,1028.0,108,34,0,2,186,186,204,495,39.14999999999998,5.859437751004016,2.0,20.0
2026-01,infrasettimanale,sera,IC,302,2641.0,11,2087.0,1,28,12,56,43,554.0,103,24,0,13,89,89,110,261,47.0,6.910596026490066,0.0,21.800000000000068
2026-01,infrasettimanale,sera,ICN,240,1891.0,7,959.0,0,0,0,48,37,932.0,42,23,0,0,71,71,127,240,44.09999999999997,3.995833333333333,-1.0,24.19999999999999
2026-01,infrasettimanale,sera,MET,1084,1309.0,1,-186.0,0,14,21,22,15,1495.0,459,6,0,21,60,60,565,1049,5.0,-0.1715867158671586,-1.0,3.0
2026-01,infrasettimanale,sera,NCL,1,56.0,0,56.0,0,0,0,1,1,0.0,0,1,0,0,1,1,0,1,56.0,56.0,56.0,56.0
2026-01,infrasettimanale,sera,REG,36940,103430.0,71,62383.0,2,910,485,2460,1360,41047.0,15735,414,0,487,6594,6594,14611,35543,12.0,1.6887655657823497,0.0,7.0
2026-01,infrasettimanale,sera,,25,93.0,0,15.0,0,0,0,2,1,78.0,6,1,0,0,5,5,14,25,9.399999999999991,0.6,-2.0,6.200000000000002
2026-01,infrasettimanale,tarda_mattina,DIR,1,0.0,0,0.0,0,1,0,0,0,0.0,1,0,0,0,0,0,0,0,0.0,0.0,0.0,0.0
2026-01,infrasettimanale,tarda_mattina,EC,287,2573.0,10,2189.0,0,13,1,56,38,384.0,69,20,0,1,94,94,124,273,34.0,7.627177700348432,0.0,22.0
2026-01,infrasettimanale,tarda_mattina,ECFR,22,174.0,0,90.0,0,0,0,6,5,84.0,2,2,0,0,7,7,13,22,36.29999999999999,4.090909090909091,-2.0,22.800000000000004
2026-01,infrasettimanale,tarda_mattina,FA,65,820.0,2,780.0,0,0,0,18,12,40.0,25,3,0,0,28,28,12,65,26.0,12.0,4.0,19.6
2026-01,infrasettimanale,tarda_mattina,FB,88,583.0,1,509.0,0,0,1,19,12,74.0,27,4,0,1,34,34,27,87,20.94999999999997,5.784090909090909,2.0,15.299999999999995
2026-01,infrasettimanale,tarda_mattina,FR,1278,13222.0,38,11616.0,0,0,3,361,253,1606.0,363,129,0,3,583,583,332,1275,46.14999999999986,9.089201877934272,4.0,30.0
2026-01,infrasettimanale,tarda_mattina,IC,641,4702.0,12,3195.0,1,17,38,113,83,1507.0,180,42,0,39,186,186,275,585,35.0,4.984399375975039,0.0,20.0
2026-01,infrasettimanale,tarda_mattina,ICN,46,362.0,2,100.0,0,0,0,8,6,262.0,10,4,0,0,9,9,27,46,46.5,2.1739130434782608,-3.5,19.0
2026-01,infrasettimanale,tarda_mattina,MET,1352,1146.0,0,-906.0,0,16,23,22,11,2052.0,513,1,0,23,56,56,783,1313,4.0,-0.6701183431952663,-1.0,2.0
2026-01,infrasettimanale,tarda_mattina,NCL,13,311.0,3,251.0,0,0,0,3,3,60.0,1,3,0,0,9,9,3,13,96.4,19.307692307692307,7.0,85.80000000000001
2026-01,infrasettimanale,tarda_mattina,REG,46540,104410.0,87,53210.0,5,1516,782,2173,1282,51200.0,20665,495,0,787,5942,5942,19933,44237,9.0,1.1433175762784702,0.0,5.0
2026-01,infrasettimanale,tarda_mattina,,67,550.0,0,473.0,0,0,0,21,14,77.0,20,6,0,0,27,27,20,67,33.79999999999998,7.059701492537314,3.0,23.2
2026-01,weekend,mattina,EC,53,159.0,0,53.0,0,4,0,7,5,106.0,12,1,0,0,8,8,33,49,20.399999999999995,1.0,-2.0,12.800000000000004
2026-01,weekend,mattina,ECFR,1,0.0,0,0.0,0,1,0,0,0,0.0,1,0,0,0,0,0,0,0,0.0,0.0,0.0,0.0
2026-01,weekend,mattina,EXP,1,0.0,0,0.0,0,1,0,0,0,0.0,1,0,0,0,0,0,0,0,0.0,0.0,0.0,0.0
2026-01,weekend,mattina,FA,47,211.0,0,33.0,0,1,0,4,4,178.0,12,3,0,0,10,10,25,46,30.099999999999945,0.7021276595744681,-1.0,8.399999999999999
2026-01,weekend,mattina,FB,9,28.0,0,17.0,0,0,0,2,0,11.0,3,0,0,0,2,2,4,9,12.8,1.8888888888888888,0.0,11.6
2026-01,weekend,mattina,FR,498,3963.0,15,3162.0,0,5,6,99,62,801.0,141,37,0,6,168,168,189,487,47.14999999999998,6.349397590361446,1.0,21.0
2026-01,weekend,mattina,IC,253,1238.0,2,573.0,0,26,2,36,24,665.0,74,11,0,2,55,55,124,225,27.399999999999977,2.264822134387352,0.0,14.0
2026-01,weekend,mattina,ICN,2,0.0,0,-30.0,0,0,0,0,0,30.0,0,0,0,0,0,0,2,2,-2.400000000000002,-15.0,-15.0,-3.8000000000000007
2026-01,weekend,mattina,MET,370,381.0,0,-38.0,0,11,2,4,3,419.0,166,0,0,2,21,21,183,357,5.0,-0.10270270270270271,0.0,3.0
2026-01,weekend,mattina,NCL,4,4.0,0,2.0,0,2,0,0,0,2.0,3,0,0,0,0,0,1,2,3.3999999999999986,0.5,0.0,2.8000000000000007
2026-01,weekend,mattina,REG,10966,23507.0,20,10817.0,0,596,221,486,304,12690.0,4978,130,0,221,1275,1275,4713,10149,9.0,0.9864125478752508,0.0,5.0
2026-01,weekend,mattina,,44,80.0,0,-91.0,0,0,0,1,1,171.0,7,1,0,0,7,7,30,44,7.0,-2.0681818181818183,-3.0,6.700000000000003
2026-01,weekend,notte,EC,9,21.0,0,-2.0,0,0,0,1,0,23.0,3,0,0,0,1,1,5,9,9.599999999999996,-0.2222222222222222,-3.0,5.200000000000002
2026-01,weekend,notte,EN,8,235.0,0,235.0,0,0,2,6,6,0.0,1,5,0,2,7,7,0,6,48.95,29.375,30.5,47.9
2026-01,weekend,notte,FA,5,33.0,0,33.0,0,0,0,1,0,0.0,0,0,0,0,5,5,0,5,9.4,6.6,6.0,8.8
2026-01,weekend,notte,FB,9,35.0,0,26.0,0,0,0,2,0,9.0,4,0,0,0,3,3,2,9,11.2,2.888888888888889,2.0,10.4
2026-01,weekend,notte,FR,158,1709.0,8,1302.0,0,2,0,36,28,407.0,36,20,0,0,49,49,73,156,52.10000000000007,8.240506329113924,0.0,38.30000000000001
2026-01,weekend,notte,IC,105,544.0,0,266.0,0,9,7,20,11,278.0,30,5,0,7,25,25,50,89,28.599999999999994,2.533333333333333,0.0,16.400000000000034
2026-01,weekend,notte,ICN,18,64.0,0,-22.0,0,0,0,1,1,86.0,3,1,0,0,2,2,13,18,12.899999999999936,-1.2222222222222223,-3.5,4.600000000000001
2026-01,weekend,notte,MET,110,59.0,0,-110.0,0,4,0,0,0,169.0,39,0,0,0,2,2,69,106,3.0,-1.0,-1.0,2.0
2026-01,weekend,notte,NCL,1,88.0,1,88.0,0,0,0,1,1,0.0,0,1,0,0,1,1,0,1,88.0,88.0,88.0,88.0
2026-01,weekend,notte,REG,4868,9019.0,9,2371.0,0,269,70,200,126,6648.0,2091,50,0,70,456,456,2321,4529,8.0,0.4870583401807724,0.0,4.0
2026-01,weekend,notte,,18,3.0,0,-148.0,0,0,0,0,0,151.0,3,0,0,0,0,0,15,18,-4.5,-8.222222222222221,-7.833333333333333,-4.5
2026-01,weekend,pomeriggio,EC,117,521.0,0,337.0,0,8,1,18,11,184.0,27,2,0,1,39,39,51,108,19.19999999999999,2.8803418803418803,0.0,12.400000000000006
2026-01,weekend,pomeriggio,EXP,3,106.0,1,60.0,0,0,0,1,1,46.0,0,1,0,0,1,1,2,3,95.09999999999998,20.0,-3.0,84.2
2026-01,weekend,pomeriggio,FA,35,135.0,0,86.0,0,0,0,6,3,49.0,16,1,0,0,7,7,12,35,20.59999999999997,2.4571428571428573,0.0,13.200000000000005
2026-01,weekend,pomeriggio,FB,9,36.0,0,29.0,0,0,0,2,1,7.0,4,0,0,0,2,2,3,9,14.199999999999998,3.2222222222222223,1.0,11.400000000000002
2026-01,weekend,pomeriggio,FR,469,3335.0,8,2470.0,0,4,0,94,68,865.0,128,27,0,0,171,171,170,465,33.0,5.266524520255864,2.0,22.0
2026-01,weekend,pomeriggio,IC,200,1061.0,1,629.0,0,14,3,31,21,432.0,62,9,0,3,55,55,83,183,23.049999999999983,3.145,0.0,16.0
2026-01,weekend,pomeriggio,ICN,9,161.0,1,140.0,0,0,0,3,3,21.0,1,3,0,0,3,3,5,9,64.8,15.555555555555555,-2.0,59.599999999999994
2026-01,weekend,pomeriggio,MET,444,312.0,0,-222.0,0,38,1,4,1,534.0,190,0,0,1,16,16,238,405,3.849999999999966,-0.5,-1.0,2.0
2026-01,weekend,pomeriggio,REG,13465,26060.0,27,9798.0,0,1182,211,509,309,16262.0,6253,125,0,211,1383,1383,5829,12072,8.0,0.7276643148904567,0.0,5.0
2026-01,weekend,pomeriggio,,59,274.0,0,128.0,0,0,0,10,3,146.0,16,3,0,0,17,17,26,59,12.698305084745764,2.169491525423729,2.440677966101695,10.261016949152546
2026-01,weekend,sera,EC,85,305.0,1,147.0,0,9,0,10,5,158.0,22,2,0,0,18,18,45,76,15.599999999999994,1.7294117647058824,-1.0,10.0
2026-01,weekend,sera,ECFR,8,269.0,1,269.0,0,0,0,5,5,0.0,1,3,0,0,7,7,0,8,100.29999999999995,33.625,20.5,71.6
2026-01,weekend,sera,EN,7,551.0,2,544.0,0,0,1,6,4,7.0,0,3,0,1,6,6,1,6,304.9999999999997,77.71428571428571,19.0,203.00000000000014
2026-01,weekend,sera,EXP,2,3.0,0,3.0,0,1,0,0,0,0.0,2,0,0,0,0,0,0,1,2.85,1.5,1.5,2.7
2026-01,weekend,sera,FA,14,78.0,0,22.0,0,0,0,2,2,56.0,2,1,0,0,3,3,9,14,32.99999999999999,1.5714285714285714,-5.0,19.700000000000024
2026-01,weekend,sera,FB,9,3.0,0,-9.0,0,0,0,0,0,12.0,3,0,0,0,0,0,6,9,1.0,-1.0,-1.0,1.0
2026-01,weekend,sera,FR,180,1010.0,4,342.0,0,2,1,29,22,668.0,30,8,0,1,41,41,109,177,26.14999999999995,1.9,-2.0,16.19999999999999
2026-01,weekend,sera,IC,118,582.0,1,283.0,0,10,6,16,8,299.0,28,6,0,6,30,30,60,102,27.649999999999903,2.3983050847457625,-1.0,12.299999999999995
2026-01,weekend,sera,ICN,106,476.0,2,-9.0,0,0,0,15,7,485.0,24,3,0,0,20,20,62,106,20.0,-0.0849056603773584,-2.5,12.5
2026-01,weekend,sera,MET,404,419.0,1,-63.0,0,7,6,2,2,482.0,183,1,0,6,24,24,197,391,5.0,-0.1559405940594059,0.0,3.0
2026-01,weekend,sera,REG,11577,26042.0,31,11206.0,1,465,151,543,354,14836.0,4858,135,0,152,1429,1429,5290,10960,9.0,0.9679537013043102,0.0,5.0
2026-01,weekend,sera,,32,65.0,0,-157.0,0,0,0,4,3,222.0,2,0,0,0,4,4,26,32,3.096875,-4.90625,-5.312500000000001,1.2875
2026-01,weekend,tarda_mattina,EC,137,617.0,1,378.0,0,11,0,23,13,239.0,36,3,0,0,37,37,64,126,20.19999999999999,2.759124087591241,0.0,14.0
2026-01,weekend,tarda_mattina,ECFR,8,155.0,1,155.0,0,1,0,5,2,0.0,1,2,0,0,7,7,0,7,59.39999999999998,19.375,10.5,46.8
2026-01,weekend,tarda_mattina,FA,27,323.0,1,290.0,0,0,0,6,4,33.0,7,4,0,0,13,13,7,27,55.8,10.74074074074074,4.0,41.60000000000004
2026-01,weekend,tarda_mattina,FB,36,170.0,0,89.0,0,0,1,6,5,81.0,8,1,0,1,11,11,17,35,21.25,2.4722222222222223,0.0,17.0
2026-01,weekend,tarda_mattina,FR,447,3234.0,9,2257.0,0,6,1,93,58,977.0,127,31,0,1,152,152,168,440,38.0,5.049217002237136,2.0,18.0
2026-01,weekend,tarda_mattina,IC,266,1520.0,3,791.0,1,13,11,42,27,729.0,71,18,0,12,66,66,129,241,32.75,2.973684210526316,0.0,14.5
2026-01,weekend,tarda_mattina,ICN,23,13.0,0,-236.0,0,0,0,1,0,249.0,1,0,0,0,1,1,21,23,-0.10000000000000141,-10.26086956521739,-8.0,-1.0
2026-01,weekend,tarda_mattina,MET,522,281.0,0,-470.0,0,42,2,1,0,751.0,207,0,0,2,13,13,302,478,3.0,-0.9003831417624522,-1.0,2.0
2026-01,weekend,tarda_mattina,NCL,7,1.0,0,-89.0,0,0,0,0,0,90.0,1,0,0,0,0,0,6,7,-0.5000000000000036,-12.714285714285714,-9.0,-1.9999999999999984
2026-01,weekend,tarda_mattina,REG,14689,24790.0,19,6834.0,0,1265,229,490,308,17956.0,6638,114,0,229,1329,1329,6722,13195,7.0,0.4652461025256995,0.0,4.0
2026-01,weekend,tarda_mattina,,52,271.0,1,121.0,0,0,0,6,5,150.0,13,3,0,0,13,13,26,52,29.19999999999993,2.326923076923077,-0.5,13.39999999999999
2026-02,infrasettimanale,mattina,EC,149,795.0,1,510.0,0,5,1,22,18,285.0,42,4,0,1,40,40,67,143,22.599999999999994,3.422818791946309,0.0,17.0
2026-02,infrasettimanale,mattina,ECFR,1,0.0,0,0.0,0,1,0,0,0,0.0,1,0,0,0,0,0,0,0,0.0,0.0,0.0,0.0
2026-02,infrasettimanale,mattina,EXP,2,2.0,0,-4.0,0,0,0,0,0,6.0,1,0,0,0,0,0,1,2,1.5999999999999996,-2.0,-2.0,1.2000000000000002
2026-02,infrasettimanale,mattina,FA,106,950.0,2,801.0,0,0,3,29,22,149.0,35,9,0,3,37,37,34,103,39.75,7.556603773584905,2.0,28.5
2026-02,infrasettimanale,mattina,FB,20,254.0,1,234.0,0,0,1,5,4,20.0,6,1,0,1,9,9,5,19,32.55000000000008,11.7,2.0,24.300000000000004
2026-02,infrasettimanale,mattina,FR,1288,11434.0,26,10060.0,2,1,6,331,210,1374.0,371,74,0,8,559,559,358,1279,32.0,7.8105590062111805,3.0,22.0
2026-02,infrasettimanale,mattina,IC,519,4379.0,17,3562.0,0,2,8,104,70,817.0,152,35,0,8,178,178,189,509,40.39999999999986,6.863198458574181,2.0,20.0
2026-02,infrasettimanale,mattina,ICN,1,0.0,0,-4.0,0,0,0,0,0,4.0,0,0,0,0,0,0,1,1,-4.0,-4.0,-4.0,-4.0
2026-02,infrasettimanale,mattina,MET,856,1249.0,1,436.0,0,8,11,17,10,813.0,460,4,0,11,53,53,343,837,5.0,0.5093457943925234,0.0,3.0
2026-02,infrasettimanale,mattina,REG,34271,89810.0,33,56890.0,2,490,518,1917,1027,32920.0,15816,297,0,520,5861,5861,12594,33261,10.0,1.6600040850865163,1.0,7.0
2026-02,infrasettimanale,mattina,,233,429.0,0,207.0,0,0,0,0,0,222.0,144,0,0,0,27,27,62,233,4.97510729613734,0.888412017167382,1.55793991416309,4.344206008583692
2026-02,infrasettimanale,notte,EC,21,140.0,0,123.0,0,0,1,4,3,17.0,10,2,0,1,6,6,5,20,34.0,5.857142857142857,2.0,17.0
2026-02,infrasettimanale,notte,EN,20,1131.0,5,1130.0,0,0,3,13,11,1.0,2,8,0,3,17,17,1,17,193.05,56.5,21.0,184.0
2026-02,infrasettimanale,notte,EXP,1,0.0,0,-2.0,0,0,0,0,0,2.0,0,0,0,0,0,0,1,1,-2.0,-2.0,-2.0,-2.0
2026-02,infrasettimanale,notte,FA,21,197.0,1,197.0,0,0,0,5,1,0.0,6,1,0,0,15,15,0,21,14.0,9.38095238095238,6.0,13.0
2026-02,infrasettimanale,notte,FB,19,196.0,0,177.0,3,0,0,7,6,19.0,6,2,0,3,8,8,5,16,32.69999999999996,9.31578947368421,3.0,27.8
2026-02,infrasettimanale,notte,FR,451,3865.0,9,3289.0,0,1,0,114,77,576.0,129,29,0,0,169,169,153,450,34.0,7.292682926829266,2.0,22.0
2026-02,infrasettimanale,notte,IC,247,1974.0,8,1554.0,1,25,2,41,30,420.0,77,19,0,3,80,80,90,219,40.69999999999999,6.291497975708502,0.0,18.80000000000001
2026-02,infrasettimanale,notte,ICN,50,827.0,5,688.0,0,0,0,14,12,139.0,4,8,0,0,14,14,32,50,89.6999999999999,13.76,-2.0,55.100000000000016
2026-02,infrasettimanale,notte,MET,309,270.0,0,-184.0,0,3,2,3,2,454.0,109,1,0,2,11,11,189,304,3.599999999999966,-0.5954692556634305,-1.0,2.0
2026-02,infrasettimanale,notte,NCL,36,327.0,2,-43.0,0,8,2,8,7,370.0,8,5,0,2,11,11,17,26,43.25,-1.1944444444444444,0.0,32.0
2026-02,infrasettimanale,notte,REG,16515,32682.0,25,13792.0,2,315,174,621,356,18890.0,7401,124,0,176,1844,1844,7270,16024,8.0,0.8351195882531033,0.0,5.0
2026-02,infrasettimanale,notte,,92,850.0,0,686.0,0,0,0,26,14,164.0,14,14,0,0,38,38,40,92,32.00434782608692,7.456521739130435,2.9347826086956523,21.008695652173905
2026-02,infrasettimanale,pomeriggio,EC,315,2478.0,4,1989.0,0,5,6,89,59,489.0,78,24,0,6,124,124,113,304,34.60000000000002,6.314285714285714,2.0,25.0
2026-02,infrasettimanale,pomeriggio,EXP,2,34.0,0,29.0,0,0,0,1,1,5.0,0,1,0,0,1,1,1,2,32.05,14.5,14.5,30.1
2026-02,infrasettimanale,pomeriggio,FA,86,855.0,2,664.0,0,0,2,20,17,191.0,21,12,0,2,27,27,38,84,51.75,7.72093023255814,0.0,41.5
2026-02,infrasettimanale,pomeriggio,FB,20,117.0,1,57.0,3,0,0,3,2,60.0,3,1,0,3,4,4,13,17,30.700000000000024,2.85,-3.0,14.600000000000026
2026-02,infrasettimanale,pomeriggio,FR,1205,13158.0,41,11747.0,0,4,9,358,250,1411.0,342,123,0,9,567,567,296,1192,46.79999999999996,9.748547717842325,4.0,30.0
2026-02,infrasettimanale,pomeriggio,IC,404,2968.0,8,2246.0,15,2,4,82,55,722.0,101,19,0,19,137,137,166,383,28.849999999999966,5.55940594059406,1.0,20.0
2026-02,infrasettimanale,pomeriggio,ICN,48,419.0,2,289.0,0,0,0,10,8,130.0,11,5,0,0,13,13,24,48,44.65,6.020833333333333,-0.5,23.40000000000012
2026-02,infrasettimanale,pomeriggio,MET,1053,1048.0,0,-317.0,0,2,10,20,14,1365.0,451,3,0,10,41,41,561,1041,4.0,-0.3010446343779677,-1.0,2.0
2026-02,infrasettimanale,pomeriggio,NCL,1,69.0,1,69.0,0,0,0,1,1,0.0,0,1,0,0,1,1,0,1,69.0,69.0,69.0,69.0
2026-02,infrasettimanale,pomeriggio,REG,43222,111548.0,78,68263.0,2,792,810,2442,1378,43285.0,19723,441,0,812,6736,6736,16763,41618,10.0,1.5793577344870668,0.0,6.0
2026-02,infrasettimanale,pomeriggio,,84,1106.0,0,980.0,0,14,0,28,28,126.0,14,14,0,0,42,42,28,70,39.5,11.666666666666666,4.5,35.0
2026-02,infrasettimanale,sera,EC,218,1394.0,2,1160.0,0,4,1,36,23,234.0,64,10,0,1,78,78,76,213,22.89999999999986,5.321100917431193,2.0,15.0
2026-02,infrasettimanale,sera,ECFR,19,364.0,0,364.0,0,0,0,13,9,0.0,3,4,0,0,16,16,0,19,42.69999999999996,19.157894736842103,13.0,39.4
2026-02,infrasettimanale,sera,EN,19,319.0,0,316.0,0,0,0,15,10,3.0,2,2,0,0,16,16,1,19,33.0,16.63157894736842,18.0,29.8
2026-02,infrasettimanale,sera,EXP,6,21.0,0,16.0,0,0,1,1,0,5.0,1,0,0,1,2,2,3,5,10.25,2.6666666666666665,0.5,9.5
2026-02,infrasettimanale,sera,FA,38,286.0,1,218.0,0,0,1,8,5,68.0,10,2,0,1,14,14,14,37,28.949999999999974,5.7368421052631575,2.0,22.60000000000001
2026-02,infrasettimanale,sera,FB,17,88.0,0,72.0,0,0,0,3,0,16.0,2,0,0,0,10,10,5,17,12.0,4.235294117647059,5.0,12.0
2026-02,infrasettimanale,sera,FR,455,3544.0,8,2867.0,1,1,1,109,70,677.0,99,27,0,2,188,188,168,452,34.59999999999991,6.301098901098901,3.0,21.0
2026-02,infrasettimanale,sera,IC,270,1855.0,5,1432.0,1,27,1,60,40,423.0,100,9,0,2,84,84,86,241,24.549999999999983,5.303703703703704,0.0,17.099999999999994
2026-02,infrasettimanale,sera,ICN,221,1661.0,6,996.0,0,0,0,34,20,665.0,53,11,0,0,62,62,106,221,29.0,4.506787330316742,0.0,14.0
2026-02,infrasettimanale,sera,MET,982,989.0,0,-281.0,0,8,18,16,8,1270.0,444,1,0,18,45,45,493,956,4.0,-0.2861507128309572,-1.0,3.0
2026-02,infrasettimanale,sera,NCL,34,1911.0,17,1890.0,0,2,0,26,26,21.0,4,25,0,0,26,26,4,32,117.1,55.588235294117645,58.5,111.3
2026-02,infrasettimanale,sera,REG,34899,98510.0,65,61315.0,5,602,471,2295,1249,37195.0,15173,364,0,476,6341,6341,13385,33821,11.0,1.7569271325825957,1.0,7.0
2026-02,infrasettimanale,sera,,161,572.0,0,490.0,0,0,0,13,13,82.0,94,0,0,0,40,40,27,161,11.48571428571428,3.0434782608695654,2.515527950310559,8.475776397515531
2026-02,infrasettimanale,tarda_mattina,EC,278,1358.0,1,1035.0,0,4,5,41,31,323.0,84,13,0,5,71,71,123,269,28.0,3.723021582733813,0.0,16.0
2026-02,infrasettimanale,tarda_mattina,ECFR,20,126.0,1,11.0,0,0,0,1,1,115.0,1,1,0,0,4,4,15,20,12.800000000000068,0.55,-7.5,7.100000000000001
2026-02,infrasettimanale,tarda_mattina,EXP,3,11.0,0,11.0,0,0,0,0,0,0.0,2,0,0,0,1,1,0,3,4.9,3.6666666666666665,4.0,4.8
2026-02,infrasettimanale,tarda_mattina,FA,60,1013.0,5,980.0,0,0,2,23,17,33.0,16,8,0,2,37,37,7,58,77.34999999999998,16.333333333333332,6.0,56.3
2026-02,infrasettimanale,tarda_mattina,FB,80,1241.0,5,1117.0,3,0,2,31,23,124.0,19,12,0,5,39,39,22,75,74.74999999999996,13.9625,4.0,35.90000000000008
2026-02,infrasettimanale,tarda_mattina,FR,1200,11738.0,39,10283.0,0,1,6,295,216,1455.0,364,111,0,6,507,507,329,1193,42.04999999999996,8.569166666666666,3.0,27.0
2026-02,infrasettimanale,tarda_mattina,IC,589,5862.0,22,5022.0,3,13,8,159,112,840.0,163,57,0,11,233,233,193,565,52.0,8.526315789473685,2.0,29.0
2026-02,infrasettimanale,tarda_mattina,ICN,30,351.0,2,263.0,0,0,0,8,7,88.0,3,5,0,0,10,10,17,30,59.19999999999993,8.766666666666667,-1.0,45.1
2026-02,infrasettimanale,tarda_mattina,MET,1186,1139.0,0,-596.0,0,13,22,13,8,1735.0,482,4,0,22,51,51,653,1151,4.0,-0.5025295109612141,-1.0,2.0
2026-02,infrasettimanale,tarda_mattina,NCL,8,323.0,3,313.0,0,0,0,7,5,10.0,0,4,0,0,7,7,1,8,75.25,39.125,39.0,73.5
2026-02,infrasettimanale,tarda_mattina,REG,44174,90863.0,47,42995.0,3,723,696,1800,1035,47868.0,19896,329,0,699,5339,5339,18939,42752,8.0,0.9733100919092681,0.0,5.0
2026-02,infrasettimanale,tarda_mattina,,84,1316.0,14,1092.0,0,14,0,28,28,224.0,28,14,0,0,28,28,28,70,56.5,13.0,2.0,45.0
2026-02,weekend,mattina,EC,56,245.0,1,125.0,0,2,1,5,5,120.0,17,2,0,1,9,9,30,53,20.5,2.232142857142857,-1.5,8.0
2026-02,weekend,mattina,ECFR,1,0.0,0,0.0,0,1,0,0,0,0.0,1,0,0,0,0,0,0,0,0.0,0.0,0.0,0.0
2026-02,weekend,mattina,EXP,3,0.0,0,-20.0,0,0,0,0,0,20.0,1,0,0,0,0,0,2,3,-0.8000000000000007,-6.666666666666667,-8.0,-1.5999999999999996
2026-02,weekend,mattina,FA,38,456.0,4,329.0,0,1,0,7,6,127.0,9,5,0,0,9,9,20,37,84.29999999999997,8.657894736842104,-1.5,50.20000000000006
2026-02,weekend,mattina,FB,8,18.0,0,16.0,0,0,0,0,0,2.0,6,0,0,0,1,1,1,8,7.249999999999997,2.0,1.0,5.499999999999999
2026-02,weekend,mattina,FR,475,8947.0,57,7964.0,0,8,6,113,95,983.0,113,76,0,6,165,165,197,461,114.59999999999992,16.766315789473683,1.0,74.80000000000007
2026-02,weekend,mattina,IC,218,1087.0,3,338.0,0,8,1,27,17,749.0,53,12,0,1,45,45,120,209,30.29999999999996,1.5504587155963303,-1.0,11.0
2026-02,weekend,mattina,ICN,1,0.0,0,-27.0,0,0,0,0,0,27.0,0,0,0,0,0,0,1,1,-27.0,-27.0,-27.0,-27.0
2026-02,weekend,mattina,MET,318,375.0,0,0.0,0,9,7,6,2,375.0,132,2,0,7,20,20,166,302,5.0,0.0,-1.0,3.0
2026-02,weekend,mattina,REG,9692,18390.0,12,6541.0,2,340,170,344,198,11849.0,4224,61,0,172,1084,1084,4384,9180,8.0,0.6748865043334709,0.0,5.0
2026-02,weekend,mattina,,100,1008.0,0,996.0,0,0,1,13,13,12.0,66,13,0,1,26,26,8,99,40.02399999999997,9.959999999999996,2.9300000000000006,22.18800000000001
2026-02,weekend,notte,EC,8,67.0,0,57.0,0,0,0,2,1,10.0,1,1,0,0,2,2,5,8,38.04999999999998,7.125,-1.0,25.099999999999994
2026-02,weekend,notte,EN,6,107.0,0,101.0,0,0,2,3,2,6.0,0,2,0,2,5,5,1,4,44.25,16.833333333333332,9.5,41.5
2026-02,weekend,notte,FA,2,0.0,0,-12.0,0,0,0,0,0,12.0,0,0,0,0,0,0,2,2,-3.3000000000000007,-6.0,-6.0,-3.6
2026-02,weekend,notte,FB,8,125.0,1,100.0,2,0,0,2,1,25.0,1,1,0,2,2,2,5,6,76.99999999999994,12.5,-3.0,41.99999999999999
2026-02,weekend,notte,FR,145,2301.0,13,1943.0,1,1,2,35,30,358.0,36,23,0,3,45,45,64,141,102.0,13.4,1.0,58.6
2026-02,weekend,notte,IC,100,522.0,2,222.0,0,8,0,16,9,300.0,30,6,0,0,20,20,50,92,32.39999999999998,2.22,-0.5,14.0
2026-02,weekend,notte,ICN,17,4.0,0,-91.0,0,0,0,0,0,95.0,2,0,0,0,0,0,15,17,1.3999999999999986,-5.352941176470588,-4.0,-0.1999999999999993
2026-02,weekend,notte,MET,100,104.0,0,-60.0,0,3,1,2,2,164.0,29,1,0,1,4,4,67,96,3.049999999999997,-0.6,-1.0,2.0
2026-02,weekend,notte,NCL,22,237.0,2,-204.0,0,2,1,7,7,441.0,3,2,0,1,8,8,11,19,61.89999999999997,-9.272727272727272,-6.0,21.800000000000004
2026-02,weekend,notte,REG,5076,7749.0,3,1152.0,0,189,47,153,81,6597.0,2183,23,0,47,443,443,2450,4840,7.0,0.226950354609929,0.0,4.0
2026-02,weekend,notte,,54,6.0,0,-310.0,0,0,0,0,0,316.0,6,0,0,0,0,0,48,54,-1.4000000000000004,-5.7407407407407405,-6.444444444444445,-2.0222222222222213
2026-02,weekend,pomeriggio,EC,118,537.0,1,276.0,0,10,0,20,8,261.0,30,3,0,0,37,37,51,108,18.299999999999983,2.3389830508474576,0.0,12.0
2026-02,weekend,pomeriggio,EN,1,37.0,0,37.0,0,0,0,1,1,0.0,0,1,0,0,1,1,0,1,37.0,37.0,37.0,37.0
2026-02,weekend,pomeriggio,EXP,2,5.0,0,5.0,0,1,0,0,0,0.0,1,0,0,0,1,1,0,1,4.75,2.5,2.5,4.5
2026-02,weekend,pomeriggio,FA,30,152.0,0,117.0,0,1,0,3,3,35.0,14,2,0,0,4,4,12,29,31.299999999999986,3.9,1.0,10.000000000000028
2026-02,weekend,pomeriggio,FB,8,110.0,1,101.0,0,0,0,3,2,9.0,0,1,0,0,3,3,5,8,56.99999999999997,12.625,-1.0,35.999999999999986
2026-02,weekend,pomeriggio,FR,455,4975.0,22,4255.0,0,8,6,101,67,720.0,136,38,0,6,154,154,165,441,56.59999999999991,9.351648351648352,2.0,22.0
2026-02,weekend,pomeriggio,IC,171,1044.0,4,589.0,1,1,6,28,20,455.0,41,7,0,7,38,38,92,163,26.5,3.4444444444444446,-1.0,18.0
2026-02,weekend,pomeriggio,ICN,3,0.0,0,-32.0,0,0,0,0,0,32.0,0,0,0,0,0,0,3,3,-1.1,-10.666666666666666,-2.0,-1.2
2026-02,weekend,pomeriggio,MET,389,364.0,0,-85.0,0,16,5,7,2,449.0,190,0,0,5,17,17,182,368,4.0,-0.2185089974293059,0.0,3.0
2026-02,weekend,pomeriggio,REG,11968,22537.0,21,8637.0,3,887,242,443,262,13900.0,5533,100,0,245,1258,1258,5177,10836,8.0,0.7216744652406417,0.0,5.0
2026-02,weekend,pomeriggio,,14,14.0,0,-28.0,0,0,0,0,0,42.0,7,0,0,0,0,0,7,14,1.5999999999999996,-2.0,-2.0,1.2000000000000004
2026-02,weekend,sera,EC,82,399.0,1,277.0,0,9,0,11,6,122.0,24,5,0,0,21,21,37,73,30.85000000000001,3.3780487804878048,0.0,11.900000000000006
2026-02,weekend,sera,ECFR,7,63.0,0,63.0,0,0,0,3,1,0.0,1,0,0,0,6,6,0,7,14.099999999999998,9.0,8.0,13.2
2026-02,weekend,sera,EN,6,98.0,0,98.0,0,0,0,5,3,0.0,0,0,0,0,6,6,0,6,24.75,16.333333333333332,15.5,24.5
2026-02,weekend,sera,EXP,1,0.0,0,0.0,0,1,0,0,0,0.0,1,0,0,0,0,0,0,0,0.0,0.0,0.0,0.0
2026-02,weekend,sera,FA,14,46.0,0,3.0,0,0,0,3,1,43.0,3,0,0,0,4,4,7,14,11.749999999999998,0.2142857142857142,-0.5,10.0
2026-02,weekend,sera,FB,8,182.0,1,163.0,0,0,1,3,1,19.0,2,1,0,1,3,3,3,7,103.99999999999991,20.375,3.0,54.99999999999997
2026-02,weekend,sera,FR,167,1064.0,4,613.0,0,4,0,28,20,451.0,46,10,0,0,44,44,77,163,34.799999999999955,3.6706586826347305,0.0,18.0
2026-02,weekend,sera,IC,95,540.0,1,399.0,3,6,0,18,12,141.0,28,2,0,3,29,29,38,86,24.89999999999999,4.2,0.0,15.60000000000001
2026-02,weekend,sera,ICN,92,411.0,2,82.0,0,0,0,9,7,329.0,26,3,0,0,14,14,52,92,22.0,0.8913043478260869,-1.5,8.800000000000011
2026-02,weekend,sera,MET,346,363.0,0,-75.0,0,2,5,3,3,438.0,175,1,0,5,11,11,160,339,4.0,-0.21676300578034663,0.0,3.0
2026-02,weekend,sera,NCL,8,90.0,0,45.0,0,0,0,3,2,45.0,0,1,0,0,4,4,4,8,37.74999999999999,5.625,0.5,32.5
2026-02,weekend,sera,REG,10404,20900.0,20,8093.0,2,178,130,375,232,12807.0,4501,83,0,132,1246,1246,4657,10094,8.0,0.7778738946559016,0.0,5.0
2026-02,weekend,sera,,84,110.0,0,17.0,0,1,0,0,0,93.0,30,0,0,0,14,14,40,83,4.191666666666665,0.20238095238095213,-0.5833333333333335,3.3833333333333333
2026-02,weekend,tarda_mattina,EC,137,725.0,2,482.0,0,5,0,22,14,243.0,36,6,0,0,38,38,63,132,23.799999999999955,3.5182481751824817,0.0,14.800000000000011
2026-02,weekend,tarda_mattina,ECFR,6,95.0,0,95.0,0,0,0,3,1,0.0,0,1,0,0,6,6,0,6,39.5,15.833333333333334,9.5,31.0
2026-02,weekend,tarda_mattina,FA,22,445.0,4,433.0,0,0,0,8,6,12.0,8,5,0,0,12,12,2,22,78.69999999999999,19.681818181818183,7.0,72.50000000000001
2026-02,weekend,tarda_mattina,FB,30,290.0,1,262.0,1,1,0,9,7,28.0,10,1,0,1,12,12,8,28,29.0,8.733333333333333,1.5,20.900000000000013
2026-02,weekend,tarda_mattina,FR,406,6706.0,40,6119.0,0,4,6,106,86,587.0,110,51,0,6,174,174,122,396,108.5,15.071428571428571,3.0,56.5
2026-02,weekend,tarda_mattina,IC,253,1549.0,3,911.0,0,10,3,40,28,638.0,68,8,0,3,64,64,121,240,22.0,3.600790513833992,0.0,15.0
2026-02,weekend,tarda_mattina,ICN,9,26.0,0,-51.0,0,0,0,1,1,77.0,1,0,0,0,1,1,7,9,14.799999999999992,-5.666666666666667,-3.0,7.600000000000004
2026-02,weekend,tarda_mattina,IR,1,56.0,0,56.0,0,0,1,1,1,0.0,0,1,0,1,1,1,0,0,56.0,56.0,56.0,56.0
2026-02,weekend,tarda_mattina,MET,453,484.0,0,-205.0,0,17,11,10,4,689.0,177,0,0,11,30,30,246,425,5.0,-0.4525386313465783,-1.0,3.0
2026-02,weekend,tarda_mattina,REG,13236,22570.0,22,6443.0,3,978,244,445,275,16127.0,5979,91,0,247,1212,1212,6045,12011,7.0,0.4867784829253551,0.0,4.0
2026-02,weekend,tarda_mattina,,14,0.0,0,-126.0,0,0,0,0,0,126.0,0,0,0,0,0,0,14,14,-9.0,-9.0,-9.0,-9.0
2026-03,infrasettimanale,mattina,EC,172,885.0,3,519.0,0,2,0,23,16,366.0,40,7,0,0,34,34,98,170,27.44999999999999,3.0174418604651163,-1.0,13.0
2026-03,infrasettimanale,mattina,EXP,1,0.0,0,-3.0,0,0,0,0,0,3.0,0,0,0,0,0,0,1,1,-3.0,-3.0,-3.0,-3.0
2026-03,infrasettimanale,mattina,FA,113,598.0,0,379.0,0,0,0,17,15,219.0,41,4,0,0,28,28,44,113,23.39999999999995,3.353982300884956,1.0,16.0
2026-03,infrasettimanale,mattina,FB,22,381.0,0,381.0,0,0,0,15,10,0.0,3,4,0,0,19,19,0,22,34.8,17.318181818181817,13.0,30.9
2026-03,infrasettimanale,mattina,FR,1460,10195.0,20,8281.0,0,0,10,292,176,1914.0,479,76,0,10,549,549,432,1450,30.049999999999955,5.671917808219178,3.0,17.0
2026-03,infrasettimanale,mattina,IC,594,4204.0,15,3227.0,0,2,6,106,73,977.0,167,40,0,6,178,178,249,586,41.35000000000002,5.4326599326599325,1.0,17.0
2026-03,infrasettimanale,mattina,ICN,3,0.0,0,-56.0,0,0,0,0,0,56.0,0,0,0,0,0,0,3,3,-17.1,-18.666666666666668,-18.0,-17.2
2026-03,infrasettimanale,mattina,MET,985,1621.0,0,725.0,0,10,12,21,15,896.0,563,3,0,12,79,79,343,963,6.0,0.7360406091370558,1.0,4.0
2026-03,infrasettimanale,mattina,NCL,6,67.0,1,67.0,0,5,0,1,1,0.0,5,1,0,0,1,1,0,1,50.25,11.166666666666666,0.0,33.5
2026-03,infrasettimanale,mattina,REG,38876,96298.0,70,55241.0,2,356,470,1968,1038,41057.0,17693,345,0,472,5882,5882,15301,38048,10.0,1.4209538018314642,0.0,6.0
2026-03,infrasettimanale,mattina,,20,0.0,0,0.0,0,20,0,0,0,0.0,20,0,0,0,0,0,0,0,0.0,0.0,0.0,0.0
2026-03,infrasettimanale,notte,EC,21,137.0,0,114.0,0,0,0,4,3,23.0,8,2,0,0,5,5,8,21,38.0,5.428571428571429,2.0,18.0
2026-03,infrasettimanale,notte,EN,22,462.0,1,462.0,0,0,0,14,9,0.0,2,4,0,0,20,20,0,22,54.55,21.0,10.5,45.8
2026-03,infrasettimanale,notte,FA,42,222.0,0,210.0,0,0,0,5,5,12.0,20,0,0,0,18,18,4,42,19.95,5.0,3.0,17.099999999999987
2026-03,infrasettimanale,notte,FB,22,221.0,0,209.0,0,0,0,5,5,12.0,7,4,0,0,9,9,6,22,40.95,9.5,1.5,39.10000000000002
2026-03,infrasettimanale,notte,FR,496,2949.0,5,2174.0,0,0,1,93,59,775.0,132,20,0,1,159,159,205,495,26.0,4.383064516129032,1.0,18.0
2026-03,infrasettimanale,notte,IC,242,1722.0,4,1239.0,0,6,4,44,34,483.0,86,12,0,4,71,71,85,232,28.0,5.119834710743802,1.0,17.0
2026-03,infrasettimanale,notte,ICN,54,462.0,4,276.0,0,0,0,8,7,186.0,8,6,0,0,11,11,35,54,62.04999999999998,5.111111111111111,-3.0,26.70000000000003
2026-03,infrasettimanale,notte,MET,351,264.0,0,-180.0,0,4,2,3,2,444.0,133,1,0,2,14,14,204,345,3.0,-0.5128205128205128,-1.0,2.0
2026-03,infrasettimanale,notte,NCL,16,177.0,0,177.0,0,8,0,4,4,0.0,8,3,0,0,8,8,0,8,46.5,11.0625,3.0,39.5
2026-03,infrasettimanale,notte,REG,16242,31040.0,29,10712.0,2,123,139,573,363,20328.0,6988,141,0,141,1620,1620,7634,15978,7.0,0.6595246890776998,0.0,4.0
2026-03,infrasettimanale,notte,,90,830.0,0,830.0,0,50,0,15,15,0.0,50,15,0,0,40,40,0,40,28.633333333333333,9.22222222222222,1.666666666666667,24.266666666666666
2026-03,infrasettimanale,pomeriggio,EC,338,2692.0,5,2208.0,0,10,2,89,62,484.0,79,22,0,2,130,130,129,326,34.14999999999998,6.5325443786982245,2.0,21.0
2026-03,infrasettimanale,pomeriggio,EXP,3,65.0,1,62.0,0,0,0,1,1,3.0,1,1,0,0,1,1,1,3,56.1,20.666666666666668,3.0,50.20000000000001
2026-03,infrasettimanale,pomeriggio,FA,85,548.0,2,375.0,0,0,0,15,13,173.0,26,4,0,0,24,24,35,85,26.399999999999988,4.411764705882353,1.0,17.200000000000017
2026-03,infrasettimanale,pomeriggio,FB,25,124.0,0,121.0,0,0,0,1,1,3.0,14,1,0,0,8,8,3,25,7.599999999999994,4.84,4.0,6.0
2026-03,infrasettimanale,pomeriggio,FR,1306,11144.0,19,9483.0,0,0,1,362,224,1661.0,338,77,0,1,625,625,343,1305,33.0,7.261102603369066,4.0,22.0
2026-03,infrasettimanale,pomeriggio,IC,463,3359.0,9,2607.0,5,0,2,88,56,752.0,117,26,0,7,152,152,194,456,30.0,5.630669546436285,1.0,17.0
2026-03,infrasettimanale,pomeriggio,ICN,40,395.0,1,257.0,0,0,0,5,5,138.0,9,4,0,0,8,8,23,40,50.19999999999999,6.425,-2.5,19.40000000000002
2026-03,infrasettimanale,pomeriggio,MET,1181,2032.0,0,705.0,0,8,18,43,32,1327.0,573,9,0,18,94,94,514,1155,7.0,0.5969517358171041,0.0,4.0
2026-03,infrasettimanale,pomeriggio,NCL,1,0.0,0,0.0,0,1,0,0,0,0.0,1,0,0,0,0,0,0,0,0.0,0.0,0.0,0.0
2026-03,infrasettimanale,pomeriggio,REG,46879,115476.0,85,66520.0,7,376,696,2443,1423,48956.0,21030,439,0,703,6990,6990,18859,45800,10.0,1.4189722477015294,0.0,6.0
2026-03,infrasettimanale,pomeriggio,,53,107.0,0,107.0,0,0,0,0,0,0.0,53,0,0,0,0,0,0,53,2.901886792452832,2.018867924528301,2.018867924528301,2.8037735849056613
2026-03,infrasettimanale,sera,EC,233,1079.0,0,860.0,0,4,0,41,15,219.0,74,4,0,0,79,79,80,229,16.399999999999977,3.6909871244635193,2.0,12.0
2026-03,infrasettimanale,sera,ECFR,22,337.0,1,326.0,0,0,0,10,7,11.0,2,4,0,0,15,15,5,22,55.35,14.818181818181818,9.0,42.00000000000002
2026-03,infrasettimanale,sera,EN,20,403.0,0,388.0,0,0,0,17,14,15.0,0,3,0,0,18,18,2,20,33.400000000000006,19.4,23.0,30.300000000000004
2026-03,infrasettimanale,sera,EXP,4,18.0,0,17.0,0,0,0,1,0,1.0,1,0,0,0,2,2,1,4,9.4,4.25,4.0,8.8
2026-03,infrasettimanale,sera,FA,22,101.0,0,66.0,0,0,0,3,3,35.0,8,0,0,0,6,6,8,22,19.75,3.0,1.0,14.400000000000013
2026-03,infrasettimanale,sera,FB,18,49.0,0,45.0,0,0,0,0,0,4.0,10,0,0,0,5,5,3,18,6.149999999999999,2.5,1.5,6.0
2026-03,infrasettimanale,sera,FR,470,2926.0,3,1977.0,0,0,0,88,47,949.0,96,15,0,0,173,173,201,470,25.0,4.206382978723404,1.0,14.100000000000025
2026-03,infrasettimanale,sera,IC,269,1726.0,5,1121.0,0,0,4,32,21,605.0,67,15,0,4,80,80,122,265,31.199999999999992,4.16728624535316,0.0,12.0
2026-03,infrasettimanale,sera,ICN,283,1747.0,6,711.0,0,0,0,37,28,1036.0,56,18,0,0,66,66,161,283,44.0,2.512367491166078,-1.0,13.600000000000025
2026-03,infrasettimanale,sera,MET,1088,1993.0,0,700.0,0,13,25,45,27,1293.0,541,7,0,25,99,99,448,1050,8.0,0.6433823529411765,0.0,4.0
2026-03,infrasettimanale,sera,NCL,34,430.0,3,355.0,0,14,0,10,8,75.0,19,5,0,0,11,11,4,20,78.19999999999997,10.441176470588236,0.0,33.8
2026-03,infrasettimanale,sera,REG,37157,105147.0,100,63418.0,5,317,387,2306,1277,41729.0,15861,449,0,392,6442,6442,14854,36448,11.0,1.7067578114487176,1.0,7.0
2026-03,infrasettimanale,tarda_mattina,EC,310,1818.0,5,1445.0,0,5,2,47,33,373.0,83,10,0,2,79,79,148,303,23.0,4.661290322580645,0.0,17.0
2026-03,infrasettimanale,tarda_mattina,ECFR,22,27.0,0,-140.0,0,0,0,2,1,167.0,0,0,0,0,2,2,20,22,11.29999999999999,-6.363636363636363,-8.5,-2.099999999999998
2026-03,infrasettimanale,tarda_mattina,EXP,6,71.0,0,71.0,0,1,1,3,3,0.0,2,0,0,1,4,4,0,4,24.25,11.833333333333334,12.0,23.5
2026-03,infrasettimanale,tarda_mattina,FA,43,288.0,0,216.0,0,0,0,10,5,72.0,8,2,0,0,22,22,13,43,21.9,5.023255813953488,5.0,16.200000000000017
2026-03,infrasettimanale,tarda_mattina,FB,85,354.0,0,313.0,0,0,0,11,6,41.0,48,2,0,0,20,20,17,85,17.599999999999994,3.6823529411764704,2.0,10.0
2026-03,infrasettimanale,tarda_mattina,FR,1363,10967.0,26,9391.0,0,0,5,327,210,1576.0,399,92,0,5,569,569,395,1358,34.0,6.889948642699927,3.0,22.0
2026-03,infrasettimanale,tarda_mattina,IC,616,4848.0,13,3720.0,1,9,4,124,90,1128.0,163,36,0,5,204,204,249,602,34.25,6.038961038961039,1.0,20.5
2026-03,infrasettimanale,tarda_mattina,ICN,41,173.0,2,-45.0,0,0,0,3,2,218.0,6,2,0,0,3,3,32,41,13.0,-1.0975609756097562,-5.0,3.0
2026-03,infrasettimanale,tarda_mattina,MET,1372,1980.0,0,410.0,0,8,24,33,22,1570.0,650,6,0,24,98,98,624,1340,6.0,0.2988338192419825,0.0,3.0
2026-03,infrasettimanale,tarda_mattina,NCL,4,0.0,0,0.0,0,4,0,0,0,0.0,4,0,0,0,0,0,0,0,0.0,0.0,0.0,0.0
2026-03,infrasettimanale,tarda_mattina,REG,48859,96236.0,63,41087.0,0,326,619,1779,1003,55149.0,21822,349,0,619,5478,5478,21559,47914,8.0,0.8409300231277759,0.0,5.0
2026-03,infrasettimanale,tarda_mattina,,6,0.0,0,0.0,0,6,0,0,0,0.0,6,0,0,0,0,0,0,0,0.0,0.0,0.0,0.0
2026-03,weekend,mattina,EC,58,89.0,0,-20.0,0,4,0,2,1,109.0,17,1,0,0,6,6,35,54,7.0,-0.3448275862068966,-1.0,3.6000000000000085
2026-03,weekend,mattina,EXP,1,0.0,0,-21.0,0,0,0,0,0,21.0,0,0,0,0,0,0,1,1,-21.0,-21.0,-21.0,-21.0
2026-03,weekend,mattina,FA,39,207.0,1,103.0,0,0,0,5,4,104.0,4,2,0,0,13,13,22,39,21.50000000000002,2.641025641025641,-1.0,11.600000000000025
2026-03,weekend,mattina,FB,9,60.0,0,60.0,0,0,0,3,0,0.0,4,0,0,0,5,5,0,9,12.8,6.666666666666667,5.0,11.6
2026-03,weekend,mattina,FR,527,2403.0,6,1229.0,0,0,1,60,37,1174.0,169,19,0,1,114,114,244,526,21.69999999999999,2.332068311195446,0.0,11.0
2026-03,weekend,mattina,IC,258,1164.0,3,492.0,0,4,1,32,21,672.0,62,9,0,1,62,62,134,253,22.44999999999993,1.9069767441860463,-1.0,13.0
2026-03,weekend,mattina,ICN,1,0.0,0,-28.0,0,0,0,0,0,28.0,0,0,0,0,0,0,1,1,-28.0,-28.0,-28.0,-28.0
2026-03,weekend,mattina,MET,368,317.0,0,-81.0,0,5,4,2,1,398.0,197,0,0,4,9,9,162,359,3.0,-0.2201086956521738,0.0,2.0
2026-03,weekend,mattina,REG,10454,16803.0,15,2482.0,1,47,60,279,154,14321.0,4359,50,0,61,876,876,5219,10346,6.0,0.2374210828391046,0.0,4.0
2026-03,weekend,mattina,,31,0.0,0,-434.0,0,0,0,0,0,434.0,0,0,0,0,0,0,31,31,-14.0,-14.0,-14.0,-14.0
2026-03,weekend,notte,EC,10,83.0,0,70.0,0,0,1,3,3,13.0,0,1,0,1,5,5,5,9,26.94999999999999,7.0,2.5,22.9
2026-03,weekend,notte,EN,6,124.0,1,116.0,0,0,4,3,3,8.0,1,1,0,4,3,3,2,2,67.75,19.33333333333333,9.5,52.5
2026-03,weekend,notte,EXP,1,140.0,1,140.0,0,0,1,1,1,0.0,0,1,0,1,1,1,0,0,140.0,140.0,140.0,140.0
2026-03,weekend,notte,FA,4,4.0,0,-1.0,0,0,0,0,0,5.0,2,0,0,0,0,0,2,4,2.0,-0.25,0.0,2.0
2026-03,weekend,notte,FB,9,97.0,1,93.0,0,0,0,2,1,4.0,6,1,0,0,2,2,1,9,48.19999999999997,10.333333333333334,3.0,23.400000000000013
2026-03,weekend,notte,FR,156,556.0,0,87.0,0,0,0,15,10,469.0,46,4,0,0,27,27,83,156,20.0,0.5576923076923077,-1.0,9.0
2026-03,weekend,notte,IC,101,788.0,3,429.0,0,1,1,16,9,359.0,20,4,0,1,19,19,62,99,21.0,4.247524752475248,-3.0,11.0
2026-03,weekend,notte,ICN,23,90.0,0,-16.0,0,0,0,2,2,106.0,3,1,0,0,3,3,17,23,16.899999999999984,-0.6956521739130435,-5.0,6.400000000000002
2026-03,weekend,notte,IR,2,0.0,0,-1.0,0,0,1,0,0,1.0,1,0,0,1,0,0,1,1,-0.05,-0.5,-0.5,-0.0999999999999999
2026-03,weekend,notte,MET,132,78.0,0,-137.0,0,1,0,1,0,215.0,37,0,0,0,4,4,91,131,3.4499999999999886,-1.0378787878787878,-1.5,2.0
2026-03,weekend,notte,NCL,15,1129.0,10,1129.0,0,5,0,10,10,0.0,5,10,0,0,10,10,0,10,163.29999999999998,75.26666666666667,73.0,155.6
2026-03,weekend,notte,REG,4626,6611.0,4,-408.0,0,20,27,106,66,7019.0,1842,26,0,27,348,348,2436,4579,6.0,-0.0881971465629053,-1.0,4.0
2026-03,weekend,notte,,59,447.0,0,447.0,0,25,0,9,9,0.0,25,9,0,0,34,34,0,34,16.957627118644066,7.576271186440679,4.372881355932203,15.55932203389831
2026-03,weekend,pomeriggio,EC,120,740.0,1,550.0,0,1,3,24,13,190.0,33,5,0,3,36,36,51,116,29.0,4.583333333333333,1.0,16.200000000000017
2026-03,weekend,pomeriggio,EXP,1,0.0,0,-5.0,0,0,0,0,0,5.0,0,0,0,0,0,0,1,1,-5.0,-5.0,-5.0,-5.0
2026-03,weekend,pomeriggio,FA,26,98.0,0,36.0,0,0,0,2,2,62.0,6,1,0,0,5,5,15,26,18.5,1.3846153846153846,-2.0,8.0
2026-03,weekend,pomeriggio,FB,14,62.0,0,50.0,0,0,0,2,2,12.0,7,0,0,0,4,4,3,14,18.7,3.571428571428572,2.0,14.100000000000014
2026-03,weekend,pomeriggio,FR,531,2562.0,4,1593.0,0,0,1,69,41,969.0,198,17,0,1,147,147,186,530,21.0,3.0,2.0,11.0
2026-03,weekend,pomeriggio,IC,208,877.0,0,376.0,0,0,3,35,15,501.0,46,5,0,3,58,58,104,205,21.649999999999977,1.807692307692308,-0.5,13.0
2026-03,weekend,pomeriggio,ICN,9,46.0,0,33.0,0,0,0,1,1,13.0,4,1,0,0,2,2,3,9,21.19999999999999,3.6666666666666665,2.0,10.400000000000006
2026-03,weekend,pomeriggio,MET,471,699.0,0,176.0,0,2,9,14,10,523.0,232,3,0,9,32,32,207,460,5.0,0.3736730360934182,0.0,3.0
2026-03,weekend,pomeriggio,NCL,2,43.0,0,41.0,0,0,0,1,1,2.0,0,1,0,0,1,1,1,2,40.75,20.5,20.5,38.5
2026-03,weekend,pomeriggio,REG,13319,25227.0,24,7974.0,2,75,126,498,288,17253.0,5672,95,0,128,1362,1362,6285,13116,7.0,0.5986935956152865,0.0,5.0
2026-03,weekend,pomeriggio,,74,269.0,0,197.0,0,0,0,0,0,72.0,28,0,0,0,28,28,18,74,8.481081081081083,2.6621621621621623,0.9324324324324325,8.13783783783784
2026-03,weekend,sera,EC,86,334.0,1,187.0,0,3,0,9,5,147.0,23,4,0,0,18,18,45,83,16.0,2.1744186046511627,-1.0,9.5
2026-03,weekend,sera,ECFR,7,92.0,0,84.0,0,0,0,3,3,8.0,1,1,0,0,3,3,3,7,41.799999999999976,12.0,4.0,31.600000000000005
2026-03,weekend,sera,EN,7,161.0,0,161.0,0,0,0,6,6,0.0,1,2,0,0,6,6,0,7,31.7,23.0,28.0,31.4
2026-03,weekend,sera,FA,10,34.0,0,-32.0,0,0,0,1,1,66.0,2,0,0,0,2,2,6,10,15.599999999999989,-3.2,-4.5,10.199999999999996
2026-03,weekend,sera,FB,8,34.0,0,34.0,0,0,0,0,0,0.0,5,0,0,0,3,3,0,8,7.0,4.25,3.5,7.0
2026-03,weekend,sera,FR,180,829.0,0,365.0,0,0,0,28,18,464.0,46,6,0,0,49,49,85,180,24.049999999999986,2.0277777777777777,0.0,13.19999999999999
2026-03,weekend,sera,IC,137,769.0,1,422.0,1,1,1,22,13,347.0,38,7,0,2,38,38,61,134,27.799999999999898,3.08029197080292,0.0,13.0
2026-03,weekend,sera,ICN,122,1121.0,6,546.0,0,0,0,21,20,575.0,22,11,0,0,28,28,72,122,51.849999999999966,4.475409836065574,-2.0,20.90000000000001
2026-03,weekend,sera,MET,416,508.0,0,37.0,0,0,7,6,2,471.0,226,1,0,7,23,23,167,409,5.0,0.0889423076923077,0.0,3.0
2026-03,weekend,sera,NCL,8,0.0,0,0.0,0,8,0,0,0,0.0,8,0,0,0,0,0,0,0,0.0,0.0,0.0,0.0
2026-03,weekend,sera,REG,11284,22748.0,14,8780.0,0,69,85,435,256,13968.0,4831,79,0,85,1339,1339,5114,11130,8.0,0.7780928748670685,0.0,5.0
2026-03,weekend,tarda_mattina,EC,147,812.0,2,541.0,0,2,0,21,16,271.0,33,9,0,0,35,35,79,145,39.49999999999994,3.680272108843537,-1.0,16.0
2026-03,weekend,tarda_mattina,ECFR,6,117.0,1,112.0,0,0,0,2,2,5.0,2,1,0,0,2,2,2,6,75.25,18.666666666666668,1.0,57.5
2026-03,weekend,tarda_mattina,EXP,1,13.0,0,13.0,0,0,0,1,0,0.0,0,0,0,0,1,1,0,1,13.0,13.0,13.0,13.0
2026-03,weekend,tarda_mattina,FA,18,47.0,0,-15.0,0,0,0,2,1,62.0,7,0,0,0,3,3,8,18,11.949999999999982,-0.8333333333333334,0.0,6.500000000000004
2026-03,weekend,tarda_mattina,FB,31,58.0,0,15.0,0,0,0,1,0,43.0,12,0,0,0,5,5,14,31,7.5,0.4838709677419355,0.0,6.0
2026-03,weekend,tarda_mattina,FR,458,2504.0,6,1587.0,0,0,2,70,41,917.0,137,16,0,2,137,137,184,456,24.0,3.465065502183406,1.0,12.300000000000011
2026-03,weekend,tarda_mattina,IC,276,1626.0,3,922.0,0,2,6,51,35,704.0,67,13,0,6,80,80,129,268,29.0,3.340579710144928,0.0,17.0
2026-03,weekend,tarda_mattina,ICN,18,7.0,0,-135.0,0,0,0,0,0,142.0,4,0,0,0,0,0,14,18,2.0,-7.5,-6.0,2.0
2026-03,weekend,tarda_mattina,MET,548,488.0,0,-252.0,0,4,5,3,1,740.0,243,0,0,5,24,24,281,539,4.0,-0.4598540145985401,-1.0,3.0
2026-03,weekend,tarda_mattina,REG,14621,23331.0,10,3988.0,2,55,75,389,221,19343.0,6236,84,0,77,1258,1258,7127,14489,6.0,0.2727583612611996,0.0,4.0
2026-04,infrasettimanale,mattina,EC,175,773.0,2,460.0,0,3,0,27,11,313.0,52,3,0,0,45,45,78,172,16.299999999999983,2.628571428571429,1.0,11.0
2026-04,infrasettimanale,mattina,ECFR,1,0.0,0,0.0,0,1,0,0,0,0.0,1,0,0,0,0,0,0,0,0.0,0.0,0.0,0.0
2026-04,infrasettimanale,mattina,EXP,3,89.0,1,89.0,0,1,0,2,2,0.0,1,1,0,0,2,2,0,2,67.3,29.666666666666668,16.0,61.6
2026-04,infrasettimanale,mattina,FA,108,712.0,2,554.0,0,0,2,18,12,158.0,34,5,0,2,37,37,37,106,28.0,5.12962962962963,1.5,18.3
2026-04,infrasettimanale,mattina,FB,22,291.0,1,291.0,0,0,0,7,6,0.0,8,2,0,0,14,14,0,22,46.94999999999998,13.227272727272727,6.0,26.9
2026-04,infrasettimanale,mattina,FR,1424,10477.0,22,8889.0,0,6,45,247,162,1588.0,522,83,0,45,493,493,409,1373,34.84999999999991,6.242275280898877,3.0,17.0
2026-04,infrasettimanale,mattina,IC,596,4670.0,10,3771.0,0,10,11,119,78,899.0,161,41,0,11,218,218,217,575,36.25,6.327181208053691,2.0,21.0
2026-04,infrasettimanale,mattina,ICN,1,116.0,1,116.0,0,0,0,1,1,0.0,0,1,0,0,1,1,0,1,116.0,116.0,116.0,116.0
2026-04,infrasettimanale,mattina,IR,2,2.0,0,0.0,0,0,0,0,0,2.0,1,0,0,0,0,0,1,2,1.7999999999999998,0.0,0.0,1.6
2026-04,infrasettimanale,mattina,MET,981,1943.0,0,992.0,0,4,9,32,22,951.0,515,10,0,9,96,96,370,968,7.0,1.0112130479102956,1.0,4.0
2026-04,infrasettimanale,mattina,NCL,2,0.0,0,-89.0,0,0,0,0,0,89.0,0,0,0,0,0,0,2,2,-38.65,-44.5,-44.5,-39.3
2026-04,infrasettimanale,mattina,REG,38084,87277.0,56,46297.0,5,303,339,1714,921,40980.0,17393,257,0,344,5439,5439,15252,37437,9.0,1.215654868186115,0.0,6.0
2026-04,infrasettimanale,notte,EC,22,188.0,0,163.0,0,0,0,7,5,25.0,6,2,0,0,9,9,7,22,32.39999999999999,7.409090909090909,2.0,20.9
2026-04,infrasettimanale,notte,EN,22,490.0,2,486.0,0,0,2,13,6,4.0,0,4,0,2,21,21,1,20,109.24999999999994,22.09090909090909,10.0,37.20000000000002
2026-04,infrasettimanale,notte,EXP,5,29.0,0,11.0,1,0,0,1,1,18.0,0,0,0,1,3,3,2,4,15.599999999999998,2.2,5.0,13.2
2026-04,infrasettimanale,notte,FA,32,183.0,1,124.0,0,0,0,3,2,59.0,14,1,0,0,8,8,10,32,14.949999999999992,3.875,1.0,8.900000000000002
2026-04,infrasettimanale,notte,FB,22,341.0,1,327.0,0,0,0,7,7,14.0,7,5,0,0,10,10,5,22,57.44999999999998,14.863636363636363,2.5,46.900000000000006
2026-04,infrasettimanale,notte,FR,530,3630.0,12,2777.0,0,3,5,73,52,853.0,179,22,0,5,135,135,216,522,26.549999999999955,5.239622641509434,1.0,14.0
2026-04,infrasettimanale,notte,IC,243,1622.0,6,902.0,0,7,6,47,27,720.0,63,18,0,6,80,80,100,230,35.59999999999991,3.711934156378601,1.0,19.80000000000001
2026-04,infrasettimanale,notte,ICN,43,254.0,1,89.0,0,0,0,7,5,165.0,2,3,0,0,10,10,31,43,37.59999999999998,2.069767441860465,-3.0,15.60000000000001
2026-04,infrasettimanale,notte,IR,2,11.0,0,11.0,0,0,2,0,0,0.0,0,0,0,2,2,2,0,0,5.95,5.5,5.5,5.9
2026-04,infrasettimanale,notte,MET,343,226.0,0,-234.0,0,0,0,1,1,460.0,120,0,0,0,12,12,211,343,3.0,-0.6822157434402333,-1.0,2.0
2026-04,infrasettimanale,notte,NCL,26,33.0,0,33.0,0,25,0,1,1,0.0,25,1,0,0,1,1,0,1,0.0,1.2692307692307692,0.0,0.0
2026-04,infrasettimanale,notte,REG,15866,30310.0,19,10443.0,1,86,133,513,343,19867.0,6971,119,0,134,1605,1605,7290,15646,7.0,0.65819992436657,0.0,5.0
2026-04,infrasettimanale,pomeriggio,EC,348,2797.0,3,2467.0,0,2,3,105,59,330.0,83,19,0,3,165,165,100,343,30.649999999999977,7.089080459770115,4.0,20.0
2026-04,infrasettimanale,pomeriggio,ECFR,1,4.0,0,4.0,0,0,0,0,0,0.0,1,0,0,0,0,0,0,1,4.0,4.0,4.0,4.0
2026-04,infrasettimanale,pomeriggio,EXP,4,12.0,0,12.0,0,2,0,0,0,0.0,3,0,0,0,1,1,0,2,8.099999999999998,3.0,1.5,7.200000000000001
2026-04,infrasettimanale,pomeriggio,FA,87,847.0,1,699.0,0,0,2,15,12,148.0,20,6,0,2,22,22,45,85,36.0,8.03448275862069,-1.0,22.80000000000001
2026-04,infrasettimanale,pomeriggio,FB,24,553.0,2,552.0,0,0,2,6,4,1.0,13,3,0,2,10,10,1,22,174.94999999999968,23.0,4.0,31.2
2026-04,infrasettimanale,pomeriggio,FR,1382,11505.0,21,9880.0,1,2,51,343,218,1625.0,416,81,0,52,611,611,355,1328,31.95000000000004,7.149059334298118,3.0,20.0
2026-04,infrasettimanale,pomeriggio,IC,486,3287.0,3,2615.0,2,4,7,112,79,672.0,130,26,0,9,185,185,171,473,30.0,5.380658436213992,2.0,21.0
2026-04,infrasettimanale,pomeriggio,ICN,37,64.0,0,-39.0,0,0,0,2,1,103.0,6,0,0,0,7,7,24,37,8.599999999999987,-1.054054054054054,-1.0,5.399999999999999
2026-04,infrasettimanale,pomeriggio,MET,1201,1624.0,0,250.0,0,5,17,26,12,1374.0,592,4,0,17,80,80,529,1179,6.0,0.2081598667776852,0.0,4.0
2026-04,infrasettimanale,pomeriggio,NCL,2,0.0,0,-170.0,0,0,0,0,0,170.0,0,0,0,0,0,0,2,2,-85.0,-85.0,-85.0,-85.0
2026-04,infrasettimanale,pomeriggio,REG,47160,116714.0,64,67273.0,3,377,723,2501,1351,49441.0,21169,408,0,726,7310,7310,18681,46057,10.0,1.4264843087362171,0.0,6.0
2026-04,infrasettimanale,pomeriggio,,46,264.0,0,-44.0,0,0,0,24,0,308.0,0,0,0,0,24,24,22,46,9.804347826086955,-0.9565217391304348,-0.9565217391304348,8.60869565217391
2026-04,infrasettimanale,sera,DIR,1,10.0,0,10.0,0,0,0,1,0,0.0,0,0,0,0,1,1,0,1,10.0,10.0,10.0,10.0
2026-04,infrasettimanale,sera,EC,242,1400.0,1,1210.0,0,4,0,51,24,190.0,63,5,0,0,104,104,75,238,20.0,5.0,4.0,14.0
2026-04,infrasettimanale,sera,ECFR,21,338.0,1,337.0,0,0,0,13,9,1.0,3,3,0,0,17,17,1,21,33.0,16.047619047619047,13.0,31.0
2026-04,infrasettimanale,sera,EN,21,422.0,0,422.0,0,0,0,17,14,0.0,4,3,0,0,17,17,0,21,44.0,20.09523809523809,21.0,33.0
2026-04,infrasettimanale,sera,EXP,4,0.0,0,-17.0,0,1,0,0,0,17.0,1,0,0,0,0,0,3,3,-0.6000000000000014,-4.25,-4.5,-1.1999999999999993
2026-04,infrasettimanale,sera,FA,29,110.0,0,79.0,0,0,0,4,3,31.0,17,0,0,0,4,4,8,29,18.8,2.7241379310344827,2.0,12.999999999999996
2026-04,infrasettimanale,sera,FB,19,64.0,0,56.0,0,0,0,0,0,8.0,5,0,0,0,8,8,6,19,9.0,2.9473684210526314,1.0,8.2
2026-04,infrasettimanale,sera,FR,530,2601.0,1,1579.0,0,1,8,91,52,1022.0,139,12,0,8,184,184,207,521,19.0,2.979245283018868,2.0,14.0
2026-04,infrasettimanale,sera,IC,346,2630.0,10,2111.0,0,25,3,65,41,519.0,120,23,0,3,115,115,111,318,37.5,6.101156069364162,1.0,17.0
2026-04,infrasettimanale,sera,ICN,245,1214.0,6,239.0,0,0,0,26,22,975.0,51,15,0,0,45,45,149,245,31.799999999999983,0.9755102040816328,-2.0,10.599999999999994
2026-04,infrasettimanale,sera,MET,1100,1376.0,0,-98.0,0,10,21,18,7,1474.0,526,2,0,21,72,72,502,1069,5.0,-0.0890909090909091,0.0,3.0
2026-04,infrasettimanale,sera,NCL,23,0.0,0,0.0,0,23,0,0,0,0.0,23,0,0,0,0,0,0,0,0.0,0.0,0.0,0.0
2026-04,infrasettimanale,sera,REG,37359,95683.0,76,52446.0,3,297,364,2145,1122,43237.0,16065,364,0,367,6052,6052,15242,36695,10.0,1.4038384325062234,0.0,6.0
2026-04,infrasettimanale,sera,,66,1340.0,0,1340.0,0,4,0,24,24,0.0,4,24,0,0,62,62,0,62,41.48636363636364,20.30303030303031,15.833333333333341,36.97272727272727
2026-04,infrasettimanale,tarda_mattina,EC,354,2347.0,5,2029.0,0,0,1,74,38,318.0,109,15,0,1,120,120,125,353,27.0,5.731638418079096,2.0,15.699999999999987
2026-04,infrasettimanale,tarda_mattina,ECFR,21,48.0,0,-53.0,0,1,0,1,1,101.0,6,0,0,0,3,3,12,20,6.0,-2.523809523809524,-4.0,5.0
2026-04,infrasettimanale,tarda_mattina,EXP,15,144.0,1,110.0,0,1,3,2,1,34.0,1,1,0,3,8,8,6,11,34.999999999999915,7.333333333333333,6.0,10.2
2026-04,infrasettimanale,tarda_mattina,FA,23,587.0,2,577.0,0,0,2,8,5,10.0,7,5,0,2,11,11,5,21,101.8999999999999,25.08695652173913,4.0,52.60000000000001
2026-04,infrasettimanale,tarda_mattina,FB,88,828.0,1,781.0,0,0,2,25,16,47.0,37,4,0,2,36,36,15,86,29.0,8.875,3.0,20.599999999999994
2026-04,infrasettimanale,tarda_mattina,FR,1364,13595.0,38,12237.0,2,3,58,363,241,1358.0,411,125,0,60,614,614,339,1301,42.0,8.97140762463343,4.0,26.0
2026-04,infrasettimanale,tarda_mattina,IC,622,6193.0,17,5355.0,1,14,26,171,118,838.0,163,72,0,27,271,271,188,581,48.0,8.609324758842444,3.0,31.0
2026-04,infrasettimanale,tarda_mattina,ICN,55,176.0,1,-129.0,0,0,0,5,3,305.0,9,2,0,0,8,8,38,55,13.499999999999986,-2.345454545454545,-4.0,8.200000000000003
2026-04,infrasettimanale,tarda_mattina,IR,1,72.0,1,72.0,0,0,0,1,1,0.0,0,1,0,0,1,1,0,1,72.0,72.0,72.0,72.0
2026-04,infrasettimanale,tarda_mattina,MET,1384,1689.0,0,-229.0,0,5,10,28,15,1918.0,608,2,0,10,84,84,692,1369,5.0,-0.1654624277456647,-0.5,3.0
2026-04,infrasettimanale,tarda_mattina,NCL,2,48.0,0,34.0,0,0,0,1,1,14.0,0,1,0,0,1,1,1,2,44.9,17.0,17.0,41.8
2026-04,infrasettimanale,tarda_mattina,REG,48195,97452.0,60,44090.0,5,275,583,1848,961,53362.0,21782,321,0,588,5870,5870,20543,47332,8.0,0.9148251893349932,0.0,5.0
2026-04,infrasettimanale,tarda_mattina,,43,86.0,0,86.0,0,28,0,0,0,0.0,35,0,0,0,8,8,0,15,4.451162790697675,2.0,1.1860465116279069,4.088372093023256
2026-04,weekend,mattina,EC,67,136.0,0,-19.0,0,6,0,6,2,155.0,20,1,0,0,8,8,39,61,10.0,-0.2835820895522388,-2.0,5.799999999999997
2026-04,weekend,mattina,EXP,2,7.0,0,7.0,0,0,1,0,0,0.0,2,0,0,1,0,0,0,1,3.95,3.5,3.5,3.9
2026-04,weekend,mattina,FA,30,144.0,0,90.0,0,0,0,5,2,54.0,9,1,0,0,9,9,12,30,17.949999999999974,3.0,2.5,10.300000000000004
2026-04,weekend,mattina,FB,8,27.0,0,26.0,0,0,0,1,0,1.0,5,0,0,0,2,2,1,8,8.599999999999998,3.25,3.0,7.199999999999999
2026-04,weekend,mattina,FR,453,2473.0,6,1504.0,1,0,14,47,30,969.0,149,17,0,15,94,94,210,438,21.0,3.32008830022075,0.0,10.0
2026-04,weekend,mattina,IC,227,1103.0,2,485.0,0,4,0,24,16,618.0,66,4,0,0,50,50,111,223,18.69999999999999,2.1365638766519823,0.0,10.0
2026-04,weekend,mattina,ICN,3,0.0,0,-55.0,0,0,0,0,0,55.0,0,0,0,0,0,0,3,3,-12.9,-18.33333333333333,-21.0,-13.800000000000002
2026-04,weekend,mattina,IR,1,5.0,0,5.0,0,0,0,0,0,0.0,0,0,0,0,1,1,0,1,5.0,5.0,5.0,5.0
2026-04,weekend,mattina,MET,340,346.0,0,-54.0,0,1,2,3,1,400.0,176,0,0,2,11,11,153,337,4.0,-0.1588235294117647,0.0,3.0
2026-04,weekend,mattina,REG,9106,15693.0,11,2934.0,3,57,80,319,173,12759.0,3725,46,0,83,881,881,4500,8966,7.0,0.3222051394684823,0.0,4.0
2026-04,weekend,mattina,,13,0.0,0,-325.0,0,0,0,0,0,325.0,0,0,0,0,0,0,13,13,-25.0,-25.0,-25.0,-25.0
2026-04,weekend,notte,EC,7,32.0,0,12.0,0,0,0,1,1,20.0,1,0,0,0,2,2,4,7,18.19999999999999,1.7142857142857142,-3.0,13.400000000000006
2026-04,weekend,notte,EN,6,16.0,0,9.0,0,0,2,0,0,7.0,1,0,0,2,2,2,3,4,6.0,1.5,1.5,6.0
2026-04,weekend,notte,EXP,1,0.0,0,-2.0,0,0,1,0,0,2.0,0,0,0,1,0,0,1,0,-2.0,-2.0,-2.0,-2.0
2026-04,weekend,notte,FA,3,0.0,0,-23.0,0,0,0,0,0,23.0,0,0,0,0,0,0,3,3,-5.2,-7.666666666666667,-7.0,-5.400000000000001
2026-04,weekend,notte,FB,8,27.0,0,6.0,0,0,0,1,1,21.0,2,0,0,0,1,1,5,8,17.549999999999986,0.75,-2.5,8.099999999999994
2026-04,weekend,notte,FR,149,1029.0,3,577.0,0,0,1,22,13,452.0,37,7,0,1,33,33,79,148,28.59999999999999,3.87248322147651,-1.0,14.0
2026-04,weekend,notte,IC,88,393.0,1,183.0,0,4,0,10,6,210.0,25,5,0,0,19,19,44,84,28.19999999999993,2.0795454545454546,-0.5,11.0
2026-04,weekend,notte,ICN,18,7.0,0,-95.0,0,0,0,0,0,102.0,4,0,0,0,0,0,14,18,2.1499999999999986,-5.277777777777778,-6.5,2.0
2026-04,weekend,notte,MET,113,66.0,0,-77.0,0,1,2,1,0,143.0,50,0,0,2,1,1,62,110,3.0,-0.6814159292035398,-1.0,2.0
2026-04,weekend,notte,NCL,27,1034.0,10,1034.0,0,13,0,14,14,0.0,13,13,0,0,14,14,0,14,99.1,38.2962962962963,23.0,93.4
2026-04,weekend,notte,REG,3963,5886.0,5,-214.0,0,14,27,102,65,6100.0,1518,20,0,27,332,332,2113,3922,6.0,-0.0539994953318193,-1.0,4.0
2026-04,weekend,pomeriggio,EC,116,790.0,1,646.0,0,1,1,23,15,144.0,34,7,0,1,40,40,42,114,32.0,5.568965517241379,3.0,18.0
2026-04,weekend,pomeriggio,FA,20,75.0,0,30.0,0,0,0,2,1,45.0,5,1,0,0,5,5,10,20,15.35000000000002,1.5,-0.5,7.70000000000001
2026-04,weekend,pomeriggio,FB,8,62.0,0,61.0,0,0,0,1,1,1.0,4,1,0,0,3,3,1,8,29.39999999999998,7.625,4.0,16.799999999999994
2026-04,weekend,pomeriggio,FR,452,2958.0,9,1988.0,1,0,15,81,51,970.0,113,25,0,16,134,134,205,436,31.34999999999997,4.398230088495575,1.0,16.0
2026-04,weekend,pomeriggio,IC,175,1326.0,5,952.0,0,0,0,36,25,374.0,46,12,0,0,61,61,68,175,34.19999999999993,5.44,2.0,20.799999999999983
2026-04,weekend,pomeriggio,ICN,7,4.0,0,-15.0,0,0,0,0,0,19.0,2,0,0,0,0,0,5,7,2.3999999999999986,-2.142857142857143,-3.0,1.8000000000000007
2026-04,weekend,pomeriggio,MET,434,401.0,0,-146.0,0,3,5,2,2,547.0,215,1,0,5,12,12,207,426,4.0,-0.336405529953917,0.0,3.0
2026-04,weekend,pomeriggio,REG,11771,24015.0,16,9329.0,0,85,104,510,277,14686.0,4988,88,0,104,1412,1412,5371,11582,9.0,0.792540990570045,0.0,5.0
2026-04,weekend,sera,EC,82,470.0,1,390.0,0,0,0,13,7,80.0,29,4,0,0,26,26,27,82,21.700000000000017,4.7560975609756095,2.0,10.900000000000006
2026-04,weekend,sera,ECFR,4,20.0,0,20.0,0,0,0,0,0,0.0,2,0,0,0,2,2,0,4,8.7,5.0,5.0,8.4
2026-04,weekend,sera,EN,6,104.0,0,104.0,0,0,0,4,4,0.0,1,2,0,0,5,5,0,6,31.0,17.333333333333332,16.0,31.0
2026-04,weekend,sera,FA,9,33.0,0,22.0,0,0,0,1,0,11.0,3,0,0,0,4,4,2,9,11.599999999999998,2.4444444444444446,0.0,9.2
2026-04,weekend,sera,FB,5,9.0,0,5.0,0,0,0,0,0,4.0,4,0,0,0,0,0,1,5,3.8,1.0,1.0,3.6
2026-04,weekend,sera,FR,155,471.0,1,-7.0,0,0,4,14,8,478.0,34,2,0,4,33,33,88,151,14.599999999999964,-0.0451612903225806,-2.0,8.0
2026-04,weekend,sera,IC,115,859.0,2,566.0,0,1,3,22,15,293.0,25,7,0,3,45,45,45,111,31.89999999999999,4.921739130434783,2.0,21.60000000000001
2026-04,weekend,sera,ICN,122,275.0,1,-361.0,0,0,0,6,2,636.0,24,1,0,0,18,18,80,122,9.0,-2.959016393442623,-2.0,5.900000000000005
2026-04,weekend,sera,MET,368,388.0,0,-82.0,0,3,4,2,2,470.0,188,0,0,4,13,13,167,361,4.0,-0.2228260869565217,0.0,3.0
2026-04,weekend,sera,NCL,3,0.0,0,0.0,0,3,0,0,0,0.0,3,0,0,0,0,0,0,0,0.0,0.0,0.0,0.0
2026-04,weekend,sera,REG,9908,19504.0,7,6855.0,1,44,58,406,215,12649.0,4125,70,0,59,1201,1201,4582,9805,8.0,0.6918651594670973,0.0,5.0
2026-04,weekend,sera,,64,139.0,0,112.0,0,0,0,0,0,27.0,24,0,0,0,13,13,27,64,4.899999999999999,1.75,1.375,4.549999999999999
2026-04,weekend,tarda_mattina,EC,144,727.0,2,541.0,0,3,2,24,14,186.0,42,3,0,2,39,39,63,139,21.0,3.7569444444444446,1.0,13.0
2026-04,weekend,tarda_mattina,ECFR,2,8.0,0,8.0,0,0,0,0,0,0.0,1,0,0,0,1,1,0,2,4.9,4.0,4.0,4.8
2026-04,weekend,tarda_mattina,EXP,1,0.0,0,-6.0,0,0,0,0,0,6.0,0,0,0,0,0,0,1,1,-6.0,-6.0,-6.0,-6.0
2026-04,weekend,tarda_mattina,FA,12,177.0,1,175.0,0,0,0,2,2,2.0,6,2,0,0,5,5,1,12,71.19999999999997,14.583333333333334,3.5,50.00000000000002
2026-04,weekend,tarda_mattina,FB,32,308.0,1,280.0,0,0,0,8,5,28.0,8,1,0,0,14,14,10,32,21.25,8.75,3.0,16.800000000000004
2026-04,weekend,tarda_mattina,FR,403,2397.0,5,1655.0,0,0,17,56,37,742.0,128,17,0,17,102,102,173,386,26.89999999999998,4.106699751861042,1.0,13.0
2026-04,weekend,tarda_mattina,IC,241,1727.0,3,1159.0,0,8,1,50,33,568.0,65,16,0,1,82,82,94,232,32.0,4.809128630705394,1.0,22.0
2026-04,weekend,tarda_mattina,ICN,18,3.0,0,-132.0,0,0,0,0,0,135.0,2,0,0,0,0,0,16,18,0.4499999999999956,-7.333333333333333,-6.0,-0.6999999999999993
2026-04,weekend,tarda_mattina,MET,521,592.0,0,-82.0,0,2,3,8,3,674.0,257,1,0,3,25,25,239,516,4.0,-0.1573896353166986,0.0,3.0
2026-04,weekend,tarda_mattina,REG,12802,22318.0,16,5356.0,2,66,100,409,226,16962.0,5407,69,0,102,1267,1267,6128,12634,7.0,0.4183721293547883,0.0,4.0
2026-04,weekend,tarda_mattina,,20,0.0,0,0.0,0,20,0,0,0,0.0,20,0,0,0,0,0,0,0,0.0,0.0,0.0,0.0
2026-05,infrasettimanale,mattina,EC,48,159.0,0,71.0,0,1,0,7,4,88.0,16,0,0,0,11,11,21,47,15.0,1.4791666666666667,1.0,13.300000000000004
2026-05,infrasettimanale,mattina,ECFR,1,0.0,0,0.0,0,0,0,0,0,0.0,1,0,0,0,0,0,0,1,0.0,0.0,0.0,0.0
2026-05,infrasettimanale,mattina,EXP,3,4.0,0,1.0,0,0,0,0,0,3.0,2,0,0,0,0,0,1,3,3.5999999999999996,0.3333333333333333,0.0,3.2
2026-05,infrasettimanale,mattina,FA,30,142.0,0,49.0,0,0,1,5,4,93.0,8,1,0,1,8,8,14,29,21.64999999999999,1.6333333333333333,0.5,18.200000000000003
2026-05,infrasettimanale,mattina,FB,6,29.0,0,19.0,0,0,0,2,1,10.0,1,0,0,0,2,2,3,6,14.75,3.1666666666666665,-1.0,14.5
2026-05,infrasettimanale,mattina,FR,389,3708.0,5,3339.0,0,0,0,106,81,369.0,111,30,0,0,185,185,93,389,38.599999999999966,8.583547557840618,4.0,24.19999999999999
2026-05,infrasettimanale,mattina,IC,162,1056.0,2,726.0,0,0,2,28,17,330.0,39,7,0,2,57,57,66,160,24.0,4.481481481481482,2.0,15.800000000000011
2026-05,infrasettimanale,mattina,MET,265,467.0,0,241.0,0,2,1,4,2,226.0,149,2,0,1,24,24,92,262,6.0,0.909433962264151,1.0,4.0
2026-05,infrasettimanale,mattina,REG,9591,24831.0,16,15238.0,1,67,129,528,300,9593.0,4407,86,0,130,1527,1527,3657,9394,10.0,1.5887811489938484,1.0,6.0
2026-05,infrasettimanale,mattina,nan,1,4.0,0,4.0,0,0,0,0,0,0.0,1,0,0,0,0,0,0,1,4.0,4.0,4.0,4.0
2026-05,infrasettimanale,mattina,,6,24.0,0,24.0,0,0,0,0,0,0.0,6,0,0,0,0,0,0,6,4.0,4.0,4.0,4.0
2026-05,infrasettimanale,notte,EC,6,7.0,0,-7.0,0,0,0,0,0,14.0,1,0,0,0,1,1,4,6,5.25,-1.1666666666666667,-2.5,3.5
2026-05,infrasettimanale,notte,EN,6,191.0,1,191.0,0,0,1,4,3,0.0,2,2,0,1,4,4,0,5,93.0,31.833333333333332,13.0,80.0
2026-05,infrasettimanale,notte,EXP,1,0.0,0,-6.0,0,0,0,0,0,6.0,0,0,0,0,0,0,1,1,-6.0,-6.0,-6.0,-6.0
2026-05,infrasettimanale,notte,FA,12,74.0,0,71.0,0,0,0,2,1,3.0,3,0,0,0,8,8,1,12,14.349999999999998,5.916666666666667,6.0,12.500000000000002
2026-05,infrasettimanale,notte,FB,6,20.0,0,20.0,0,0,0,0,0,0.0,4,0,0,0,2,2,0,6,8.0,3.3333333333333335,2.0,7.0
2026-05,infrasettimanale,notte,FR,147,996.0,2,800.0,0,0,0,24,17,196.0,47,8,0,0,52,52,48,147,30.099999999999966,5.442176870748299,2.0,19.400000000000034
2026-05,infrasettimanale,notte,IC,70,550.0,3,279.0,0,0,0,14,10,271.0,18,6,0,0,21,21,31,70,40.799999999999955,3.9857142857142858,0.0,23.300000000000004
2026-05,infrasettimanale,notte,ICN,14,123.0,0,106.0,0,0,0,4,2,17.0,6,1,0,0,5,5,3,14,32.84999999999999,7.571428571428571,3.5,19.60000000000001
2026-05,infrasettimanale,notte,MET,99,57.0,0,-103.0,0,0,0,0,0,160.0,32,0,0,0,3,3,64,99,4.0,-1.0404040404040404,-1.0,2.0
2026-05,infrasettimanale,notte,REG,3985,7773.0,6,2779.0,1,21,30,139,90,4994.0,1712,31,0,31,440,440,1833,3933,8.0,0.6973651191969887,0.0,5.0
2026-05,infrasettimanale,pomeriggio,EC,94,997.0,3,898.0,0,0,0,30,21,99.0,24,12,0,0,42,42,28,94,45.349999999999994,9.553191489361701,4.0,38.20000000000002
2026-05,infrasettimanale,pomeriggio,EXP,3,72.0,1,66.0,0,0,0,1,1,6.0,1,1,0,0,1,1,1,3,62.39999999999999,22.0,3.0,55.800000000000004
2026-05,infrasettimanale,pomeriggio,FA,24,323.0,1,294.0,0,0,1,8,5,29.0,6,5,0,1,10,10,8,23,54.39999999999999,12.25,2.0,48.3
2026-05,infrasettimanale,pomeriggio,FB,6,50.0,0,49.0,0,0,0,2,2,1.0,2,0,0,0,3,3,1,6,18.5,8.166666666666666,6.0,18.0
2026-05,infrasettimanale,pomeriggio,FR,376,4424.0,12,4125.0,0,0,0,134,93,299.0,104,47,0,0,197,197,75,376,48.0,10.970744680851064,5.0,33.0
2026-05,infrasettimanale,pomeriggio,IC,132,1045.0,0,903.0,0,0,1,35,24,142.0,35,7,0,1,67,67,30,131,29.249999999999943,6.840909090909091,5.0,19.0
2026-05,infrasettimanale,pomeriggio,ICN,10,12.0,0,-99.0,0,0,0,1,0,111.0,1,0,0,0,1,1,8,10,6.499999999999989,-9.9,-8.0,1.9999999999999964
2026-05,infrasettimanale,pomeriggio,MET,324,473.0,0,92.0,0,1,4,7,6,381.0,161,1,0,4,18,18,145,319,5.0,0.2839506172839506,0.0,4.0
2026-05,infrasettimanale,pomeriggio,NCL,1,0.0,0,-85.0,0,0,0,0,0,85.0,0,0,0,0,0,0,1,1,-85.0,-85.0,-85.0,-85.0
2026-05,infrasettimanale,pomeriggio,REG,11866,29752.0,23,17551.0,0,73,148,610,336,12201.0,5370,106,0,148,1859,1859,4637,11645,10.0,1.4790999494353616,1.0,6.0
2026-05,infrasettimanale,sera,EC,67,321.0,1,250.0,0,1,0,8,5,71.0,19,1,0,0,21,21,27,66,17.699999999999996,3.7313432835820897,1.0,10.399999999999999
2026-05,infrasettimanale,sera,ECFR,5,41.0,0,41.0,0,0,0,2,0,0.0,1,0,0,0,4,4,0,5,10.8,8.2,9.0,10.6
2026-05,infrasettimanale,sera,EN,6,138.0,0,138.0,0,0,0,5,5,0.0,1,1,0,0,5,5,0,6,33.25,23.0,24.5,30.5
2026-05,infrasettimanale,sera,EXP,4,218.0,2,215.0,0,0,1,2,2,3.0,0,2,0,1,3,3,1,3,130.64999999999998,53.75,38.5,120.30000000000001
2026-05,infrasettimanale,sera,FA,12,96.0,0,85.0,0,0,0,5,3,11.0,1,0,0,0,7,7,4,12,20.699999999999996,7.083333333333333,5.5,17.8
2026-05,infrasettimanale,sera,FB,6,25.0,0,23.0,0,0,0,1,1,2.0,2,0,0,0,2,2,2,6,13.25,3.8333333333333335,2.0,10.5
2026-05,infrasettimanale,sera,FR,129,776.0,0,526.0,0,0,0,23,17,250.0,32,8,0,0,44,44,53,129,31.799999999999983,4.077519379844961,1.0,19.0
2026-05,infrasettimanale,sera,IC,84,580.0,2,389.0,0,1,0,17,10,191.0,21,6,0,0,25,25,38,83,34.0,4.630952380952381,0.0,18.10000000000001
2026-05,infrasettimanale,sera,ICN,78,769.0,3,469.0,0,0,0,21,15,300.0,12,6,0,0,28,28,38,78,38.34999999999992,6.012820512820513,0.0,27.0
2026-05,infrasettimanale,sera,MET,294,435.0,0,132.0,0,2,6,11,4,303.0,156,0,0,6,25,25,113,286,7.349999999999966,0.4489795918367347,0.0,4.0
2026-05,infrasettimanale,sera,REG,9515,23996.0,14,13048.0,0,61,83,557,294,10948.0,4064,109,0,83,1479,1479,3972,9371,10.0,1.3713084603258014,0.0,6.0
2026-05,infrasettimanale,tarda_mattina,EC,96,339.0,0,218.0,0,0,0,13,5,121.0,29,1,0,0,25,25,42,96,14.5,2.2708333333333335,1.0,11.0
2026-05,infrasettimanale,tarda_mattina,ECFR,6,27.0,0,21.0,0,0,0,1,0,6.0,2,0,0,0,3,3,1,6,11.0,3.5,4.5,9.0
2026-05,infrasettimanale,tarda_mattina,EXP,5,78.0,0,78.0,0,0,0,2,1,0.0,1,1,0,0,4,4,0,5,43.79999999999999,15.6,7.0,35.60000000000001
2026-05,infrasettimanale,tarda_mattina,FA,6,170.0,1,170.0,0,0,0,4,3,0.0,1,2,0,0,5,5,0,6,76.75,28.333333333333332,15.5,66.5
2026-05,infrasettimanale,tarda_mattina,FB,24,165.0,0,154.0,0,0,0,8,3,11.0,8,1,0,0,11,11,5,24,19.849999999999998,6.416666666666667,3.5,17.199999999999996
2026-05,infrasettimanale,tarda_mattina,FR,373,4136.0,10,3822.0,0,0,0,109,82,314.0,106,45,0,0,177,177,90,373,49.39999999999998,10.246648793565683,4.0,34.60000000000002
2026-05,infrasettimanale,tarda_mattina,IC,174,1919.0,9,1557.0,0,0,3,45,34,362.0,42,19,0,3,68,68,64,171,59.04999999999998,8.948275862068966,2.0,31.700000000000017
2026-05,infrasettimanale,tarda_mattina,ICN,13,357.0,3,265.0,0,0,0,3,3,92.0,0,3,0,0,3,3,10,13,126.59999999999994,20.384615384615383,-8.0,108.00000000000001
2026-05,infrasettimanale,tarda_mattina,MET,376,445.0,0,-22.0,0,3,2,8,1,467.0,167,0,0,2,25,25,184,371,5.0,-0.05851063829787234,0.0,4.0
2026-05,infrasettimanale,tarda_mattina,REG,12163,27814.0,12,15226.0,0,84,134,588,329,12588.0,5498,91,0,134,1680,1680,4985,11945,9.0,1.2518293184247307,0.0,6.0
2026-05,weekend,mattina,EC,32,93.0,0,24.0,0,0,0,3,2,69.0,6,1,0,0,5,5,21,32,17.39999999999999,0.75,-2.0,5.900000000000002
2026-05,weekend,mattina,ECFR,2,0.0,0,0.0,0,0,0,0,0,0.0,2,0,0,0,0,0,0,2,0.0,0.0,0.0,0.0
2026-05,weekend,mattina,EXP,1,1.0,0,1.0,0,0,0,0,0,0.0,1,0,0,0,0,0,0,1,1.0,1.0,1.0,1.0
2026-05,weekend,mattina,FA,18,69.0,0,-1.0,0,0,0,4,2,70.0,2,0,0,0,4,4,12,18,16.94999999999998,-0.05555555555555555,-3.0,13.600000000000001
2026-05,weekend,mattina,FB,4,129.0,1,127.0,0,0,0,1,1,2.0,1,1,0,0,2,2,1,4,106.14999999999996,31.75,2.5,88.30000000000003
2026-05,weekend,mattina,FR,237,1867.0,6,1518.0,0,0,2,43,30,349.0,79,14,0,2,71,71,87,235,31.599999999999966,6.405063291139241,2.0,19.80000000000001
2026-05,weekend,mattina,IC,113,510.0,2,192.0,0,0,1,12,4,318.0,30,3,0,1,22,22,61,112,13.399999999999991,1.6991150442477876,-1.0,9.799999999999997
2026-05,weekend,mattina,ICN,1,0.0,0,-17.0,0,0,0,0,0,17.0,0,0,0,0,0,0,1,1,-17.0,-17.0,-17.0,-17.0
2026-05,weekend,mattina,MET,166,177.0,0,-46.0,0,2,1,1,0,223.0,76,0,0,1,10,10,80,163,5.0,-0.27710843373493976,0.0,3.0
2026-05,weekend,mattina,REG,4812,8492.0,3,2489.0,2,33,41,148,84,6003.0,2116,29,0,43,485,485,2211,4736,7.0,0.5172485453034081,0.0,5.0
2026-05,weekend,mattina,nan,1,24.0,0,24.0,0,0,0,1,1,0.0,0,0,0,0,1,1,0,1,24.0,24.0,24.0,24.0
2026-05,weekend,mattina,,1,24.0,0,24.0,0,0,0,1,1,0.0,0,0,0,0,1,1,0,1,24.0,24.0,24.0,24.0
2026-05,weekend,notte,EC,3,62.0,0,60.0,0,0,0,2,2,2.0,0,1,0,0,2,2,1,3,39.8,20.0,20.0,37.6
2026-05,weekend,notte,EN,4,45.0,0,45.0,0,0,3,1,1,0.0,3,1,0,3,1,1,0,1,32.04999999999999,11.25,3.5,27.100000000000005
2026-05,weekend,notte,FA,2,0.0,0,-9.0,0,0,0,0,0,9.0,0,0,0,0,0,0,2,2,-4.05,-4.5,-4.5,-4.1
2026-05,weekend,notte,FB,4,2.0,0,-5.0,0,0,0,0,0,7.0,2,0,0,0,0,0,2,4,1.6999999999999993,-1.25,-0.5,1.4000000000000004
2026-05,weekend,notte,FR,78,331.0,0,162.0,0,0,0,10,8,169.0,20,1,0,0,20,20,38,78,21.14999999999999,2.076923076923077,0.0,13.199999999999989
2026-05,weekend,notte,IC,45,375.0,3,220.0,0,0,1,8,6,155.0,13,5,0,1,12,12,20,44,60.199999999999946,4.888888888888889,1.0,32.40000000000004
2026-05,weekend,notte,ICN,5,1.0,0,-28.0,0,0,0,0,0,29.0,1,0,0,0,0,0,4,5,-0.20000000000000107,-5.6,-6.0,-1.3999999999999995
2026-05,weekend,notte,MET,57,64.0,0,-7.0,0,0,1,1,0,71.0,18,0,0,1,6,6,33,56,5.3999999999999915,-0.12280701754385964,-1.0,4.399999999999999
2026-05,weekend,notte,REG,2084,3429.0,4,365.0,0,14,12,57,42,3064.0,825,12,0,12,170,170,1089,2058,6.0,0.1751439539347409,-1.0,4.0
2026-05,weekend,pomeriggio,EC,56,434.0,2,376.0,0,0,0,13,9,58.0,17,4,0,0,19,19,20,56,38.75,6.714285714285714,1.5,18.0
2026-05,weekend,pomeriggio,ECFR,1,49.0,0,49.0,0,0,0,1,1,0.0,0,1,0,0,1,1,0,1,49.0,49.0,49.0,49.0
2026-05,weekend,pomeriggio,EXP,2,9.0,0,9.0,0,0,0,0,0,0.0,1,0,0,0,1,1,0,2,7.6499999999999995,4.5,4.5,7.3
2026-05,weekend,pomeriggio,FA,12,79.0,0,53.0,0,0,0,2,1,26.0,2,1,0,0,4,4,6,12,26.649999999999974,4.416666666666667,1.0,9.8
2026-05,weekend,pomeriggio,FB,4,48.0,0,47.0,0,0,0,1,1,1.0,1,1,0,0,2,2,1,4,33.34999999999999,11.75,5.0,28.700000000000006
2026-05,weekend,pomeriggio,FR,235,1654.0,4,1309.0,0,0,1,46,29,345.0,68,14,0,1,84,84,83,234,36.69999999999985,5.5702127659574465,2.0,17.599999999999994
2026-05,weekend,pomeriggio,IC,93,567.0,0,408.0,0,1,2,19,12,159.0,25,4,0,2,28,28,40,90,28.0,4.387096774193548,1.0,19.799999999999997
2026-05,weekend,pomeriggio,ICN,5,0.0,0,-22.0,0,0,0,0,0,22.0,0,0,0,0,0,0,5,5,-3.2,-4.4,-4.0,-3.4
2026-05,weekend,pomeriggio,IR,1,3.0,0,3.0,0,0,0,0,0,0.0,1,0,0,0,0,0,0,1,3.0,3.0,3.0,3.0
2026-05,weekend,pomeriggio,MET,210,163.0,0,-100.0,0,0,0,0,0,263.0,104,0,0,0,7,7,99,210,4.0,-0.47619047619047616,0.0,2.0999999999999943
2026-05,weekend,pomeriggio,REG,6141,12733.0,8,5366.0,0,20,39,273,142,7367.0,2644,48,0,39,736,736,2761,6082,9.0,0.8737990555284155,0.0,5.0
2026-05,weekend,pomeriggio,nan,1,0.0,0,-4.0,0,0,0,0,0,4.0,0,0,0,0,0,0,1,1,-4.0,-4.0,-4.0,-4.0
2026-05,weekend,pomeriggio,,8,0.0,0,-32.0,0,0,0,0,0,32.0,0,0,0,0,0,0,8,8,-4.0,-4.0,-4.0,-4.0
2026-05,weekend,sera,EC,43,214.0,1,142.0,0,0,0,4,2,72.0,16,2,0,0,7,7,20,43,10.0,3.302325581395349,1.0,8.400000000000013
2026-05,weekend,sera,ECFR,3,18.0,0,18.0,0,0,0,1,0,0.0,2,0,0,0,1,1,0,3,11.1,6.0,3.0,10.2
2026-05,weekend,sera,EN,4,48.0,0,46.0,0,0,0,3,1,2.0,0,0,0,0,3,3,1,4,21.499999999999996,11.5,12.5,20.0
2026-05,weekend,sera,EXP,2,63.0,1,56.0,0,0,0,1,1,7.0,0,1,0,0,1,1,1,2,59.5,28.0,28.0,56.0
2026-05,weekend,sera,FA,5,33.0,0,22.0,0,0,0,1,1,11.0,1,1,0,0,1,1,3,5,25.799999999999994,4.4,-3.0,19.6
2026-05,weekend,sera,FB,3,5.0,0,1.0,0,0,0,0,0,4.0,0,0,0,0,1,1,2,3,4.3999999999999995,0.3333333333333333,-1.0,3.8000000000000007
2026-05,weekend,sera,FR,83,268.0,0,23.0,0,0,0,9,6,245.0,18,2,0,0,16,16,49,83,17.0,0.27710843373493976,-3.0,9.799999999999997
2026-05,weekend,sera,IC,54,191.0,0,-86.0,0,0,0,5,4,277.0,9,1,0,0,13,13,32,54,15.699999999999989,-1.5925925925925926,-1.0,9.0
2026-05,weekend,sera,ICN,40,75.0,0,-134.0,0,0,0,3,0,209.0,13,0,0,0,6,6,21,40,11.0,-3.35,-2.0,8.100000000000001
2026-05,weekend,sera,MET,181,218.0,0,40.0,0,0,0,4,2,178.0,100,0,0,0,8,8,73,181,4.0,0.22099447513812154,0.0,3.0
2026-05,weekend,sera,REG,5139,10673.0,6,4426.0,1,17,22,237,119,6247.0,2145,37,0,23,642,642,2352,5099,9.0,0.8612570539015373,0.0,5.0
2026-05,weekend,tarda_mattina,EC,71,383.0,1,279.0,0,0,0,9,6,104.0,28,3,0,0,20,20,23,71,17.0,3.9295774647887325,2.0,10.0
2026-05,weekend,tarda_mattina,ECFR,4,6.0,0,-2.0,0,0,0,0,0,8.0,3,0,0,0,0,0,1,4,3.6999999999999993,-0.5,1.0,3.4000000000000004
2026-05,weekend,tarda_mattina,EXP,2,7.0,0,3.0,0,0,0,0,0,4.0,0,0,0,0,1,1,1,2,6.449999999999999,1.5,1.5,5.9
2026-05,weekend,tarda_mattina,FA,6,87.0,0,87.0,0,0,0,2,1,0.0,3,1,0,0,3,3,0,6,46.5,14.5,6.5,35.0
2026-05,weekend,tarda_mattina,FB,16,135.0,0,133.0,0,0,0,6,4,2.0,6,1,0,0,8,8,2,16,24.0,8.3125,5.0,19.0
2026-05,weekend,tarda_mattina,FR,208,2433.0,10,2104.0,0,0,0,49,35,329.0,57,17,0,0,79,79,72,208,49.64999999999998,10.115384615384615,3.0,24.30000000000001
2026-05,weekend,tarda_mattina,IC,117,1186.0,6,883.0,0,0,2,25,18,303.0,29,9,0,2,38,38,50,115,54.59999999999991,7.547008547008547,2.0,24.600000000000023
2026-05,weekend,tarda_mattina,ICN,8,0.0,0,-71.0,0,0,0,0,0,71.0,0,0,0,0,0,0,8,8,-6.0,-8.875,-7.0,-6.0
2026-05,weekend,tarda_mattina,MET,252,219.0,0,-132.0,0,1,1,2,0,351.0,104,0,0,1,15,15,133,250,5.0,-0.5238095238095238,-1.0,2.9000000000000057
2026-05,weekend,tarda_mattina,REG,6702,13557.0,6,5451.0,1,23,46,280,161,8106.0,2913,40,0,47,788,788,3001,6632,8.0,0.8133393017009848,0.0,5.0
