cod_stazione,nome_stazione,lat,lon
N00024,VARESE,45.8182947,8.8335175
N00025,VARESE CASBENO,45.822851,8.809298
N00041,GRANDATE BRECCIA,45.7813689,9.0558658
N00045,RESCALDINA,45.622314,8.9466624
N00046,CASTELLANZA,45.6105606,8.8754874
N00055,NOVARA NORD,45.4523347,8.6269731
N00066,MEDA,45.662262,9.147424
N00068,MARIANO COMENSE,45.698107,9.182837
N00073,MERONE,45.7803324,9.243422
N00079,ASSO,45.864831,9.269124
N00209,PROVAGLIO TIMOLINE,45.6350961,10.0353512
N00210,ISEO,45.660164,10.053412
N00211,PILZONE,45.6745944,10.079446
N00214,MARONE ZONE,45.7383838,10.0933661
N00217,PISOGNE,45.805689,10.106715
N00226,BRENO,45.955509,10.309131
N00235,EDOLO,46.178271,10.324711
N_0042D1DF87B8,MONSELICE,45.2461002,11.7480938
N_004BBCAAE28B,TRIESTE AIRPORT,45.81743,13.485537
N_005D256278A2,CASALETTO VAPRIO,45.408174,9.628758
N_005E9865D020,SIGNA,43.7755217,11.0957589
N_0092B597D189,BAGNI TIVOLI,41.949739,12.722253
N_00A3F55CE62D,PONT SAINT MARTIN,45.5898836,7.7950459
N_00A89BC9B9DB,BIVIO SESIA,,
N_01136F31373D,BAGNOLO IN PIANO,44.7611204,10.6754293
N_012ECC0A3747,S PIETRO A VICO,43.8750538,10.5311637
N_013740314330,POSTO COMUNICAZIONE DOLCE,,
N_0140D1681313,CASTAGNARO,45.1194328,11.4040637
N_01607EE3478B,SPARANISE,41.185817,14.093067
N_0161CF483CE4,ALESSANDRIA,44.9087782,8.6074433
N_01D514B8C6BC,DIANO,43.9252511,8.0731492
N_020B5B734EE6,CASTEL S GIORGIO ROCCAPIEMONTE,40.7715019,14.6950278
N_023F37A3383F,MONTANARO,45.2327017,7.8583161
N_029D359EB23D,MILANO P GARIBALDI SOTTERRANEA,,
N_02AF18E37314,CHIVASSO,45.193382,7.889804
N_02E0563D03ED,PITECCIO,44.009438,10.900311
N_03164BEFA6A9,BOLGHERI,43.2446861,10.5507278
N_032E84E9EA48,FERRANDINA,,
N_037980169DF5,MARECHIARO,41.47262,12.613122
N_03952C09B784,NIZZA MONFERRATO,44.772016,8.30631
N_03AC6056B6E1,TRINO VERCELLESE,45.1900868,8.2941623
N_03F21F592247,LIVORNO CENTRALE,43.554185,10.336066
N_03FFAC22C2FC,FUSCALDO,39.4096285,16.0114306
N_0446DD2918D5,SERRADIFALCO,37.431737,13.8832418
N_0457299BB113,VICCHIO,43.933255,11.465405
N_045D4C5BEC0F,EQUI TERME,44.1702293,10.1536037
N_046ED0C264AB,ACQUAVIVA,37.5704315,13.6748236
N_049B6C1A1016,ROMA OSTIENSE,41.871987,12.486246
N_04A74363CAC6,CALDERARA BARGELLINO,44.5442561,11.2673575
N_04D90BE71CCD,COMO BORGHI,45.804953,9.09088
N_04E2E4885083,CONF IT/CH MO1,,
N_04E46746F93E,CISMON DEL GRAPPA,45.9196911,11.7295426
N_05017C88A718,GONZAGA REGGIOLO,44.9393014,10.8157195
N_050BD8E391B6,P M BRESCIA O,,
N_05121192748F,RHO FIERA MILANO,,
N_052CAEB4C95F,CASALMAGGIORE,44.992836,10.424818
N_053681A902E5,PIAZZA CAVOUR,,
N_0561A2B163AF,S PAOLO,38.0711485,15.4882507
N_05AE6B2F980C,ASCIANO,43.2356472,11.5796955
N_05ECD26E9527,VALENZA,45.002842,8.640119
N_060A70A0E0A5,CANELLI,44.7148619,8.288555
N_061435312503,MOTTA LIVENZA,45.7789032,12.6075849
N_062CD5DC38A2,POGGIBONSI,43.466919,11.151022
N_0646351422CB,CARSOLI,42.0956295,13.0802505
N_0650C151A792,PONTE GARDENA LAION,46.6011636,11.5327733
N_06515AE85F8D,PALMA S GENNARO,40.8651222,14.5398011
N_0654A028E5AE,NONE,44.935945,7.540383
N_065767C96676,FIORENZUOLA,44.91485,9.909115
N_068102CC6DBA,CAMPORA S GIOV SERRA AIELLO,,
N_069C0CC44174,PORTO VALTRAVAGLIA,45.9583731,8.6740548
N_06E75D1973FB,SILIQUA,39.2969984,8.813158
N_06F2305DF710,CARBONIA SERBARIU,39.164128,8.512929
N_07000AFE9950,QUARTO D ALTINO,45.578089,12.36925
N_070457CE15D7,COCQUIO TREVISAGO,45.8601524,8.690025
N_0704F21531C1,DOPPIO BIVIO MONTUOLO,,
N_075AAECB0738,UGOVIZZA VALBRUNA,46.502968,13.4951477
N_0778A78A8E9E,GIACHERY,38.13507,13.358276
N_079DF1EC9C26,S BENEDETTO PO,45.041924,10.928295
N_07C65A4A7EB7,BIVIO/PC METAPONTO,,
N_07D061745ECA,ARBOSTELLA,40.6517094,14.8131339
N_07E03923EBDB,POGGIO MIRTETO,42.2421703,12.6331005
N_0825CE132492,MODENA,44.6543308,10.9305293
N_083F33CDE713,PRATOLA PELIGNA,42.102021,13.876392
N_083FB3BA1135,SERRAMANNA NURAMINIS,39.4260665,8.9165814
N_086139A0478F,SALBERTRAND,45.073497,6.887257
N_08C23BC414B7,ORISTANO,39.9020972,8.6039545
N_0965652D807D,MONTEGROSSO,44.8184891,8.2391501
N_098D485D9D54,LAVENO,45.903255,8.624415
N_099EA43EC1E1,SCAFA S VALENTINO CARAMANICO T,42.267329,13.9984589
N_09B5C87E22AA,P P PERSICETO NORD,,
N_09EAB3C46BEF,1 BIVIO ORVIETO NORD,,
N_0A2E8E665EF3,BIVIO PC FEGINO,,
N_0A7CEB5C55F1,VIGARANO PIEVE,44.8581705,11.5065791
N_0A7F240722F7,CALTANISSETTA CENTRALE,37.488541,14.057548
N_0A9688D23210,IL CIONFO,,
N_0AB9A4BBB533,RUSSI,44.378859,12.031667
N_0AC52B3FA1A4,FAGNANO CAMPANA,42.2505447,13.5627402
N_0ACF4194F2D6,CAMPOBELLO MAZARA,37.6362609,12.7331456
N_0AE975906775,S ANDREA DELL JONIO,38.6200813,16.5535044
N_0AF4E8B7C3BB,MARAUSA,37.9264962,12.5042137
N_0AF7ED16E1C6,CA BOSCHETTI,44.1183203,9.8640382
N_0AFF00B2F214,LONGOBARDI,39.2114848,16.0612285
N_0B0E321D7BBF,CAMPOBASSO,41.5581545,14.6639578
N_0BB7F4298EB5,MONTEPAONE MONTAURO,38.7285412,16.5419129
N_0C2FB0B95400,VETRALLA,42.331496,12.086069
N_0C6A98365974,MESSINA MARITTIMA,,
N_0C6D1AB73CEE,LERCARA DIRAMAZIONE,,
N_0C83A3E42260,VALMADRERA,45.8463786,9.3681404
N_0C90E3840FB2,ASSISI,43.059227,12.587867
N_0CBE520FA244,BARAGIANO RUOTI,40.695002,15.569672
N_0CC5C72C4FFE,CASARSA,45.941468,12.83631
N_0D0452AD0C47,PEGOGNAGA,45.0003303,10.8537814
N_0D41A196F1DD,PIAZZA AL SERCHIO,44.182853,10.298391
N_0D46414936AE,MADDALONI INFERIORE,41.0359077,14.3804981
N_0D71C5AD2787,BERNALDA,40.3976049,16.6822469
N_0D7C014E79D7,S PIETRO BERBENNO,46.1612041,9.7405168
N_0D88BC2BA591,GIUGLIANO QUALIANO,40.9349765,14.1037346
N_0D8C9F37D3E4,BIVIO/PC ARCOLA,,
N_0DAA8345052B,SOLAROLO,44.358424,11.844491
N_0DB742F06DE7,SIMERI CRICHI,38.8831267,16.71603
N_0DCAED7E3CB2,TORRE ANNUNZIATA CENTRALE,40.747309,14.463772
N_0E0B9D9E85E3,LORETO,43.446573,13.620984
N_0E0CF8778C51,POSTO MOVIMENTO TIERA,,
N_0E23D51912A6,ACQUAVIVA DELLE FONTI,40.8927819,16.8397832
N_0E77DD7275DB,MONTALTO CASTRO,42.342372,11.594907
N_0E7E6683331A,ALBUZZANO,45.1724765,9.2617995
N_0EF427CADB07,ARCORE,45.6237799,9.3229145
N_0EFD223E9814,CATANZARO,38.8654514,16.5627699
N_0F0FFE3D3DA5,SOMMARIVA DEL BOSCO,44.770206,7.7777126
N_0F6D80C23B80,VIGNALE,45.4789801,8.6131174
N_0F912C727550,CHIERI,45.006221,7.822573
N_0F95C247C7EF,S SEVERO,41.6845468,15.392597
N_0FEE1D10D4D2,NOGARA,45.183528,11.065048
N_10440CB8A0D8,BRESCIA EST PIAZZALE SUD,,
N_1076B7C083E4,MALPENSA AEROPORTO TERMINAL 2,45.650263,8.720149
N_1080E9330622,ABBADIA LARIANA,45.900045,9.334056
N_10897214D28C,VILLA S GIOVANNI CANNITELLO,38.2341886,15.6535011
N_108D21107DA0,CERDA,37.9539085,13.7846276
N_10FAC90E1EDD,ASTI,44.8947374,8.2075978
N_1120E3487105,S VITO AL TAGLIAMENTO,45.912375,12.852328
N_11226FD2B429,CARMAGNOLA,44.84477,7.71304
N_1135E3A06BBC,IMOLA,44.358967,11.718779
N_115066C29B22,PIANORO,44.379558,11.342441
N_115AF9A4AC02,POSTO MOVIMENTO ALICE,,
N_1172541F2181,TERNO,45.688602,9.536183
N_1178F7B0850D,TORINO REBAUDENGO FOSSATA,45.099522,7.687023
N_11BEF2F44A55,GARBAGNATE MILANESE,45.580197,9.081398
N_11EA5AE90DC0,POLIGNANO A MARE,40.988338,17.230504
N_11F57458D814,BAIANO SPOLETO,42.7262098,12.663601
N_11F7E18E2C8B,RUFINA,43.8222263,11.485086
N_11F871780543,SEVESO,45.6483174,9.1401838
N_120226743D2D,BUDRIO CENTRO,44.5363187,11.5388558
N_12149E9F39BE,ARGENTA,44.6164721,11.8420381
N_12239D95D2FA,VEROLANUOVA,45.3251129,10.0838447
N_1223FF5719E7,ROBECCO PONTEVICO,45.2662091,10.0787372
N_12362471CD13,FAVAZZINA,38.2588914,15.7564735
N_1246AD9D72CF,TOR SAPIENZA,41.9059007,12.5879214
N_125DC6FA2BA7,CASTELGUELFO,44.828918,10.195395
N_12642FF19917,AOSTA,45.7343052,7.3223364
N_1271D7E56236,TORRE DE PICENARDI,45.1372268,10.2869971
N_128CAF492212,MONTORSOLI,,
N_1294773C59D4,S CROCE DEL LAGO,46.0938075,12.3292234
N_12B942CEE428,MARRADI,44.079758,11.618704
N_12C962323866,SASSUOLO TERMINAL,44.544244,10.786766
N_12E14CB6B0D0,TORINO LINGOTTO,45.026662,7.656874
N_12F48763A6E4,ACIREALE,37.595927,15.1614
N_1324C4D228AF,TERLANO ANDRIANO,,
N_132F2D5D459D,VALLO DELLA LUCANIA CASTELNUOVO,40.2294706,15.1581373
N_13854A10609D,FORENZA,40.8667983,15.725392
N_13BBDB30562C,VARALLO SESIA,45.790534,8.275846
N_13C257760C54,MILAZZO,38.197556,15.258054
N_13D1368FAFCF,PIOVE SACCO,45.2948624,12.0417291
N_1419C91FE053,SAMASSI SERRENTI,39.4830069,8.899027
N_14378608D9EC,TREMESTIERI,38.1380628,15.5269305
N_14B120D5253B,SORESINA,45.2831233,9.8566417
N_14C322035620,SECUGNAGO,45.2232096,9.586788
N_1505A0C07116,ACQUANEGRA CREMONESE,45.1719995,9.8889414
N_1514F5DBB821,SERRAVALLE PISTOIESE,43.9081456,10.8516385
N_153E54E74F2D,GARBAGNA,45.3855765,8.6663822
N_15523132CDAE,COLICO,46.136311,9.373819
N_1559B2D9EB31,ISOLA DELLE FEMMINE,38.19483,13.250099
N_155BD49B5841,SCURCOLA MARSICANA,42.0531042,13.3443603
N_15658D8D691E,CERVIGNANO SMISTAMENTO F PART,,
N_1580326CF92D,BESOZZO,45.8423218,8.663218
N_15B34DAEDC41,SPOLETO,42.744787,12.738334
N_16355F72DBFF,CANTU,45.7524232,9.1302739
N_164F491202A9,GIAMPILIERI,38.063904,15.479477
N_16AC512051FD,ORA,46.360956,11.2971462
N_16E5F06A61FC,OFFIDA CASTEL LAMA,42.862088,13.720243
N_170B5A8E36F8,PORTO TORRES,40.8330027,8.396589
N_171C1960BC3B,CALUSCO,45.6841996,9.4707946
N_174BEFE262C6,EBOLI,40.611216,15.052435
N_17A076380925,BIVIO TURRO,,
N_17B3C1BA7C1F,VAIO OSPEDALE,44.8497687,10.0380296
N_17F3384E3316,PALERMO SAMPOLO,,
N_180228A30A16,CORMANO CUSANO MILANINO,45.5454063,9.1737597
N_1826D9B394B1,RIONERO ATELLA RIPACANDITA,40.9223411,15.6786959
N_183909BE091C,CARAVAGGIO,45.491175,9.6377543
N_188AB87A65BC,UDINE,46.0559274,13.241926
N_18931F1A1363,MORCONE,41.3404327,14.6777092
N_18EE56A9A450,FORTE DEI MARMI SERAVEZZA QUERCETA,43.9777797,10.1994077
N_190F2FC36516,BATTIPAGLIA,40.606046,14.982869
N_1926B9FA75C4,PORTO CERESIO,45.903744,8.900507
N_193DB2F5CA2C,CAMBIANO SANTENA,44.9664717,7.7732087
N_19519A87FF14,BIVIO PRONDA,,
N_19DB5A6148A6,CABIATE,45.6759218,9.1684426
N_19EF0C26ABDB,OSTIA PARMENSE,44.5201313,9.8449273
N_19F4334DB614,S GIORGIO NOGARO,45.830784,13.209544
N_1A1821790156,CITTADUCALE,42.3877484,12.9427152
N_1A2F26A4D860,MIMIANI S CATALDO,,
N_1A9A4EB19A5F,ABANO TERME,,
N_1AA1B2526D4B,S PIERO A SIEVE,43.958707,11.322546
N_1AAAF8BB0062,TORINO SMISTAMENTO NORD,,
N_1B0C9F2954CC,ROCCELLA,,
N_1B351BDD4465,ROCCARASO,41.850684,14.07931
N_1B43F0C780A6,LEGNAGO,45.18923,11.305777
N_1B5ADE145AA8,METAPONTO,40.368627,16.81505
N_1B5E441912FF,CERTALDO,43.5472,11.037829
N_1B65BA8B67F8,BIVIO RIVANA,,
N_1B79A685ED3D,FRASSO TELESINO DUGENTA,,
N_1B9B98BD4502,BOLOGNA S VITALE,44.496028,11.3730902
N_1BD5BDD925EE,AGNONE S,,
N_1BD7BE26D485,CREMA,45.366344,9.686004
N_1C6F5A57C699,S TERESA LONGARINI,,
N_1C8A063AB256,ARDENNO MASINO,46.1616069,9.6506537
N_1CAB0B263A2F,TORRE MELISSA,39.3043963,17.108438
N_1CCF13B23A00,BIVIO SARNO,,
N_1CD7A93AC637,BRESSANA BOTTARONE,45.076633,9.133211
N_1CFD0740D025,MOLTENO,45.780639,9.301724
N_1D0FFCD18A52,CAMPOLEONE,41.642549,12.648415
N_1D217E64F12B,CASALEGGIO,45.491308,8.490326
N_1D2ADBE09D9D,BOVALINO,38.149182,16.18043
N_1D3EAB46EA30,PAGANICA,42.334751,13.464293
N_1D58FF37BF86,TAVAZZANO,45.32642,9.402833
N_1D653FF54470,BIVIO EMILIA,,
N_1D7F55DB470E,TORRALBA,,
N_1D8ABFE8F61D,FIRENZE RIFREDI DEVIATOIO OLMATELLO,,
N_1DABF901ADD1,POPOLI VITTORITO,42.1723837,13.8261107
N_1DB28959E144,DEV KM 0 894,,
N_1DB5974D93F8,MAZARA DEL VALLO,37.6525881,12.5945685
N_1DC344D4E9B5,ROCCASECCA,41.552321,13.667258
N_1DD5BE95750F,PISTICCI,40.4208585,16.5521973
N_1DED1B92BE0D,CORIGLIANO CALABRO,39.6281934,16.5149691
N_1DF0E577C8F9,VIAREGGIO,43.865795,10.257544
N_1E08A3363C97,VALLELUNGA,37.691709,13.845396
N_1E2B09B172DF,GRAMMICHELE,37.209339,14.641068
N_1E4601FA216B,S CANDIDO,46.7327329,12.272058
N_1E55D25CC515,TIVOLI,41.9618813,12.8050665
N_1E65A9B18323,POSTO COMUNICAZIONE RECETTO,,
N_1EF061610BF2,PADERNO FRANCIACORTA,45.5867712,10.0870894
N_1F469AEED43B,QUERCIANELLA,43.4549151,10.3726447
N_1FC8A335846F,PIETRA LIGURE,44.1452523,8.2773071
N_1FF1DFAF017C,MEDA,45.662262,9.147424
N_200DE9E2D8C2,MAERNE MARTELLAGO,45.514704,12.150568
N_2010D5DA7AAC,EDOLO,46.178271,10.324711
N_2022A0B705CD,PM PIACENZA OVEST,,
N_20572020D712,UDINE PARCO,,
N_206061CF7349,MORTARA,45.252135,8.731798
N_20978C49B3A6,PILZONE,45.6745944,10.079446
N_20C400A9568C,NOVARA NORD,45.4523347,8.6269731
N_20E979D75FAB,MONTEVARCHI TERRANUOVA,43.525337,11.564051
N_20F0B55D3CB7,S GIOVANNI IN CROCE,45.0756902,10.3774435
N_21204FA700D6,OULX CESANA CLAVIERE SESTRIERE,45.038731,6.831411
N_2122B5025D20,PALESTRO,45.3072615,8.5345419
N_21378CF1F50B,AVIGLIANA,45.085244,7.401129
N_214EBD3C6F3B,PIANEROTTOLO ARIANO,,
N_216620037D89,TORVISCOSA,45.8258304,13.2824076
N_217BB255A436,RICADI,,
N_218815BA65F8,GENOVA ACQUASANTA,44.458694,8.773078
N_219921EADB85,ALBIZZATE SOLBIATE ARNO,45.723211,8.806282
N_21A682D201AD,MONTE GIORDANO,40.0407954,16.5979097
N_21C031364364,LENTINI,37.300829,14.997506
N_21FE51507EA9,CIVITA CASTELLANA,42.2915715,12.4133311
N_22254C590D5E,MOTTA S DAMIANO,45.1782515,9.2199351
N_2231A438465D,NAPOLI CAMPI FLEGREI,40.822534,14.194456
N_225DF827E816,CROPANI,38.9219638,16.8135667
N_2280D03E3419,POLICASTRO BUSSENTINO,40.0765124,15.5285037
N_228E114B3D00,POLESELLA,44.9610354,11.7387188
N_22CF3A0E5B0D,MONTEFIASCONE,42.537925,12.030997
N_22D4A7406775,VERCEIA,46.2027914,9.4585649
N_22DC449868D9,TRECATE,45.4286495,8.7394247
N_22F9E6026FDC,SOLOFRA,40.8345505,14.8439642
N_22FD4A51ED9B,ARONA,45.780027,8.536597
N_2305E1438535,PIETRARSA,40.8220493,14.3211093
N_23369BEE79A1,ROCCELLA JONICA,38.322248,16.406977
N_233B6B5ECE48,DUBINO,46.15342,9.461333
N_234AF1D1E980,GIOIA DEL COLLE,40.797366,16.916991
N_2355A617941D,PIEVE LIGURE,44.3725553,9.0909049
N_2367956FBAB5,RIOLA,44.23068,11.055069
N_236CD950CD56,MELE,44.47275,8.7339369
N_238931EFCB61,VENZONE,46.3320421,13.1355001
N_23A6E2C872BF,RONCHI DEI LEGIONARI SUD,45.8301585,13.5057501
N_23CC8025B002,CASTELLANZA,45.6105606,8.8754874
N_2417A2051791,RONCO SCRIVIA,44.6155063,8.9485654
N_24395EB84D6A,MOGLIANO VENETO,45.5619855,12.2330058
N_244C15F9662C,SIBARI,39.749271,16.456293
N_2456FAF70ED3,BIVIO TAVERNELLE,,
N_2467F28BF6EB,MARMORE,42.5474681,12.7152737
N_248A0C72651B,CASTELFRANCO VENETO,45.666629,11.933186
N_24E5E4B5C556,S ANTIMO S ARPINO,40.9491369,14.2474359
N_24F983CDAD9E,CARONNO PERTUSELLA,45.5981058,9.0579504
N_24FE941AB485,TORRE DEL GRECO,40.793413,14.3698022
N_25481145980F,GENOVA QUINTO AL MARE,44.38505,9.0204137
N_25A66D98E21D,GROTTAMMARE,42.9939566,13.8701364
N_25CD1C04553F,PC GAGGIANO,,
N_25E175435B8F,TROPEA,38.672134,15.894747
N_25F3B82B35A1,MONTEMAGGIORE,37.8590358,13.6931211
N_25F82806187F,SANNAZZARO,45.105473,8.905193
N_262D3A7AE6B1,MILITELLO,37.2771729,14.7831968
N_262F31604DA1,ALCANTARA,37.821592,15.251231
N_26A413663A37,S NICOLA T,38.0157215,13.6127271
N_26CADF8F74DD,OSPEDALETTO LODIGIANO,45.1693084,9.5751917
N_26D5F8FBE110,FANZOLO,45.708345,11.9918538
N_271526CDA8AC,ALI TERME,,
N_271FD3BAF268,MALPENSA AEROPORTO T2,45.650635,8.721936
N_277BD120C08C,DEVIATOIO INGRESSO LATO PORTO TORRES,,
N_2783D143E117,SONDRIO,46.1671994,9.8729043
N_27858ACD46CD,BOLOGNA ROVERI,44.4982873,11.4093454
N_27A515454EC3,CASTANO PRIMO,45.5560203,8.7728361
N_27B05C137CB5,VERNIO MONTEPIANO CANTAGALLO,44.043996,11.152333
N_27B200A5F7DE,BRA,44.693619,7.849202
N_280D2CF7A644,ROVIANO,42.0264792,12.9913069
N_2821D5199CF8,CASTEL MADAMA,41.9883592,12.8648771
N_287A0448A336,NAVACCHIO,43.6859596,10.486902
N_2892082E68C4,ARBIA,43.2942894,11.4063594
N_289C21E215E9,LUZZARA,44.9592089,10.6964703
N_289DDFEC5461,PIOMBINO MARITTIMA,42.928563,10.544478
N_28A425339C73,TARQUINIA,42.2396211,11.7271576
N_28E6E8CFFF57,REGGIO S STEFANO,44.7054709,10.6238788
N_28F404D7D9A6,CIVITA D ANTINO MORINO,41.8706137,13.4589652
N_28FC80ECE045,QUARTO MARANO,40.871367,14.1225809
N_2903D40F7E13,ADRIA,45.0604511,12.0543287
N_291CAC9E4988,LIERNA,45.959202,9.302478
N_296D99B423EF,LIVORNO FERRARIS,45.2833414,8.0736137
N_298342816A0A,GENOVA SAMPIERDARENA SMISTAM,,
N_29894FD8B936,MASI TORELLO,44.7927627,11.7970192
N_2989A35B7808,GIOIOSA JONICA,38.331844,16.300935
N_299D44698346,MONDOVI,44.3983529,7.8161467
N_29BBBA6BFF1C,MILANO FORLANINI,45.4645605,9.2368533
N_29C2780CE4B8,RECCO,44.360956,9.146416
N_29C741F0E520,FORNACI BARGA,44.045225,10.479105
N_29C899324937,GALLARATE,45.653752,8.78326
N_29D6951DFB5A,TRIESTE CENTRALE,45.657727,13.771948
N_29D7944D5D83,CORNUDA,45.8338442,12.0126766
N_29EBB9BCB957,FORNOVO,44.693669,10.102206
N_29FFE773DEA6,ANGRI,40.7463608,14.5754755
N_2A2F431CEA83,ALVIANO,42.590989,12.260085
N_2A3F84346CFA,MILANO AFFORI,45.5213005,9.1673995
N_2A86AE9166F0,NAPOLI S GIOV BARRA,40.8331154,14.3053271
N_2A8F590196EF,SAIRANO,45.1388139,9.0469622
N_2ABDF529BC4D,PIAZZA AMEDEO,,
N_2AFAAB2EE6CC,FIERA,,
N_2AFB8A0E3576,ANDORA,43.959849,8.139178
N_2B223C0E8E00,PC MARCALLO,,
N_2B5A38574141,BARI CENTRALE,41.11795,16.87024
N_2B653A1CD280,CATANIA CENTRALE,37.506713,15.099929
N_2B665BAEAF02,POMEZIA S PALOMBA,41.7062765,12.5734735
N_2B704D6CA19B,BRESCELLO VIADANA,44.898,10.519676
N_2B81E1A2DC67,PERUGIA PONTE S GIOVANNI,43.104832,12.446485
N_2B834B6E784A,BOGLIASCO,44.3791254,9.0660399
N_2B8E2C7E53B3,CASTELLEONE,45.301822,9.7677964
N_2C6FF78E4023,CALDONAZZO,45.995427,11.263974
N_2C9C846561A5,MARCATOBIANCO,37.7175465,13.7198747
N_2CC21B4C61BE,NAPOLI AFRAGOLA,40.935857,14.334633
N_2CCC57959AE0,SCIARA A,,
N_2D1456D46812,CASTELLANETA MARINA,40.4811006,16.9655044
N_2D84FAAA1358,BOZZOLO,45.107228,10.473336
N_2D9B862EA162,ROCCA D EVANDRO,41.4389116,13.910726
N_2DDB7367C5F1,BIVIO STURA,,
N_2DDBF4EAFC22,CAMPOMARINO,41.9573452,15.0424199
N_2E2B0C171AAB,LOMELLO,45.1172768,8.7991296
N_2E4962CFB3AC,BORGOLOMBARDO,45.4031267,9.271834
N_2E850D55B736,MOZIA BIRGI,37.884936,12.499167
N_2EAB5F8D2419,ALTAVILLA TAVERNELLE,45.5118043,11.4543387
N_2EB9CDFE3B19,ABBIATE GUAZZONE,,
N_2EBD4298AB0C,PM/PDE S PELLEGRINO,,
N_2EC037072A75,BUSTO ARSIZIO RFI,45.6160727,8.8647299
N_2EDE518653CF,PAGANI,40.746519,14.6170158
N_2EEDBA5BA5F3,ALTOPASCIO,43.811776,10.675674
N_2F105EEAAE61,RESCALDINA,45.622314,8.9466624
N_2F238E91DF7E,BADESSE,43.385602,11.2729533
N_2F7AD860AB4E,COSTA MASNAGA,45.7634656,9.2849114
N_2F7DF818553E,BONORVA,40.417768,8.7606937
N_2F8385CD5EAF,NOLA INTERPORTO,,
N_2FAC400E8862,PADOVA,45.416395,11.884193
N_2FACAADD79C3,OSPEDALETTO EUGANEO,45.2218427,11.6065628
N_2FB3A1D59039,BESNATE,45.6954547,8.7612792
N_2FDB0AFD278A,PONTASSIEVE,43.774238,11.438099
N_2FEF5E06361D,ALA,45.759113,10.9963774
N_2FFE4FA36CE4,PESARO,43.9059613,12.9048395
N_2FFF21DBD71E,BIVIO S LUCIA (NA),,
N_3050682E1DB7,ANZOLA,44.5509367,11.1966102
N_30C37A42B21B,TORRICOLA,41.809288,12.55711
N_30C90CFD07F0,CRESPELLANO,44.5122597,11.1298768
N_30D86DC9B116,SALSOMAGGIORE TERME,44.81828,9.987522
N_30E0C32CBFAD,BIVIO NOLA,,
N_30FAE1AF40EC,MONTECATINI TERME,43.880572,10.776342
N_31273B12D7A7,PINZANO,46.1793254,12.9505782
N_3133136D7009,S STEFANO CAMASTRA,38.017491,14.3518379
N_313578DDB59E,AVIGLIANO LUCANIA,40.714972,15.785171
N_3138AFDECA68,GAZZO BIGARELLO,45.176752,10.8939649
N_3179C3B315EF,COCULLO,42.034462,13.774802
N_31C9B3AF83B9,S GIOVANNI IN PERSICETO,44.6431931,11.1894015
N_31CA9136730E,PONTI,44.6300304,8.3652131
N_320252AB0F6F,GUIDONIA MONTECELIO S ANGELO,,
N_321C40419109,NAPOLI PIAZZA AMEDEO,40.8384801,14.233124
N_32374C701D4A,SALSOMAGGIORE T,44.81828,9.987522
N_323CCCEE5025,LETOJANNI,37.877479,15.303309
N_323E94191F17,VANZAGO POGLIANO,45.5253703,8.995722
N_324961D5B416,CASTELVETRO,45.100066,9.982121
N_327D1BF489ED,SASSUOLO RADICI,44.544593,10.784221
N_32E34FB7CC8B,S GAVINO,39.546312,8.787944
N_332F81F39A33,VENARIA REALE REGGIA,45.1320437,7.6348063
N_33433DDD9218,BIVIO S ANTONELLO,,
N_334592701C8E,COSTA,45.0458665,11.6964488
N_33BA0658D0C8,PAVIA,45.1888209,9.1445312
N_33BC0DC7F494,PARGHELIA,38.6833153,15.9250253
N_34600DF1F0A2,SEZZADIO,44.8000601,8.5497104
N_3476134E77A1,FIRENZE CAMPO MARTE,43.782792,11.275714
N_348C5F30DBB7,ROSETO CAPO SPULICO,39.972407,16.6202666
N_34D2AAE46715,GELA,37.0728873,14.259572
N_34E37AF6DE0C,PONTE GALERIA,41.817838,12.344617
N_351ADC106F7E,ITRI,41.2713477,13.5454795
N_352AC37F38B5,CASELLE AEROPORTO,,
N_354D449631C9,CANEGRATE,45.5693375,8.9267176
N_35881D4DDEE7,NAPOLI MERGELLINA,40.831568,14.218738
N_359E29577A4D,TARCENTO,46.2092844,13.1964963
N_35A0FF13358B,PINEROLO OLIMPICA,44.8913751,7.3475347
N_35A2DC998005,ARPINO,41.6476678,13.5999266
N_35AE11A52444,ROMANORE,45.0638742,10.7512344
N_35BDF9A8406F,S PIETRO IN GU,45.6051952,11.6730585
N_35C7DEA0D238,REGGIO EMILIA AV MEDIOPADANA,44.7242692,10.6550408
N_361E1D180AF3,CIVITANOVA MARCHE MONTEGRANARO,43.309118,13.725591
N_3629BB8567C8,TORRE ANNUNZIATA CITTA,40.7470658,14.4638723
N_362EE82F724F,VERONA PORTA NUOVA,45.429182,10.982371
N_3657311999D3,VICOFERTILE,44.778458,10.256194
N_3673693B7A83,RIVA TRIGOSO,44.263878,9.4292305
N_367F3D694920,COLLEFERRO SEGNI PALIANO,41.740136,13.003002
N_3691C57D774F,PISA S ROSSORE,43.7233722,10.3879192
N_36B67498C393,BESANA,45.702621,9.28304
N_36BF9CCFCA7F,ATTIGLIANO,42.517945,12.294657
N_36C8728B06FB,CAGLIARI,39.216201,9.107221
N_36F2581AA66C,SETTINGIANO,,
N_36F7C3AA2357,CONTESSE,38.1501279,15.5351722
N_36F9E72EF598,BORGO VAL TARO,44.4865271,9.7814396
N_370F3E68BD04,S GIOVANNI AL NATISONE,45.976185,13.3975251
N_37193DA91D02,S VITO LANCIANO,42.304845,14.440483
N_37444CA79118,S GIOVANNI VALDARNO,43.565354,11.526751
N_375EE41DCFE1,SAVONA PARCO DORIA,,
N_37AB1A406298,ORTA MIASINO,45.7958843,8.42122
N_37BE5CFF077A,S AGATA MILITELLO,38.047621,14.644806
N_380CF4F6068A,TRICESIMO S PELAGIO,46.1591249,13.2347583
N_382B2D202D0A,ROVIGO,45.076997,11.7812924
N_382EA26F8F8C,PIETRARSA S GIORGIO A CREMANO,40.8220493,14.3211093
N_383968C894CF,CASTELBUONO,,
N_385A73B5AE50,CAVARIA OGGIONA JERAGO,45.6981464,8.8036924
N_3869EAA1F5E5,GRUGLIASCO,45.0681366,7.5993438
N_386AF7BAF592,ROSTA,45.0782082,7.4616681
N_3872B295F1A9,GENOVA RIVAROLO,44.4361431,8.8910402
N_387363701115,BIASSONO LESMO PARCO,45.6321967,9.2982892
N_3898A6A278D5,OMIGNANO SALENTO,40.2525526,15.1344492
N_38B2ADC7D747,SCANZANO J MONTALBANO J,40.2535544,16.7056052
N_38CCE2986FD3,ROMAGNANO SESIA,45.6299863,8.3846638
N_390C93943551,SONICO,46.1632417,10.3512729
N_39277321D7BC,S GIUSEPPE CAIRO,44.370221,8.287136
N_3927EF8F585C,MOROSOLO CASCIAGO,45.8266152,8.7771639
N_398560FE798C,GENOVA BOLZANETO,44.4592121,8.9003212
N_398E54B9541F,CASSANO D ADDA,45.51536,9.511489
N_39B0ABC9A47C,VAREDO,45.5955439,9.1534112
N_39B1BE6F2ACD,BARCO,44.6904225,10.493069
N_39BB81DA333C,REGGIO CALABRIA GALLICO,38.165866,15.649506
N_39BBBCD2A953,TREVISO CENTRALE,45.660056,12.245219
N_39C0D3598D85,PONTE GARDENA,46.6011636,11.5327733
N_39CDF84D4D74,MERGOZZO,45.9613538,8.4409933
N_39E0E3319245,TRAPPETO,38.0651928,13.0370385
N_39E9F65878D6,BRUCOLI,,
N_3A0756FF9CDD,CASSOLA,45.7322537,11.795777
N_3A221CE05190,1°BIVIO VALDARNO SUD,43.530523,11.632189
N_3A46232E0B08,BUSCHE LENTIAI MEL,46.0400145,11.9794095
N_3A52AADF8221,PRACCHIA,44.055465,10.906746
N_3A596D92BF90,S GIORGIO P,44.6466572,11.37891
N_3A79EA0EC799,ODERZO,45.7750202,12.4909974
N_3A82FA9A0D0C,VENTIMIGLIA,43.791318,7.602225
N_3A83D2FA740C,DITTAINO,37.56502,14.460079
N_3A8CAF40C8B3,SERINO,40.8588574,14.8601699
N_3A9B23816B92,BAZZANO (FER),,
N_3AC977F504E0,ST DALMAS DE TENDE,44.0558738,7.5840056
N_3AE15A8EF205,BRINDISI,40.657721,17.935166
N_3AF0771489E0,BRINDISI MONTAGNA,40.6119507,15.9558133
N_3B1765AE4BEE,ORVIETO,42.720721,12.115609
N_3B4784E91B0C,FABRIANO,43.342712,12.914969
N_3B512433BF12,FRATTA,45.0386056,11.6426399
N_3B92CBA63251,PIONA,46.1247563,9.350585
N_3BB9592327B6,BORGO TICINO,45.6919376,8.6025226
N_3BBAFBAD53B8,GAZZADA SCHIANNO MORAZZONE,45.7786105,8.8248548
N_3BE4B70D0342,POLICORO TURSI,40.2072572,16.6888549
N_3BEED0BFB56B,MONTECARLO S SALVATORE,43.8508041,10.6853811
N_3C16129240F6,MONTEREALE VALCELLINA,46.148809,12.656178
N_3C277D22EF06,TREVI,42.8762542,12.7338083
N_3C592DB66A4A,BROLO FICARRA,38.1592008,14.8302047
N_3C79DC8D79D2,SALE MARASINO,45.7128044,10.1117054
N_3C82391FCA2D,ALBA,44.6977575,8.0307488
N_3C9893FCE11D,MOLINA CASTEL VECCHIO SUBAQUEO,42.1434373,13.7396485
N_3C98CF36AD9A,S CASSIANO,44.145438,11.687482
N_3C9DD23DE13B,AMOROSI MELIZZANO,41.192836,14.479285
N_3CA78ED5D15A,TERME EUGANEE ABANO MONTEGR,45.3273535,11.7964255
N_3CAC62CFE013,PORTICI ERCOLANO,40.8098814,14.3358073
N_3CB0CF3F44C3,VIZZINI,37.1825883,14.7295286
N_3CE18599E448,TORINO PORTA NUOVA,45.061892,7.678369
N_3D0782E67133,LODI,45.3092107,9.4976949
N_3D09EC2153BE,S SEVERA,42.020837,11.965639
N_3D24A942294E,TORINO AEROPORTO CASELLE,45.191564,7.641443
N_3D523D1C375E,DEVIATOIO ESTREMO CONEGLIANO,,
N_3D70985F2633,VILLAFRANCA CANTARANA,44.9088833,8.0437161
N_3D9977810A9F,GENGA S VITTORE TERME,43.403023,12.9771748
N_3DDDE366C0C5,CORNIGLIA,44.118767,9.716053
N_3DDE39234F46,PRIOLO MELILLI,37.157891,15.196954
N_3DF9464CB964,NOLA,40.9235939,14.5251025
N_3E07A9A7430C,SESTO S GIOVANNI,45.541095,9.238476
N_3E0F9E279601,MILANO BRUZZANO PARCO NORD,45.5332364,9.1727079
N_3E10340F782A,VINCHIATURO,41.4938878,14.5980392
N_3E255FF9433A,MEDE,45.0949913,8.742573
N_3E576FA51E84,LAVEZZOLA,44.559574,11.880064
N_3E6C5F4DD74A,PIEDIMONTE VILLA S LUCIA AQUINO,41.4956046,13.7312102
N_3EA386C3C9C9,S DONA PIAVE,45.639392,12.559635
N_3EB96748F8C3,GRANAROLO FAENTINO,44.357363,11.9374521
N_3EDA89BCB016,PIETRELCINA,41.1887308,14.832462
N_3EFE9B98DFF7,JOPPOLO,38.602668,15.858706
N_3F401D596D94,S AGATA M,38.0736677,14.640913
N_3F5C6E4D0AC2,LATISANA LIGNANO B,45.688963,13.135887
N_3F5CB6E907EE,BARCELLONA,38.1540089,15.1994604
N_3F7E8E44E711,GUALDO TADINO,43.2335001,12.767197
N_3F8361F33A46,VELLETRI,41.682434,12.780642
N_3FAF815CF1EA,NICORVO,45.275452,8.6712386
N_3FBBE1A54886,PIZZO,38.714522,16.140041
N_3FEBB6E9F088,BOSCONERO,45.2675015,7.7619153
N_4016C19E1EF2,VALDIBRANA,43.9654751,10.9102025
N_40294BD6402E,CASTEL SANGRO,41.777907,14.1121762
N_403A03976A20,LATIANO,40.5580524,17.717688
N_404BE7A30374,S MAURIZIO CANAVESE,45.2165135,7.6303573
N_40510E829CBF,MONTECOSARO,43.2893031,13.6463967
N_4057244A1B90,MANZIANA CANALE MONTERANO,42.1282407,12.1349134
N_40611E6A6CC5,CASTELBOLOGNESE,44.325398,11.803965
N_406930BDDAD2,S ZENONE AL LAMBRO,45.3378393,9.3616725
N_407983D4DF98,VILLANOVA D ASTI,44.9630047,7.9470962
N_4099FB1B7918,ALBENGA,44.054384,8.213436
N_409BF1D28E35,BARI TORRE A MARE,41.08304,16.99442
N_40C5DB868630,S BENEDETTO DEL TRONTO,42.954307,13.882036
N_40D1CDA96660,VILLAFRANCA BAGNONE,44.2943945,9.9481505
N_40E786E284BA,ROBBIO,45.2935733,8.5970633
N_40FDF213030B,SULMONA,42.061059,13.907472
N_410784FA1871,ISOLA DELLA SCALA,45.2694748,11.0131476
N_415C814C2FE2,LERCARA DIRAMAZ,,
N_415D49406B61,GENOVA PONTEDECIMO,44.48739,8.897427
N_416C3DD0F25C,SEGNALE CONFINE ROMA PRENESTINA,,
N_419D9A323A24,CORRIDONIA MOGLIANO,43.2816309,13.4776649
N_41A54673F000,PM BOSCO,,
N_41E21F96E697,S DONA PIAVE JESOLO,45.6397492,12.5599815
N_41F140F8E4FB,BEFFI,42.197397,13.660865
N_41FE8136BB7F,OSTERIA NUOVA,44.5849298,11.2351638
N_420C7AC5BB90,BOIANO,41.487787,14.474402
N_426A10D9D175,SERIATE,45.683332,9.72442
N_42841FCCBB85,PESCARA PORTA NUOVA,42.45762,14.212422
N_428B5679FEFA,GENOVA BORZOLI,44.434698,8.866611
N_42A528D8B57B,CASERTA,41.0685258,14.3282362
N_42AF21D2B00E,MONTIGLIO MURISENGO,45.0676243,8.1068704
N_42C4584A199A,REGGIO S CROCE,44.7079874,10.6425434
N_42C90FAABA72,ROCCALUMERA MANDANICI,37.9729673,15.3913817
N_42D7556C351D,PELLEZZANO,40.722249,14.770118
N_42FF2E67E0FD,BRONZOLO,46.404393,11.317409
N_430EDFEEBF48,TASSIGNANO,43.8341664,10.5708459
N_436E801A1595,THIENE,45.699915,11.476628
N_438437F5B6D4,SELLA CORNO,42.360533,13.189953
N_43B94DEFF4A6,PESCHIERA DEL GARDA,45.4385747,10.7023089
N_43FDF03231F6,PASSIRANO,45.5902502,10.063595
N_44128378641C,VAIANO,43.967281,11.127157
N_4449B7503C46,MACERATA,43.2930709,13.4552865
N_444E67A8F373,AMBIVERE MAPELLO,45.7221917,9.5504385
N_445AE77273C7,VALLE MADDALONI,41.0757716,14.4178692
N_44614479557B,BUDOIA POLCENIGO,46.031578,12.53758
N_446E7D1088FC,REDIPUGLIA,,
N_447D582429E1,CIANO D ENZA,44.595515,10.408735
N_448883FC6696,LADISPOLI CERVETERI,41.953294,12.081971
N_44A68103C7EE,CODOGNO,45.157484,9.711863
N_44AE94E69D2C,ROCCHETTA S ANTONIO LACEDONIA,41.0790463,15.5505766
N_44B0EEB905E5,BELGIOIOSO,45.158565,9.313756
N_44EC2A76B9F4,CAMUCIA CORTONA,43.2611666,11.9712842
N_450EFF896DAC,BASILIANO,46.0127955,13.1090902
N_4513324B48B7,VANDOIES,46.8148352,11.7230082
N_45266BDEF136,CASSINO,41.485153,13.830616
N_4531CF9DA7F6,CUCCIAGO,45.74048,9.08289
N_4560FAC707C7,LENDINARA,45.0819126,11.5917644
N_4563791E1912,BIVIO MADDALONI,,
N_458824EEBD16,S GIORGIO PIANO,44.6466572,11.37891
N_45A3A961A2C0,CAMMARATA S GIOVANNI GEMINI,37.6536714,13.674023
N_45FDE096C05C,BAZZANO,44.50823,11.077694
N_4602CAFC354A,FRANCIA,,
N_461E3FBDEF95,NAPOLI GIANTURCO,40.853729,14.287812
N_46504AAAA694,SPARAGOGNA,,
N_4668F72F4E34,MACCARESE,41.877763,12.239221
N_47188B708AE5,PIETRABISSARA,44.6580045,8.9230425
N_472F00BA46C8,BEVILACQUA,45.2303075,11.3966068
N_473A50A2B205,LEONFORTE PIRATO,37.6062733,14.3761279
N_473DBA85076A,CASTELLALTO CANZANO,42.695659,13.792965
N_4748798A1BB9,SCAFATI,40.7460106,14.5230226
N_474CBC09368A,VITTORIA,36.9589218,14.524865
N_4751BF547CAE,MESAGNE,40.5631534,17.8020333
N_476D42BF4D79,PC CAPENA,,
N_47753361D340,CAMPO GIOVE,42.0080116,14.0415076
N_47779044E4CB,BORDIGHERA,43.7783303,7.6635986
N_47A789481B35,CAPRANICA,42.232286,12.154218
N_47B6A9B3113F,MARINA CERVETERI,41.9791901,12.0478692
N_47C8C502E924,FELETTO,45.303693,7.7436977
N_47D7403A79FB,BIVIO MIRABELLO,,
N_481711620EBF,REVERE,,
N_481F190A216C,NAPOLI MONTESANTO,40.8476082,14.2439212
N_482E8C8F6C65,ROVATO,45.553044,9.998862
N_4832223DA8AD,S GENNARO,41.6745792,12.7265333
N_4838E93C2536,REGGIO CALABRIA PELLARO,38.0250936,15.6491725
N_4846D44D93A9,BORGOFRANCO,45.5147352,7.8546642
N_4873A13E8C12,CHIUSI C T,43.0024988,11.957601
N_4879C5D6D713,NOTO,36.8823941,15.0745375
N_4882B6A4194A,CONSELICE,44.5110451,11.8318399
N_48A985278D30,PONTE NELLE ALPI POLPET,46.181099,12.275842
N_4919AF825A4D,CROCICCHIE,,
N_4929A61C0CDD,ARCENE,45.5751454,9.6054271
N_496AC6F75DD5,CASTEL S GIOVANNI,45.0633034,9.4368256
N_49980CCF5585,LAVENO MOMBELLO,45.903255,8.624415
N_49E77C195B90,TOLINE,45.7872898,10.0882412
N_49FF8D2B3D1E,RIGNANO GARGANICO,41.5793482,15.4902592
N_4A032FBEC97E,PORTOGRUARO CAORLE,45.781216,12.832221
N_4A40CB040B93,CAIRO MONTENOTTE,44.3947654,8.278701
N_4A447898FADB,VALLE DELL ANIENE MANDELA SAMBUCI,42.016772,12.922592
N_4A7C3116AB81,S VITTORIA,44.6958311,7.9159746
N_4A9946819DC3,CHIARI,45.5400784,9.9265051
N_4A9D640E2613,CAMPOSAMPIERO,45.568358,11.926755
N_4AA6D3A2ECA8,BICOCCA,37.4606997,15.044609
N_4AD1E95ACBFA,PIGNATARO MAGGIORE,41.1737971,14.160604
N_4AE8C2387413,PRATO TIRES,,
N_4AEBCB7C4FB4,VALLO DELLA LUC CASTELNUOVO,40.2294706,15.1581373
N_4B107DF6CED6,VIGNA CLARA,41.949348,12.471422
N_4B143267E321,SALE LANGHE,44.3924684,8.0773894
N_4B185BEA0DA4,MODANE,45.1933301,6.6590437
N_4B1F1502CE85,GIOIA TAURO,38.4235132,15.8975025
N_4B21A26F7707,COLLE ISARCO,46.946395,11.447319
N_4B3828219F63,S ELENA ESTE,45.1992751,11.712773
N_4B51A329530A,FILATTIERA,44.3313782,9.9333302
N_4B68857AA962,S STINO LIVENZA,45.728402,12.680804
N_4B9DCB778302,SANTUARIO,44.3460101,8.4357593
N_4BB17CC0E70A,ALBAIRATE VERMEZZO,45.404439,8.957963
N_4BCFA0DF7E61,CASALECCHIO GARIBALDI,44.48307,11.27371
N_4C08F6FB1969,CARNATE USMATE,45.653183,9.374913
N_4C1298132AB6,CINISI TERRASINI,38.155295,13.096842
N_4C1BEFF06935,COCCAGLIO,45.5610556,9.9774129
N_4C4A798DABD5,CIRO,39.3687288,17.1170467
N_4C4C58E042AE,MELZO,45.5021136,9.4190908
N_4C68DE9C8AA5,AMANTEA,39.133189,16.074591
N_4C6A885B814C,GENOVA STURLA,44.3978477,8.981369
N_4C77736ACBA0,THURIO,,
N_4C8087D26356,BAGNOLO MELLA,45.428633,10.183935
N_4C8A4B619D44,PORTO RECANATI,43.4337687,13.6614091
N_4CB1CAC729C9,PORTO TORRES MARITTIMA,40.8379332,8.3973594
N_4CC0DE0D3590,SANGUINETTO,45.1886751,11.1524844
N_4CD5A6B6B1D8,TRIUGGIO PONTE ALBIATE,45.6589032,9.2668664
N_4D0EEDBE06D5,ROCCAPALUMBA ALIA,37.793674,13.673796
N_4D33D648D3CB,PRIVERNO FOSSANOVA,41.421712,13.186713
N_4D5C9AA763FF,CANDELA,41.187849,15.532651
N_4E172D087391,STRONGOLI,39.2281233,17.1083022
N_4E24B0D72A10,GIULIANOVA,42.7516919,13.9656672
N_4E255329BB98,CANDIA LOMELLINA,45.1798264,8.5931537
N_4E2BF1380660,GALLESE IN TEVERINA,42.3808793,12.4397929
N_4E2C2D2D3412,FRATTAMAGGIORE,40.9400144,14.2636343
N_4E720AC209BD,FOSSACESIA TORINO SANGRO,42.221055,14.50161
N_4E769FB0A2A8,QUERO VAS,45.9392991,11.9200049
N_4E85CB77D9FA,APRILIA,41.59238,12.639325
N_4EAD94010145,MONTESANTO,44.7328428,11.7364127
N_4EC67C8A4ED2,BIVIO MARITTIMA,,
N_4EE209E84954,SASSARI,40.7295623,8.5541411
N_4EE7DAF43A80,TRINITAPOLI S FERDIN P,,
N_4F3CE9A0ABE3,ASSO,45.864831,9.269124
N_4F5CBA982A80,GRASSANO,44.88792,8.762021
N_4F71641C38F1,TERME EUGANEE ABANO MONTEGROTTO,45.3273535,11.7964255
N_4F73CB411D5C,AGROPOLI CASTELLABATE,40.351649,15.001795
N_4F7E2D4083B1,PRASCO CREMOLINO,44.6489107,8.5500109
N_4FA9942B77B6,CAVA MANARA,,
N_4FC9CC2167E4,TASSIGNANO CAPANNORI,43.8341664,10.5708459
N_4FE76DBA82EE,COLLARMELE,42.0603729,13.6292517
N_4FEF84D2B0AF,VALLE MERCATO S SEVERINO,40.7763612,14.7226188
N_5087AA6EB31A,LONATO,45.4573112,10.4867467
N_50A676731A5C,ROMA S FILIPPO NERI,41.9467027,12.4163042
N_510A05222E88,ARDARA,40.63201,8.818497
N_51482E11C412,COLONNA GALLERIA,41.8385375,12.7560312
N_519BD7E64F9C,RICADI CAPO VATICANO,38.6306607,15.839866
N_51D1ABF13579,PONTREMOLI,44.371867,9.887749
N_51DC968E0539,CARNIA,46.373291,13.134872
N_51EFB2AB0389,LA SPEZIA CENTRALE,44.111564,9.81358
N_51F4DD6171CF,CESENA,44.145312,12.249491
N_5213D5EE8886,MINTURNO SCAURI,41.257854,13.720772
N_5235E10668A7,MARIANOPOLI,,
N_5237CEE4CDAE,ALFONSINE,44.5117306,12.0399018
N_527735D7E938,GRIZZANA,44.2582781,11.1812461
N_527E4715CB2A,S NICOLO,,
N_52AEB2B0F011,MANERBIO,45.3571443,10.1323689
N_52D81F608EB2,PISTOIA OVEST,43.9358247,10.9040111
N_52F9B6A64D1E,MANDOLOSSA,,
N_535AFB9D4935,S DAMIANO D ASTI,44.8789003,8.1260588
N_53BE36F2F0BF,RIVAROLO,45.3284722,7.7261909
N_53C5F5BF0032,BALANGERO,45.2657164,7.5194859
N_53C61EA7B416,CALALZO PIEVE CADORE CORTINA,46.44394,12.388554
N_5440AD114B27,PONTE PIAVE,45.7192882,12.4605872
N_544BA05AF4D9,PORTO D ASCOLI,42.912745,13.896512
N_547509BF96FD,DORIO,46.1028655,9.319325
N_548E523E61DB,S MAURIZIO,45.2165135,7.6303573
N_5499D45871E6,MATTARELLO,,
N_54A6861DACF8,ALANO FENER VALDOBBIADENE,45.9026315,11.9443689
N_54EFED1CE6B5,LAMBRUGO LURAGO D ERBA,45.7616212,9.2386061
N_550927E1ED5E,COSENZA,39.3189856,16.260568
N_550ECA432EC6,PINEROLO,44.887548,7.336595
N_551A513139C2,ROCCHETTA S ANT LAC,41.0790463,15.5505766
N_5532656C643C,BOLZANO CASANOVA,,
N_55433AE8AE3A,SCORDIA,37.294668,14.851126
N_555B06BFC831,MARTINSICURO,42.8861323,13.9040767
N_5562F37AC8E7,CRESCENTINO,45.1941521,8.1071833
N_5563459EBC73,MARCARIA,45.1244473,10.5333845
N_55648022803F,MANTOVA FRASSINE,45.1505899,10.8310318
N_5573BB77E5EF,CERTOSA PAVIA,45.256345,9.156918
N_55983C7F56C9,CAPISTRELLO,41.970503,13.399075
N_55C18CEAEA1C,BENEVENTO,41.1417781,14.7701405
N_55CC21275B02,MONTENERO PETACCIATO,42.0332935,14.8509479
N_55E9299FF6F0,PALERMO BRANCACCIO,38.093018,13.3925687
N_565E0E96FEC2,STEZZANO,45.6588759,9.6448435
N_5664A6CF2062,ALBA ADRIATICA NERETO CONTR,,
N_56672D44E8A8,CORMONS,45.9575998,13.4617951
N_56696186C4AE,FIRENZE PORTA PRATO,,
N_5676FF42C4DD,S BIAGIO CALLALTA,45.6866148,12.3774595
N_56ADE4E87857,PORTOMAGGIORE,44.69712,11.80017
N_56C67D6A0C05,CASTIGLION FIORENTINO,43.341715,11.92378
N_56E5FB0C7EA3,SALETTO,45.222816,11.5350685
N_56FBB1CB09D7,COLLECCHIO,44.754445,10.21211
N_5713ADF3F0FD,SESSA AURUNCA ROCCAMONFINA,41.196017,13.875669
N_5779F9930799,MANOPPELLO,42.306999,14.061189
N_57DD5C5789DC,SOMMACAMPAGNA SONA,45.4263707,10.8441503
N_57DE25A90A0F,SAMPIERI,36.7318736,14.7445832
N_57E2821AD6A6,VIGNA CLARA PES,,
N_57F9EF9A51AB,OSPITALETTO TRAVAGLIATO,45.546012,10.074379
N_57FA66242049,CALOLZIOCORTE OLGINATE,45.80176,9.427106
N_57FE2A40F392,GENOVA VOLTRI,44.428556,8.759009
N_5817A0138008,PERGOLA,43.549654,12.833146
N_58D4D5177F48,FELTRE,46.0129958,11.9114212
N_58F577F71991,OSOPPO,46.2491769,13.0846312
N_591B9E61A065,MOMBARUZZO,44.771349,8.448909
N_592534E3C981,SIENA,43.3316658,11.3229024
N_595750DB1973,S BONIFACIO,45.4025479,11.2741675
N_59620F413D30,CASTRONNO,45.7452675,8.8105146
N_598210CD3D81,CATENANUOVA,37.5619185,14.6881776
N_599112EDCFE7,BORGO VALSUGANA CENTRO,46.05137,11.454069
N_5A19322EB57A,MODUGNO,41.0864946,16.7794398
N_5A1ED9B2CC3E,NOCERA INFERIORE,40.745988,14.649413
N_5A22C0406845,GAIFANA,43.1818775,12.7841691
N_5A2DF71BE479,ALTAVILLA IRPINA,41.0150866,14.7849114
N_5A2F67458AB8,BUTTAPIETRA,45.3388709,10.9883096
N_5A3955F2B281,PEDASO,43.0946637,13.8448333
N_5AC75AD89B4E,CENGIO,44.3906958,8.1918892
N_5B31C6598583,FERRARA CITTA DEL RAGAZZO,44.8156123,11.6605659
N_5B97B6E76E37,P C MONTEBELLO,,
N_5BA3EC873DEC,PM ROVEZZANO,,
N_5C0A056D62CA,DOMEGLIARA,45.521445,10.820647
N_5C0C008E64BC,PARABIAGO,45.556058,8.955399
N_5C111ED7807E,VERONA PARONA,,
N_5C15B3446190,CONTIGLIANO,42.4120789,12.7791405
N_5C3034CCC988,FRASSO T DUGENTA,41.149076,14.491409
N_5C653BC08EA1,DEVIATOIO ESTREMO LATO GENOVA PP,,
N_5C699D8765D5,"P M KM 5,420",,
N_5C72E44B5BFB,ORIOLO,42.1668437,12.1384679
N_5CDAC872748F,PARTINICO,38.0586171,13.108972
N_5D15075F0F68,POGGIO RENATICO,44.7672343,11.4839364
N_5D245644C03E,PONTEDERA CASCIANA TERME,43.662216,10.628891
N_5D40E77CB78C,CASALNUOVO,40.911323,14.328226
N_5D458150F62F,ROVELLO PORRO,45.6510479,9.0362774
N_5D68663E0609,ISOLA LIRI,41.6810808,13.5808007
N_5D701C22BFA0,REGGIO EMILIA,44.6976226,10.6432684
N_5D7AAA63CFAE,CRISPIANO,40.6050289,17.2379279
N_5D9F67F18A4D,PIOMBINO DESE,45.6093724,12.0005312
N_5DDCFC1D268B,ROTTOFRENO,45.0605231,9.5492008
N_5DE4C91147F9,BRENO,45.955509,10.309131
N_5E2E470D192F,ROMAGNANO VIETRI SALVITELLE,40.6100924,15.4477011
N_5E411E5AFB2C,MORROVALLE MONTE S GIUSTO,43.2791792,13.5828102
N_5E593FB60A93,CIVIDATE MALEGNO,45.943427,10.2687057
N_5EC1187F2A71,PONTE A ELSA,43.689547,10.896303
N_5EE1C9A5BCA0,S MARGHERITA LIGURE PORTOFINO,44.313561,9.213007
N_5F13A442BAA0,CEREA,45.195793,11.2142153
N_5F184B75B9FD,TORINO AEROPORTO,45.1915762,7.6415776
N_5F1BEF6CC7A7,SESTO FIORENTINO,43.8334236,11.1919343
N_5F6B2483419A,FIRENZE CASTELLO,43.814885,11.223797
N_5FA140AED483,ROMA TIBURTINA PIAZZALE EST,,
N_5FDBBE13C21E,BUCINE,43.4805104,11.6177292
N_5FE3CBFF415C,FIORENTINA PIOMBINO,,
N_5FE8A1B01C69,CECCHINA,41.691868,12.650606
N_5FE9ED9B0EAC,MANAROLA,44.1049216,9.7292049
N_5FEFF02A3188,PALIZZI,37.918892,15.986384
N_5FF1D0CDA23A,S AGAPITO LONGANO,,
N_60117EB3904D,VISONE,,
N_601A91A14AA5,CASTELLUCCHIO,45.1442143,10.6475514
N_6021C0B4D28F,BIVIO GHISOLFA,,
N_606503C2E8F4,PC MODENA EST,,
N_607096404A55,SAPRI,40.07783,15.627763
N_60775F7D23D4,S MARCO ROGGIANO,39.605188,16.2088204
N_608964A0ADF5,POMPEI,40.746011,14.501151
N_60A73B335824,BARAGIANO,40.6949772,15.569669
N_60AC40AB6E0D,BRACCIANO,42.081131,12.213935
N_60AC79619DC7,ASCOLI SATRIANO,41.219746,15.5476314
N_6108134696EB,MONGUELFO VALLE CASIES,46.7525645,12.1081819
N_6111E62E5458,GENOVA PIAZZA PRINCIPE,44.416552,8.92193
N_61277A33AF3F,ANZIO,41.4521991,12.6292166
N_614E86D3FAF9,SCILLA,38.2512626,15.7109458
N_616E8A8254DB,ORTE,42.440528,12.408296
N_619A2B247E23,FASANO,40.8517073,17.3858951
N_61ADD2139136,MONTALLESE,,
N_61B315192806,BELGIRATE,45.8433405,8.5708781
N_61B4BB1EF140,GALLITELLO,37.8579603,12.9487731
N_61DFC4C2E401,MONTEPULCIANO,43.137867,11.853717
N_61EDFA84976B,BRIATICO,38.7253877,16.0253572
N_620842F03219,S CASSIANO VALCHIAVENNA,46.2739608,9.3979179
N_622370A71DC8,S MARTINO BUONALBERGO,45.4217036,11.0893046
N_62534FC64DB8,S VIOLA,,
N_62A12958237E,TERMOLI,42.000823,14.992796
N_62C3317745DD,NUS,45.7389078,7.4710889
N_62E4DF4C8236,BOLOGNA CENTRALE,44.506326,11.340498
N_633B96943D38,DERVIO,46.077661,9.306354
N_6341BF944FFD,DORMELLETTO PAESE,45.7300564,8.5743731
N_6358F9820A5F,BOTRICELLO,38.9339345,16.8574432
N_636195ABE1E9,RECALE,41.0623767,14.3032249
N_637B235E9838,MILANO PORTA GARIBALDI,45.49044,9.204148
N_638E73A138AC,POSTO COMUNICAZIONE FLERES,,
N_6390845C401B,STREVI,44.697731,8.5255005
N_63ACB0474432,BELLANO TARTAVELLE TERME,46.0395126,9.3026023
N_63CE56BA8571,ROVERETO,45.889837,11.03363
N_63E6C8BD223D,SPINEA,45.493533,12.150198
N_6406F206A0C0,CAPRANICA SUTRI,42.245219,12.157181
N_64126A6700F7,GRANAIOLO,43.652264,10.945357
N_641B77F43B63,PREGANZIOL,45.6035825,12.2316148
N_64250F69F719,CONTEA LONDA,43.8651092,11.5315687
N_64270B22B22A,MASSA CENTRO,44.023747,10.136159
N_645286E9F474,S ILARIO,44.7657554,10.4503627
N_64548ED4BF34,SIRACUSA,37.063767,15.288776
N_648441D92A38,CELLE BULGHERIA ROCCAGLORIOSA,40.1029933,15.3946104
N_6489B10F425D,CERVIGNANO A G,45.823504,13.340318
N_64A289C1443F,S ANGELO CINIGIANO,42.9648837,11.4285023
N_64AA1CDD4848,ROMA PRENESTINA,41.8978602,12.5460519
N_64C587A740D1,MONTEMARCIANO,43.639643,13.30953
N_64E5A9A2A633,TORINO PORTA SUSA,45.071576,7.665855
N_64EBA6DBD336,AVELLINO,40.9213456,14.8205706
N_65B820773EA6,AURISINA,45.7539579,13.6876462
N_65DA4217C250,TIRANO,46.215446,10.167223
N_65DC9B0163E8,MILANO CERTOSA,45.5067834,9.136257
N_65F33B41585B,ALBACINA,43.349389,12.994869
N_663C39032F0C,PAOLA,39.357565,16.04123
N_664A6867BC98,QUATTRO VILLE,44.6912052,10.9121624
N_668139F92A25,VERBANIA PALLANZA,45.9438075,8.4723143
N_66AC1FE82982,CITTADELLA,45.643906,11.789509
N_66BBADBCBBBB,VERRES,45.6598334,7.6900087
N_66D53BDA8A5C,BOLLATE NORD,45.5526203,9.1120724
N_66DEF0BD8D9B,STABIO,45.8497166,8.9441291
N_66FA1C868B7D,MANFREDONIA,41.6230828,15.9081919
N_677617851290,LOREO,45.0595636,12.1916472
N_67771D3EA307,CAMPO TRENS,46.8692032,11.4884162
N_679CEA4D4DF4,MOLFETTA,41.196195,16.596607
N_67B85A4BC6DC,GROTTAGLIE,40.529114,17.424401
N_67DACA51D558,CAPO SPARTIVENTO,,
N_67E39248AB1F,RIMINI VISERBA,44.088269,12.5340081
N_67F1EF0455E8,PINAROLO PO,45.0734406,9.1702779
N_683947979DC1,DELEBIO,46.1385526,9.4612149
N_6879F393F697,GROTTE S STEFANO,42.5151167,12.1695457
N_68D511FA029E,CAPO BONIFATI,39.5583567,15.8739399
N_68D62D86646B,CALUSO,45.303252,7.902475
N_69054744968C,PALERMO LA MALFA,38.1671931,13.3094629
N_690FA3B7073E,CHAMBAVE,,
N_691F606E11E7,CETRARO,39.5125098,15.9392041
N_692833385FC4,MILANO DOMODOSSOLA,45.4808646,9.1622369
N_6942CBA32AD4,FORMIA GAETA,41.258538,13.606147
N_69784D614CB9,SARNO,40.81341,14.61246
N_6982A8E72046,MALNATE,45.7953859,8.8782035
N_699083EE45CF,CEPRANO FALVATERRA,41.5239156,13.523342
N_69D76E32BAFD,FANO,43.8429208,13.0247038
N_69DA8F171008,BALESTRATE,38.0533794,13.0074289
N_69DC97CFB271,MONTE S BIAGIO TERRACINA MARE,41.3459338,13.3470362
N_69DDFA4D027E,SESTO CALENDE,45.725846,8.628786
N_6A5E47BD3937,ALBANO LAZIALE,41.691868,12.650606
N_6A7D5FEC545F,CERVIGNANO AQUILEIA GRADO,45.8237125,13.3428196
N_6A8DE39D3481,PALAGIANELLO,40.6067039,16.9846339
N_6AA42C1D5D11,FINO MORNASCO,45.7465784,9.0471098
N_6AA68AB4564F,CUPRAMARITTIMA,43.0234126,13.8607079
N_6AAC0C79D9BD,S BENEDETTO SAMBRO CAST PEPOLI,44.2162142,11.1896065
N_6AB37E7BCCB5,S GIUSTINA CESIO,46.0777659,12.0428941
N_6AC3B4CFA437,LEVICO,46.0059194,11.3049369
N_6AF08960A9D6,ALBANOVA,40.996076,14.1286807
N_6B2E6141A1D5,PM GROANE,,
N_6BBF3DDEDCD5,CREVALCORE,44.719105,11.152506
N_6BC2670C7184,VILLETTA,41.7388755,12.6493985
N_6BE7070E7B2D,PALERMO AEROPORTO,38.186176,13.104968
N_6C2417F591E3,FRAGNETO MONFORTE,41.2473449,14.7648889
N_6C3D66DEE029,BATTAGLIA TERME,45.2914508,11.7786045
N_6C5F1D064AA5,LUINO,46.000966,8.741383
N_6C755D3478E3,CESENATICO,44.200635,12.391417
N_6C859A662F7E,ROMAGNANO V,40.6100924,15.4477011
N_6C873B91804E,BORGO S DALMAZZO,44.3262155,7.4862203
N_6C9C46ECB5D3,PM ISOLA CAPO RIZZUTO,,
N_6CA7C0631DCC,BARI S RITA,41.0730729,16.8515515
N_6CBD57436968,PIOPPE SALVARO,44.311129,11.157874
N_6CCA3536FC00,RHO FIERA,45.5211715,9.0884719
N_6CD931CC15FB,MONOPOLI,40.9520273,17.2925128
N_6CE7CD77089D,DEIVA MARINA,44.2172471,9.5189922
N_6D12DDB06135,BOARIO TERME,45.886688,10.18175
N_6D3FA2816116,FORTEZZA,46.7889,11.61029
N_6D5DFFE30F85,BORORE,40.216854,8.803725
N_6DC42D1EF814,LEGNANO,45.5936932,8.9108573
N_6DC81502496F,ROSOLINI,36.8159471,14.952925
N_6DC9B54DAC83,ORBETELLO MONTE ARGENTARIO,42.450605,11.248831
N_6DCA844AE5BC,TARANTO,40.483433,17.224185
N_6DE3F8828605,PIOMBINO BINARI MARE,42.928563,10.544478
N_6DFAF47FD915,DECIMOMANNU,39.30819,8.966427
N_6E023D6665AB,MADIGNANO,45.3435767,9.7304784
N_6E0444489201,CASTRO POFI,41.5329704,13.4107972
N_6E263C923F86,CATANIA ACQUICELLA,37.492589,15.075125
N_6E290F81D99B,PORTO EMPEDOCLE,37.2915465,13.5378546
N_6E360E47BF43,CANTELLO GAGGIOLO,45.8378369,8.9073973
N_6E72F65F457A,S FELICE SUL PANARO,44.839415,11.143165
N_6E8A3D1A2E7B,CAVAZZALE,45.5962218,11.5701506
N_6E9F8472C7B6,FELIZZANO,44.8934517,8.4371045
N_6EB01E064536,SANNICANDRO BARI,40.9584124,16.7538833
N_6ECE0723A540,PIOMBINO,42.931628,10.539686
N_6ED16012327C,CASTELLAMMARE DEL GOLFO,38.0243443,12.912417
N_6EE117E90B73,GAZZO PIEVE S GIACOMO,45.1370899,10.1900112
N_6EEB69AD15BA,DUEVILLE,45.635527,11.547738
N_6F1B8257F216,CRESSA FONTANETO,45.644821,8.495101
N_6F7996BD0CF8,MILANO VENEZIA,45.4757916,9.2087419
N_6F9274E48577,BUSTO ARSIZIO,45.615717,8.864577
N_6F974B419188,ACQUAFREDDA,40.0352975,15.6720594
N_6FAE528FEE6F,POSTO COMUNICAZIONE SALONE,,
N_6FDC22A1267B,BARLETTA,41.314913,16.27824
N_6FE82D82A68B,CECINA,43.310375,10.514512
N_6FFBC2CAFF11,ALPIGNANO,45.0912816,7.5238245
N_700A465545EF,PORDENONE,45.9564911,12.6542229
N_7042F88D6524,BRONI,45.062162,9.261191
N_705172B9557A,FILDIDONNA,,
N_7095FF16E6FC,SELLIA MARINA,,
N_70F6B867636C,MILANO DATEO,45.4672656,9.2173702
N_7100D549D23D,S PIETRO IN CASALE,44.70139,11.394661
N_71226A5DB70C,BORGO S MARTINO,45.0871277,8.520697
N_7155EA0C5284,TRINITA BENE VAGIENNA,44.5047163,7.7528658
N_7166E486B80E,BISCEGLIE,41.2354247,16.499503
N_716DEAB7B82E,BERGAMO,45.6903836,9.6749975
N_71C270A63A66,FARA SABINA MONTELIBRETTI,42.155506,12.647394
N_71FDA3FC8E12,ARENA PO,45.0820479,9.3605262
N_725A5085A7BE,1 BIVIO CHIUSI SUD,,
N_725FF006758D,OLMENETA,45.232207,10.030891
N_72642F82C72A,ASCEA,40.1410172,15.1725523
N_72C3DDF61EF8,GROPELLO CAIROLI,45.1730982,8.9916646
N_72D69079DC45,CASABIANCA,41.7883965,12.6042921
N_72D6BAFDAEC2,MILANO REPUBBLICA,45.4803739,9.1988454
N_72DA38E192FF,PESCARA,42.468034,14.204391
N_72DC6FB3C749,CAMPO LIGURE MASONE,44.5308874,8.7009759
N_7308716B1354,PICERNO,40.6401608,15.6415278
N_734528E4257C,PESCIA,43.905327,10.688905
N_7380CCB6A80C,MARRADI PALAZZUOLO SUL SENIO,44.079738,11.61903
N_7397556F18AC,CAPODACQUA PIEVE FANONICA,43.026762,12.7541104
N_73A5E4492900,LUGO,44.423765,11.892588
N_73D0E23528E9,CARIMATE,45.699037,9.109728
N_7402CB96E798,TRESENDA APRICA TEGLIO,46.162135,10.08366
N_74060BFA08CF,MACCARESE FREGENE,41.878648,12.238117
N_742120703E07,POTENZA INFERIORE,40.6301252,15.8066316
N_74228AB5E68E,PM TAVERNELLE EMILIA,,
N_74350A7B41B6,LAVENO MOMBELLO LAGO,45.908345,8.618709
N_745DECA0CFE8,CASALE POPOLO,45.1603907,8.4404705
N_7479B3274CDB,CASTEL S ANGELO,42.379691,13.0176284
N_748188F95810,RIO PUSTERIA,46.797276,11.669615
N_749D1486D129,BOLLATE CENTRO,45.5427361,9.1230836
N_749F506E3BC1,GENOVA QUARTO DEI MILLE,44.388384,8.995882
N_74B6782ADF84,CAMPOMAGGIORE,,
N_74C58EEDD500,BARCELLONA CASTROREALE,38.1540089,15.1994604
N_74C73E90F0F8,RIGOMAGNO,43.25695,11.706056
N_74E53E1B43B9,NOVA GORICA,,
N_74EE77A63E34,FAENZA,44.279814,11.897669
N_7508BB1D63A3,TORINO STURA,45.12169,7.713966
N_75315F3C51C3,SANTHIA,45.364394,8.16692
N_754A893C2E1F,OVADA,44.6303977,8.6324304
N_756ED1FCE68B,SIPICCIANO,42.5464648,12.2541218
N_75BEFD741C62,BORGONE,45.1233785,7.2360913
N_75DA0F4DBEEE,SGURGOLA,41.6870639,13.1459393
N_75EE60EB2654,FARA SABINA,42.15997,12.652232
N_760133B30BA8,MONTEMAGGIORE BELSITO,37.8590358,13.6931211
N_7658E5195902,TAORMINA,37.853886,15.288975
N_7666A6DE0698,PM MANCASALE,,
N_76BD230163D0,BOLOGNA FIERE,44.5128098,11.3686679
N_76E1D38C9CA0,TIVOLI TERME,41.9496564,12.7222218
N_76F3426C2E5E,SEREGNO,45.656291,9.21023
N_775A21A3D42E,MELITO PORTO SALVO,37.916936,15.780776
N_77B115B0A758,MASSA ZONA INDUSTRIALE,43.2651051,11.3766895
N_77D32D974F02,QUARTESANA,44.8044415,11.7399468
N_77D367E4BFD2,TERONTOLA CORTONA,43.212883,12.012255
N_7816F868AF7D,MONTE S BIAGIO,41.346097,13.347026
N_7841420DEFFD,BENEVENTO PORTA RUFINA,41.1235521,14.7841835
N_7886E8BCC568,S MARIA LA BRUNA,40.7552398,14.4078965
N_7892C2F503A0,PISOGNE,45.805689,10.106715
N_789590B1E821,CASALE MONFERRATO,45.133995,8.4600547
N_789AE949BCFB,POLLINA S MAURO CASTELVERDE,38.0180327,14.1761521
N_790F7D43098D,FRANCIOSA,40.6784949,15.6247021
N_791B564ED878,BIVIO S VITALE,,
N_79579CFFDFB6,CERNUSCO MERATE,45.6950228,9.3969275
N_7958ED2E2E21,MERONE,45.7803324,9.243422
N_796860D122EE,BIVIO CASORIA,,
N_796D0A575F2A,CANCELLO,40.994323,14.419215
N_7979725C3D1F,SERENISSIMA,41.8999933,12.5578627
N_79802B93C10B,CERVIA MILANO MARITTIMA,44.258486,12.347302
N_79A7096BCFE7,CHIAVENNA,46.320186,9.405205
N_79CC0CA5A2DF,MEZZANI RONDANI,44.9667479,10.398766
N_7A06B48C8E21,MILANO PORTA VITTORIA,45.459517,9.223943
N_7A0EEBBEAB93,NOVARA,45.450444,8.624735
N_7A37CBDFE3BD,FIESOLE CALDINE,43.8304136,11.3079009
N_7A9650305C7D,CASTELLINA IN CHIANTI MONTERIGGIONI,43.4087218,11.2121902
N_7A970ED9F63E,ROSETO DEGLI ABRUZZI,42.6778363,14.015247
N_7ABD63D32E61,PRATO CENTRALE,43.878251,11.109047
N_7AC11CA2E5BF,MODICA,36.853035,14.754057
N_7ACD08E29DE5,CAMPIGLIA MARITTIMA,43.017268,10.586607
N_7AF83ED7061D,BIVIO PC BERSAGLIO,,
N_7B11452FA4A1,GRUMELLO DEL MONTE,45.637181,9.876759
N_7B1BFB26FB39,VILLASANTA,45.6033612,9.3051329
N_7B3F26F7E85F,CITTA DEL RAGAZZO,,
N_7B96A6FD7598,ROMA SMISTAMENTO,41.896918,12.539537
N_7B988F381A9A,BELLAVISTA,40.5171432,17.1768981
N_7B9D9C8E5BA1,ELLERA CORCIANO,43.094719,12.318625
N_7BAD0F159E96,S GIULETTA,45.035723,9.1792821
N_7BFFDD18032E,TORRE DEI PASSERI,42.243945,13.937484
N_7C047060733E,P M BADESSE,,
N_7C5098FCE3DA,BIANCO,38.0890649,16.1532938
N_7C6E85FA7BE2,BARBIANELLO,45.072249,9.2055232
N_7C9ADE34FD7E,LANCIANO,42.2294792,14.4026563
N_7C9FF233AF4F,BAGNARA,38.2827249,15.8003178
N_7CA45ACDCFD4,LIMITE,,
N_7CA98F5A9E13,SALUSSOLA,45.4451567,8.1147832
N_7CDE5389BF8C,ARDORE,38.1757076,16.2073409
N_7CFB9500E524,GENOVA P PRINCIPE SOTTERRANEA,44.4160517,8.919731
N_7D17EA680299,BAGNACAVALLO,44.4122152,11.9693695
N_7D1B6077BF4D,GORIZIA CENTRALE,45.933037,13.606852
N_7D1D8DEEE8A2,DOMEGLIARA S AMBROGIO,45.5223979,10.8204608
N_7D37E95E32DE,TORRIONE,40.6703629,14.7902878
N_7D39106FE1E4,VILLASOR,39.3813772,8.9358859
N_7D59DBBE3B7B,BAGHERIA,38.078476,13.500507
N_7D8F2C213B94,FIRENZE CASCINE,,
N_7D951F72660E,MONTEROTONDO,42.051799,12.618397
N_7DA45318DC6E,SPEZZANO ALBANESE TERME,39.7073303,16.2875599
N_7DBAB87A284D,MONZUNO VADO,44.3222611,11.2621328
N_7DE59BB83B68,MAGRE CORTACCIA,46.2880906,11.2325123
N_7E3A025DC1D4,ROLO NOVI FABBRICO,44.8858216,10.8679202
N_7E3B9B8956B9,CUTRO,39.0259493,16.9637904
N_7E3E1C07BEEC,S LORENZO MAGGIORE,41.219859,14.648424
N_7E4124E92707,FIRENZE S MARIA NOVELLA,43.776205,11.246908
N_7E48D95DD374,RISANO,,
N_7E6FD7EB6D6C,PORCARI,43.832105,10.619666
N_7E8F2F310655,FIERA ROMA,41.8098636,12.3188057
N_7E93FD7DC9ED,GRICIGNANO TEVEROLA,40.9988012,14.2414899
N_7EB264649AA1,GRANDATE BRECCIA,45.7813689,9.0558658
N_7ED941245E56,ROVASENDA,45.538328,8.319659
N_7F1344342D91,BRISIGHELLA,44.2205858,11.769771
N_7F1CA9DF11BB,MONTJOVET,,
N_7F56AF831FC6,VASTO S SALVO,42.079948,14.739453
N_7F66D7B6949E,NOCERA UMBRA,43.1006408,12.7672803
N_7F7199D93EC7,RONCEGNO BAGNI MARTER,46.0363321,11.3986395
N_7F872EDD3C4E,CASTELNUOVO GARFAGNANA,44.115877,10.409936
N_7F9904C725D7,NUOVO SALARIO,41.9554301,12.5103144
N_7FA9E3AD7653,ROMA TIBURTINA,41.909366,12.533721
N_7FB9A87E36F9,MONGRASSANO CERVICATI,39.5384962,16.222585
N_7FBCD642B749,TREVISO PORTA S QUARANTA,,
N_7FC4AD978D67,FEROLETO ANTICA PIANOPOLI,,
N_7FC86D7320F2,BARBERINO VAL D ELSA,43.4993396,11.1110829
N_7FCAD9942834,POSTO COM NE TERME BRENNERO,,
N_7FEB58AE129D,AGRIGENTO CENTRALE,37.30911,13.584725
N_801E8044E875,CHIUSI CHIANCIANO TERME,43.002499,11.957601
N_80337D220300,MARCELLINARA,,
N_803977A953BA,SPOTORNO NOLI,44.2264968,8.4111802
N_805858508924,FALCIANO MONDRAGONE CAR,41.1234458,13.9718221
N_80B776ACAF47,RIACE,38.3891793,16.5281176
N_80BCA8858D37,VARAZZE,44.3567647,8.5665287
N_811BC1C86782,PORRETTA TERME,44.154928,10.977976
N_812B47B9AFAE,VEDANO OLONA,45.7773806,8.8870972
N_816B9E02C7FE,TERME VIGLIATORE,38.1372453,15.1700847
N_819532B6C54B,S FELICE SP,44.223821,10.147818
N_8195543A936B,PM GROTTALUPARA,,
N_81E36C2DCCB3,PETROSINO STRASATTI,37.725387,12.50937
N_81EDA5632CD5,MAGENTA,45.4680853,8.8807055
N_81FA3F9C2F03,VARESE CASBENO,45.822851,8.809298
N_820F872D8E3C,VILLAFRANCA C,44.9088833,8.0437161
N_82A1F388DC2F,MASSAROSA BOZZANO,43.8591361,10.346235
N_82AA7683FCF1,CANNIZZARO,37.5471125,15.1296827
N_833AAA8C1DF7,MARANO TICINO,45.630733,8.628618
N_83412197D42D,BRESCIA VIOLINO,45.5451607,10.1677921
N_835C7E781DA4,CARPI,44.782201,10.891868
N_838D98750A26,VOGHERA,44.997529,9.010246
N_83A3E77E8703,AREZZO,43.4609548,11.8754953
N_83A896D0D0F4,CASORIA,40.908143,14.297074
N_83AEB434E87E,PIOLTELLO LIMITO,45.486045,9.3279
N_83DC30C6C99F,1 BIVIO ORTE SUD,42.407221,12.417056
N_83F20B6DC940,CAMPOFRANCO,37.510118,13.686614
N_843E94668774,REGGIO S LAZZARO,44.6899906,10.6670675
N_8470B8459BF6,NAPOLI PIAZZA GARIBALDI,40.853383,14.271129
N_8490B52169F4,PONZANA,45.402684,8.5227375
N_84ACA21B3272,TAORMINA GIARDINI,37.845556,15.282559
N_84BE99D1C1B1,ALTARE,44.3361916,8.3327374
N_84DD8B142B72,CARRARA AVENZA,44.051295,10.0628779
N_84E96BA78345,DESIO,45.619054,9.207822
N_851627421F74,VAL D ALA,41.941718,12.517773
N_8551C88B1D86,PM CAGIONI,,
N_85DC1311FCAF,PISA/BINARI PISA S ROSSORE,,
N_86008B60B07E,CANTALUPO DEL SANNIO,,
N_860D8442F08F,BRESSANONE,46.709877,11.650002
N_8617C2C21EF7,CHIGNOLO PO,45.1609336,9.4941866
N_8618CC3F7185,CATENANUOVA CENTURIPE,37.5619185,14.6881776
N_862EE9B29231,PLOAGHE,40.6613373,8.7280301
N_8646439FF3ED,BITRITTO,41.043869,16.832771
N_866B63EEBCDE,MONTECORVINO,40.6166079,14.9471109
N_867BBF5E757B,VILLAROSA,37.5671843,14.2001478
N_86876EE704C2,CONDOFURI,37.927579,15.8749975
N_87A8C7087BCC,POGGIO CAREGGINE VAGLI,44.148642,10.3504803
N_87DEF3C18CF8,1°BIVIO CHIUSI NORD,,
N_87FC2BC110F7,CAPALBIO,42.4080668,11.3709948
N_8805D8BB6898,VILLABASSA BRAIES,46.7365006,12.1670606
N_8812D3C608F7,PIRAINETO,38.171966,13.141518
N_882C5CBF332A,VIGNOLA,44.4817784,11.0084565
N_88410A0B665C,BUSSOLENO,45.139271,7.147717
N_8862EA0633F2,LOANO,44.122028,8.253853
N_886F3405AEAC,CARATE CALO,45.676393,9.2521295
N_8871845CF0C3,MELFI,40.98992,15.647094
N_88765DD44BEC,CASCINA,43.6746584,10.5452807
N_8883E2F79B97,MARCELLINA PALOMBARA,41.999656,12.791368
N_890E35011C84,PORTO EMPEDOCLE SUCCURSALE,,
N_894BAD57E320,S ELLERO,43.7422375,11.4697199
N_894BC9EF827E,VENEZIA PORTO MARGHERA,45.4724015,12.2559021
N_8964B37C81BE,MELZO SCALO,,
N_896AE1F9C404,VESPOLATE,45.3515293,8.6719465
N_8993291D0639,CADORAGO,45.729844,9.0411487
N_89ACD9E3219A,VENARIA,45.132427,7.634855
N_89EEDE34DC08,COMO CAMERLATA (FNM),,
N_89F54DBB8C9C,LA SPEZIA MIGLIARINA,44.116734,9.836284
N_8A0A4CADE07F,ORIA,40.5081423,17.6465249
N_8A104A76497A,CERLANO LAGHETTO,,
N_8A277037DD8D,CASTELBOLOGNESE RIOLO TERME,44.325398,11.803965
N_8A38F706746D,GIOJOSA MAREA,38.1750947,14.8950032
N_8A5CBFBEC44D,GRISIGNANO ZOCCO,45.493332,11.709567
N_8A8CDCD1F179,ROCCA IMPERIALE,40.1001051,16.6157705
N_8AC4234B3C79,SERRAVALLE SCRIVIA,44.723843,8.8583617
N_8AD06AAC98BD,CENTOLA,,
N_8B59044D6E59,PM CERVARO,,
N_8B59602841E6,SEZZE ROMANO,41.4955356,13.03853
N_8B9D044050BD,SUZZARA,44.994302,10.755866
N_8BA1647C50B5,S GIULIANO TERME,43.789739,10.419862
N_8BC5B363147A,MANDELLO DEL LARIO,45.937685,9.31305
N_8BCD22703DF2,ORDONA,41.3149798,15.6205863
N_8C0E9B88A974,MASSAFISCAGLIA,44.8041911,12.0133163
N_8C1723D422E1,PALERMO CARDILLO,38.1740508,13.2978674
N_8C23520AAC6B,VOLPIANO,45.2004747,7.7797317
N_8C26772C456B,MATELICA,43.254011,13.0151351
N_8C8FB2529F4E,MILANO LANCETTI,45.493595,9.177092
N_8C93F0A4E1BC,MONTALE AGLIANA,43.9128778,11.0084102
N_8CA63DFE159B,SPELLO,42.9843807,12.6688713
N_8CB7A8D7391B,FIRENZE RIFREDI,43.787493,11.242009
N_8CC5E83ABB23,GOLFO ARANCI,40.995006,9.627043
N_8CDFD77EBF6A,TRIPLO BIVIO SEVESO,,
N_8D09A72ADD26,1°BIVIO AREZZO NORD,,
N_8D17239851EA,FIUMETORTO,,
N_8D216F5E63CB,P M TEATINO,,
N_8D6C7CDE27C2,CETO CERVENO,45.9969149,10.3389113
N_8D7843EBFD68,RIGOLI,43.789739,10.419862
N_8D87C98B55ED,PONTECAGNANO,40.640344,14.872802
N_8DDE6FDF7B9E,POZZALLO,36.7335293,14.8472312
N_8DE028B1AD6F,MILANO VILLAPIZZONE,45.500546,9.13783
N_8DE7AC2ECB93,VERGATO,44.282788,11.114185
N_8DE87A33A091,S SEVERINO MARCHE,43.2299765,13.1834724
N_8E01B8F2A327,TORA PRESENZANO,41.3588865,14.0450396
N_8E1CBD641B34,TERMINI IMERESE,37.980034,13.703349
N_8E24755086C7,GENOVA PIAZZA PRINCIPE SOTTERRANEA,44.4160517,8.919731
N_8E28ED8E173D,PATERNOPOLI,40.9728772,15.009928
N_8E4EBEFD6CA2,CHIANCHE CEPPALONI,41.0501468,14.7776337
N_8E5EAA9496C1,MINUCCIANO PIEVE CASOLA,44.194373,10.193839
N_8E73FE127D96,CASTELMAGGIORE,44.5775261,11.3676455
N_8EA7BDFE83EB,PORTO S GIORGIO FERMO,43.1795926,13.7973957
N_8EB0D7677FF5,SENIGALLIA,43.715919,13.221845
N_8EE444145446,BRUZOLO,45.1311935,7.2015855
N_8F0B5263FD6D,NOCERA TIRINESE,,
N_8F2AF5499169,BARILE,40.9430431,15.6710553
N_8F3A4D04E2B8,VILLETTA MALAGNINO,45.1370577,10.111999
N_8F448D03ECB2,CATANZARO LIDO,38.821992,16.612742
N_8F6F1AD78B4B,MARZABOTTO,44.341269,11.207078
N_8F82B03E7F21,LAMEZIA TERME NICASTRO,38.967095,16.320008
N_8F8BE5782ED3,SOLARUSSA,39.9524905,8.6798312
N_8FE161C43F4D,BUONCONVENTO,43.135518,11.483566
N_8FE698FD5F8B,ORMEA,44.1501619,7.914191
N_8FE7DCF13925,GEMONA DEL FRIULI,46.274283,13.128643
N_8FFFF44475D2,COLLEVECCHIO,42.29755,12.5229368
N_903F86EB843E,VILLA SELVA,,
N_9064D3A3F525,FORMIGINE,44.593873,10.856774
N_908B953DE5BC,ESTE,45.221041,11.6630085
N_90A042C77C48,VERNANTE,44.245027,7.533834
N_91010CB09907,LIVORNO CALAMBRONE,,
N_9111A3F8285D,LA GIUSTINIANA,42.001931,12.490436
N_9115EC475557,ROSSANO,39.6029674,16.6408816
N_914E9B1A247A,FALCONARA MARITTIMA,43.606775,13.359141
N_915B0C972742,PM ECCELLENTE,,
N_917A4845B8CF,S MARCELLINO FRIGNANO,40.9921282,14.1719886
N_9196E0658A19,BIVIO/PC SAMMINIATELLO,,
N_91A450C6C54A,PINETO ATRI,42.6077451,14.0689833
N_91AEEE1BDF1D,OSIMO CASTELFIDARDO,43.4969818,13.5470279
N_91E2BF6F2CCC,FERRANIA,44.3654683,8.3256049
N_91FC1809DFA6,VILLAFRANCA VERONA,45.349911,10.8489491
N_9205BAB6A5D0,EMPOLI,43.715825,10.949204
N_92195ED64093,CHIOGGIA,45.2102652,12.275439
N_921A6F03C6B9,BARI ZONA INDUSTRIALE,41.1292772,16.8233886
N_9253C2D55999,VERCELLI,45.329778,8.416538
N_926CAD3AFA1D,ARENZANO,44.4031235,8.6782867
N_926E8C443F67,S MARIA CAPUA VETERE,41.0734905,14.2541104
N_92721D30B4D7,TARANTO GALESE,40.4945761,17.2351577
N_9279A2FB97D3,MOZZECANE,45.309885,10.818586
N_92B5429371C4,NOCERA SUPERIORE,40.7425853,14.6724286
N_92C9F3BD99E9,ISOLA DEL CANTONE,44.646598,8.9575604
N_92E950729E4A,FERRARA BOSCHETTO,44.8191057,11.6330178
N_9334DABDEC76,TERNI,42.570394,12.650975
N_936516B1B527,POTENZA CENTRALE,40.629467,15.806791
N_937E13C8626A,TARGIA,37.1096295,15.2459555
N_93887FE0D4DD,POSTO MOVIMENTO NORD RM SMISTAMENTO,,
N_9393A8FCBEDB,MONTEROTONDO MENTANA,42.064094,12.595845
N_93A779399DBB,VITERBO PORTA FIORENTINA,42.425308,12.106317
N_93D8AB2A2135,RAGUSA IBLA,,
N_940E2BC1FEE6,TORREBERETTI,45.058789,8.667279
N_942F7980146C,CASTAGNETO CARDUCCI,,
N_946E795E4B2E,LA STORTA,42.002846,12.382717
N_947C10E44E64,MAGLIANA,41.8343059,12.4310336
N_9498BA307100,SACILE,45.948557,12.497926
N_94A1B92D5727,VILPIANO NALLES,46.553989,11.220668
N_952F5E73BA7F,CASTIONE DEI MARCHESI,44.915341,10.044199
N_9547A00ACCDA,DIRILLO,,
N_9549006B98FB,ROMA MONTE MARIO,41.9390641,12.4217414
N_958DB8C30856,STRADELLA,45.079327,9.300844
N_95D4B862F4C8,MONTAGNANA,45.2283302,11.4599201
N_95D93A03E6AA,PASSIGNANO SUL TRASIMENO,43.1883754,12.1331419
N_965429FABFAB,CANNETO SULL OGLIO,45.1501656,10.3715906
N_966037A53370,SOLERO,44.9159708,8.5103827
N_9671B858DB02,P M BEVERA,,
N_968AC1F0ECFD,PIEVE VERGONTE,46.0098019,8.2763448
N_9696B74B1F8B,ALTAVILLA MILICIA,38.0483889,13.5542884
N_971854F50742,VILLADOSSOLA,46.064159,8.2647325
N_9731E2E8B94E,FELONICA PO,44.9718435,11.3384518
N_9743A2A6D9B4,LONGARONE ZOLDO,46.26754,12.301848
N_974865AF28F9,PALAGIANO MOTTOLA,40.6018087,17.0655267
N_974CC39124F4,CAULONIA,38.3438126,16.467223
N_97DC5BDB077A,S PIETRO A MAIDA MAIDA,38.8678225,16.2763821
N_97EC60554151,LANCENIGO,45.7101544,12.2655627
N_981FC66837BA,CASTAGNOLE DELLE LANZE,44.7488997,8.1522333
N_9843B0FA0E24,CODROIPO,45.9656561,12.9767585
N_985207CAA3A8,GOZZANO,45.741157,8.438783
N_985F08274968,SIENA ZONA INDUSTRIALE,43.2651051,11.3766895
N_986871A17EB1,P M TORRICCHIO,,
N_9875EB4E19B4,RONTA,44.0094143,11.4341229
N_98873C105036,DEGO,44.4480093,8.3084911
N_988DC7541887,VIA LUNGA,44.509866,11.1692096
N_988E5FC4D9F8,GENOVA P PRINCIPE,44.41702,8.92113
N_98DE069769C9,MARONE ZONE,45.7383838,10.0933661
N_98FAFA9A8B2D,CAVARIA OGGIONA IERAGO,45.6981464,8.8036924
N_99035CE7EF2D,LOCRI,38.23325,16.264657
N_992E188E56F8,S AMBROGIO,45.1011329,7.3609493
N_9941FF166BA4,SALINE REGGIO,37.938818,15.710838
N_9945873CF040,FROSINONE,41.6252688,13.3287413
N_9962519604C2,MANDATORICCIO CAMPANA,39.5254062,16.8931592
N_9963611051CC,CAPO D ORLANDO NASO,38.1579307,14.7448825
N_99BF3F7AA1D6,SCANDIANO,44.600307,10.693829
N_99CFCBC563D5,CONSANDOLO,44.6638662,11.7768558
N_99D19D74A384,CONEGLIANO,45.885619,12.298243
N_99E7AA183DBD,OSCHIRI,40.7132405,9.1078017
N_9A03E0C946E0,S ROMANO MONTOPOLI S CROCE,43.6905546,10.7602213
N_9A05FAE7432C,GALLIATE PARCO DEL TICINO,45.5062813,8.7178804
N_9A1C9C14214B,CAVA DEI TIRRENI,40.703564,14.7084479
N_9A238D200783,CASSIBILE,,
N_9A28D143CB58,CASTELLANETA,40.6195036,16.9286558
N_9A3424C996D5,FANNA CAVASSO,46.1871808,12.7705893
N_9A50A9DEDB4A,MONCALIERI,44.996657,7.685281
N_9A9F500D82A7,FIDENZA,44.866522,10.061194
N_9AC0CC02F3DD,MAGIONE,43.106116,12.187725
N_9AE436695589,HONE BARD,45.6139618,7.7414598
N_9B02FCFB8F18,ROMA S PIETRO,41.895862,12.455405
N_9B1C1B88DB7E,NAPOLI S GIOVANNI BARRA,40.830945,14.312544
N_9B3B1889810C,BERCETO,44.555821,9.931947
N_9B55AA928706,RAPOLANO TERME,43.290849,11.636947
N_9B962E012BA5,SCICLI,36.7899833,14.6987214
N_9B9D28249135,ARQUATA SCRIVIA,44.687845,8.885338
N_9BB5662C7C4E,PISCINA PINEROLO,44.9218119,7.4255976
N_9BDB77F4965D,AVOLA,36.9075013,15.1258304
N_9C1BB9556DE3,VENEZIA S LUCIA,45.4410753,12.3210322
N_9C6A6773AC9A,CENTALLO,44.4963245,7.5909962
N_9C7C4F9A5F49,PONTE D ADIGE,46.485711,11.2978313
N_9CCEEE08BB60,SELLERO,46.0535474,10.3487415
N_9CFAC701B880,CIRIE,45.2301585,7.6023647
N_9D1830C64184,ARCISATE,45.8585569,8.8631175
N_9D5AAEB0D911,POTENZA PICENA MONTELUPONE,43.3603351,13.6980367
N_9D78CB078D2A,REZZATO,,
N_9D87D3EC74EB,BAGNOLI AGNANO TERME,40.8194209,14.1666694
N_9D88F4053DBA,MONTEMARANO,40.9007888,15.0395153
N_9D9693DD3EEB,L AQUILA,42.3511866,13.3850102
N_9DA69A8ECFB4,S CATERINA DELL JONIO,38.5304873,16.5711305
N_9DC685B98C26,VENAFRO,41.492353,14.054372
N_9DCAA818A251,POZZOLO FORMIGARO,44.7975486,8.7826675
N_9DCB5E76C712,GUARDIAREGIA,41.4574818,14.5536606
N_9DCDBA0A1773,CANICATTI,37.359929,13.85524
N_9DED437EEF1D,PM S LEONARDO CUTRO,,
N_9E500FE220E8,PALMANOVA,45.907829,13.300473
N_9E6D5237FD52,ARCE,41.5837388,13.5718287
N_9F1CA8B73AC3,GRAGNOLA,44.1910966,10.1092322
N_9F3E9BB3C0FD,GRIGNO,46.015413,11.625832
N_9F635583A43A,CASTEL GANDOLFO,41.7468955,12.6522763
N_9F723B7094AE,ALTAVILLA M,38.0483889,13.5542884
N_9FB723FD15E4,FONTANETTO PO,45.1912961,8.1887161
N_9FDC69CF1486,ISTRANA,45.6766185,12.1028238
N_9FE1496D9672,CASTEL S PIETRO TERME,44.406822,11.597059
N_9FF1BA7BD016,GAVIRATE VERBANO,45.8513053,8.7062983
N_A03273BA313F,PONTE NONA,41.9188064,12.654363
N_A04371881372,VEZZANO LIGURE,44.125937,9.886044
N_A04A2042CD96,CORDOVADO SESTO,45.850612,12.877969
N_A05A13F7A4F4,ORTANOVA,41.3503799,15.7321271
N_A07736BA242F,VERDELLO DALMINE,45.605566,9.61976
N_A0B08CB9D24A,VIPITENO VAL VIZZE,46.895478,11.440157
N_A1632A885EF7,ACERRA,40.940292,14.391895
N_A19B2212E994,S DEMETRIO DE VESTINI,42.2944323,13.5365396
N_A1F9F4BB9C30,GRANAROLO,44.357363,11.9374521
N_A1FBD8440966,BADIA POLESINE,45.0944748,11.4849358
N_A21E81732433,PATTI S PIERO PATTI,38.1469838,14.9753585
N_A220977C2150,GARGAZZONE,46.5748958,11.1989769
N_A24C9C8CF834,SORA,41.716379,13.61791
N_A25D0BE27D9B,VILLA LITERNO,41.00511,14.06774
N_A2C260B7187A,CAMOGLI S FRUTTUOSO,,
N_A2DA4F359B43,DESENZANO,45.468142,10.536131
N_A307F4499057,CECCANO,41.5735742,13.3364278
N_A30EF78C2C45,PIEDIMONTE V S L AQUINO,41.4956046,13.7312102
N_A37212BA2B79,VALLE AURELIA,41.9029987,12.4421536
N_A374D96D7CC0,PAESTUM,40.4216783,15.0148832
N_A3C13C7BADE3,ENNA,37.5810112,14.289692
N_A3E51FF1225F,LAVINO,,
N_A3F727A0D624,COMPIOBBI,43.782525,11.358892
N_A3F73F9590F3,CISANO CAPRINO BERGAMASCO,45.7396264,9.4743395
N_A3FCD4FF0CBF,BIVIO/P C S MASSIMO,,
N_A41D84C8E880,S CATERINA DELLO JONIO,38.5304873,16.5711305
N_A44E08CAAED1,CHIARAVALLE,43.5955784,13.3276711
N_A4A6BAF97476,S CATALDO,,
N_A4B271BB5712,COMISO,36.9472798,14.6004397
N_A4E29E16746B,GAVORRANO,42.9480231,10.9338568
N_A5088E85B7D9,PAESE,45.6692367,12.1616739
N_A5671EA5C59D,VIGODARZERE,45.452628,11.889265
N_A582FD8336EC,REGGIO MEDIOPADANA,44.724178,10.655469
N_A5936E7C2FC4,MILETO,38.5770976,16.0599638
N_A5A75C07CD93,CASTELPLANIO CUPRAMONTANA,43.481431,13.084756
N_A5B18B141189,VALDAORA ANTERSELVA,46.7672468,12.0302765
N_A5BD1BA30ABD,1°BIVIO/PC GRICIGNANO,,
N_A5C2259306FA,CARPANE VALSTAGNA,45.8601536,11.6610214
N_A5EB8EF11C26,BIVIO SETTIMO,,
N_A65CCEC567BF,AROSIO,45.7183153,9.2101344
N_A6891F0341CD,PERAROLO CADORE,46.3862724,12.3526744
N_A69B5552998D,MILANO PORTA VENEZIA,45.4757916,9.2087419
N_A6A679F0C22A,VEROLENGO,45.1930107,7.9695153
N_A6E250F6481C,ZAGAROLO,41.821931,12.827705
N_A6F5B56931A0,FELONICA,44.9718435,11.3384518
N_A74C75213AA5,DIAMANTE BUONVICINO,39.676909,15.824379
N_A75408D011D6,VILLASANTA PARCO,45.6033612,9.3051329
N_A79BCAF80288,VIPITENO,46.895478,11.440157
N_A7A1508E98BA,S GIACOMO (FER),,
N_A7A9AAEF27D6,GERBINI,,
N_A7D1586A4343,TERNATE VARANO BORGHI,45.7818339,8.7006337
N_A808E3C775F5,GERENZANO TURATE,45.6454976,9.0017183
N_A852107EF56C,VICENZA,45.541644,11.540752
N_A877B2FF2E92,FORTE DEI MARMI SERRAVEZZA Q,43.9777797,10.1994077
N_A895C69F2A3F,DEVIATOIO ESTREMO VERONA,,
N_A8BBFBBA4301,PAVIA PORTA GARIBALDI,45.1842655,9.1667505
N_A8C2DF9DE473,CAMPOFELICE,37.9927229,13.8772293
N_A8C3D3E96F49,S MARINELLA,42.0359867,11.8631123
N_A8CD2B8B4B37,1°BIVIO CASERTA NORD,,
N_A8CD6A02CA1C,CISTERNINO,40.8165512,17.4569784
N_A8D912AA86D4,VITULANO FOGLIANISE,41.1720584,14.7243333
N_A8E5DCA000CE,GENISI,,
N_A95277D3303D,S LUCIDO MARINA,39.3132475,16.0454968
N_A99D9786FC60,CERIGNOLA CAMPAGNA,41.3156229,15.897262
N_A9B01CF2D76C,COSSATO,45.541959,8.211231
N_A9ED75C62B30,GRAVELLONA TOCE,45.9340826,8.4284294
N_AA00CE9E4DF9,FOLIGNO,42.954275,12.710813
N_AA0A16F66113,PADIGLIONE,41.501661,12.625746
N_AA1B1C9D4BFB,BINARIO S MARCO VECCHIO,,
N_AA1DCE485829,BASSANO DEL GRAPPA,45.766056,11.741348
N_AA2545F96C74,BELLA MURO,40.7009024,15.542914
N_AA532C4898BD,RUBIERA,44.6561256,10.7801896
N_AA644086B5CD,GENOVA PRA,44.4253331,8.789048
N_AAD295A403C7,ANTRODOCO BORGO VELINO,42.410465,13.071519
N_AAD44DE0CE8A,FIUMEFREDDO SICILIA,37.795842,15.20575
N_AB0F0E99A555,BARDONECCHIA,45.078702,6.709829
N_AB3281A99F9A,LEZZA CARPESINO,,
N_AB5F0E20DFD5,COMO LAGO,45.814116,9.08409
N_AB8547C9AC97,SQUINZANO,40.438364,18.038201
N_AB89C772F9B1,SIDERNO,38.2707944,16.3020084
N_ABB6975AEF6A,BORGO REVEL,45.1900368,8.0182912
N_ABD8F603398E,MERCATELLO,40.6588268,14.804732
N_ABEBBA2835C9,ALBERESE,,
N_ABFDEA708A4A,CHIOMONTE,45.1200645,6.9886384
N_AC1277A37E02,CORBEZZI,43.9939528,10.9197373
N_AC4930634ABE,TRANI,41.2726957,16.4176867
N_AC5B07AC3325,VILLAMASSARGIA DOMUSNOVAS,39.294758,8.642373
N_AC5E90396EAC,FRANCAVILLA FONTANA,40.5231063,17.584754
N_AC64114ADFF7,CALTANISSETTA XIRBI,37.536271,14.058064
N_AC72E328A7A8,COMO S GIOVANNI,45.809146,9.072656
N_AC7CA6C55493,BORGOMANERO,45.699905,8.462346
N_AC7F8B8055FA,MIRTO CROSIA,39.6048326,16.7774105
N_AC94504DD813,PERI,45.657933,10.901462
N_AC9985E0915A,TEANO,41.2318639,14.0771284
N_ACA4F494FB58,TELESE CERRETO,41.211861,14.52586
N_ACA90BDFFB5C,MEZZOCORONA,46.2072844,11.1284223
N_ACBCDA610B0C,ANTRODOCO CENTRO,42.415356,13.076281
N_ACBE9D0884EA,TROFARELLO,44.980635,7.735387
N_ACBEB5952E2F,SUZZARA V N,45.0011594,10.810903
N_ACBFE7687ADF,OLBIA,40.926255,9.500142
N_ACC19A7E9A40,MONCALIERI SANGONE,45.0004103,7.6679801
N_ACDCA1E7D6D5,RADDUSA AGIRA,,
N_ACDCE7C76FAD,CARPINONE,41.5880835,14.3268858
N_ACF2A5EFC36F,S BENIGNO CUNEO,,
N_ACF3D2764DA3,MILANO CENTRALE,45.497672,9.231806
N_AD3C879DF5D8,AGRIGENTO BASSA,37.3190914,13.5881768
N_AD5D6508E5F6,PALAGIANO CHIATONA,40.5170429,17.0591974
N_AD796A65AE1B,AULLA LUNIGIANA,44.2188969,9.9767629
N_ADC35E117475,MAROTTA MONDOLFO,43.769592,13.137047
N_AEA8F75C58A4,COLLE MATTIA,41.832589,12.728337
N_AEEC6C8D50EC,MARSALA,37.7933222,12.4431034
N_AEEF78C1A9DA,REMEDELLO SOPRA,45.2784355,10.379136
N_AEFF14570C5D,CASALBUTTANO,45.2554367,9.9621953
N_AF0412F1388B,OSPITALE CADORE,46.3257037,12.3185469
N_AF3C86275983,SAVONA,44.3069809,8.4710865
N_AF3EDA32BCDE,SARONNO,45.627409,9.026493
N_AF5337BF9B10,CASTIONE ANDEVENNO,46.1616219,9.8080555
N_AF579C47C78C,ANAGNI FIUGGI,41.71041,13.096018
N_AF6EFE0DE41A,GRECCIO,42.4628815,12.7770006
N_AF7C7C87621E,FIUMICINO AEROPORTO,41.793437,12.252024
N_AFA834BE9689,BUSTO ARSIZIO N,45.6062079,8.8514031
N_AFCBEDA6671A,CUNEO,44.3879476,7.5358915
N_B024117A49BD,MILANO CADORNA,45.468405,9.175523
N_B06ACFAB5C3A,FORLI,44.223974,12.054721
N_B072ED2C98E4,INCISA,43.6558723,11.4526838
N_B0E912F4A7F7,VILLA OPICINA,45.701352,13.800503
N_B0F8419ABE3F,FERNO LONATE POZZOLO,45.604484,8.755846
N_B101329F0BD5,PIACENZA,45.0520196,9.7061285
N_B167C2B7DC3E,ROCCABERNARDA,,
N_B17121433CDA,DESENZANO DEL GARDA SIRMIONE,45.4627489,10.536538
N_B183843EE4F2,STATTE,40.5657924,17.2125228
N_B198A57DAC75,CEDEGOLO,46.0725204,10.3500218
N_B1DB666FDA85,MORBEGNO,46.1365826,9.568726
N_B1EEBE8E9312,CASTELDARNE,46.7976518,11.8442018
N_B1F6A9EAA756,CASORIA AFRAGOLA,40.9077501,14.2986883
N_B1FA91715CD5,CASTELFRANCO D EMILIA,44.5974173,11.0565579
N_B222138E8EE4,CHIASSO,45.829268,9.037882
N_B268E02629DF,PIANA,44.4863995,8.3087876
N_B2998F2B1710,CIVITA CASTELLANA MAGLIANO,42.346543,12.453885
N_B3161146B50A,MERANO MAIA BASSA,46.6563463,11.1481729
N_B318252545A9,TREBISACCE,39.8655536,16.5322325
N_B3212005FF19,SETTE BAGNI,42.0062734,12.5201149
N_B32B93C7124C,TRINITAPOLI S FERDINANDO PUGLIA,41.3496442,16.0909379
N_B35028B7F2F0,MANDELA SAMBUCI,42.016772,12.922592
N_B35CDCD53B38,GAIBANELLA,44.7779512,11.6711858
N_B36B3FAB2125,VILLA S GIOVANNI,38.21661,15.6342913
N_B3C4DE6A4D7A,FISCIANO,40.761094,14.775689
N_B3C51F98067B,CEVA,44.389662,8.031763
N_B4153ACAE967,TRAVESIO,46.1870763,12.8768125
N_B436834459D1,OSTUNI,40.746877,17.580353
N_B47BA83FC58B,PM CAMPEGINE,,
N_B47C9D238DED,MONASTERACE STILO,38.4374793,16.5743362
N_B492A25E9BCA,FOLLONICA,42.921625,10.760511
N_B4B79598CFF0,CATTOLICA S GIOVANNI GABICCE,43.959973,12.745105
N_B4C118FF93FF,MONZA,45.5777772,9.2728213
N_B4E5F511C39A,ROCCA FONDI,42.3980063,13.0958195
N_B59B49920158,VARENNA ESINO,46.015094,9.286232
N_B5A00BD1FD73,TARVISIO BOSCOVERDE,46.506136,13.607462
N_B5A4376E1CCC,AVERSA,40.972923,14.217844
N_B5C3A7A72A78,LUNGHEZZA,41.915517,12.634524
N_B5DDBA4A079F,PIADENA,45.130235,10.36714
N_B5E01F0CC004,BRANCALEONE,37.965548,16.103119
N_B616BCBF4A56,PAVONA,41.7251279,12.6100161
N_B63D4897DB4E,COSIO TRAONA,46.1354762,9.5255212
N_B643253B5677,PROVAGLIO TIMOLINE,45.6350961,10.0353512
N_B6611117A3FF,CESATE,45.5908019,9.0663274
N_B6DCFBA2D4C9,STRESA,45.884467,8.5315751
N_B70282D65CA7,MORNAGO CIMBRO,45.729842,8.734423
N_B7148A598580,LEVANTO,44.171636,9.612265
N_B72BFBF624F4,RONCAFORT,,
N_B764E4CD3F0B,PALAZZO REALE ORLEANS,38.1089585,13.3540917
N_B79E11CC1037,VERONA PORTA VESCOVO,45.43577,11.018649
N_B7C7458ECDFE,RIMINI,44.063994,12.573763
N_B7CA17586A90,MARINO,41.768981,12.6559794
N_B7F608CF8688,SOLOPACA,41.210501,14.571487
N_B7F6B078DDD9,ROMA NOMENTANA LL,41.932698,12.523289
N_B8540999AE34,POSTO MOVIMENTO 228,45.458319,9.237016
N_B855BACCA823,IMERA,,
N_B85930B9D370,ZAMBRONE,38.7127818,15.9762002
N_B86AFDA5F5EB,POSTO MOVIMENTO SALARIO RM SMISTAMENTO,,
N_B8B92C1A677E,ACQUEDOLCI S FRATELLO,38.0583783,14.5876485
N_B91AC4940F80,FERRUZZANO,38.016341,16.134335
N_B9749DA716B8,PARCO LEONARDO,41.7997882,12.296154
N_B97B95E93DAF,CANDIA CANAVESE,45.3300993,7.8917249
N_B97F61CB188A,PIETRASANTA,43.956302,10.229881
N_B98E9F45E658,SACCONAGO,,
N_B9BECA9C0CAA,ROCCA D EVANDRO S VITTORE,41.4389116,13.910726
N_B9C9C4ADA7D5,MODENA PIAZZA MANZONI,44.634429,10.931168
N_B9E260342483,CONDOVE,45.106856,7.3169973
N_B9E8AB4A653D,VIZZINI LICODIA,37.1825883,14.7295286
N_B9FAE4F317DF,ARECHI,40.645562,14.82359
N_BA12D3530425,MACOMER,40.268844,8.772712
N_BA27F667774F,ASCIANO MONTE OLIVETO MAGGIORE,43.2317192,11.5635031
N_BA41C3B8EED4,ROVERBELLA,45.254725,10.733083
N_BA4586465A67,POSTO BLOCCO AUTOMATICO 339,,
N_BA567A192AA6,VITTUONE ARLUNO,45.490912,8.947248
N_BA7895A37975,GENOVA MARITTIMA S LIMBANIA,,
N_BA92170BB421,LUNGAVILLA,,
N_BA960D64F5CB,RIETI,42.404818,12.862479
N_BAA6827FBB6E,MERANA,44.5193409,8.2983089
N_BAF228E8D2C5,MILANO ROGOREDO,45.454742,9.238632
N_BB01951D70F3,SCALEA S DOMENICA TALAO,39.8084042,15.8013064
N_BB3A39988A8E,SAMOLACO,46.2464222,9.4236451
N_BB47CFA476D9,PONTE ALBANITO,41.3517312,15.5330479
N_BB914E894DC4,VARANO,43.5748433,13.5234768
N_BBB9543FAFF1,MARTINA FRANCA,40.7006123,17.3315945
N_BBC1739242B1,SESTRI LEVANTE,44.277041,9.398204
N_BBD655943463,LATISANA LIGNANO BIBIONE,45.7777832,13.0009032
N_BBE09695D293,AIRUNO,45.7554855,9.4223324
N_BBE793C7D1C4,1 BIVIO ORTE NORD,42.475556,12.341486
N_BC29880B6C38,CASTELFRANCO EMILIA,44.597306,11.0564
N_BC3AA5F1647F,CODOLA,40.768626,14.655743
N_BC3CD8D6B2BC,PC VESUVIO,,
N_BC426E8898F6,MERANO,46.673956,11.148373
N_BC45693115D5,SOMMARIVA BOSCO,44.770206,7.7777126
N_BC6414D7B80A,LAMA,45.0433835,11.9130597
N_BC714092074E,ALCAMO DIRAMAZIONE,37.978899,12.915729
N_BCA67E7388D6,VIBO VALENZIA PIZZO,,
N_BCAD2A9FDFB3,SCHIVENOGLIA,44.9914682,11.0753544
N_BCCE142193E8,CAGLIARI ELMAS,39.26461,9.045901
N_BCDBFFBD83A2,PISTOIA,43.926693,10.9144915
N_BCEF218970BA,MIRA MIRANO,45.4627863,12.1188749
N_BD161D46431C,BOLOGNA CENTRALE/AV,44.5058779,11.3433433
N_BD36B6DC987A,PRIMOLANO,45.965559,11.702483
N_BD72975D7663,MILANO P GENOVA,,
N_BD731AEA437F,COLORNO,44.930162,10.375486
N_BDB26A28512F,ALBINIA,42.5023114,11.211274
N_BDC4B4FB5499,BIVIO ROSALES,,
N_BDC9F1FE8391,MASSALOMBARDA,44.4488071,11.8279125
N_BDCDEB61A514,CABINA ACEI SCALO MESSINA,,
N_BE149F125851,ARAGONA CALDARE,37.3810981,13.6365277
N_BE1F639E9C05,SERRA S QUIRICO,43.4448931,13.0274013
N_BE55EAFD5365,SINALUNGA,43.21616,11.744753
N_BE6FB5025490,CUZZAGO,45.9936941,8.3727471
N_BE84124AE7D4,ASOLA,45.2204721,10.4024402
N_BEA55C58E921,VAGLIA,43.904952,11.282483
N_BF0DC42C9523,LECCE,40.3456805,18.1657215
N_BF1408138E38,GENOVA SESTRI PONENTE,44.418693,8.858928
N_BF2C38E6DEAA,ERBA,45.813227,9.229882
N_BF5B267BA12C,VIBO MARINA,38.7137134,16.1202384
N_BF6345D2A888,LE CAVE,,
N_BF7DA4A5C55D,OLEGGIO,45.598023,8.632937
N_BF8B5FFB1959,SUSA,45.1383805,7.0521402
N_BF9D9BC3E6A5,ROCCASTRADA,42.9577273,11.1929588
N_BFC57DBB1F04,ROSSIGLIONE,44.5677279,8.6678743
N_BFD4400EB35B,VITTORIO VENETO,45.989566,12.2938043
N_BFE82EC75481,FRATTE,40.699409,14.775615
N_BFFB5C71E078,RHO,45.523838,9.044217
N_C00A09A2B357,FRASCATI,41.813443,12.670353
N_C03CD825FB71,SESSA AURUNCA R,41.197881,13.87489
N_C03F51FB3BED,SALERNO,40.6754966,14.7726212
N_C041C8DF6C5D,VILLA BONELLI,41.8479117,12.4551194
N_C04D3B8884E0,AVIANO,46.064332,12.590198
N_C0861BDEA421,SANLURI STATO,39.5262887,8.8498242
N_C08AF3A96C7E,BORETTO,44.9034046,10.5536116
N_C08D53653D21,GRICIGNANO,40.973368,14.218917
N_C08FA37222F6,ANVERSA VILLALAGO SCANNO,42.0174028,13.8357271
N_C0960BEA43BD,MILANO QUARTO OGGIARO,45.5191956,9.1456385
N_C0B040C95456,AIRASCA,44.928031,7.4833286
N_C0CDB8856373,BELLUNO,46.1414549,12.2098818
N_C0CF95D18DA4,VOLTERRA SALINE POMARANCE,43.3600006,10.8095814
N_C0DF39C0381B,POSTO MOVIMENTO TRECCA,,
N_C0E925AC4147,CAMPOLIGURE MASONE,44.5308874,8.7009759
N_C106EA426C2A,LISSONE MUGGIO,45.6060773,9.2354622
N_C1458DA43C0C,CASALGRANDE,44.585552,10.735999
N_C1551D4E80F5,PC CIVITELLA AGLIANO,42.616972,12.227948
N_C1A87B9A86C9,POSTO MOVIMENTO S GIOVANNI,,
N_C1AC642DC417,VILLANOVA,45.2484561,7.5561952
N_C2010F8F47D5,MOTTA S GIOVANNI LAZZARO,37.9769023,15.660059
N_C20D1546D923,FINALE LIGURE MARINA,44.172355,8.355028
N_C21A7C19B9E8,CASSINE,44.7514838,8.5336693
N_C22D4B09E695,MANTOVA,45.1586512,10.783302
N_C23DB9BEC89E,PIANO ORIZZONTALE DEI GIOVI,44.5309709,8.9192542
N_C23E974CB25C,MERCATO S SEVERINO,40.783217,14.75968
N_C24549692B72,MONTELLA,40.8451353,15.032733
N_C2698EA664B2,PERUGIA CAPITINI,43.1017417,12.3558433
N_C28B24DDC176,TOLENTINO,43.214572,13.2904855
N_C2DBEDF81EEF,OGGIONO,45.7889663,9.3374637
N_C2F2CD7408C1,NETTUNO,41.45944,12.662078
N_C309E52811E6,POSTIOMA,45.7159094,12.1483917
N_C317D24D9E8F,VENEZIA MESTRE,45.482517,12.23284
N_C32783ACAF6C,MILANO S CRISTOFORO,45.441333,9.157126
N_C3281C4D6103,MIGNANEGO,44.54833,8.915657
N_C32E779AD582,VILLA S GIOVANNI MARE,,
N_C33E0A018F51,MONEGLIA,44.2424183,9.4869565
N_C34A66747CB6,PIANA BELLA MONTELIBRETTI,42.1034398,12.6323907
N_C35DAF060D8A,GENOVA BRIGNOLE,44.407335,8.945754
N_C366ED6A204F,TRAPANI,38.0173248,12.5200318
N_C368EC0BCECE,IGEA MARINA,44.150245,12.460924
N_C37EC5199973,SETTIMO,45.139802,7.769656
N_C495C8DCADF1,S ANTONINO VAIE,45.1094144,7.275873
N_C4D388DCC1D0,ROSARNO,38.488669,15.970363
N_C4DF7C2ED474,DOSSOBUONO,45.3924814,10.9147556
N_C4F79EA2D4E3,BIANZE,45.309691,8.116719
N_C5458583E383,CASALPUSTERLENGO,45.182806,9.651882
N_C549A111741A,MILANO LAMBRATE,45.470398,9.240664
N_C57D867C3F5A,MILANO BOVISA,45.502249,9.159021
N_C589063BB110,MONTEPESCALI,42.882472,11.086594
N_C59B0CB0BD11,CASTELLO GODEGO,45.688515,11.877703
N_C632C9F50E6A,MILANO GRECO PIRELLI,45.512889,9.214188
N_C6648E96DD3C,CONTURSI TERME,40.6299089,15.2356885
N_C6731B196045,BUCCINO S,40.634203,15.367676
N_C685779BD8DE,ORBETELLO,42.502736,11.211351
N_C72A5580DD3A,MOLA BARI,41.0572564,17.0809363
N_C7427C4E857C,TREVIGLIO,45.520821,9.580314
N_C76460ACAED9,VISANO,45.3153128,10.3632107
N_C78599B37382,ROVERI,,
N_C7AD06985572,COMITINI,37.4099512,13.6609784
N_C7CC9D58798F,PADOVA CAMPO MARTE,,
N_C7D85556C887,TORTONA,44.899963,8.862029
N_C7ECEA39FB44,BREIL SUR ROYA,43.9440529,7.5163192
N_C80397A4983D,ROMANO,45.5238156,9.7535313
N_C80D9B1B5BD2,PRAMAGGIORE,,
N_C81D245B5BC0,BISTAGNO,44.6592444,8.3720753
N_C82DD6670524,S GIULIANO MILANESE,45.3913126,9.2865445
N_C86A123C396A,CESANO MADERNO,45.627443,9.142037
N_C89952371B4A,VAIRANO CAIANELLO,41.317495,14.104238
N_C8A0951FC3BC,POSTO MOVIMENTO ANAGNI,,
N_C8BED739BD93,CAVA CARBONARA,45.146964,9.071492
N_C8DDC789E5D9,TRENTO,46.072242,11.119319
N_C8FFC2BCCFE1,ISERNIA,41.60289,14.239997
N_C9116152E571,GENOVA SAMPIERDARENA,44.413181,8.887388
N_C9572823803B,BUDRIO,44.533457,11.528652
N_C99646DB6C14,GERMAGNANO,45.2623214,7.4698112
N_C9A8165F551E,CARONIA,38.034415,14.4438025
N_C9A92785C2D1,FERRANDINA SCALO MATERA,40.5161809,16.4757219
N_C9B6EA8FBDDB,STIMIGLIANO,42.2898445,12.5686645
N_C9F91C7819FD,BIVIO MADONNA DELL OLMO,,
N_CA5D554C65FF,ROMA TUSCOLANA,41.8792595,12.5236368
N_CA806A7ABF21,PALERMO NOTARBARTOLO,38.131563,13.340826
N_CA955CD3C850,VANZAGHELLO MAGNAGO,45.5775871,8.787706
N_CADB3B04F995,ZOAGLI,44.3353768,9.2692073
N_CAEC4910C5D6,CHIUSA,46.6427301,11.5725738
N_CB5B9719BE9F,SURBO,40.3663221,18.1335685
N_CB65B6049C8B,NOALE SCORZE,45.553743,12.074715
N_CB8F62AA7AE5,S NICOLA VARCO EBOLI,,
N_CB95E7379995,IGLESIAS,39.3098,8.539854
N_CB9695E302F2,PIZZIGHETTONE,45.1817679,9.7768908
N_CBB57E181040,PIETRAGALLA,40.7392867,15.8540518
N_CBBFAA6775E8,BRENNERO,47.002312,11.504836
N_CBC87421BF3E,ELMAS AEROPORTO,39.257193,9.0629625
N_CBF1A97AF501,BUSALLA,44.574986,8.943241
N_CBF534D3CC55,DIECIMO PESCAGLIA,43.959388,10.507811
N_CC0DF9488EA1,GARLASCO,45.1989542,8.9269269
N_CC270FADB5DB,CASTELFIORENTINO,43.6054197,10.9682231
N_CC29305158FE,SALUZZO,44.6430647,7.4985613
N_CC2B3C5B881A,MARIANO COMENSE,45.698107,9.182837
N_CC49DA4E821F,S LORENZO COLLI,,
N_CCB208136E83,BAGNI LUCCA,44.00349,10.551788
N_CCD9DCE85570,QUISTELLO,45.006579,10.98046
N_CD194C08B6D4,GEMONIO,45.8777525,8.6737758
N_CD21410EEE21,BONDENO,44.901759,11.4111172
N_CD234BA8A781,RAIANO,42.100343,13.811459
N_CD4D2BCA73DE,VADA,43.3527229,10.470419
N_CD7BDBD545CE,PONTE IN VALTELLINA,46.167029,9.975697
N_CDE0A3076FE0,BORNATO CALINO,45.590352,10.0329856
N_CDE7148A731F,CAPUA,41.1013026,14.2103856
N_CDEB6586CEBF,ROCCA RAVINDOLA,41.5210237,14.1229536
N_CDF7808E2D18,BERCHIDDA,40.7720653,9.1813812
N_CE008C11F1D1,PADERNO DUGNANO,45.5649765,9.1612968
N_CE1436BFED8A,PREMOSELLO CHIOVENDA,46.0023255,8.3270805
N_CE1A51F37EC5,CATANIA AEROPORTO FONTANAROSSA,37.4755997,15.0616284
N_CE2C9760DC6A,MATHI,45.2556112,7.5410032
N_CE81886BF018,CANDELA S AGATA PUGLIA,41.1514328,15.5331492
N_CEC5F0BD8690,CASTEL LAGOPESOLE,40.7876675,15.7581105
N_CF15F022AC79,COGOLETO,44.389622,8.643208
N_CF1F38509AF5,SAVIGLIANO,44.6514663,7.6635427
N_CF20E3B0C798,CASTEL D ARIO,45.1835317,10.9753604
N_CF5D33836644,ARIANO IRPINO,41.1819156,15.1174929
N_CF9657ACF9AE,CASTENASO,44.5034266,11.4721437
N_CF99F9F98B44,ROGOREDO,45.4335776,9.2380577
N_CF9BC9206199,S GIACOMO (FSC),,
N_CFACAF3D2860,PARATICO SARNICO,45.664699,9.955916
N_CFBD53D4E530,EGNA TERMENO,46.319135,11.257367
N_D01C37831BD3,BITETTO PALO DEL COLLE,41.0456951,16.7436032
N_D01C474B66C2,SCARLINO,42.9420371,10.8368932
N_D04966B29C9D,PISCIOTTA PALINURO,40.091342,15.243542
N_D0734E64FDE7,GAVIRATE,45.8456862,8.7145825
N_D07BF0F580F8,CARUGO GIUSSANO,45.7058014,9.1988142
N_D0B06A5290BB,RAVENNA,44.419167,12.2080102
N_D0D9711B0109,CESANO ROMA,42.068706,12.331139
N_D150F3C7069D,S STEFANO MAGRA,44.156824,9.94509
N_D168491EC752,PRATOVECCHIO STIA,43.7947863,11.7151165
N_D17B275CD34A,GLORIE,44.4833187,12.0756892
N_D17DC80745D5,PM BIVIO ADDA,,
N_D180CCABA092,MONTERONI D ARBIA,43.229875,11.420063
N_D18D11C0804D,MORANO SUL PO,45.1706972,8.3661775
N_D19291B4AE07,FRATTAMAGGIORE GRUMO,40.9400144,14.2636343
N_D19295AEFD9A,PACE DEL MELA,38.2024903,15.3127266
N_D193474DF27B,P C RIGUTINO,,
N_D1997A240643,MONTEIASI,40.5238428,17.3615111
N_D19DE720CC3C,ABBIATEGRASSO,45.3975874,8.9204438
N_D1E25B0F2B58,MAGLIANO CRAVA MOROZZO,44.4451774,7.777576
N_D217E5676354,NICHELINO,44.9914039,7.642054
N_D2321D1F4091,LAVAGNA,44.3056065,9.3464074
N_D277D42C3B04,REGGIO CALABRIA S CATERINA,38.126325,15.6527046
N_D29930589A21,SASSA TORNIMPARTE,42.3605731,13.29538
N_D2A2CA2B39D0,MENDRISIO,45.8690601,8.9786344
N_D2B58E96AB92,RIGNANO SULL ARNO REGGELLO,43.7208953,11.4525028
N_D2DA79D8A397,SCAFA S VALENTINO CARAMANICO TERME,42.267329,13.9984589
N_D38999F707CB,MIGLIARO,44.7951893,11.9748731
N_D3AF9F7709CF,MOROLO,41.6669726,13.1947516
N_D3B3F6BF58BC,FONDI SPERLONGA,41.3376534,13.4249091
N_D3BA5A52C06E,ALASSIO,44.008011,8.173027
N_D3DF19D6C94A,2°BIVIO AREZZO NORD,,
N_D41C5B9862DA,S ILARIO D ENZA,44.752232,10.435614
N_D42DE612A551,CASORATE SEMPIONE,45.6750733,8.7439872
N_D43056B59114,MONTORO FORINO,40.8199971,14.7573782
N_D44ACD6450B8,ROMA TRASTEVERE,41.872554,12.4660933
N_D511F9F116D9,GIOVINAZZO,41.187484,16.67168
N_D52074ABF78C,ACQUAVIVA CASTELTERMINI,37.5704315,13.6748236
N_D5265F99669A,PALMI,38.3649618,15.8444046
N_D529594FCED5,SARZANA,44.08627,9.983774
N_D54C7B430A22,CAMPOBELLO RAVANUSA,37.2658137,13.9463139
N_D58C6A65D7C1,FOGGIA,41.4659207,15.5558252
N_D5A2C27842EB,ASCOLI PICENO,42.8554807,13.5879215
N_D5AFC0025C20,CELANO OVINDOLI,42.077155,13.543426
N_D5B57085BF91,SCHIO,45.710353,11.358602
N_D5CA2A741D82,BIVIO D AURISINA,45.75419,13.656149
N_D5F7B1F39F38,IL CIONFO BIN LE CURE,,
N_D631A1A8BDED,ROCCA CORNO,42.388274,13.144115
N_D63D8922AD24,GIAROLE,45.0561279,8.5609815
N_D657027C37B1,BIVIO CASTELROSSO,,
N_D664695FE291,VILLA S G CANNITELLO,38.2341886,15.6535011
N_D680B4DDCF0A,GUASTALLA,44.921152,10.653999
N_D6AB55400384,GIUNCANO,42.6480344,12.6375201
N_D6B6E410809F,DEVIATOIO KM 239 232 ZURRIA,,
N_D6D4D3C802CA,PADERNO ROBBIATE,45.678373,9.4391851
N_D6D8EB070B11,SQUILLACE,38.77705,16.5704402
N_D6DEA9262952,PALAZZOLO MILANESE,45.5810644,9.1566795
N_D70CEAE9C238,PESCOCANALE,41.958928,13.3915583
N_D71C1D0C160B,GAMALERO,44.8174788,8.5434737
N_D71C99C6CC04,BOLOGNA CABINA S DONATO,,
N_D72B0668328D,OLBIA TERRANOVA,40.9220274,9.4938349
N_D77115054D63,BALSORANO,41.8094549,13.55659
N_D77D870762C5,POZZUOLI SOLFATARA,40.828987,14.117705
N_D793B68538EA,CORTEOLONA,45.15714,9.372615
N_D83D2BB7D187,MONZUNO,44.3222611,11.2621328
N_D885BC53F7BE,NAPOLI PIAZZA LEOPARDI,40.824752,14.200403
N_D8B654119444,SORBOLO,44.843182,10.4462942
N_D8BED16B1BFD,MARCELLINA VERBICARO ORSOMARSO,39.76695,15.8226138
N_D8DBFFB15648,MONTELLO GORLAGO,45.670157,9.808499
N_D8DF779CBBA6,POSTO MOVIMENTOTO TORA PICCILLI,,
N_D8E8A33B9C5C,TORRILE S POLO,44.902168,10.367548
N_D915C715E0EF,AVEZZANO,42.0395358,13.4264593
N_D92BB698FE2A,CAMPO CARNE,41.552121,12.63516
N_D9374E6900F2,CALOPEZZATI,39.5790106,16.8194193
N_D947B9D556A2,ZAPPULLA,38.1169601,14.7031147
N_D96EAFC84F54,MONTESILVANO,42.5164581,14.1513568
N_D98AFF134507,DOGATO,44.7503511,11.8951743
N_D99093C46398,PONTE D ADDA,45.1843445,9.7909142
N_D995E02FD46B,VIADANA BRESCIANA,45.3736987,10.3319135
N_D9A3A994AA59,CHIAVARI,44.31434,9.321412
N_D9B845AB4243,DARFO CORNA,45.8843162,10.1811619
N_D9EA6835B9EF,LATINA,41.5382079,12.9463072
N_D9EB140E0DEA,TREVIGLIO OVEST,45.521751,9.580282
N_D9F16B1C0E0D,CIVITAVECCHIA,42.088253,11.797931
N_DA0D37B1513E,OLIVERI TINDARI,38.1283856,15.0565855
N_DA4D79A68627,LANUVIO,41.674869,12.689089
N_DA958CD8B4EB,MOMBALDONE ROCCAVERANO,44.5698671,8.3326342
N_DAC8732E64EF,NOVATE MILANESE,45.5329489,9.1324515
N_DAD4D24D2249,MONTECATINI TERME MONSUMMANO,43.879297,10.780721
N_DAE3D407F64B,ROSIGNANO,43.3879184,10.4381133
N_DAFB529CFEC6,DOLO,45.426018,12.070312
N_DB0B9155DB2B,AMENDOLARA ORIOLO,39.9337754,16.6030783
N_DB1DF8A46DA3,GENOVA SESTRI PONENTE AEROPORTO,44.42249,8.848025
N_DB3172764476,POSTO MOVIMENTO LESINA,,
N_DB49D74E53F5,SPINAZZOLA,40.9534353,16.0872252
N_DB4DAC37D449,MONTALTO ROSE,,
N_DB4DE289CBE4,CAROVILLI ROCCASICURA,41.7124957,14.2997241
N_DB542039F6B5,RODALLO,45.2787171,7.8780026
N_DB8FBE92A509,STRIGNO,46.0511847,11.5144411
N_DB98386B5153,GALATI,38.1045248,15.5053407
N_DBB75E21802D,MIRAMARE,45.7049719,13.7196729
N_DBD939B3049F,NOVATE MEZZOLA,46.220465,9.447221
N_DC78171530B0,BOVA MARINA,37.930254,15.9239253
N_DC940A0CA373,BORGO S LORENZO,43.9596704,11.3803141
N_DCA291ACF5A7,ISOLETTA S GIOVANNI I,41.5278145,13.5473625
N_DCAA2E3130E7,TORRAZZA PIEMONTE,45.2118232,7.9700492
N_DCB3F24EA008,PONTE S PIETRO,45.698838,9.584175
N_DCE99D8EF7E4,IMPERIA,43.8972142,8.0311593
N_DD30B5E3AEDE,POGGIBONSI S GIMIGNANO,43.4679673,11.1493867
N_DD52A04B2BC2,VILLAMAGGIORE,45.3204792,9.190542
N_DD56C0BC40B8,VIGEVANO,45.3127887,8.8618416
N_DD6564CDFB93,ANCONA,43.6075918,13.4976802
N_DD7CE25052F8,MARINO LAZIALE,41.768981,12.6559794
N_DD8D6A1F4D25,GROSSETO,42.7673228,11.10675
N_DDEAA089D624,ALBATE CAMERLATA,,
N_DE13D975B5F5,BASSANO ROMANO,,
N_DE3DB72FB018,CASTELRAIMONDO CAMERINO,43.2105495,13.0572746
N_DE47F51504B9,BORGO VALSUGANA EST,46.052406,11.463868
N_DE4B86B9B541,FABRO FICULLE,42.874823,12.041295
N_DE5FBABB8872,GARBAGNATE PARCO DELLE GROANE,45.5711134,9.0909206
N_DE68A50A8C83,S BENEDETTO SAMBRO CASTIGLIONE PEPOLI,44.216214,11.189607
N_DEBAB2A3D4C0,REGGIO CALABRIA CENTRALE,38.103811,15.635938
N_DEE6210A33C6,GHEDI,45.4093819,10.280474
N_DEF2E965F1A3,ROBILANTE,44.2964069,7.5108217
N_DF0F09322667,PONTE CASALDUNI,41.2141981,14.6966373
N_DF5A6EC5AF8F,ANGUILLARA,42.089176,12.278646
N_DF72E0451C21,DOMODOSSOLA,46.115437,8.296406
N_DF76443C1987,BIELLA S PAOLO,45.556927,8.06741
N_DF76475BB821,MALPENSA AEROPORTO TERMINAL 1,,
N_DF82D3C7B09C,SALERNO IRNO,40.6828413,14.7758876
N_DFC1558BC340,LECCO MAGGIANICO,45.837941,9.404936
N_DFDD45FA6AC2,MONFALCONE,45.792262,13.560172
N_DFE0BFCB293B,FIRENZE STATUTO,43.7873323,11.2499596
N_DFF883D070E8,PRAJA AJETA TORTORA,39.900814,15.780514
N_DFFD531A4E18,SPIGNO,44.5394455,8.3179328
N_E0003F15AB32,RUTINO,,
N_E003C0440613,TOMMASO NATALE,,
N_E00886363B27,PABILLONIS,,
N_E01B9720CD15,DEVIATOIO TAGLIAFERRO PISA CENTRALE,,
N_E02EBCB04D3A,LIMONE,44.203698,7.577695
N_E05DA8416A82,CIVITELLA ROVETO,41.916979,13.424244
N_E080BFF43EBC,REGGIO EMILIA AV,,
N_E092135C6202,PIAN CAMUNO GRATACASOLO,45.8400427,10.1388012
N_E0B63E44197B,TUSA,38.007894,14.256793
N_E0DA8EA5E8FD,BELLANO TARTAVALLE TERME,46.0395126,9.3026023
N_E10AB7D0ED3E,FRANCAVILLA AL MARE,42.4212652,14.2879487
N_E13A0BA35E0F,ROMETTA MESSINESE,38.2283979,15.4060011
N_E1BC971B9AB3,RONCHI DEI LEGIONARI NORD,45.8301585,13.5057501
N_E1C307FF32C6,BORGO A BUGGIANO,43.880547,10.730108
N_E1E44000867B,PISA BINARI FM CAMPALDO,,
N_E1F68841EF08,BARI PARCO NORD,,
N_E1F7250CED2E,S TERESA RIVA,37.946071,15.367807
N_E2027424CAA4,CAPRIATI AL VOLTURNO,,
N_E22673D0B660,QUATTRO VENTI,41.8786721,12.45859
N_E28BCB41D5A8,VIETRI SUL MARE AMALFI,40.6741465,14.7281359
N_E29B12213D0A,MONTEBELLUNA,45.75363,12.050123
N_E2E1EE17AB34,PM ALBATE,,
N_E2EC0D35D526,PISA CENTRALE,43.708456,10.398344
N_E2ECAED4C268,ISOLA CAPO RIZZUTO,,
N_E342C2D02483,BIVIO CARGNACCO,,
N_E380E09F19EB,SICIGNANO DEGLI ALBURNI,40.6054359,15.2908826
N_E385C14D2B53,GIZZERIA LIDO,38.9333969,16.2126207
N_E39FA138A6BA,BRUNICO,46.794275,11.930524
N_E3B56FAC5035,MOLINELLA,44.6273007,11.6683575
N_E3B8163AC6FC,PALERMO CENTRALE,38.109702,13.36713
N_E3D77242249F,CREMONA,45.142474,10.006563
N_E414BE465EF4,CRESPINO DEL LAMONE,44.041812,11.548251
N_E49DBB060E97,CARINI,38.163404,13.218292
N_E4BB04341EB1,LEVICO TERME,46.0059194,11.3049369
N_E4FA8C412FBB,MONTELUPO CAPRAIA,43.7333537,11.0189547
N_E511F6EB7D9F,COMO CAMERLATA,45.776854,9.073098
N_E5318E6A929A,BADOLATO,38.5722596,16.5676558
N_E56583147920,LEONESSA,41.062081,15.5954506
N_E59ECD41EF67,FI ROVEZZANO,,
N_E5AE7A8ADCD1,CAMPOSANTO,44.7883675,11.1431024
N_E5E33C6AA0C2,PIANCAMUNO GRATACASOLO,45.840043,10.138801
N_E6047F4B6A8B,CASTELLINA CH,43.4087218,11.2121902
N_E62148A81AC1,TORANO LATTARICO,39.494546,16.210371
N_E66F6CA2C31F,SARONNO SUD,45.612357,9.045541
N_E6726A16AA8C,OZIERI CHILIVANI,40.60918,8.934022
N_E6C5A8B8ADA3,MONTIRONE,45.449825,10.241233
N_E6C694A49377,CEFALU,38.032974,14.01952
N_E6E242D38007,BUSTO ARSIZIO NORD,45.6062079,8.8514031
N_E716BBAF2860,MALPENSA AEROPORTO T1,45.6271525,8.7112533
N_E74765704957,GUIDONIA MONTECELIO,,
N_E78991E21393,NOVARA MONTALBANO FURNARI,38.121584,15.1306808
N_E78BD6948ADD,POGGIRIDENTI TRESIVIO PIATEDA,46.1668806,9.933893
N_E80357AFBC4F,VILLALBA,37.6684803,13.8850876
N_E80AF9437B90,PM FEROLETO ANTICO PIANOPOLI,,
N_E814D46AB68B,PM LUNGHEZZA ANIENE,,
N_E85B3B8A9169,SASSO MARCONI,44.394989,11.253656
N_E86868C0C6E1,POSTO MOVIMENTO MIRANDOLA OZZANO,,
N_E878615FB0A3,JESI,43.520751,13.251969
N_E87EE7CC9EF8,RICCIONE,43.9989786,12.6587388
N_E8C00184E9A9,TREVISO C,45.6600557,12.2452188
N_E8D67AAFD530,MEZZANO,44.4629073,12.0983456
N_E903EB64CBF3,ROMA TERMINI,41.900553,12.499786
N_E914EB620F22,CASTELNUOVO BERARDENGA,43.3070053,11.4850362
N_E9343781E803,MONTALTO DORA,,
N_E9387C70F2DF,PORTICHETTO LUISAGO,45.7592906,9.0503666
N_E95304E226CF,TITO,40.6073372,15.6982326
N_E9632C67CC0B,CIAMPINO,41.803897,12.633683
N_E988BD4F02ED,TAGGIA ARMA,43.832302,7.853484
N_E9B2A5020312,PORTO VASTO,42.1686613,14.6956693
N_E9B5426CE7DB,GENOVA NERVI,44.383456,9.042891
N_E9CDB4158858,POGGIO RUSCO,44.975558,11.114649
N_E9F4D24BD5B2,AUGUSTA,37.2433481,15.2185858
N_EA08767C9541,TAGLIACOZZO,42.0706403,13.2556935
N_EA3855DD9B79,FORNO ALLIONE,46.0901561,10.3148923
N_EA569153A391,CAPACCIO ROCCADASPIDE,40.454499,15.013717
N_EA71A135946A,BARI S SPIRITO,41.1596056,16.7463287
N_EAD4E44CE01E,CONFCH/IT,,
N_EB1CAE238ADA,CARIATI,39.496749,16.951986
N_EB20A0BF2168,PALAZZOLO,45.5810644,9.1566795
N_EB4AA9FA6612,CODIGORO,44.835963,12.102204
N_EB74225A9F4B,NOVI LIGURE,44.76085,8.789551
N_EB9880708F51,TORRE DEL LAGO PUCCINI,43.8264892,10.2903315
N_EBF3E76C39A3,S ZENO FOLZANO,45.491549,10.211735
N_EBF731234772,ABBASANTA,40.126533,8.816188
N_EBFCDCBADB6F,SCALA GIOCCA,,
N_EC4DA29AFFA3,CERCHIO,42.061121,13.5983782
N_EC5B1C54C75B,S LEONARDO CUTRO,,
N_EC7D56DFC5F2,MARATEA,39.9950253,15.7098006
N_EC7E5D61CD68,SIZZANO,45.5738568,8.4360701
N_ECAEFF013925,PACECO,37.9914195,12.5509025
N_ECBC275260A2,PARMA,44.8099671,10.328444
N_ECDBBF702ADF,VITERBO PORTA ROMANA,42.412019,12.110243
N_ECFB54AD972B,SALANDRA,40.5834158,16.3516074
N_ED086C840B67,LENTINI DIRAMAZIONE,,
N_ED125EABC58E,POLLINA,38.017916,14.176008
N_ED52E7E59C24,RACCONIGI,44.7712087,7.685515
N_ED727D873C26,ECCELLENTE,,
N_EDBBC33BDB75,CIRE,45.2301585,7.6023647
N_EDBDBEC8D92F,SPRESIANO,45.7776072,12.2668232
N_EDC5C8AEC8D7,RAPALLO,44.3512719,9.2313476
N_EDFB5356134D,LUCCA,43.8372836,10.5061831
N_EE3301C59982,SEGRATE,45.4808063,9.2985535
N_EE539AC676E9,BOLZANO,46.4964289,11.3588046
N_EE5FCCF4C16B,MANIAGO,46.162114,12.692326
N_EE76C8D94957,BUCCINO S GREGORIO MAGNO,40.600823,15.374289
N_EE7F4FCCE474,MADDALENE,,
N_EF128AC81041,MEZZOLARA,44.5871616,11.5680284
N_EF2698B646D9,PM S NICOLA,,
N_EF76C3BFFA66,ROMA CASILINA,41.875002,12.563424
N_EF81163A392F,MONTI TELTI,40.829904,9.322342
N_EFB5138E035A,SOVERATO,38.684357,16.549561
N_EFC8ADAA8E5B,LIDO CLASSE LIDO SAVIO,44.3145825,12.29278
N_EFF1F8E96682,CESANO BOSCONE,45.4304425,9.0915726
N_EFF9146669EC,FIDENE,41.9793285,12.5084749
N_F047351D32A4,NAPOLI CENTRALE,40.8530238,14.2731399
N_F0893AF956E9,PERUGIA,43.1038063,12.3755785
N_F0A28B27423D,TRADATE,45.710358,8.9069229
N_F0AD5A3868AC,GIARRE RIPOSTO,37.689335,15.191684
N_F0B6F50D1DA1,CHATILLON SAINT VINCENT,45.7434476,7.6193665
N_F121BC69420C,S BENIGNO,45.2184624,7.7821342
N_F172FFB07F76,CASTELVETRANO,37.683706,12.798777
N_F1E39ABB3631,MOLINA CASTELVECCHIO SUBEQUO,42.1434373,13.7396485
N_F2031B1BFA74,DICOMANO,43.893422,11.519529
N_F21A3495D370,LATERINA,43.4965012,11.6605818
N_F26743A98E2E,ENAS,40.8570071,9.4309754
N_F2AC42D6C26A,P M VAT,,
N_F3020397F9E6,CAVA TIGOZZI,45.1567719,9.9559154
N_F316DA37C8F0,STRAMBINO,45.382513,7.887825
N_F31958C1911C,FOSSANO,44.5502548,7.7181125
N_F37DA7CB2E2A,P M FIRENZE OSMANNORO,,
N_F38D2A21E8AC,PERGINE,46.0629337,11.2321578
N_F397DA64F3F6,MONTECATINI CENTRO,43.8814006,10.7704108
N_F3A9EE39A69A,PONTICINO,43.480396,11.717037
N_F3D283F506F6,LICATA,37.1060453,13.9381155
N_F3ECB1408537,SOMMA LOMBARDO,45.6864503,8.7129683
N_F40521B4A7D4,SOLIERA MODENESE,44.7226852,10.9060521
N_F40EB92D5343,DOBBIACO,46.7248009,12.2254557
N_F4202AC84DFE,LANA POSTAL,46.6078993,11.1826095
N_F452CEADC92F,TRIVIGNO,40.5885818,15.9978293
N_F46168DA284C,S PAOLO SOLBRITO,44.9517453,7.9757493
N_F4689E542E4C,CANDIOLO,44.959244,7.601722
N_F48C167F06AB,MARCIANISE,41.03588,14.287831
N_F4B5C1818645,BOLOGNA S RUFFILLO,44.463071,11.372863
N_F4C9BF45DA24,VALMONTONE,41.774406,12.92371
N_F4DE4E0030E9,CAVALLERMAGGIORE,44.709143,7.69125
N_F4F0BAF8380C,S ANTONIO MANTOVANO,45.1874065,10.7859655
N_F4F1B2E13C5E,CRUCOLI,39.4496004,17.0407652
N_F517EE7486F9,PM MONTALTO ROSE,,
N_F51F9DBBE144,CASTIGLIONE COSENTINO,39.35538,16.244063
N_F522668E1962,CAPANNELLE,41.8307873,12.5687872
N_F539E3C65B19,REGGIO CALABRIA S GREGORIO,38.0587304,15.6509279
N_F58AAB62D6F1,S LAZZARO,44.6899906,10.6670675
N_F599890D6CD9,S VINCENZO,43.1003767,10.5396592
N_F5ADCC2F8BB9,SASSUOLO,44.553014,10.79755
N_F5B49A31FCDD,S LORENZO,46.7815475,11.903195
N_F5B7FFC2B787,IPOGEO DEGLI OTTAVI,41.9687738,12.4088535
N_F5BAA1363A16,MOTTA S ANASTASIA,,
N_F5BB85C04F38,CAMNAGO LENTATE,45.668294,9.133272
N_F5C11A0AB557,LECCO,45.837941,9.404936
N_F5C7A152B223,LAMEZIA TERME CENTRALE,38.921318,16.255528
N_F5E1FB2D2599,BUSSI,42.1941259,13.8490483
N_F6149C9BE12B,CALTIGNAGA,45.5192031,8.5916432
N_F62700D1B180,S VITO DEI NORMANNI,40.6502589,17.8185973
N_F6337151F5AF,CROTONE,39.0844972,17.1083723
N_F63D6A3A75AA,ATTIGLIANO BOMARZO,42.517945,12.294657
N_F6858B9885F5,PM STRONCONE,,
N_F687985765AA,DEVIATOIO 36 BIVIO ORETO,,
N_F69C0D7DC6AA,MARRUBIU TERRALBA ARBOREA,39.7530361,8.6410731
N_F6ABE6CB9A86,CIVITANOVA MARCHE,43.317613,13.6786
N_F6BA9B911088,CASTIGLION DEL LAGO,43.123223,12.0321402
N_F6BAB1C5673F,BRESCIA,45.532652,10.214422
N_F6BAF71E35E3,CHIEUTI SERRACAPRIOLA,41.9219505,15.1566852
N_F6C07F2FB47E,NICOTERA,38.549469,15.933834
N_F6D345743682,MESSINA CENTRALE,38.185258,15.560908
N_F6E9BC04CE5B,FOSSATO VICO GUBBIO,43.2838758,12.7572513
N_F6EAB3E1E487,DEV DIR PM CASO,,
N_F709920D36AA,OMEGNA,45.8718197,8.4133548
N_F712552649CA,S NICOLA MAZARA,,
N_F718286AD2AD,POTENZA SUPERIORE,40.6457821,15.8010723
N_F7311AA73C22,PALAZZOLO DELLO STELLA,,
N_F73968EBF88E,TREVIGNANO SIGNORESSA,45.7478606,12.1030323
N_F76F539D6548,BUSSETO,44.980957,10.042475
N_F79848B7185D,VARESE,45.816251,8.832936
N_F7AD6966E265,COLLEGNO,45.078977,7.574175
N_F7AD76BAE4B6,VILLAFRANCA TIRRENA,38.2336308,15.4294127
N_F7B97A275F99,S STEFANO CAMASTRA MISTRETTA,38.017491,14.3518379
N_F7C4ED099825,CHIETI,42.356821,14.138255
N_F7D52BE86935,CAMPAGNA SERRE PERSANO,40.5956683,15.1139231
N_F7F1CF1BD4BA,CALTAGIRONE,37.22924,14.528114
N_F805CBB4D5EF,ISPICA,36.7781315,14.9144184
N_F80F4BC5A58C,MONTEROSSO,44.1458899,9.6489881
N_F81D5A7930D5,PUNTA RAISI,38.186176,13.104968
N_F841DED6CB0D,1°BIVIO VALDARNO NORD,,
N_F86C7D56B5D3,BOVOLONE,45.2545943,11.1243858
N_F893DB40F414,CAVALLEGGERI AOSTA,40.8198824,14.18763
N_F897F7B9294C,S ANNA,39.8107218,8.6414517
N_F8BEF705E1C9,CERIGNOLA,41.315063,15.893816
N_F8EA68484F28,IVREA,45.461401,7.876238
N_F93BE85EB755,MIGLIARINO,44.7693506,11.9384011
N_F93E584F8B04,PC MELEGNANO,,
N_F95C5D1A7D27,ROMA AURELIA,41.8830406,12.3941869
N_F9646F0C2EEB,PALAZZOLO SULL OGLIO,45.602612,9.89378
N_F96895A2A6D7,CASTELLAMMARE STABIA,40.718375,14.491794
N_F97F7BA20A8C,BASTIA,43.0715592,12.5467861
N_F9928F481752,MAGNACAVALLO,45.002399,11.182313
N_F9CBAEAF0F06,PC MEANA,,
N_F9CC9AD02F9F,CANOSA PUGLIA,41.2185969,16.0539684
N_F9EEDC303243,VILLANOVA D ARDA,45.0282965,9.9932836
N_F9F72F6B410D,MINEO,,
N_FA17B199D7D8,FERRARA,44.844763,11.605947
N_FA3AFA4F674C,VIBO VALENTIA PIZZO,38.726449,16.150442
N_FA65998FD0BC,POTENZA UNIV,40.6432277,15.8117137
N_FA82DBF99C81,ROMA NOMENTANA L L,41.932698,12.523289
N_FACAEDF1F640,ORTONA,42.3538252,14.4076816
N_FAD79C6DA063,ISEO,45.660164,10.053412
N_FADAD5E8DE58,CAMPOMIGLIAIO,43.9369893,11.3030933
N_FAEDE0B93D1F,PARONA LOMELLINA,45.279256,8.7779126
N_FB18A5F3F646,CISTERNA LATINA,41.587016,12.830728
N_FBC0F98E8145,NOVELLARA,44.84297,10.727492
N_FBDCFEA1C163,VILLAZZANO,46.044616,11.139311
N_FBEA75143FF8,DONNAFUGATA,36.882116,14.5688874
N_FC287073BA3E,RIOMAGGIORE,44.1006168,9.7361425
N_FC4B6465E3E9,URAS MOGORO,39.6925842,8.6964076
N_FC4CF1A082D8,PAULILATINO,40.0772724,8.775799
N_FD2FDD3B0A0C,INCORONATA,41.4081407,15.6507634
N_FD3EAC4D761F,NAPOLI PIAZZA CAVOUR,40.8551766,14.2545779
N_FD6108FFCE6B,RAGUSA,36.919253,14.725834
N_FD6869CBE7DB,ACQUI TERME,44.672515,8.473436
N_FD84636A0CCD,MANZANO,45.9880074,13.3749421
N_FD85EE35687D,SALEMI GIBELLINA,37.8066598,12.8655019
N_FDEEAB6FFEA3,MELEGNANO,45.354068,9.324131
N_FE0903786A1B,MADDALONI SUPERIORE,,
N_FE155AD793C6,RIONERO ATELLA RIPACANDIDA,40.9223411,15.6786959
N_FE24CD5F4593,BARONISSI,40.745865,14.772492
N_FE3300C7FF4C,VAIRANO,41.317495,14.104238
N_FE435492FD0D,LOCATE TRIULZI,45.3596816,9.2214959
N_FE51EF481DAA,SANTARCANGELO ROMAGNA,44.071667,12.446454
N_FE812C2F21D5,SEDICO BRIBANO,46.0955177,12.0865923
N_FE865763BA15,MINTURNO,41.257854,13.720772
N_FEC97616C4E4,SERMIDE,44.997123,11.289129
N_FED9FBED4B29,ALBISOLA,44.3346849,8.5116214
N_FEE2EA0BC3BD,PONTEBBA,46.505116,13.305082
N_FEECA942D82E,SPINETTA,44.8823725,8.6831661
N_FF0FC1D5B6A4,MONTECHIARO DENICE,,
N_FF2AE26F3C70,MONTE ANTICO,42.9812192,11.3598288
N_FF2E14DB04C6,S MARTINO CAVA,,
N_FF3C69C3DCE7,FIGLINE VALDARNO,43.621632,11.473354
N_FF7C08698F8E,TERAMO,42.660634,13.715719
N_FF7C71319984,LIONI,40.8748807,15.1862723
N_FFEE3869C27E,VALLECROSIA,43.7876534,7.6350038
S00016,BORGOMANERO,45.699905,8.462346
S00034,MORTARA,45.252135,8.731798
S00039,TORREBERETTI,45.058789,8.667279
S00041,VALENZA,45.002842,8.640119
S00060,TORINO REBAUDENGO FOSSATA,45.099522,7.687023
S00070,BIELLA S PAOLO,45.556927,8.06741
S00088,TORINO AEROPORTO CASELLE,45.191564,7.641443
S00090,CIRIE,45.2301585,7.6023647
S00093,MATHI,45.2556112,7.5410032
S00096,GERMAGNANO,45.2623214,7.4698112
S00154,IVREA,45.461401,7.876238
S00170,VEROLENGO,45.1930107,7.9695153
S00201,MODANE,45.1933301,6.6590437
S00202,BARDONECCHIA,45.078702,6.709829
S00205,SALBERTRAND,45.073497,6.887257
S00208,BUSSOLENO,45.139271,7.147717
S00219,TORINO PORTA NUOVA,45.061892,7.678369
S00228,TORINO STURA,45.12169,7.713966
S00229,SETTIMO,45.139802,7.769656
S00232,CHIVASSO,45.193382,7.889804
S00240,SANTHIA,45.364394,8.16692
S00245,VERCELLI,45.329778,8.416538
S00248,NOVARA,45.450444,8.624735
S00252,TRECATE,45.4286495,8.7394247
S00260,SUSA,45.1383805,7.0521402
S00314,CASALE MONFERRATO,45.133995,8.4600547
S00452,TORINO LINGOTTO,45.026662,7.656874
S00455,TROFARELLO,44.980635,7.735387
S00462,ASTI,44.8947374,8.2075978
S00470,ALESSANDRIA,44.9087782,8.6074433
S00500,CHIERI,45.006221,7.822573
S00513,NONE,44.935945,7.540383
S00514,AIRASCA,44.928031,7.4833286
S00515,PISCINA PINEROLO,44.9218119,7.4255976
S00517,PINEROLO,44.887548,7.336595
S00601,CARMAGNOLA,44.84477,7.71304
S00606,FOSSANO,44.5502548,7.7181125
S00610,CUNEO,44.3879476,7.5358915
S00617,LIMONE,44.203698,7.577695
S00730,SOMMARIVA DEL BOSCO,44.770206,7.7777126
S00742,CEVA,44.389662,8.031763
S00821,BRA,44.693619,7.849202
S00825,ALBA,44.6977575,8.0307488
S00867,ACQUI TERME,44.672515,8.473436
S00884,RIVAROLO,45.3284722,7.7261909
S00973,COSSATO,45.541959,8.211231
S01003,DOMODOSSOLA,46.115437,8.296406
S01009,PREMOSELLO CHIOVENDA,46.0023255,8.3270805
S01020,ARONA,45.780027,8.536597
S01026,SESTO CALENDE,45.725846,8.628786
S01030,GALLARATE,45.653752,8.78326
S01031,BUSTO ARSIZIO,45.615717,8.864577
S01035,PARABIAGO,45.556058,8.955399
S01037,RHO,45.523838,9.044217
S01040,MAGENTA,45.4680853,8.8807055
S01042,VITTUONE ARLUNO,45.490912,8.947248
S01058,PREGNANA MILANESE,45.5101412,9.0027724
S01059,ALBAIRATE VERMEZZO,45.404439,8.957963
S01061,VIGEVANO,45.3127887,8.8618416
S01062,ABBIATEGRASSO,45.3975874,8.9204438
S01066,MILANO CADORNA,45.468405,9.175523
S01067,MILANO DOMODOSSOLA,45.4808646,9.1622369
S01069,MILANO QUARTO OGGIARO,45.5191956,9.1456385
S01070,NOVATE MILANESE,45.5329489,9.1324515
S01073,GARBAGNATE PARCO DELLE GROANE,45.5711134,9.0909206
S01074,GARBAGNATE MILANESE,45.580197,9.081398
S01083,PALAZZOLO MILANESE,45.5810644,9.1566795
S01086,CESANO MADERNO,45.627443,9.142037
S01113,LUINO,46.000966,8.741383
S01138,FERNO LONATE POZZOLO,45.604484,8.755846
S01139,MALPENSA AEROPORTO TERMINAL 1,,
S01143,TERNATE VARANO BORGHI,45.7818339,8.7006337
S01146,MALPENSA AEROPORTO TERMINAL 2,45.650263,8.720149
S01200,PORTO CERESIO,45.903744,8.900507
S01205,VARESE,45.816251,8.832936
S01301,CHIASSO,45.829268,9.037882
S01307,COMO S GIOVANNI,45.809146,9.072656
S01308,COMO CAMERLATA,45.776854,9.073098
S01310,PM ALBATE,,
S01315,CARIMATE,45.699037,9.109728
S01316,CAMNAGO LENTATE,45.668294,9.133272
S01318,SEREGNO,45.656291,9.21023
S01320,DESIO,45.619054,9.207822
S01322,MONZA,45.5777772,9.2728213
S01325,SESTO S GIOVANNI,45.541095,9.238476
S01326,MILANO GRECO PIRELLI,45.512889,9.214188
S01400,CHIAVENNA,46.320186,9.405205
S01403,NOVATE MEZZOLA,46.220465,9.447221
S01411,VARENNA ESINO,46.015094,9.286232
S01420,COLICO,46.136311,9.373819
S01422,DELEBIO,46.1385526,9.4612149
S01424,COSIO TRAONA,46.1354762,9.5255212
S01430,SONDRIO,46.1671994,9.8729043
S01440,TIRANO,46.215446,10.167223
S01458,MOLTENO,45.780639,9.301724
S01460,OGGIONO,45.7889663,9.3374637
S01463,VALMADRERA,45.8463786,9.3681404
S01485,TRIUGGIO PONTE ALBIATE,45.6589032,9.2668664
S01488,BESANA,45.702621,9.28304
S01491,COSTA MASNAGA,45.7634656,9.2849114
S01503,CALUSCO,45.6841996,9.4707946
S01511,CARNATE USMATE,45.653183,9.374913
S01520,LECCO,45.837941,9.404936
S01524,CALOLZIOCORTE OLGINATE,45.80176,9.427106
S01528,PONTE S PIETRO,45.698838,9.584175
S01529,BERGAMO,45.6903836,9.6749975
S01533,SERIATE,45.683332,9.72442
S01600,VERDELLO DALMINE,45.605566,9.61976
S01601,TREVIGLIO OVEST,45.521751,9.580282
S01630,MILANO S CRISTOFORO,45.441333,9.157126
S01640,MILANO CERTOSA,45.5067834,9.136257
S01642,MILANO BOVISA,45.502216,9.159295
S01645,MILANO PORTA GARIBALDI,45.49044,9.204148
S01700,MILANO CENTRALE,45.497672,9.231806
S01701,MILANO LAMBRATE,45.470398,9.240664
S01703,PIOLTELLO LIMITO,45.486045,9.3279
S01707,CASSANO D ADDA,45.51536,9.511489
S01708,TREVIGLIO,45.520821,9.580314
S01713,CHIARI,45.5400784,9.9265051
S01717,BRESCIA,45.532652,10.214422
S01744,COCQUIO TREVISAGO,45.8601524,8.690025
S01765,COMO LAGO,45.814116,9.08409
S01770,SELLERO,46.0535474,10.3487415
S01805,BRESSANA BOTTARONE,45.076633,9.133211
S01807,VOGHERA,44.997529,9.010246
S01810,TORTONA,44.899963,8.862029
S01820,MILANO ROGOREDO,45.454742,9.238632
S01822,MELEGNANO,45.354068,9.324131
S01824,TAVAZZANO,45.32642,9.402833
S01825,LODI,45.3092107,9.4976949
S01828,CODOGNO,45.157484,9.711863
S01844,VISANO,45.3153128,10.3632107
S01847,ASOLA,45.2204721,10.4024402
S01860,PAVIA,45.1888209,9.1445312
S01864,BELGIOIOSO,45.158565,9.313756
S01865,CORTEOLONA,45.15714,9.372615
S01900,S ZENO FOLZANO,45.491549,10.211735
S01902,MANERBIO,45.3571443,10.1323689
S01905,OLMENETA,45.232207,10.030891
S01914,CAVA TIGOZZI,45.1567719,9.9559154
S01915,CREMONA,45.142474,10.006563
S01919,PIADENA,45.130235,10.36714
S01920,BOZZOLO,45.107228,10.473336
S01925,SEVESO,45.6483174,9.1401838
S01931,PINAROLO PO,45.0734406,9.1702779
S01933,SARONNO,45.627409,9.026493
S01945,STRADELLA,45.079327,9.300844
S01962,VILLANOVA D ARDA,45.0282965,9.9932836
S02001,BRENNERO,47.002312,11.504836
S02006,VIPITENO VAL VIZZE,46.895478,11.440157
S02011,FORTEZZA,46.7889,11.61029
S02014,BRESSANONE,46.709877,11.650002
S02026,BOLZANO,46.4964289,11.3588046
S02035,MEZZOCORONA,46.2072844,11.1284223
S02038,TRENTO,46.072242,11.119319
S02044,ROVERETO,45.889837,11.03363
S02049,ALA,45.759113,10.9963774
S02052,PERI,45.657933,10.901462
S02084,DESENZANO DEL GARDA SIRMIONE,45.4627489,10.536538
S02094,SOMMACAMPAGNA SONA,45.4263707,10.8441503
S02114,S CANDIDO,46.7327329,12.272058
S02140,SCHIO,45.710353,11.358602
S02216,MERANO,46.673956,11.148373
S02219,LANA POSTAL,46.6078993,11.1826095
S02222,VILPIANO NALLES,46.553989,11.220668
S02314,BORGO VALSUGANA EST,46.052406,11.463868
S02319,PRIMOLANO,45.965559,11.702483
S02336,MANTOVA,45.1586512,10.783302
S02340,SUZZARA,44.994302,10.755866
S02346,ROLO NOVI FABBRICO,44.8858216,10.8679202
S02349,CARPI,44.782201,10.891868
S02364,CEREA,45.195793,11.2142153
S02366,LEGNAGO,45.18923,11.305777
S02384,SANGUINETTO,45.1886751,11.1524844
S02430,VERONA PORTA NUOVA,45.429182,10.982371
S02433,VERONA PORTA VESCOVO,45.43577,11.018649
S02440,S BONIFACIO,45.4025479,11.2741675
S02444,ALTAVILLA TAVERNELLE,45.5118043,11.4543387
S02446,VICENZA,45.541644,11.540752
S02520,BASSANO DEL GRAPPA,45.766056,11.741348
S02537,CASTELFRANCO VENETO,45.666629,11.933186
S02550,CALALZO PIEVE CADORE CORTINA,46.44394,12.388554
S02558,PONTE NELLE ALPI POLPET,46.181099,12.275842
S02559,BELLUNO,46.1414549,12.2098818
S02570,MONTEBELLUNA,45.75363,12.050123
S02581,PADOVA,45.416395,11.884193
S02589,VENEZIA MESTRE,45.482517,12.23284
S02593,VENEZIA S LUCIA,45.4410753,12.3210322
S02701,PORDENONE,45.9564911,12.6542229
S02703,SACILE,45.948557,12.497926
S02706,CONEGLIANO,45.885619,12.298243
S02712,TREVISO CENTRALE,45.660056,12.245219
S02830,CASARSA,45.941468,12.83631
S03015,TARVISIO BOSCOVERDE,46.506136,13.607462
S03016,CARNIA,46.373291,13.134872
S03019,GEMONA DEL FRIULI,46.274283,13.128643
S03026,UDINE,46.0559274,13.241926
S03050,OSOPPO,46.2491769,13.0846312
S03084,MANIAGO,46.162114,12.692326
S03200,PORTOGRUARO CAORLE,45.781216,12.832221
S03304,GORIZIA CENTRALE,45.933037,13.606852
S03308,REDIPUGLIA,,
S03310,MONFALCONE,45.792262,13.560172
S03317,TRIESTE CENTRALE,45.657727,13.771948
S03466,VILLA OPICINA,45.701352,13.800503
S04203,NOVI LIGURE,44.76085,8.789551
S04207,ARQUATA SCRIVIA,44.687845,8.885338
S04215,BUSALLA,44.574986,8.943241
S04220,GENOVA SAMPIERDARENA,44.413181,8.887388
S04501,VENTIMIGLIA,43.791318,7.602225
S04506,TAGGIA ARMA,43.832302,7.853484
S04515,ALASSIO,44.008011,8.173027
S04516,ALBENGA,44.054384,8.213436
S04520,PIETRA LIGURE,44.1452523,8.2773071
S04523,IMPERIA,43.8972142,8.0311593
S04534,GENOVA VOLTRI,44.428556,8.759009
S04537,GENOVA SESTRI PONENTE AEROPORTO,44.42249,8.848025
S04700,GENOVA PIAZZA PRINCIPE,44.416552,8.92193
S04702,GENOVA BRIGNOLE,44.407335,8.945754
S04704,GENOVA QUARTO DEI MILLE,44.388384,8.995882
S04707,GENOVA NERVI,44.383456,9.042891
S04714,RECCO,44.360956,9.146416
S04718,S MARGHERITA LIGURE PORTOFINO,44.313561,9.213007
S04725,SESTRI LEVANTE,44.277041,9.398204
S04731,LEVANTO,44.171636,9.612265
S04732,MONTEROSSO,44.1458899,9.6489881
S04734,CORNIGLIA,44.118767,9.716053
S04801,SAVONA,44.3069809,8.4710865
S04805,S GIUSEPPE CAIRO,44.370221,8.287136
S05000,PIACENZA,45.0520196,9.7061285
S05009,FIDENZA,44.866522,10.061194
S05014,PARMA,44.8099671,10.328444
S05017,BUDRIO,44.533457,11.528652
S05023,REGGIO EMILIA,44.6976226,10.6432684
S05032,MODENA,44.6543308,10.9305293
S05043,BOLOGNA CENTRALE,44.506326,11.340498
S05050,BOLOGNA CABINA S DONATO,,
S05053,CASTEL S PIETRO TERME,44.406822,11.597059
S05054,IMOLA,44.358967,11.718779
S05056,CASTELBOLOGNESE RIOLO TERME,44.325398,11.803965
S05058,FAENZA,44.279814,11.897669
S05059,FORLI,44.223974,12.054721
S05071,RIMINI,44.063994,12.573763
S05090,SALSOMAGGIORE TERME,44.81828,9.987522
S05104,SASSO MARCONI,44.394989,11.253656
S05105,MARZABOTTO,44.341269,11.207078
S05110,PORRETTA TERME,44.154928,10.977976
S05130,BOLOGNA S RUFFILLO,44.463071,11.372863
S05131,PIANORO,44.379558,11.342441
S05134,S BENEDETTO SAMBRO CASTIGLIONE PEPOLI,44.216214,11.189607
S05135,VERNIO MONTEPIANO CANTAGALLO,44.043996,11.152333
S05161,SERMIDE,44.997123,11.289129
S05180,SASSUOLO TERMINAL,44.544244,10.786766
S05188,MODENA PIAZZA MANZONI,44.634429,10.931168
S05192,REGGIO S LAZZARO,44.6899906,10.6670675
S05194,SASSUOLO RADICI,44.544593,10.784221
S05268,QUATTRO VILLE,44.6912052,10.9121624
S05301,BUTTAPIETRA,45.3388709,10.9883096
S05308,POGGIO RUSCO,44.975558,11.114649
S05316,CREVALCORE,44.719105,11.152506
S05420,ADRIA,45.0604511,12.0543287
S05423,LOREO,45.0595636,12.1916472
S05428,CHIOGGIA,45.2102652,12.275439
S05703,MONSELICE,45.2461002,11.7480938
S05706,ROVIGO,45.076997,11.7812924
S05712,FERRARA,44.844763,11.605947
S05722,S PIETRO IN CASALE,44.70139,11.394661
S05802,PORTOMAGGIORE,44.69712,11.80017
S05804,ARGENTA,44.6164721,11.8420381
S05811,RAVENNA,44.419167,12.2080102
S05815,CESENATICO,44.200635,12.391417
S05818,IGEA MARINA,44.150245,12.460924
S05921,CIANO D ENZA,44.595515,10.408735
S05951,LUGO,44.423765,11.892588
S05960,GUASTALLA,44.921152,10.653999
S05972,VIA LUNGA,44.509866,11.1692096
S05973,CRESPELLANO,44.5122597,11.1298768
S05975,BAZZANO (FER),,
S05978,VIGNOLA,44.4817784,11.0084565
S06000,LA SPEZIA CENTRALE,44.111564,9.81358
S06004,LA SPEZIA MIGLIARINA,44.116734,9.836284
S06007,SARZANA,44.08627,9.983774
S06009,MASSA CENTRO,44.023747,10.136159
S06013,AULLA LUNIGIANA,44.2188969,9.9767629
S06026,CECINA,43.310375,10.514512
S06030,S VINCENZO,43.1003767,10.5396592
S06031,CAMPIGLIA MARITTIMA,43.017268,10.586607
S06033,FOLLONICA,42.921625,10.760511
S06039,GROSSETO,42.7673228,11.10675
S06040,VIAREGGIO,43.865795,10.257544
S06161,BORGO VAL TARO,44.4865271,9.7814396
S06163,PONTREMOLI,44.371867,9.887749
S06171,VEZZANO LIGURE,44.125937,9.886044
S06227,MINUCCIANO PIEVE CASOLA,44.194373,10.193839
S06300,CASTELNUOVO GARFAGNANA,44.115877,10.409936
S06304,FORNACI BARGA,44.045225,10.479105
S06400,S GIULIANO TERME,43.789739,10.419862
S06404,LUCCA,43.8372836,10.5061831
S06406,PORCARI,43.832105,10.619666
S06409,PESCIA,43.905327,10.688905
S06411,MONTECATINI TERME MONSUMMANO,43.879297,10.780721
S06414,PISTOIA,43.926693,10.9144915
S06416,PRATO CENTRALE,43.878251,11.109047
S06419,FIRENZE CASTELLO,43.814885,11.223797
S06420,FIRENZE RIFREDI,43.787493,11.242009
S06421,FIRENZE S MARIA NOVELLA,43.776205,11.246908
S06500,PISA CENTRALE,43.708456,10.398344
S06506,PONTEDERA CASCIANA TERME,43.662216,10.628891
S06510,EMPOLI,43.715825,10.949204
S06603,S PIERO A SIEVE,43.958707,11.322546
S06604,BORGO S LORENZO,43.9596704,11.3803141
S06610,MARRADI PALAZZUOLO SUL SENIO,44.079738,11.61903
S06725,LIVORNO CENTRALE,43.554185,10.336066
S06775,PIOMBINO MARITTIMA,42.928563,10.544478
S06801,GRANAIOLO,43.652264,10.945357
S06803,CERTALDO,43.5472,11.037829
S06807,PONTE A ELSA,43.689547,10.896303
S06809,SIENA,43.3316658,11.3229024
S06874,BUONCONVENTO,43.135518,11.483566
S06900,FIRENZE CAMPO MARTE,43.782792,11.275714
S06904,PONTASSIEVE,43.774238,11.438099
S06909,S GIOVANNI VALDARNO,43.565354,11.526751
S06910,MONTEVARCHI TERRANUOVA,43.525337,11.564051
S06915,AREZZO,43.4609548,11.8754953
S06922,TERONTOLA CORTONA,43.212883,12.012255
S06925,CHIUSI CHIANCIANO TERME,43.002499,11.957601
S07002,MAGIONE,43.106116,12.187725
S07004,PERUGIA,43.1038063,12.3755785
S07005,PERUGIA PONTE S GIOVANNI,43.104832,12.446485
S07008,ASSISI,43.059227,12.587867
S07102,CATTOLICA S GIOVANNI GABICCE,43.959973,12.745105
S07104,PESARO,43.9059613,12.9048395
S07113,ANCONA,43.6075918,13.4976802
S07202,JESI,43.520751,13.251969
S07204,CASTELPLANIO CUPRAMONTANA,43.481431,13.084756
S07208,FABRIANO,43.342712,12.914969
S07217,FOLIGNO,42.954275,12.710813
S07221,SPOLETO,42.744787,12.738334
S07226,TERNI,42.570394,12.650975
S07307,MACERATA,43.2930709,13.4552865
S07405,RIETI,42.404818,12.862479
S07414,L AQUILA,42.3511866,13.3850102
S07500,VARANO,43.5748433,13.5234768
S07506,CIVITANOVA MARCHE MONTEGRANARO,43.309118,13.725591
S07513,S BENEDETTO DEL TRONTO,42.954307,13.882036
S07514,PORTO D ASCOLI,42.912745,13.896512
S07550,ASCOLI PICENO,42.8554807,13.5879215
S07712,CHIETI,42.356821,14.138255
S07802,GIULIANOVA,42.7516919,13.9656672
S07806,PINETO ATRI,42.6077451,14.0689833
S07810,PESCARA,42.468034,14.204391
S07813,FRANCAVILLA AL MARE,42.4212652,14.2879487
S07824,VASTO S SALVO,42.079948,14.739453
S07900,TERAMO,42.660634,13.715719
S08004,ORBETELLO MONTE ARGENTARIO,42.450605,11.248831
S08008,MONTALTO CASTRO,42.342372,11.594907
S08010,CIVITAVECCHIA,42.088253,11.797931
S08014,VAL D ALA,41.941718,12.517773
S08020,MACCARESE FREGENE,41.878648,12.238117
S08021,LADISPOLI CERVETERI,41.953294,12.081971
S08023,GUIDONIA MONTECELIO,,
S08025,ROMA AURELIA,41.8830406,12.3941869
S08209,ORTE,42.440528,12.408296
S08213,POGGIO MIRTETO,42.2421703,12.6331005
S08214,FARA SABINA MONTELIBRETTI,42.155506,12.647394
S08215,MONTEROTONDO MENTANA,42.064094,12.595845
S08217,ROMA TIBURTINA,41.909366,12.533721
S08304,VITERBO PORTA FIORENTINA,42.425308,12.106317
S08306,VITERBO PORTA ROMANA,42.412019,12.110243
S08311,CAPRANICA SUTRI,42.245219,12.157181
S08315,BRACCIANO,42.081131,12.213935
S08318,ANGUILLARA,42.089176,12.278646
S08319,CESANO ROMA,42.068706,12.331139
S08320,LA STORTA,42.002846,12.382717
S08323,ROMA S PIETRO,41.895862,12.455405
S08331,VIGNA CLARA PES,,
S08403,PONTE GALERIA,41.817838,12.344617
S08406,ROMA OSTIENSE,41.871987,12.486246
S08408,ROMA TUSCOLANA,41.8792595,12.5236368
S08409,ROMA TERMINI,41.900553,12.499786
S08411,FIUMICINO AEROPORTO,41.793437,12.252024
S08504,BAGNI TIVOLI,41.949739,12.722253
S08508,TIVOLI,41.9618813,12.8050665
S08512,VALLE DELL ANIENE MANDELA SAMBUCI,42.016772,12.922592
S08526,AVEZZANO,42.0395358,13.4264593
S08539,SULMONA,42.061059,13.907472
S08602,CAMPOLEONE,41.642549,12.648415
S08608,LATINA,41.5382079,12.9463072
S08640,FORMIA GAETA,41.258538,13.606147
S08650,CIAMPINO,41.803897,12.633683
S08652,ZAGAROLO,41.821931,12.827705
S08657,COLLEFERRO SEGNI PALIANO,41.740136,13.003002
S08662,FROSINONE,41.6252688,13.3287413
S08671,CASSINO,41.485153,13.830616
S08680,PIEDIMONTE VILLA S LUCIA AQUINO,41.4956046,13.7312102
S08704,ALBANO LAZIALE,41.691868,12.650606
S08705,APRILIA,41.59238,12.639325
S08707,PADIGLIONE,41.501661,12.625746
S08710,NETTUNO,41.45944,12.662078
S08733,LANUVIO,41.674869,12.689089
S08734,VELLETRI,41.682434,12.780642
S08751,FRASCATI,41.813443,12.670353
S09000,SESSA AURUNCA ROCCAMONFINA,41.196017,13.875669
S09001,FALCIANO MONDRAGONE CARINOLA,41.1234458,13.9718221
S09003,VILLA LITERNO,41.00511,14.06774
S09006,AVERSA,40.972923,14.217844
S09009,CASORIA AFRAGOLA,40.9077501,14.2986883
S09053,ISERNIA,41.60289,14.239997
S09060,VENAFRO,41.492353,14.054372
S09101,POZZUOLI SOLFATARA,40.828987,14.117705
S09103,NAPOLI CAMPI FLEGREI,40.822534,14.194456
S09110,NAPOLI GIANTURCO,40.853729,14.287812
S09150,MINTURNO SCAURI,41.257854,13.720772
S09203,VAIRANO CAIANELLO,41.317495,14.104238
S09208,CAPUA,41.1013026,14.2103856
S09209,S MARIA CAPUA VETERE,41.0734905,14.2541104
S09211,CASERTA,41.0685258,14.3282362
S09212,MADDALONI INFERIORE,41.0359077,14.3804981
S09213,CANCELLO,40.994323,14.419215
S09215,ACERRA,40.940292,14.391895
S09218,NAPOLI CENTRALE,40.8530238,14.2731399
S09311,BENEVENTO,41.1417781,14.7701405
S09453,BOIANO,41.487787,14.474402
S09521,PELLEZZANO,40.722249,14.770118
S09522,FRATTE,40.699409,14.775615
S09702,SARNO,40.81341,14.61246
S09706,MERCATO S SEVERINO,40.783217,14.75968
S09756,CASTELLAMMARE STABIA,40.718375,14.491794
S09800,NAPOLI S GIOVANNI BARRA,40.830945,14.312544
S09806,TORRE ANNUNZIATA CENTRALE,40.747309,14.463772
S09810,POMPEI,40.746011,14.501151
S09814,NOCERA INFERIORE,40.745988,14.649413
S09816,CAVA DEI TIRRENI,40.703564,14.7084479
S09818,SALERNO,40.6754966,14.7726212
S09823,BATTIPAGLIA,40.606046,14.982869
S09824,EBOLI,40.611216,15.052435
S09827,SICIGNANO DEGLI ALBURNI,40.6054359,15.2908826
S09832,BARAGIANO RUOTI,40.695002,15.569672
S09837,MERCATELLO,40.6588268,14.804732
S09839,ARECHI,40.645562,14.82359
S11002,PM CAGIONI,,
S11019,TERMOLI,42.000823,14.992796
S11024,APRICENA,41.7784682,15.3819878
S11025,S SEVERO,41.6845468,15.392597
S11030,POSTO MOVIMENTO LESINA,,
S11054,MANFREDONIA,41.6230828,15.9081919
S11100,FOGGIA,41.4659207,15.5558252
S11108,BARLETTA,41.314913,16.27824
S11112,TRANI,41.2726957,16.4176867
S11119,BARI CENTRALE,41.11795,16.87024
S11126,BARI TORRE A MARE,41.08304,16.99442
S11130,FASANO,40.8517073,17.3858951
S11132,OSTUNI,40.746877,17.580353
S11136,BRINDISI,40.657721,17.935166
S11145,LECCE,40.3456805,18.1657215
S11205,ROCCHETTA S ANTONIO LACEDONIA,41.0790463,15.5505766
S11252,BITRITTO,41.043869,16.832771
S11420,POTENZA CENTRALE,40.629467,15.806791
S11465,TARANTO,40.483433,17.224185
S11505,GIOIA DEL COLLE,40.797366,16.916991
S11721,SAPRI,40.07783,15.627763
S11739,PAOLA,39.357565,16.04123
S11749,LAMEZIA TERME CENTRALE,38.921318,16.255528
S11753,PIZZO,38.714522,16.140041
S11754,VIBO MARINA,38.7137134,16.1202384
S11757,BRIATICO,38.7253877,16.0253572
S11760,TROPEA,38.672134,15.894747
S11764,NICOTERA,38.549469,15.933834
S11765,ROSARNO,38.488669,15.970363
S11770,BAGNARA,38.2827249,15.8003178
S11774,VILLA S GIOVANNI,38.21661,15.6342913
S11781,REGGIO CALABRIA CENTRALE,38.103811,15.635938
S11789,VIBO VALENTIA PIZZO,38.726449,16.150442
S11811,SIBARI,39.749271,16.456293
S11813,ROSSANO,39.6029674,16.6408816
S11814,MIRTO CROSIA,39.6048326,16.7774105
S11823,CROTONE,39.0844972,17.1083723
S11833,CATANZARO LIDO,38.821992,16.612742
S11844,MONASTERACE STILO,38.4374793,16.5743362
S11847,ROCCELLA JONICA,38.322248,16.406977
S11848,GIOIOSA JONICA,38.331844,16.300935
S11851,LOCRI,38.23325,16.264657
S11863,MELITO PORTO SALVO,37.916936,15.780776
S11909,CASTIGLIONE COSENTINO,39.35538,16.244063
S11910,COSENZA,39.3189856,16.260568
S11951,LAMEZIA TERME NICASTRO,38.967095,16.320008
S11956,CATANZARO,38.8654514,16.5627699
S12002,PALERMO CENTRALE,38.109702,13.36713
S12008,BAGHERIA,38.078476,13.500507
S12011,ALTAVILLA MILICIA,38.0483889,13.5542884
S12014,TERMINI IMERESE,37.980034,13.703349
S12015,FIUMETORTO,,
S12019,CEFALU,38.032974,14.01952
S12024,S STEFANO CAMASTRA MISTRETTA,38.017491,14.3518379
S12027,S AGATA MILITELLO,38.047621,14.644806
S12036,PATTI S PIERO PATTI,38.1469838,14.9753585
S12100,TRAPANI,38.0173248,12.5200318
S12113,CASTELVETRANO,37.683706,12.798777
S12125,PIRAINETO,38.171966,13.141518
S12126,CINISI TERRASINI,38.155295,13.096842
S12129,ISOLA DELLE FEMMINE,38.19483,13.250099
S12133,PALERMO AEROPORTO,38.186176,13.104968
S12134,PALERMO NOTARBARTOLO,38.131563,13.340826
S12138,GIACHERY,38.13507,13.358276
S12150,ALCAMO DIRAMAZIONE,37.978899,12.915729
S12240,DITTAINO,37.56502,14.460079
S12270,CALTAGIRONE,37.22924,14.528114
S12301,MESSINA CENTRALE,38.185258,15.560908
S12308,GIAMPILIERI,38.063904,15.479477
S12316,LETOJANNI,37.877479,15.303309
S12317,TAORMINA GIARDINI,37.845556,15.282559
S12320,ALCANTARA,37.821592,15.251231
S12324,GIARRE RIPOSTO,37.689335,15.191684
S12328,ACIREALE,37.595927,15.1614
S12332,CATANIA CENTRALE,37.506713,15.099929
S12336,CATANIA AEROPORTO FONTANAROSSA,37.4755997,15.0616284
S12338,BICOCCA,37.4606997,15.044609
S12345,AUGUSTA,37.2433481,15.2185858
S12349,SIRACUSA,37.063767,15.288776
S12381,CALTANISSETTA CENTRALE,37.488541,14.057548
S12417,MODICA,36.853035,14.754057
S12803,PORTO TORRES MARITTIMA,40.8379332,8.3973594
S12807,SASSARI,40.7295623,8.5541411
S12862,OZIERI CHILIVANI,40.60918,8.934022
S12869,MACOMER,40.268844,8.772712
S12878,ORISTANO,39.9020972,8.6039545
S12882,S GAVINO,39.546312,8.787944
S12888,DECIMOMANNU,39.30819,8.966427
S12890,CAGLIARI ELMAS,39.26461,9.045901
S12891,CAGLIARI,39.216201,9.107221
S12902,OLBIA TERRANOVA,40.9220274,9.4938349
S13104,MARTINA FRANCA,40.7006123,17.3315945
S13133,TARANTO GALESE,40.4945761,17.2351577
S19919,STABIO,45.8497166,8.9441291
N00074,ERBA,45.813227,9.229882
N00221,BOARIO TERME,45.886688,10.18175
S00214,AVIGLIANA,45.085244,7.401129
S00834,NIZZA MONFERRATO,44.772016,8.30631
S01077,SARONNO SUD,45.612357,9.045541
S01118,LAVENO MOMBELLO,45.903255,8.624415
S01434,PONTE IN VALTELLINA,46.167029,9.975697
S01437,TRESENDA-APRICA-TEGLIO,46.162135,10.08366
S01747,LAVENO MOMBELLO LAGO,45.908345,8.618709
S01827,CASALPUSTERLENGO,45.182806,9.651882
S01852,COLORNO,44.930162,10.375486
S01963,BUSSETO,44.980957,10.042475
S02510,NOALE-SCORZE\',45.553743,12.074715
S03088,BUDOIA POLCENIGO,46.031578,12.53758
S04217,GENOVA PONTEDECIMO,44.48739,8.897427
S04519,LOANO,44.122028,8.253853
S04525,ANDORA,43.959849,8.139178
S04532,COGOLETO,44.389622,8.643208
S05007,FIORENZUOLA,44.91485,9.909115
S05021,S.ILARIO D\'ENZA,44.752232,10.435614
S05037,CASTELFRANCO EMILIA,44.597306,11.0564
S05111,CASALECCHIO GARIBALDI,44.48307,11.27371
S05313,S.FELICE SUL PANARO,44.839415,11.143165
S05799,CODIGORO,44.835963,12.102204
S05903,RUSSI,44.378859,12.031667
S05940,NOVELLARA,44.84297,10.727492
S06325,PIAZZA AL SERCHIO,44.182853,10.298391
S06908,FIGLINE VALDARNO,43.621632,11.473354
S07018,FOSSACESIA-TORINO DI SANGRO,42.221055,14.50161
S07706,TORRE DEI PASSERI,42.243945,13.937484
S08203,ORVIETO,42.720721,12.115609
S08207,ATTIGLIANO-BOMARZO,42.517945,12.294657
S08732,CECCHINA,41.691868,12.650606
S08850,CAPISTRELLO,41.970503,13.399075
S08906,ROCCARASO,41.850684,14.07931
S09206,SPARANISE,41.185817,14.093067
S09828,BUCCINO S.GREGORIO MAGNO,40.600823,15.374289
S11128,POLIGNANO A MARE,40.988338,17.230504
S11731,DIAMANTE BUONVICINO,39.676909,15.824379
S11857,BRANCALEONE,37.965548,16.103119
S11864,SALINE DI REGGIO,37.938818,15.710838
S12105,MOZIA-BIRGI,37.884936,12.499167
S12109,PETROSINO STRASATTI,37.725387,12.50937
S12127,CARINI,38.163404,13.218292
S12204,ROCCAPALUMBA-ALIA,37.793674,13.673796
S12211,CAMPOFRANCO,37.510118,13.686614
S12216,AGRIGENTO CENTRALE,37.30911,13.584725
S12278,SCORDIA,37.294668,14.851126
S12337,CATANIA ACQUICELLA,37.492589,15.075125
S12375,CANICATTI\',37.359929,13.85524
S12380,CALTANISSETTA XIRBI,37.536271,14.058064
S12410,VITTORIA,36.9589218,14.524865
S12414,RAGUSA,36.919253,14.725834
N_03C6D9D9C6C3,CATTOLICA S.GIOVANNI GABICCE,43.959973,12.745105
N_052A3B36A270,FIUMEFREDDO DI SICILIA,37.795842,15.20575
N_088F9E806AB1,FORNACI DI BARGA,44.045225,10.479105
N_16EA1E96E216,ROCCAPALUMBA-ALIA,37.793674,13.673796
N_16FE1C8F66FD,S.BENEDETTO DEL TRONTO,42.954307,13.882036
N_21BF2B5C73E5,QUARTO D`ALTINO,45.578089,12.36925
N_24B26754DFAB,CIRE',45.2301585,7.6023647
N_25B9CF10B7D2,BOLOGNA C.LE,44.506326,11.340498
N_26FAC2401D1E,VENEZIA SANTA LUCIA,45.4410753,12.3210322
N_2B16F59C2041,CASTELLAMMARE DI STABIA,40.718375,14.491794
N_2C51F061EAF2,PIANCAMUNO - GRATACASOLO,45.840043,10.138801
N_2F383E08F558,GARBAGNATE M.SE,45.580536,9.080884
N_315E1C43D9E2,GRISIGNANO DI ZOCCO,45.493332,11.709567
N_378884AE7F14,CASTELLO DI GODEGO,45.688515,11.877703
N_443E51104707,ROMA S.PIETRO,41.895862,12.455405
N_461245307840,PC CIVITELLA DI AGLIANO,42.616972,12.227948
N_46F3215AFA68,CISTERNA DI LATINA,41.587016,12.830728
N_472941AEFC14,CASTEL S.PIETRO TERME,44.406822,11.597059
N_4BE2E4A5131E,CESANO DI ROMA,42.068706,12.331139
N_4C668E65BE34,VASTO S.SALVO,42.079948,14.739453
N_4D5418DDC1C2,COMO NORD BORGHI,45.804953,9.09088
N_4FACCF341CB7,PONTE S.PIETRO,45.698838,9.584175
N_51625BFD9F23,CAMPO DI CARNE,41.552121,12.63516
N_52AF166FEF76,CASSANO D`ADDA,45.51536,9.511489
N_5306D21208AD,MANDELA-SAMBUCI,42.016772,12.922592
N_543FA4F5E84B,COMO S. GIOVANNI,45.809146,9.072656
N_54735EC5B62B,VILLA SAN GIOVANNI,38.21661,15.6342913
N_56227008909E,VAL D'ALA,41.941718,12.517773
N_580FFF8FD04F,S.LAZZARO,44.6899906,10.6670675
N_596CADAC9540,MELITO DI PORTO SALVO,37.916936,15.780776
N_5BD6FECC05D9,TREVISO C.,45.6600557,12.2452188
N_5C56B8466859,MAERNE DI MARTELLAGO,45.514704,12.150568
N_5C8F4121E8A5,VILLAFRANCA DI VERONA,45.349911,10.8489491
N_66EFE7185ACC,GENOVA P.PRINCIPE,44.41702,8.92113
N_6743E649F3B9,S. MARGHERITA LIGURE PORTOFINO,44.313561,9.213007
N_6A893BB6B9F0,PATTI-SAN PIERO PATTI,38.1469838,14.9753585
N_6BE7E16A41EB,S.LORENZO MAGGIORE,41.219859,14.648424
N_6C88D68D6E24,L`AQUILA,42.3511866,13.3850102
N_6DAD4A05816E,FIRENZE S.M.N.,43.776205,11.246908
N_6F14F556DBBD,LADISPOLI-CERVETERI,41.953294,12.081971
N_7287F55A3530,CERVIA-MILANO MARITTIMA,44.258486,12.347302
N_742441A837EF,MI.P.GENOVA,45.453733,9.170168
N_75FF6F509037,LATISANA LIGNANO B.,45.688963,13.135887
N_786C1D7211DD,SANTA TERESA DI RIVA,37.946071,15.367807
N_7AA7EB905BB6,NOALE SCORZE`,45.553743,12.074715
N_7B52E45BD1E7,1`BIVIO ORTE SUD,42.407221,12.417056
N_7B8C90EC3AB1,S. ZENO FOLZANO,45.491549,10.211735
N_7CD0EE7E4D13,CERVIGNANO A.G.,45.823504,13.340318
N_7D7B53F2154F,S.GIOVANNI VALDARNO,43.565354,11.526751
N_85CA7436BFB6,S. STEFANO DI MAGRA,44.156824,9.94509
N_8C7C055B5C9D,S.ILARIO,44.7657554,10.4503627
N_8D5061A93DC7,TORRILE S. POLO,44.902168,10.367548
N_8E7DB383451E,BORGO VAL DI TARO,44.4865271,9.7814396
N_9032FC714401,BOLOGNA S.RUFFILLO,44.463071,11.372863
N_9120FEA55878,BIELLA S.PAOLO,45.556927,8.06741
N_91C54A7D6DE3,MERCATO SAN SEVERINO,40.783217,14.75968
N_91FF79A04B11,FABRO-FICULLE,42.874823,12.041295
N_98601F49D1AA,S. STINO DI LIVENZA,45.728402,12.680804
N_98AFFDD0B260,MONTE S.BIAGIO,41.346097,13.347026
N_9BB710BFF84F,SAN SEVERO,41.6845468,15.392597
N_9FF339099644,BARI S. SPIRITO,41.1596056,16.7463287
N_9FFD78FE028B,SANTA SEVERA,42.020837,11.965639
N_A488E7F49CEA,S.PIETRO IN CASALE,44.70139,11.394661
N_A913DD647FD7,S. DONA` DI PIAVE,45.639392,12.559635
N_A9BCEF1E23FE,FORLI`,44.223974,12.054721
N_AB154A1831F2,CHIUSI C.T.,43.0024988,11.957601
N_AF14E5667D72,MARCELLINA-PALOMBARA,41.999656,12.791368
N_B467C74DACA2,COLLEFERRO-SEGNI-PALIANO,41.740136,13.003002
N_B52FCB25AB93,MONTALTO DI CASTRO,42.342372,11.594907
N_B7B23FBB3D0B,SESTO S. GIOVANNI,45.541095,9.238476
N_BD2F91CD0D69,PORTO D`ASCOLI,42.912745,13.896512
N_BD9F271BBFD9,EGNA-TERMENO,46.319135,11.257367
N_BFBEB2B05300,MILANO S. CRISTOFORO,45.441333,9.157126
N_C0036EE1DC06,SANTHIA`,45.364394,8.16692
N_C353AD614ED6,SALSOMAGGIORE T.,44.81828,9.987522
N_C76BB014A48D,SAN GIUSEPPE DI CAIRO,44.370221,8.287136
N_C76EB5A1BB68,BAGNI DI LUCCA,44.00349,10.551788
N_C8E883484184,S.FELICE SP,44.223821,10.147818
N_CC4527C52FC9,S.GIULIANO TERME,43.789739,10.419862
N_CD974586206C,S.PIERO A SIEVE,43.958707,11.322546
N_CDB3C4B438F3,BAGNI DI TIVOLI,41.949739,12.722253
N_CE7B1A6653A0,OFFIDA CASTEL DI LAMA,42.862088,13.720243
N_D53F32E084D3,BORGO S. LORENZO,43.9596704,11.3803141
N_D9CE28CD9F8D,PALAZZOLO SULL`OGLIO,45.602612,9.89378
N_DC24E40224D9,FORMIA-GAETA,41.258538,13.606147
N_DDC70EDA0EF0,NOVATE-MEZZOLA,46.220465,9.447221
N_DE311FE18061,CASTELFRANCO D'EMILIA,44.5974173,11.0565579
N_E406F0E47009,S.CASSIANO,44.145438,11.687482
N_E823754A40D3,SESSA AURUNCA R.,41.197881,13.87489
N_E8F1FE5811E0,S.CANDIDO,46.7327329,12.272058
N_EB7E4660B484,CASTELNUOVO DI GARFAGNANA,44.115877,10.409936
N_EE86D98A1207,CEFALU`,38.032974,14.01952
N_F02F23FEE086,CAMNAGO-LENTATE,45.668294,9.133272
N_F05F8C811D2B,VARESE NORD,45.8182947,8.8335175
N_F099419606CC,SAN MAURIZIO,45.2165135,7.6303573
N_F63181DDD5C1,CERTOSA DI PAVIA,45.256345,9.156918
N_F7A1B3B0EA1F,SAN GAVINO,39.546312,8.787944
N_F8A251096935,COMO NORD LAGO,45.814116,9.08409
N_FBACCF9B6EC3,S.AGATA M.,38.0736677,14.640913
N_FE40098CFE68,VILPIANO-NALLES,46.553989,11.220668
N_FEBDC4EA7CA2,TORINO P.NUOVA,45.061892,7.678369
N_0B008F272125,SAN GIORGIO DI NOGARO,45.830784,13.209544
N_0D2920696248,BUCCINO S.,40.634203,15.367676
N_185679E71803,S.VITO LANCIANO,42.304845,14.440483
N_5666D8653EAB,ROCCA DI CORNO,42.388274,13.144115
N_64F166622602,ANAGNI-FIUGGI,41.71041,13.096018
N_653519C2980D,CELANO-OVINDOLI,42.077155,13.543426
N_6AD9E1F33E5C,BIVIO D`AURISINA,45.75419,13.656149
N_6CDDE622DFB4,PIOPPE DI SALVARO,44.311129,11.157874
N_7C26FB2E9EE9,CIANO D'ENZA,44.595515,10.408735
N_979136A15902,1`BIVIO ORTE NORD,42.475556,12.341486
N_AAE627657DF8,FOSSACESIA - TORINO DI SANGRO,42.221055,14.50161
N_ACD663C85CDB,DIECIMO - PESCAGLIA,43.959388,10.507811
N_B5E50B059160,BIANZE`,45.309691,8.116719
N_CDA8A1D75E11,FRASSO T. DUGENTA,41.149076,14.491409
N_D0DD2A0BA291,REGGIO DI CALABRIA GALLICO,38.165866,15.649506
N_D765929A9E43,MINUCCIANO - PIEVE - CASOLA,44.194373,10.193839
N_E167AFA73E44,SAN BENEDETTO PO,45.041924,10.928295
N_E2D0A663B604,RIO DI PUSTERIA,46.797276,11.669615
N_E586B8FC8D6C,MONTERONI D`ARBIA,43.229875,11.420063
N_EA8A978098A8,S.VITO AL TAGLIAMENTO,45.912375,12.852328
N_F7224DA723C9,SANTARCANGELO DI ROMAGNA,44.071667,12.446454
N_F72F5507B973,SELLA DI CORNO,42.360533,13.189953
