partenza,arrivo,km,origine_stima
ACQUI TERME,ALESSANDRIA,33.91,cammino
ACQUI TERME,ASTI,45.47,cammino
ACQUI TERME,BISTAGNO,8.98,cammino
ACQUI TERME,CAIRO MONTENOTTE,45.295,cammino
ACQUI TERME,CASSINE,12.88,cammino
ACQUI TERME,GENOVA BRIGNOLE,105.285,cammino
ACQUI TERME,GENOVA P PRINCIPE,107.909,cammino
ACQUI TERME,GENOVA PIAZZA PRINCIPE,102.745,cammino
ACQUI TERME,GENOVA SAMPIERDARENA,107.153,cammino
ACQUI TERME,MOMBARUZZO,13.17,cammino
ACQUI TERME,MONTEGROSSO,33.36,cammino
ACQUI TERME,NIZZA MONFERRATO,20.51,cammino
ACQUI TERME,PONTI,13.125,cammino
ACQUI TERME,S GIUSEPPE DI CAIRO,48.015,cammino
ACQUI TERME,SAVONA,68.305,cammino
ACQUI TERME,SPIGNO,25.495,cammino
AIRASCA,CHIVASSO,49.565,cammino
AIRASCA,PINEROLO,12.65,cammino
ALASSIO,ALBENGA,6.14,adiacenti
ALASSIO,COGOLETO,61.161,cammino
ALASSIO,GENOVA BRIGNOLE,93.524,cammino
ALASSIO,GENOVA P PRINCIPE,90.9,cammino
ALASSIO,GENOVA PIAZZA PRINCIPE,96.064,cammino
ALASSIO,GENOVA VOLTRI,71.456,cammino
ALASSIO,LOANO,15.15,cammino
ALASSIO,MILANO CENTRALE,246.856,cammino
ALASSIO,SAVONA,43.49,cammino
ALASSIO,VARAZZE,53.898,cammino
ALASSIO,VENTIMIGLIA,56.05,cammino
ALBA,ASTI,96.055,cammino
ALBA,BRA,17.485,cammino
ALBA,CARMAGNOLA,37.935,cammino
ALBA,MONCALIERI,58.325,cammino
ALBA,ROMA TERMINI,675.128,cammino
ALBA,TORINO LINGOTTO,62.015,cammino
ALBA,TORINO PORTA NUOVA,66.335,cammino
ALBA,TORINO PORTA SUSA,67.865,cammino
ALBA,TORINO STURA,74.865,cammino
ALBA,TROFARELLO,53.305,cammino
ALBENGA,ARQUATA SCRIVIA,125.709,cammino
ALBENGA,COGOLETO,55.021,cammino
ALBENGA,GENOVA BRIGNOLE,87.384,cammino
ALBENGA,GENOVA P PRINCIPE,84.76,cammino
ALBENGA,GENOVA PIAZZA PRINCIPE,89.924,cammino
ALBENGA,GENOVA VOLTRI,65.316,cammino
ALBENGA,MILANO CENTRALE,240.716,cammino
ALBENGA,MILANO LAMBRATE,236.936,cammino
ALBENGA,MILANO PORTA GARIBALDI,254.365,cammino
ALBENGA,MILANO ROGOREDO,231.145,cammino
ALBENGA,PAVIA,202.54,cammino
ALBENGA,SAVONA,37.35,cammino
ALBENGA,SESTRI LEVANTE,129.939,cammino
ALBENGA,TORINO PORTA NUOVA,184.59,cammino
ALBENGA,TORTONA,161.48,cammino
ALBENGA,VENTIMIGLIA,62.19,cammino
ALBENGA,VOGHERA,177.68,cammino
ALESSANDRIA,ACQUI TERME,33.91,cammino
ALESSANDRIA,ANCONA,563.488,cammino
ALESSANDRIA,ARQUATA SCRIVIA,33.05,cammino
ALESSANDRIA,ASTI,34.3,adiacenti
ALESSANDRIA,BORGO REVEL,70.565,cammino
ALESSANDRIA,BORGO S MARTINO,25.58,cammino
ALESSANDRIA,CAIRO MONTENOTTE,79.205,cammino
ALESSANDRIA,CASALE MONFERRATO,32.72,cammino
ALESSANDRIA,CASALE POPOLO,36.21,cammino
ALESSANDRIA,CASSINE,21.03,cammino
ALESSANDRIA,CHIVASSO,81.115,cammino
ALESSANDRIA,CRESCENTINO,63.475,cammino
ALESSANDRIA,DEGO,72.01,cammino
ALESSANDRIA,FELIZZANO,14.53,adiacenti
ALESSANDRIA,FONTANETTO PO,57.055,cammino
ALESSANDRIA,GENOVA BRIGNOLE,71.375,cammino
ALESSANDRIA,GENOVA P PRINCIPE,73.999,cammino
ALESSANDRIA,GENOVA PIAZZA PRINCIPE,68.835,cammino
ALESSANDRIA,GENOVA SAMPIERDARENA,82.561,cammino
ALESSANDRIA,GIAROLE,20.9,cammino
ALESSANDRIA,MERANA,62.535,cammino
ALESSANDRIA,MILANO CENTRALE,101.151,cammino
ALESSANDRIA,MILANO LAMBRATE,97.371,cammino
ALESSANDRIA,MILANO PORTA GARIBALDI,114.8,cammino
ALESSANDRIA,MILANO ROGOREDO,91.58,cammino
ALESSANDRIA,MOMBALDONE ROCCAVERANO,55.305,cammino
ALESSANDRIA,MORANO SUL PO,42.615,cammino
ALESSANDRIA,MORTARA,42.34,cammino
ALESSANDRIA,NOVARA,66.58,cammino
ALESSANDRIA,NOVI LIGURE,21.6,adiacenti
ALESSANDRIA,PAVIA,62.975,cammino
ALESSANDRIA,PIANA,67.43,cammino
ALESSANDRIA,PISA CENTRALE,230.047,cammino
ALESSANDRIA,ROMA TERMINI,563.374,cammino
ALESSANDRIA,S GIUSEPPE DI CAIRO,81.925,cammino
ALESSANDRIA,S PAOLO SOLBRITO,57.095,cammino
ALESSANDRIA,SAVONA,102.215,cammino
ALESSANDRIA,SEZZADIO,15.27,cammino
ALESSANDRIA,SOLERO,8.24,adiacenti
ALESSANDRIA,SPIGNO,59.405,cammino
ALESSANDRIA,STREVI,27.81,cammino
ALESSANDRIA,TORINO LINGOTTO,85.755,cammino
ALESSANDRIA,TORINO PORTA NUOVA,90.075,cammino
ALESSANDRIA,TORINO STURA,97.455,cammino
ALESSANDRIA,TORREBERETTI,20.17,cammino
ALESSANDRIA,TORTONA,21.915,adiacenti
ALESSANDRIA,TRINO VERCELLESE,48.685,cammino
ALESSANDRIA,TROFARELLO,77.045,cammino
ALESSANDRIA,VALENZA,13.95,adiacenti
ALESSANDRIA,VEROLENGO,74.425,cammino
ALESSANDRIA,VILLAFRANCA CANTARANA,49.305,cammino
ALESSANDRIA,VILLANOVA D ASTI,59.915,cammino
ALESSANDRIA,VOGHERA,38.115,cammino
ALTOPASCIO,FIRENZE S MARIA NOVELLA,63.265,cammino
ALTOPASCIO,LUCCA,13.983,adiacenti
ALTOPASCIO,PISTOIA,29.799,cammino
ALTOPASCIO,VIAREGGIO,37.01,cammino
ANCONA,ALESSANDRIA,563.488,cammino
ANCONA,AREZZO,318.166,cammino
ANCONA,BOLOGNA CENTRALE,205.524,cammino
ANCONA,BRESCIA,595.66,cammino
ANCONA,CASTELBOLOGNESE,162.339,cammino
ANCONA,CESENA,121.483,cammino
ANCONA,FAENZA,155.096,cammino
ANCONA,FANO,47.156,cammino
ANCONA,FIDENZA,511.573,cammino
ANCONA,FIORENZUOLA,525.048,cammino
ANCONA,FIRENZE S MARIA NOVELLA,256.18,cammino
ANCONA,FOLIGNO,435.11,cammino
ANCONA,FORLI,139.368,cammino
ANCONA,IMOLA,170.145,cammino
ANCONA,MAROTTA MONDOLFO,34.906,cammino
ANCONA,MILANO CENTRALE,618.082,cammino
ANCONA,MILANO LAMBRATE,614.302,cammino
ANCONA,MILANO PORTA GARIBALDI,639.562,cammino
ANCONA,MILANO ROGOREDO,608.511,cammino
ANCONA,ORTE,463.135,cammino
ANCONA,PARMA,509.819,cammino
ANCONA,PERUGIA,395.471,cammino
ANCONA,PESARO,59.638,cammino
ANCONA,PIACENZA,546.687,cammino
ANCONA,RIMINI,93.038,cammino
ANCONA,ROMA S PIETRO,555.558,cammino
ANCONA,ROMA TERMINI,543.634,cammino
ANCONA,ROMA TIBURTINA,539.114,cammino
ANCONA,S GIUSEPPE DI CAIRO,562.437,cammino
ANCONA,SENIGALLIA,25.865,cammino
ANCONA,TORINO PORTA NUOVA,653.563,cammino
ARBIA,CHIUSI C T,79.234,cammino
AREZZO,ANCONA,318.166,cammino
AREZZO,BOLOGNA CENTRALE,168.549,cammino
AREZZO,CHIUSI C T,63.191,cammino
AREZZO,COMPIOBBI,71.495,cammino
AREZZO,FIGLINE VALDARNO,43.824,cammino
AREZZO,FIRENZE CASTELLO,76.982,cammino
AREZZO,FIRENZE RIFREDI,74.364,cammino
AREZZO,FIRENZE S MARIA NOVELLA,73.639,cammino
AREZZO,FOLIGNO,116.944,cammino
AREZZO,INCISA,48.187,cammino
AREZZO,LATERINA,21.537,adiacenti
AREZZO,LUCCA,148.847,cammino
AREZZO,MILANO CENTRALE,433.502,cammino
AREZZO,ORTE,144.969,cammino
AREZZO,PERUGIA,77.305,cammino
AREZZO,PISTOIA,105.066,cammino
AREZZO,PONTASSIEVE,63.878,cammino
AREZZO,PONTICINO,16.157,adiacenti
AREZZO,PRATO CENTRALE,88.007,cammino
AREZZO,RIGNANO SULL ARNO REGGELLO,55.659,cammino
AREZZO,ROMA OSTIENSE,232.581,cammino
AREZZO,ROMA TERMINI,225.468,cammino
AREZZO,ROMA TIBURTINA,220.948,cammino
AREZZO,SESTRI LEVANTE,264.978,cammino
AREZZO,VIAREGGIO,171.103,cammino
ARONA,BORGO TICINO,8.23,adiacenti
ARONA,BUSTO ARSIZIO,32.6,cammino
ARONA,CUZZAGO,36.33,cammino
ARONA,DOMODOSSOLA,55.545,cammino
ARONA,DORMELLETTO PAESE,3.25,adiacenti
ARONA,GALLARATE,25.5,cammino
ARONA,MARANO TICINO,15.62,cammino
ARONA,MILANO CENTRALE,68.0,cammino
ARONA,MILANO PORTA GARIBALDI,64.24,cammino
ARONA,NOVARA,35.74,cammino
ARONA,OLEGGIO,19.15,cammino
ARONA,PREMOSELLO CHIOVENDA,40.015,cammino
ARONA,RHO,71.37,cammino
ARONA,SESTO CALENDE,8.52,adiacenti
ARONA,SOMMA LOMBARDO,18.02,cammino
ARONA,STRESA,17.335,adiacenti
ARONA,VERBANIA PALLANZA,26.075,cammino
ARQUATA SCRIVIA,ALBENGA,125.709,cammino
ARQUATA SCRIVIA,ALESSANDRIA,33.05,cammino
ARQUATA SCRIVIA,BOLOGNA CENTRALE,339.166,cammino
ARQUATA SCRIVIA,GENOVA BRIGNOLE,38.325,cammino
ARQUATA SCRIVIA,GENOVA P PRINCIPE,40.949,cammino
ARQUATA SCRIVIA,GENOVA PIAZZA PRINCIPE,35.785,cammino
ARQUATA SCRIVIA,GENOVA SAMPIERDARENA,49.511,cammino
ARQUATA SCRIVIA,MILANO CENTRALE,134.201,cammino
ARQUATA SCRIVIA,MILANO LAMBRATE,130.421,cammino
ARQUATA SCRIVIA,MILANO PORTA GARIBALDI,147.85,cammino
ARQUATA SCRIVIA,MILANO ROGOREDO,124.63,cammino
ARQUATA SCRIVIA,PAVIA,96.025,cammino
ARQUATA SCRIVIA,PIACENZA,186.454,cammino
ARQUATA SCRIVIA,RIMINI,437.4,cammino
ARQUATA SCRIVIA,RONCO SCRIVIA,10.485,adiacenti
ARQUATA SCRIVIA,SAVONA,88.359,cammino
ARQUATA SCRIVIA,SERRAVALLE SCRIVIA,4.32,adiacenti
ARQUATA SCRIVIA,SESTRI LEVANTE,80.88,cammino
ARQUATA SCRIVIA,TORINO LINGOTTO,118.805,cammino
ARQUATA SCRIVIA,TORINO PORTA NUOVA,123.125,cammino
ARQUATA SCRIVIA,TORTONA,54.965,cammino
ARQUATA SCRIVIA,VOGHERA,71.165,cammino
ASCIANO,CHIUSI C T,57.219,cammino
ASCIANO,EMPOLI,94.7,cammino
ASCIANO,GROSSETO,132.415,cammino
ASCIANO,ROMA OSTIENSE,226.609,cammino
ASCIANO,SIENA,31.738,cammino
ASSISI,FIRENZE S MARIA NOVELLA,174.914,cammino
ASSISI,FOLIGNO,15.669,cammino
ASSISI,ORTE,176.872,cammino
ASSISI,PERUGIA,23.97,cammino
ASSISI,ROMA S PIETRO,269.295,cammino
ASSISI,ROMA TERMINI,257.371,cammino
ASSISI,VENTIMIGLIA,558.382,cammino
ASTI,ACQUI TERME,45.47,cammino
ASTI,ALBA,96.055,cammino
ASTI,ALESSANDRIA,34.3,adiacenti
ASTI,ANCONA,597.783,cammino
ASTI,CAMBIANO SANTENA,39.34,cammino
ASTI,CHIVASSO,80.65,cammino
ASTI,GENOVA BRIGNOLE,105.67,cammino
ASTI,GENOVA P PRINCIPE,108.294,cammino
ASTI,GENOVA SAMPIERDARENA,116.856,cammino
ASTI,MILANO CENTRALE,135.446,cammino
ASTI,MILANO LAMBRATE,131.666,cammino
ASTI,MILANO PORTA GARIBALDI,149.095,cammino
ASTI,MILANO ROGOREDO,125.875,cammino
ASTI,MOMBARUZZO,32.3,cammino
ASTI,MONCALIERI,47.77,cammino
ASTI,MONTEGROSSO,12.11,cammino
ASTI,NIZZA MONFERRATO,24.96,cammino
ASTI,NOVI LIGURE,55.895,cammino
ASTI,PAVIA,97.27,cammino
ASTI,PESARO,538.145,cammino
ASTI,ROMA TERMINI,597.669,cammino
ASTI,S DAMIANO D ASTI,7.17,adiacenti
ASTI,TORINO LINGOTTO,51.46,adiacenti
ASTI,TORINO PORTA NUOVA,55.78,cammino
ASTI,TORINO STURA,64.31,cammino
ASTI,TORTONA,56.21,cammino
ASTI,TROFARELLO,42.75,cammino
ASTI,VILLANOVA D ASTI,25.62,cammino
ASTI,VOGHERA,72.41,cammino
ATTIGLIANO,FIRENZE S MARIA NOVELLA,204.972,cammino
AULLA LUNIGIANA,BAGNI DI LUCCA,66.606,cammino
AULLA LUNIGIANA,EMPOLI,125.056,cammino
AULLA LUNIGIANA,FIRENZE S MARIA NOVELLA,155.291,cammino
AULLA LUNIGIANA,FORNACI DI BARGA,58.061,cammino
AULLA LUNIGIANA,FORNOVO,75.385,cammino
AULLA LUNIGIANA,GENOVA BRIGNOLE,104.998,cammino
AULLA LUNIGIANA,GRAGNOLA,13.795,cammino
AULLA LUNIGIANA,LIVORNO CENTRALE,98.525,cammino
AULLA LUNIGIANA,LUCCA,78.816,cammino
AULLA LUNIGIANA,MASSA CENTRO,35.595,cammino
AULLA LUNIGIANA,PARMA,98.348,cammino
AULLA LUNIGIANA,PISA CENTRALE,78.03,cammino
AULLA LUNIGIANA,PONTREMOLI,19.968,cammino
AULLA LUNIGIANA,S PIETRO A VICO,84.05,cammino
AULLA LUNIGIANA,SARZANA,18.376,cammino
AULLA LUNIGIANA,VIAREGGIO,55.788,cammino
AVIGLIANA,BARDONECCHIA,62.11,cammino
AVIGLIANA,BUSSOLENO,21.43,adiacenti
AVIGLIANA,SUSA,28.96,cammino
AVIGLIANA,TORINO PORTA NUOVA,24.1,cammino
BAGNI DI LUCCA,AULLA LUNIGIANA,66.606,cammino
BAGNI DI LUCCA,LUCCA,23.307,cammino
BAGNI DI LUCCA,PISA CENTRALE,46.44,cammino
BARDONECCHIA,ASTI,141.99,cammino
BARDONECCHIA,AVIGLIANA,62.11,cammino
BARDONECCHIA,BUSSOLENO,40.68,cammino
BARDONECCHIA,COLLEGNO,76.42,cammino
BARDONECCHIA,GENOVA BRIGNOLE,247.66,cammino
BARDONECCHIA,GRUGLIASCO,78.71,cammino
BARDONECCHIA,MILANO CENTRALE,238.26,cammino
BARDONECCHIA,NOVI LIGURE,197.885,cammino
BARDONECCHIA,OULX CESANA CLAVIERE SESTRIERE,11.09,cammino
BARDONECCHIA,ROMA TERMINI,739.659,cammino
BARDONECCHIA,RONCO SCRIVIA,219.82,cammino
BARDONECCHIA,SALBERTRAND,17.03,cammino
BARDONECCHIA,TORINO PORTA NUOVA,86.21,cammino
BASTIA,ROMA TERMINI,253.974,cammino
BERCETO,COLLECCHIO,33.279,cammino
BERCETO,PARMA,45.045,cammino
BERCETO,VICOFERTILE,37.757,cammino
BERGAMO,BRESCIA,48.699,cammino
BERGAMO,COCCAGLIO,29.573,cammino
BERGAMO,CREMONA,98.905,cammino
BERGAMO,FIDENZA,132.786,cammino
BERGAMO,FORNOVO,157.503,cammino
BERGAMO,IMPERIA,449.11,cammino
BERGAMO,MANERBIO,70.677,cammino
BERGAMO,MILANO CENTRALE,239.295,cammino
BERGAMO,MILANO LAMBRATE,235.515,cammino
BERGAMO,MILANO PORTA GARIBALDI,260.775,cammino
BERGAMO,MONTELLO GORLAGO,11.174,cammino
BERGAMO,PESARO,584.721,cammino
BERGAMO,PISA CENTRALE,310.918,cammino
BERGAMO,RIMINI,551.321,cammino
BERGAMO,ROMA TERMINI,644.245,cammino
BERGAMO,ROVATO,31.678,cammino
BERGAMO,SERIATE,3.572,adiacenti
BERGAMO,TORINO PORTA NUOVA,391.345,cammino
BERGAMO,VENTIMIGLIA,487.46,cammino
BIELLA S PAOLO,BIANZE,34.85,cammino
BIELLA S PAOLO,CHIVASSO,57.4,cammino
BIELLA S PAOLO,COSSATO,10.42,adiacenti
BIELLA S PAOLO,NOVARA,50.77,cammino
BIELLA S PAOLO,ROVASENDA,23.23,cammino
BIELLA S PAOLO,SALUSSOLA,15.555,adiacenti
BIELLA S PAOLO,SANTHIA,26.72,adiacenti
BIELLA S PAOLO,TORINO LINGOTTO,86.59,cammino
BIELLA S PAOLO,TORINO PORTA NUOVA,85.78,cammino
BOLOGNA CENTRALE,ALESSANDRIA,372.216,cammino
BOLOGNA CENTRALE,ANCONA,205.524,cammino
BOLOGNA CENTRALE,AREZZO,168.549,cammino
BOLOGNA CENTRALE,ARQUATA SCRIVIA,339.166,cammino
BOLOGNA CENTRALE,BOLOGNA S VITALE,2.726,adiacenti
BOLOGNA CENTRALE,CASALPUSTERLENGO,372.4,cammino
BOLOGNA CENTRALE,CASTELBOLOGNESE,43.204,cammino
BOLOGNA CENTRALE,CESENA,84.06,cammino
BOLOGNA CENTRALE,CESENATICO,112.542,cammino
BOLOGNA CENTRALE,CODOGNO,367.543,cammino
BOLOGNA CENTRALE,FAENZA,50.447,cammino
BOLOGNA CENTRALE,FANO,158.368,cammino
BOLOGNA CENTRALE,FIDENZA,320.3,cammino
BOLOGNA CENTRALE,FIORENZUOLA,333.775,cammino
BOLOGNA CENTRALE,FIRENZE RIFREDI,94.185,cammino
BOLOGNA CENTRALE,FIRENZE S MARIA NOVELLA,96.949,cammino
BOLOGNA CENTRALE,FORLI,66.175,cammino
BOLOGNA CENTRALE,GENOVA BRIGNOLE,300.841,cammino
BOLOGNA CENTRALE,GENOVA P PRINCIPE,303.465,cammino
BOLOGNA CENTRALE,GRIZZANA,35.7,cammino
BOLOGNA CENTRALE,IGEA MARINA,123.148,cammino
BOLOGNA CENTRALE,IMOLA,35.398,adiacenti
BOLOGNA CENTRALE,LODI,391.263,cammino
BOLOGNA CENTRALE,MAROTTA MONDOLFO,170.618,cammino
BOLOGNA CENTRALE,MARRADI,84.792,cammino
BOLOGNA CENTRALE,MILANO CENTRALE,426.809,cammino
BOLOGNA CENTRALE,MILANO LAMBRATE,423.029,cammino
BOLOGNA CENTRALE,MILANO PORTA GARIBALDI,448.289,cammino
BOLOGNA CENTRALE,MILANO ROGOREDO,417.238,cammino
BOLOGNA CENTRALE,MONZUNO,25.511,cammino
BOLOGNA CENTRALE,PARMA,318.546,cammino
BOLOGNA CENTRALE,PESARO,145.886,cammino
BOLOGNA CENTRALE,PIACENZA,355.414,cammino
BOLOGNA CENTRALE,PIANORO,16.358,cammino
BOLOGNA CENTRALE,PORRETTA TERME,137.452,cammino
BOLOGNA CENTRALE,PRATO CENTRALE,80.542,cammino
BOLOGNA CENTRALE,RAVENNA,83.92,cammino
BOLOGNA CENTRALE,RHO FIERA,439.429,cammino
BOLOGNA CENTRALE,RIMINI,112.486,adiacenti
BOLOGNA CENTRALE,RIMINI VISERBA,116.73,cammino
BOLOGNA CENTRALE,ROMA OSTIENSE,401.13,cammino
BOLOGNA CENTRALE,ROMA S PIETRO,405.941,cammino
BOLOGNA CENTRALE,ROMA TERMINI,394.017,cammino
BOLOGNA CENTRALE,ROMA TIBURTINA,389.497,cammino
BOLOGNA CENTRALE,RUSSI,67.536,cammino
BOLOGNA CENTRALE,SENIGALLIA,179.659,cammino
BOLOGNA CENTRALE,TORINO PORTA NUOVA,462.291,cammino
BOLOGNA CENTRALE,TORINO STURA,469.671,cammino
BOLOGNA CENTRALE,VAIANO,70.417,cammino
BOLOGNA CENTRALE,VOGHERA,410.331,cammino
BORGO A BUGGIANO,FIRENZE S MARIA NOVELLA,50.476,cammino
BORGO A BUGGIANO,LUCCA,26.771,cammino
BORGO A BUGGIANO,VIAREGGIO,49.799,cammino
BORGO REVEL,ALESSANDRIA,70.565,cammino
BORGO S DALMAZZO,CUNEO,8.58,adiacenti
BORGO S DALMAZZO,VENTIMIGLIA,87.32,cammino
BORGO S MARTINO,ALESSANDRIA,25.58,cammino
BORGO TICINO,ARONA,8.23,adiacenti
BORGO TICINO,NOVARA,27.51,cammino
BORGOMANERO,DOMODOSSOLA,56.46,cammino
BORGOMANERO,NOVARA,30.405,cammino
BORGONE,TORINO PORTA NUOVA,38.1,cammino
BRA,ALBA,17.485,cammino
BRA,CARMAGNOLA,20.45,cammino
BRA,CAVALLERMAGGIORE,12.9,cammino
BRA,TORINO LINGOTTO,44.53,cammino
BRA,TORINO PORTA NUOVA,48.85,cammino
BRA,TORINO STURA,57.38,cammino
BREIL SUR ROYA,CUNEO,74.245,cammino
BRESCIA,ANCONA,595.66,cammino
BRESCIA,BERGAMO,48.699,cammino
BRESCIA,BOLOGNA CENTRALE,404.387,cammino
BRESCIA,COCCAGLIO,19.126,cammino
BRESCIA,CREMONA,50.206,cammino
BRESCIA,FIDENZA,84.087,cammino
BRESCIA,MANERBIO,21.978,adiacenti
BRESCIA,MILANO CENTRALE,190.596,cammino
BRESCIA,MILANO LAMBRATE,186.816,cammino
BRESCIA,MILANO PORTA GARIBALDI,212.076,cammino
BRESCIA,MONTELLO GORLAGO,37.525,cammino
BRESCIA,ORVIETO,500.595,cammino
BRESCIA,PARMA,131.767,cammino
BRESCIA,PESARO,536.022,cammino
BRESCIA,PISA CENTRALE,262.219,cammino
BRESCIA,RAVENNA,474.037,cammino
BRESCIA,RIMINI,502.622,cammino
BRESCIA,ROMA TERMINI,595.546,cammino
BRESCIA,ROVATO,17.021,adiacenti
BRESCIA,SERIATE,45.127,cammino
BRESCIA,TORINO PORTA NUOVA,342.646,cammino
BRISIGHELLA,FAENZA,13.03,adiacenti
BRISIGHELLA,FIRENZE S MARIA NOVELLA,88.054,cammino
BRISIGHELLA,RIMINI,75.088,cammino
BUONCONVENTO,CASTELLINA CH,42.883,cammino
BUONCONVENTO,CERTALDO,67.343,cammino
BUONCONVENTO,EMPOLI,91.707,cammino
BUONCONVENTO,FIRENZE S MARIA NOVELLA,121.942,cammino
BUONCONVENTO,GRANAIOLO,81.655,cammino
BUONCONVENTO,GROSSETO,71.932,cammino
BUONCONVENTO,POGGIBONSI,53.798,cammino
BUONCONVENTO,PONTE A ELSA,87.495,cammino
BUONCONVENTO,SIENA,28.745,cammino
BUSSETO,CREMONA,21.224,cammino
BUSSETO,FIDENZA,12.657,adiacenti
BUSSETO,PARMA,60.337,cammino
BUSSOLENO,AVIGLIANA,21.43,adiacenti
BUSSOLENO,BARDONECCHIA,40.68,cammino
BUSSOLENO,COLLEGNO,35.74,cammino
BUSSOLENO,SALBERTRAND,23.65,cammino
BUSSOLENO,SUSA,7.53,adiacenti
BUSSOLENO,TORINO PORTA NUOVA,45.53,cammino
BUSTO ARSIZIO,ARONA,32.6,cammino
BUSTO ARSIZIO,DOMODOSSOLA,88.145,cammino
BUSTO ARSIZIO,MILANO CENTRALE,35.4,cammino
BUSTO ARSIZIO,MILANO LAMBRATE,39.18,cammino
BUSTO ARSIZIO,MILANO PORTA GARIBALDI,31.64,cammino
BUSTO ARSIZIO,VENTIMIGLIA,330.475,cammino
CAIRO MONTENOTTE,ALESSANDRIA,79.205,cammino
CALTIGNAGA,DOMODOSSOLA,78.895,cammino
CALUSO,IVREA,18.54,cammino
CALUSO,NOVARA,85.61,cammino
CALUSO,TORINO PORTA NUOVA,42.3,cammino
CAMBIANO SANTENA,ASTI,39.34,cammino
CAMBIANO SANTENA,TORINO LINGOTTO,12.12,cammino
CAMBIANO SANTENA,TORINO STURA,24.97,cammino
CAMPOMIGLIAIO,FIRENZE S MARIA NOVELLA,26.729,cammino
CANDIA CANAVESE,CHIVASSO,17.42,cammino
CANDIA CANAVESE,NOVARA,89.11,cammino
CANDIA CANAVESE,TORINO PORTA NUOVA,45.8,cammino
CANDIOLO,CHIVASSO,39.56,cammino
CANDIOLO,PINEROLO,22.655,cammino
CAPALBIO,PISA CENTRALE,198.348,cammino
CARMAGNOLA,ALBA,37.935,cammino
CARMAGNOLA,BRA,20.45,cammino
CARMAGNOLA,CUNEO,60.18,cammino
CARMAGNOLA,FOSSANO,35.04,cammino
CARMAGNOLA,SAVONA,118.84,cammino
CARMAGNOLA,TORINO LINGOTTO,24.08,adiacenti
CARMAGNOLA,TORINO PORTA NUOVA,28.4,cammino
CARMAGNOLA,TORINO STURA,36.93,cammino
CARMAGNOLA,TROFARELLO,15.37,adiacenti
CARMAGNOLA,VENTIMIGLIA,156.08,cammino
CASALE MONFERRATO,ALESSANDRIA,32.72,cammino
CASALE MONFERRATO,CHIVASSO,48.395,cammino
CASALE MONFERRATO,MILANO PORTA GARIBALDI,119.64,cammino
CASALE MONFERRATO,MORTARA,47.18,cammino
CASALE MONFERRATO,NOVARA,71.42,cammino
CASALE MONFERRATO,TRINO VERCELLESE,15.965,cammino
CASALE POPOLO,ALESSANDRIA,36.21,cammino
CASALPUSTERLENGO,BOLOGNA CENTRALE,372.4,cammino
CASALPUSTERLENGO,CREMONA,85.981,cammino
CASALPUSTERLENGO,MILANO CENTRALE,54.409,cammino
CASALPUSTERLENGO,MILANO LAMBRATE,50.629,cammino
CASALPUSTERLENGO,PAVIA,73.443,cammino
CASALPUSTERLENGO,PIACENZA,16.986,cammino
CASALPUSTERLENGO,RIMINI,470.635,cammino
CASCINA,PISA CENTRALE,12.539,adiacenti
CASSINE,ALESSANDRIA,21.03,cammino
CASSINE,SAVONA,81.185,cammino
CASTELBOLOGNESE,ANCONA,162.339,cammino
CASTELBOLOGNESE,ARQUATA SCRIVIA,382.37,cammino
CASTELBOLOGNESE,BOLOGNA CENTRALE,43.204,cammino
CASTELBOLOGNESE,GENOVA BRIGNOLE,344.045,cammino
CASTELBOLOGNESE,MILANO CENTRALE,470.013,cammino
CASTELBOLOGNESE,PESARO,102.701,cammino
CASTELBOLOGNESE,PIACENZA,398.618,cammino
CASTELBOLOGNESE,RAVENNA,40.716,cammino
CASTELBOLOGNESE,RIMINI,69.301,cammino
CASTELBOLOGNESE,RIMINI VISERBA,73.545,cammino
CASTELBOLOGNESE,RUSSI,24.332,cammino
CASTELLINA CH,EMPOLI,49.365,cammino
CASTELLINA CH,FIRENZE S MARIA NOVELLA,79.6,cammino
CASTELLINA CH,SIENA,14.138,adiacenti
CASTELVETRO,CREMONA,6.091,adiacenti
CASTELVETRO,FIDENZA,27.79,cammino
CAVALLERMAGGIORE,BRA,12.9,cammino
CAVALLERMAGGIORE,CARMAGNOLA,16.13,adiacenti
CAVALLERMAGGIORE,CEVA,57.07,cammino
CAVALLERMAGGIORE,CUNEO,44.05,cammino
CAVALLERMAGGIORE,FOSSANO,18.91,cammino
CAVALLERMAGGIORE,SAVONA,102.71,cammino
CAVALLERMAGGIORE,TORINO LINGOTTO,40.21,cammino
CAVALLERMAGGIORE,TORINO PORTA NUOVA,44.53,cammino
CAVALLERMAGGIORE,TORINO STURA,53.06,cammino
CAVALLERMAGGIORE,VENTIMIGLIA,139.95,cammino
CECINA,FIRENZE S MARIA NOVELLA,131.411,cammino
CECINA,GROSSETO,94.04,cammino
CECINA,MILANO CENTRALE,338.791,cammino
CECINA,PISA CENTRALE,54.15,cammino
CENGIO,FOSSANO,54.76,cammino
CENTALLO,TORINO PORTA NUOVA,75.38,cammino
CERTALDO,CHIUSI C T,127.555,cammino
CERTALDO,EMPOLI,24.905,cammino
CERTALDO,FIRENZE S MARIA NOVELLA,55.14,cammino
CERTALDO,SIENA,38.598,cammino
CESENA,ANCONA,121.483,cammino
CESENA,BOLOGNA CENTRALE,84.06,cammino
CESENA,FAENZA,33.613,cammino
CESENA,IMOLA,48.662,cammino
CESENA,MILANO CENTRALE,496.599,cammino
CESENA,PARMA,388.336,cammino
CESENA,PIACENZA,425.204,cammino
CESENA,RIMINI,28.445,adiacenti
CESENATICO,BOLOGNA CENTRALE,112.542,cammino
CESENATICO,MILANO CENTRALE,525.081,cammino
CESENATICO,PESARO,54.689,cammino
CESENATICO,RAVENNA,28.622,cammino
CESENATICO,RIMINI,21.289,cammino
CEVA,CARMAGNOLA,73.2,cammino
CEVA,CAVALLERMAGGIORE,57.07,cammino
CEVA,FOSSANO,38.16,cammino
CEVA,MONDOVI,19.17,adiacenti
CEVA,S GIUSEPPE DI CAIRO,25.35,adiacenti
CEVA,SAVONA,45.64,cammino
CEVA,TORINO PORTA NUOVA,101.6,cammino
CHIAVARI,GENOVA BRIGNOLE,35.095,cammino
CHIAVARI,MILANO CENTRALE,207.621,cammino
CHIAVARI,PISA CENTRALE,123.577,cammino
CHIAVARI,ROMA TERMINI,456.904,cammino
CHIAVARI,SAVONA,85.129,cammino
CHIERI,MONCALIERI,13.58,cammino
CHIERI,TORINO LINGOTTO,17.27,cammino
CHIERI,TORINO PORTA SUSA,23.12,cammino
CHIERI,TORINO STURA,30.12,cammino
CHIERI,TROFARELLO,8.56,adiacenti
CHIOMONTE,TORINO PORTA NUOVA,59.47,cammino
CHIUSI C T,ALVIANO,59.124,cammino
CHIUSI C T,ARBIA,79.234,cammino
CHIUSI C T,AREZZO,63.191,cammino
CHIUSI C T,ASCIANO,57.219,cammino
CHIUSI C T,ATTIGLIANO,68.142,cammino
CHIUSI C T,BOLOGNA CENTRALE,231.74,cammino
CHIUSI C T,CASTELLINA CH,103.095,cammino
CHIUSI C T,CERTALDO,127.555,cammino
CHIUSI C T,COMPIOBBI,134.686,cammino
CHIUSI C T,EMPOLI,151.919,cammino
CHIUSI C T,FIGLINE VALDARNO,107.015,cammino
CHIUSI C T,FIRENZE CASTELLO,140.173,cammino
CHIUSI C T,FIRENZE RIFREDI,137.555,cammino
CHIUSI C T,FIRENZE S MARIA NOVELLA,136.83,cammino
CHIUSI C T,FOLIGNO,110.763,cammino
CHIUSI C T,GRANAIOLO,141.867,cammino
CHIUSI C T,MONTEPULCIANO,18.762,adiacenti
CHIUSI C T,ORTE,81.778,cammino
CHIUSI C T,ORVIETO,39.431,cammino
CHIUSI C T,PARMA,375.323,cammino
CHIUSI C T,PERUGIA,71.124,cammino
CHIUSI C T,PISTOIA,168.257,cammino
CHIUSI C T,POGGIBONSI,114.01,cammino
CHIUSI C T,PONTASSIEVE,127.069,cammino
CHIUSI C T,PONTE A ELSA,147.707,cammino
CHIUSI C T,PRATO CENTRALE,151.198,cammino
CHIUSI C T,RAPOLANO TERME,50.983,cammino
CHIUSI C T,RIGOMAGNO,38.387,cammino
CHIUSI C T,ROMA TERMINI,162.277,cammino
CHIUSI C T,ROMA TIBURTINA,157.757,cammino
CHIUSI C T,SIENA,88.957,cammino
CHIUSI C T,SINALUNGA,32.6,cammino
CHIVASSO,AIRASCA,49.565,cammino
CHIVASSO,ALESSANDRIA,81.115,cammino
CHIVASSO,ASTI,80.65,cammino
CHIVASSO,BIELLA S PAOLO,57.4,cammino
CHIVASSO,BORGO REVEL,10.55,cammino
CHIVASSO,BORGO S MARTINO,55.535,cammino
CHIVASSO,CALUSO,13.92,cammino
CHIVASSO,CANDIA CANAVESE,17.42,cammino
CHIVASSO,CANDIOLO,39.56,cammino
CHIVASSO,CASALE MONFERRATO,48.395,cammino
CHIVASSO,CASALE POPOLO,44.905,cammino
CHIVASSO,CRESCENTINO,17.64,cammino
CHIVASSO,FONTANETTO PO,24.06,cammino
CHIVASSO,GIAROLE,60.215,cammino
CHIVASSO,IVREA,32.46,adiacenti
CHIVASSO,LIVORNO FERRARIS,18.15,cammino
CHIVASSO,MILANO CENTRALE,123.67,cammino
CHIVASSO,MILANO PORTA GARIBALDI,119.91,cammino
CHIVASSO,MONCALIERI SANGONE,32.475,cammino
CHIVASSO,MORANO SUL PO,38.5,cammino
CHIVASSO,NICHELINO,34.775,cammino
CHIVASSO,NONE,44.935,cammino
CHIVASSO,NOVARA,71.69,cammino
CHIVASSO,PINEROLO,62.215,cammino
CHIVASSO,PINEROLO OLIMPICA,61.27,cammino
CHIVASSO,PISCINA DI PINEROLO,54.195,cammino
CHIVASSO,SANTHIA,30.68,adiacenti
CHIVASSO,STRAMBINO,23.38,cammino
CHIVASSO,TORINO LINGOTTO,29.19,cammino
CHIVASSO,TORINO PORTA NUOVA,28.38,cammino
CHIVASSO,TORINO PORTA SUSA,23.35,adiacenti
CHIVASSO,TORINO STURA,16.34,cammino
CHIVASSO,TRINO VERCELLESE,32.43,cammino
CHIVASSO,VALENZA,67.175,cammino
CHIVASSO,VERCELLI,49.8,cammino
CIVITAVECCHIA,GENOVA P PRINCIPE,416.608,cammino
CIVITAVECCHIA,GROSSETO,107.122,cammino
CIVITAVECCHIA,MACCARESE FREGENE,46.533,cammino
CIVITAVECCHIA,MARINA DI CERVETERI,26.401,cammino
CIVITAVECCHIA,MILANO CENTRALE,539.953,cammino
CIVITAVECCHIA,PISA CENTRALE,255.312,cammino
CIVITAVECCHIA,ROMA OSTIENSE,70.902,cammino
CIVITAVECCHIA,ROMA S PIETRO,66.091,cammino
CIVITAVECCHIA,ROMA TERMINI,78.015,cammino
CIVITAVECCHIA,ROMA TIBURTINA,82.535,cammino
CIVITAVECCHIA,ROMA TRASTEVERE,69.42,cammino
CIVITAVECCHIA,ROMA TUSCOLANA,74.587,cammino
CIVITAVECCHIA,S MARINELLA,8.906,adiacenti
CIVITAVECCHIA,SESTRI LEVANTE,371.429,cammino
CIVITAVECCHIA,TARQUINIA,19.884,adiacenti
CIVITAVECCHIA,TORINO PORTA NUOVA,575.434,cammino
CIVITAVECCHIA,VENTIMIGLIA,563.558,cammino
COCCAGLIO,BERGAMO,29.573,cammino
COCCAGLIO,BRESCIA,19.126,cammino
CODOGNO,BOLOGNA CENTRALE,367.543,cammino
CODOGNO,CASALPUSTERLENGO,4.857,adiacenti
CODOGNO,CREMONA,81.124,cammino
CODOGNO,LODI,23.72,cammino
CODOGNO,MILANO CENTRALE,59.266,cammino
CODOGNO,MILANO LAMBRATE,55.486,cammino
CODOGNO,MILANO PORTA GARIBALDI,80.746,cammino
CODOGNO,MILANO ROGOREDO,49.695,cammino
CODOGNO,PARMA,94.923,cammino
CODOGNO,PAVIA,78.3,cammino
CODOGNO,PIACENZA,12.129,adiacenti
CODOGNO,RIMINI,465.778,cammino
COGOLETO,ALASSIO,61.161,cammino
COGOLETO,ALBENGA,55.021,cammino
COGOLETO,GENOVA BRIGNOLE,32.363,cammino
COGOLETO,GENOVA NERVI,40.58,cammino
COGOLETO,GENOVA P PRINCIPE,29.739,cammino
COGOLETO,RECCO,49.813,cammino
COGOLETO,SAVONA,17.671,cammino
COGOLETO,SESTRI LEVANTE,74.918,cammino
COGOLETO,VENTIMIGLIA,117.211,cammino
COLLECCHIO,BERCETO,33.279,cammino
COLLECCHIO,PARMA,11.766,cammino
COLLEGNO,BARDONECCHIA,76.42,cammino
COLLEGNO,BUSSOLENO,35.74,cammino
COLLEGNO,S ANTONINO VAIE,24.77,cammino
COLLEGNO,SALBERTRAND,59.39,cammino
COLLEGNO,SUSA,43.27,cammino
COLLEGNO,TORINO PORTA NUOVA,9.79,adiacenti
COMPIOBBI,AREZZO,71.495,cammino
COMPIOBBI,FIRENZE S MARIA NOVELLA,12.154,cammino
COMPIOBBI,PISTOIA,43.581,cammino
CONTEA LONDA,FIRENZE RIFREDI,35.183,cammino
CONTEA LONDA,FIRENZE S MARIA NOVELLA,34.458,cammino
CONTEA LONDA,PONTASSIEVE,14.687,cammino
CORBEZZI,FIRENZE S MARIA NOVELLA,51.044,cammino
CORBEZZI,PISTOIA,17.578,cammino
CORBEZZI,PORRETTA TERME,22.273,cammino
CORNIGLIA,GENOVA BRIGNOLE,74.176,cammino
CORNIGLIA,LEVANTO,10.327,adiacenti
CORNIGLIA,SARZANA,24.843,cammino
CORNIGLIA,SESTRI LEVANTE,31.621,cammino
COSSATO,NOVARA,40.35,cammino
CREMONA,BERGAMO,98.905,cammino
CREMONA,BRESCIA,50.206,cammino
CREMONA,BUSSETO,21.224,cammino
CREMONA,CASALPUSTERLENGO,85.981,cammino
CREMONA,CASTELVETRO,6.091,adiacenti
CREMONA,CODOGNO,81.124,cammino
CREMONA,FIDENZA,33.881,cammino
CREMONA,FORNOVO,58.598,cammino
CREMONA,LODI,104.844,cammino
CREMONA,MANERBIO,28.228,cammino
CREMONA,MILANO CENTRALE,140.39,cammino
CREMONA,MILANO LAMBRATE,136.61,cammino
CREMONA,MILANO PORTA GARIBALDI,161.87,cammino
CREMONA,MILANO ROGOREDO,130.819,cammino
CREMONA,PARMA,81.561,cammino
CREMONA,PAVIA,159.424,cammino
CREMONA,PISA CENTRALE,212.013,cammino
CREMONA,VEROLANUOVA,22.949,adiacenti
CRESCENTINO,ALESSANDRIA,63.475,cammino
CUNEO,BORGO S DALMAZZO,8.58,adiacenti
CUNEO,BREIL SUR ROYA,74.245,cammino
CUNEO,CARMAGNOLA,60.18,cammino
CUNEO,CAVALLERMAGGIORE,44.05,cammino
CUNEO,CENTALLO,13.2,adiacenti
CUNEO,FOSSANO,25.14,cammino
CUNEO,LIMONE,28.33,adiacenti
CUNEO,RACCONIGI,51.1,cammino
CUNEO,ROBILANTE,13.08,cammino
CUNEO,SAVIGLIANO,37.3,cammino
CUNEO,TORINO LINGOTTO,84.26,cammino
CUNEO,TORINO PORTA NUOVA,88.58,cammino
CUNEO,TROFARELLO,75.55,cammino
CUNEO,VENTIMIGLIA,95.9,cammino
CUNEO,VERNANTE,19.5,adiacenti
DEGO,ALESSANDRIA,72.01,cammino
DEIVA MARINA,GENOVA BRIGNOLE,54.523,cammino
DEIVA MARINA,SARZANA,44.496,cammino
DEIVA MARINA,SAVONA,104.557,cammino
DEIVA MARINA,SESTRI LEVANTE,11.968,cammino
DICOMANO,FIRENZE RIFREDI,38.611,cammino
DICOMANO,FIRENZE S MARIA NOVELLA,37.886,cammino
DICOMANO,PONTASSIEVE,18.115,cammino
DOMODOSSOLA,ARONA,55.545,cammino
DOMODOSSOLA,BOLOGNA CENTRALE,525.661,cammino
DOMODOSSOLA,BORGOMANERO,56.46,cammino
DOMODOSSOLA,BUSTO ARSIZIO,88.145,cammino
DOMODOSSOLA,CALTIGNAGA,78.895,cammino
DOMODOSSOLA,CRESSA FONTANETO,63.0,cammino
DOMODOSSOLA,GALLARATE,81.045,cammino
DOMODOSSOLA,GOZZANO,51.15,cammino
DOMODOSSOLA,GRAVELLONA TOCE,28.12,cammino
DOMODOSSOLA,MILANO CENTRALE,123.545,cammino
DOMODOSSOLA,MILANO LAMBRATE,127.325,cammino
DOMODOSSOLA,MILANO PORTA GARIBALDI,119.785,cammino
DOMODOSSOLA,NOVARA,86.865,cammino
DOMODOSSOLA,OMEGNA,35.46,cammino
DOMODOSSOLA,PIEVE VERGONTE,13.09,cammino
DOMODOSSOLA,PREMOSELLO CHIOVENDA,15.53,adiacenti
DOMODOSSOLA,SESTO CALENDE,64.055,cammino
DOMODOSSOLA,SOMMA LOMBARDO,73.565,cammino
DOMODOSSOLA,STRESA,38.21,cammino
DOMODOSSOLA,VERBANIA PALLANZA,29.47,adiacenti
ELLERA CORCIANO,FIRENZE S MARIA NOVELLA,140.891,cammino
ELLERA CORCIANO,PERUGIA,10.053,adiacenti
EMPOLI,ARBIA,72.685,cammino
EMPOLI,ASCIANO,94.7,cammino
EMPOLI,CASTELLINA CH,49.365,cammino
EMPOLI,CERTALDO,24.905,cammino
EMPOLI,CHIUSI C T,151.919,cammino
EMPOLI,FIRENZE CASTELLO,27.311,cammino
EMPOLI,FIRENZE RIFREDI,27.471,adiacenti
EMPOLI,FIRENZE S MARIA NOVELLA,30.235,adiacenti
EMPOLI,FOLLONICA,153.327,cammino
EMPOLI,GRANAIOLO,10.593,adiacenti
EMPOLI,GROSSETO,163.639,cammino
EMPOLI,LIVORNO CENTRALE,67.521,cammino
EMPOLI,MILANO CENTRALE,331.667,cammino
EMPOLI,ORBETELLO,201.542,cammino
EMPOLI,P M BADESSE,55.647,cammino
EMPOLI,PISA CENTRALE,47.026,cammino
EMPOLI,POGGIBONSI,38.45,cammino
EMPOLI,PONTE A ELSA,4.753,adiacenti
EMPOLI,PONTREMOLI,145.024,cammino
EMPOLI,RAPOLANO TERME,100.936,cammino
EMPOLI,RHO,348.017,cammino
EMPOLI,ROMA OSTIENSE,321.309,cammino
EMPOLI,ROMA TERMINI,314.196,cammino
EMPOLI,SIENA,62.962,adiacenti
EMPOLI,TORINO PORTA NUOVA,367.148,cammino
EMPOLI,VIAREGGIO,69.268,cammino
EQUI TERME,PISA CENTRALE,93.221,cammino
FABRO FICULLE,ROMA TERMINI,145.399,cammino
FAENZA,ANCONA,155.096,cammino
FAENZA,BOLOGNA CENTRALE,50.447,cammino
FAENZA,BRISIGHELLA,13.03,adiacenti
FAENZA,CAMPOMIGLIAIO,74.355,cammino
FAENZA,CESENA,33.613,cammino
FAENZA,FIESOLE CALDINE,92.491,cammino
FAENZA,FIRENZE S MARIA NOVELLA,101.084,cammino
FAENZA,IMOLA,15.049,cammino
FAENZA,MARRADI,34.345,cammino
FAENZA,MILANO PORTA GARIBALDI,484.466,cammino
FAENZA,PARMA,354.723,cammino
FAENZA,PESARO,95.458,cammino
FAENZA,PIACENZA,391.591,cammino
FAENZA,RAVENNA,33.473,adiacenti
FAENZA,RIMINI,62.058,cammino
FAENZA,RUSSI,17.089,cammino
FAENZA,S CASSIANO,25.022,cammino
FAENZA,S PIERO A SIEVE,71.23,cammino
FANO,ANCONA,47.156,cammino
FANO,BOLOGNA CENTRALE,158.368,cammino
FANO,MILANO CENTRALE,570.926,cammino
FANO,PARMA,462.663,cammino
FANO,PIACENZA,499.531,cammino
FANO,RIMINI,45.882,cammino
FIDENZA,ANCONA,511.573,cammino
FIDENZA,BERGAMO,132.786,cammino
FIDENZA,BOLOGNA CENTRALE,320.3,cammino
FIDENZA,BRESCIA,84.087,cammino
FIDENZA,BUSSETO,12.657,adiacenti
FIDENZA,CASTELVETRO,27.79,cammino
FIDENZA,CREMONA,33.881,cammino
FIDENZA,GENOVA BRIGNOLE,205.1,cammino
FIDENZA,GENOVA P PRINCIPE,207.724,cammino
FIDENZA,LIVORNO CENTRALE,198.627,cammino
FIDENZA,MASSA CENTRO,135.697,cammino
FIDENZA,MILANO CENTRALE,106.509,cammino
FIDENZA,MILANO LAMBRATE,102.729,cammino
FIDENZA,MILANO PORTA GARIBALDI,127.989,cammino
FIDENZA,MONTELLO GORLAGO,121.612,cammino
FIDENZA,PARMA,47.68,cammino
FIDENZA,PESARO,451.935,cammino
FIDENZA,PIACENZA,35.114,adiacenti
FIDENZA,PISA CENTRALE,178.132,cammino
FIDENZA,RIMINI,418.535,cammino
FIDENZA,SARZANA,118.478,cammino
FIDENZA,VOGHERA,150.403,cammino
FIESOLE CALDINE,FAENZA,92.491,cammino
FIESOLE CALDINE,FIRENZE S MARIA NOVELLA,8.593,cammino
FIGLINE VALDARNO,AREZZO,43.824,cammino
FIGLINE VALDARNO,CHIUSI C T,107.015,cammino
FIGLINE VALDARNO,FIRENZE CASTELLO,33.158,cammino
FIGLINE VALDARNO,FIRENZE S MARIA NOVELLA,29.815,cammino
FIGLINE VALDARNO,FOLIGNO,160.768,cammino
FIGLINE VALDARNO,ORTE,188.793,cammino
FIGLINE VALDARNO,PERUGIA,121.129,cammino
FIGLINE VALDARNO,PISTOIA,61.242,cammino
FIGLINE VALDARNO,PRATO CENTRALE,44.183,cammino
FIGLINE VALDARNO,ROMA TERMINI,269.292,cammino
FIGLINE VALDARNO,ROMA TIBURTINA,264.772,cammino
FILATTIERA,PARMA,84.971,cammino
FILATTIERA,PISA CENTRALE,91.407,cammino
FIORENZUOLA,ANCONA,525.048,cammino
FIORENZUOLA,BOLOGNA CENTRALE,333.775,cammino
FIORENZUOLA,LIVORNO CENTRALE,212.102,cammino
FIORENZUOLA,PESARO,465.41,cammino
FIORENZUOLA,RIMINI,432.01,cammino
FIRENZE CASTELLO,AREZZO,76.982,cammino
FIRENZE CASTELLO,CHIUSI C T,140.173,cammino
FIRENZE CASTELLO,EMPOLI,27.311,cammino
FIRENZE CASTELLO,FIGLINE VALDARNO,33.158,cammino
FIRENZE CASTELLO,FIRENZE S MARIA NOVELLA,5.382,cammino
FIRENZE CASTELLO,LUCCA,71.865,cammino
FIRENZE CASTELLO,PISA CENTRALE,74.337,cammino
FIRENZE CASTELLO,PISTOIA,28.084,cammino
FIRENZE CASTELLO,PONTASSIEVE,23.114,cammino
FIRENZE CASTELLO,PRATO CENTRALE,11.025,cammino
FIRENZE CASTELLO,VIAREGGIO,94.893,cammino
FIRENZE RIFREDI,AREZZO,74.364,cammino
FIRENZE RIFREDI,AULLA LUNIGIANA,152.527,cammino
FIRENZE RIFREDI,BARDONECCHIA,480.829,cammino
FIRENZE RIFREDI,BOLOGNA CENTRALE,94.185,cammino
FIRENZE RIFREDI,CHIUSI C T,137.555,cammino
FIRENZE RIFREDI,EMPOLI,27.471,adiacenti
FIRENZE RIFREDI,FIGLINE VALDARNO,30.54,cammino
FIRENZE RIFREDI,FIRENZE S MARIA NOVELLA,2.764,adiacenti
FIRENZE RIFREDI,INCISA,34.903,cammino
FIRENZE RIFREDI,LIVORNO CENTRALE,94.992,cammino
FIRENZE RIFREDI,LUCCA,74.483,cammino
FIRENZE RIFREDI,MILANO CENTRALE,359.138,cammino
FIRENZE RIFREDI,PESCIA,51.368,cammino
FIRENZE RIFREDI,PISA CENTRALE,74.497,cammino
FIRENZE RIFREDI,PISTOIA,30.702,cammino
FIRENZE RIFREDI,POGGIBONSI,65.921,cammino
FIRENZE RIFREDI,PONTASSIEVE,20.496,cammino
FIRENZE RIFREDI,PONTREMOLI,172.495,cammino
FIRENZE RIFREDI,PRATO CENTRALE,13.643,adiacenti
FIRENZE RIFREDI,ROMA TERMINI,299.832,cammino
FIRENZE RIFREDI,SARZANA,134.151,cammino
FIRENZE RIFREDI,SIENA,90.433,cammino
FIRENZE RIFREDI,TORINO PORTA NUOVA,394.619,cammino
FIRENZE RIFREDI,VIAREGGIO,96.739,cammino
FIRENZE S MARIA NOVELLA,ALBINIA,225.248,cammino
FIRENZE S MARIA NOVELLA,ALTOPASCIO,63.265,cammino
FIRENZE S MARIA NOVELLA,ANCONA,256.18,cammino
FIRENZE S MARIA NOVELLA,AREZZO,73.639,cammino
FIRENZE S MARIA NOVELLA,ASSISI,174.914,cammino
FIRENZE S MARIA NOVELLA,ATTIGLIANO,204.972,cammino
FIRENZE S MARIA NOVELLA,AULLA LUNIGIANA,155.291,cammino
FIRENZE S MARIA NOVELLA,BARDONECCHIA,483.593,cammino
FIRENZE S MARIA NOVELLA,BERGAMO,388.179,cammino
FIRENZE S MARIA NOVELLA,BOLOGNA CENTRALE,96.949,cammino
FIRENZE S MARIA NOVELLA,BORGO A BUGGIANO,50.476,cammino
FIRENZE S MARIA NOVELLA,BRESCIA,339.48,cammino
FIRENZE S MARIA NOVELLA,BRISIGHELLA,88.054,cammino
FIRENZE S MARIA NOVELLA,BUCINE,50.506,cammino
FIRENZE S MARIA NOVELLA,CAMPOMIGLIAIO,26.729,cammino
FIRENZE S MARIA NOVELLA,CAMUCIA CORTONA,101.923,cammino
FIRENZE S MARIA NOVELLA,CASCINA,64.722,cammino
FIRENZE S MARIA NOVELLA,CASTELFIORENTINO,46.507,cammino
FIRENZE S MARIA NOVELLA,CASTELLINA CH,79.6,cammino
FIRENZE S MARIA NOVELLA,CECINA,131.411,cammino
FIRENZE S MARIA NOVELLA,CERTALDO,55.14,cammino
FIRENZE S MARIA NOVELLA,CHIUSI C T,136.83,cammino
FIRENZE S MARIA NOVELLA,COMPIOBBI,12.154,cammino
FIRENZE S MARIA NOVELLA,CONTEA LONDA,34.458,cammino
FIRENZE S MARIA NOVELLA,CORBEZZI,51.044,cammino
FIRENZE S MARIA NOVELLA,DICOMANO,37.886,cammino
FIRENZE S MARIA NOVELLA,ELLERA CORCIANO,140.891,cammino
FIRENZE S MARIA NOVELLA,EMPOLI,30.235,adiacenti
FIRENZE S MARIA NOVELLA,FAENZA,101.084,cammino
FIRENZE S MARIA NOVELLA,FIESOLE CALDINE,8.593,cammino
FIRENZE S MARIA NOVELLA,FIGLINE VALDARNO,29.815,cammino
FIRENZE S MARIA NOVELLA,FIRENZE CASTELLO,5.382,cammino
FIRENZE S MARIA NOVELLA,FIRENZE RIFREDI,2.764,adiacenti
FIRENZE S MARIA NOVELLA,FOLIGNO,190.583,cammino
FIRENZE S MARIA NOVELLA,FOLLONICA,183.562,cammino
FIRENZE S MARIA NOVELLA,GAVORRANO,197.401,cammino
FIRENZE S MARIA NOVELLA,GENOVA P PRINCIPE,238.557,cammino
FIRENZE S MARIA NOVELLA,GRANAIOLO,40.828,cammino
FIRENZE S MARIA NOVELLA,GROSSETO,193.874,cammino
FIRENZE S MARIA NOVELLA,INCISA,34.178,cammino
FIRENZE S MARIA NOVELLA,LIVORNO CENTRALE,97.756,cammino
FIRENZE S MARIA NOVELLA,LUCCA,77.247,cammino
FIRENZE S MARIA NOVELLA,MAGIONE,129.619,cammino
FIRENZE S MARIA NOVELLA,MARRADI,66.739,cammino
FIRENZE S MARIA NOVELLA,MASSA CENTRO,119.696,cammino
FIRENZE S MARIA NOVELLA,MILANO CENTRALE,361.902,cammino
FIRENZE S MARIA NOVELLA,MONTALE AGLIANA,25.568,cammino
FIRENZE S MARIA NOVELLA,MONTORSOLI,14.373,cammino
FIRENZE S MARIA NOVELLA,NAVACCHIO,69.586,cammino
FIRENZE S MARIA NOVELLA,ORBETELLO,231.777,cammino
FIRENZE S MARIA NOVELLA,ORTE,218.608,cammino
FIRENZE S MARIA NOVELLA,ORVIETO,176.261,cammino
FIRENZE S MARIA NOVELLA,P M BADESSE,85.882,cammino
FIRENZE S MARIA NOVELLA,PARMA,253.639,cammino
FIRENZE S MARIA NOVELLA,PERUGIA,150.944,cammino
FIRENZE S MARIA NOVELLA,PESCIA,54.132,cammino
FIRENZE S MARIA NOVELLA,PIETRASANTA,109.042,cammino
FIRENZE S MARIA NOVELLA,PISA CENTRALE,77.261,adiacenti
FIRENZE S MARIA NOVELLA,PISA S ROSSORE,79.485,cammino
FIRENZE S MARIA NOVELLA,PISTOIA,33.466,cammino
FIRENZE S MARIA NOVELLA,POGGIBONSI,68.685,cammino
FIRENZE S MARIA NOVELLA,PONTASSIEVE,19.771,cammino
FIRENZE S MARIA NOVELLA,PONTE A ELSA,34.988,cammino
FIRENZE S MARIA NOVELLA,PONTICINO,60.682,cammino
FIRENZE S MARIA NOVELLA,PONTREMOLI,175.259,cammino
FIRENZE S MARIA NOVELLA,PORCARI,68.124,cammino
FIRENZE S MARIA NOVELLA,PORRETTA TERME,73.317,cammino
FIRENZE S MARIA NOVELLA,PRATO CENTRALE,16.407,cammino
FIRENZE S MARIA NOVELLA,RAVENNA,134.557,cammino
FIRENZE S MARIA NOVELLA,RHO,378.252,cammino
FIRENZE S MARIA NOVELLA,RIGNANO SULL ARNO REGGELLO,27.99,cammino
FIRENZE S MARIA NOVELLA,RIGOLI,88.686,cammino
FIRENZE S MARIA NOVELLA,RIMINI,163.142,cammino
FIRENZE S MARIA NOVELLA,ROMA TERMINI,299.107,cammino
FIRENZE S MARIA NOVELLA,ROMA TIBURTINA,294.587,cammino
FIRENZE S MARIA NOVELLA,RONTA,43.446,cammino
FIRENZE S MARIA NOVELLA,RUFINA,27.298,cammino
FIRENZE S MARIA NOVELLA,RUSSI,118.173,cammino
FIRENZE S MARIA NOVELLA,S CASSIANO,76.062,cammino
FIRENZE S MARIA NOVELLA,S ELLERO,24.857,cammino
FIRENZE S MARIA NOVELLA,S GIULIANO TERME,85.559,cammino
FIRENZE S MARIA NOVELLA,S PIERO A SIEVE,29.854,cammino
FIRENZE S MARIA NOVELLA,S VINCENZO,155.775,cammino
FIRENZE S MARIA NOVELLA,SARZANA,136.915,cammino
FIRENZE S MARIA NOVELLA,SESTRI LEVANTE,193.378,cammino
FIRENZE S MARIA NOVELLA,SIENA,93.197,cammino
FIRENZE S MARIA NOVELLA,SPELLO,185.656,cammino
FIRENZE S MARIA NOVELLA,TASSIGNANO,72.059,cammino
FIRENZE S MARIA NOVELLA,TORINO LINGOTTO,393.063,cammino
FIRENZE S MARIA NOVELLA,TORINO PORTA NUOVA,397.383,cammino
FIRENZE S MARIA NOVELLA,VADA,125.494,cammino
FIRENZE S MARIA NOVELLA,VAGLIA,22.739,cammino
FIRENZE S MARIA NOVELLA,VENTIMIGLIA,385.507,cammino
FIRENZE S MARIA NOVELLA,VEZZANO LIGURE,144.327,cammino
FIRENZE S MARIA NOVELLA,VIAREGGIO,99.503,cammino
FIRENZE S MARIA NOVELLA,VICCHIO,41.671,cammino
FOLIGNO,ANCONA,435.11,cammino
FOLIGNO,AREZZO,116.944,cammino
FOLIGNO,ASSISI,15.669,cammino
FOLIGNO,BASTIA,19.066,cammino
FOLIGNO,BOLOGNA CENTRALE,285.493,cammino
FOLIGNO,CHIUSI C T,110.763,cammino
FOLIGNO,ELLERA CORCIANO,49.692,cammino
FOLIGNO,FIGLINE VALDARNO,160.768,cammino
FOLIGNO,FIRENZE S MARIA NOVELLA,190.583,cammino
FOLIGNO,MAGIONE,60.964,cammino
FOLIGNO,MILANO CENTRALE,550.446,cammino
FOLIGNO,MILANO ROGOREDO,540.875,cammino
FOLIGNO,ORTE,192.541,cammino
FOLIGNO,ORVIETO,150.194,cammino
FOLIGNO,PERUGIA,39.639,cammino
FOLIGNO,PESARO,375.472,cammino
FOLIGNO,PONTASSIEVE,180.822,cammino
FOLIGNO,ROMA TERMINI,273.04,cammino
FOLIGNO,ROMA TIBURTINA,268.52,cammino
FOLIGNO,SPELLO,4.927,adiacenti
FOLLONICA,FIRENZE S MARIA NOVELLA,183.562,cammino
FOLLONICA,GROSSETO,41.889,adiacenti
FOLLONICA,MILANO CENTRALE,390.942,cammino
FOLLONICA,PISA CENTRALE,106.301,cammino
FOLLONICA,ROMA TERMINI,227.026,cammino
FONTANETTO PO,ALESSANDRIA,57.055,cammino
FONTANETTO PO,CHIVASSO,24.06,cammino
FORLI,ANCONA,139.368,cammino
FORLI,BOLOGNA CENTRALE,66.175,cammino
FORLI,IMOLA,30.777,cammino
FORLI,PARMA,370.451,cammino
FORLI,PESARO,79.73,cammino
FORLI,PIACENZA,407.319,cammino
FORLI,RIMINI,46.33,cammino
FORNACI DI BARGA,AULLA LUNIGIANA,58.061,cammino
FORNACI DI BARGA,BAGNI DI LUCCA,8.545,adiacenti
FORNACI DI BARGA,LUCCA,31.852,cammino
FORNACI DI BARGA,PISA CENTRALE,54.985,cammino
FORNACI DI BARGA,S GIULIANO TERME,46.687,cammino
FORNACI DI BARGA,S PIETRO A VICO,26.618,cammino
FORNACI DI BARGA,VIAREGGIO,54.88,cammino
FORNOVO,BERGAMO,157.503,cammino
FORNOVO,CREMONA,58.598,cammino
FORNOVO,LIVORNO CENTRALE,173.91,cammino
FORNOVO,PARMA,22.963,cammino
FORNOVO,PISA CENTRALE,153.415,cammino
FORNOVO,PONTREMOLI,55.417,cammino
FORNOVO,VIAREGGIO,131.173,cammino
FOSSANO,BORGO S DALMAZZO,33.72,cammino
FOSSANO,BREIL SUR ROYA,99.385,cammino
FOSSANO,CARMAGNOLA,35.04,cammino
FOSSANO,CAVALLERMAGGIORE,18.91,cammino
FOSSANO,CENGIO,54.76,cammino
FOSSANO,CENTALLO,11.94,adiacenti
FOSSANO,CEVA,38.16,cammino
FOSSANO,CHIVASSO,88.31,cammino
FOSSANO,CUNEO,25.14,cammino
FOSSANO,LIMONE,53.47,cammino
FOSSANO,MONCALIERI,55.43,cammino
FOSSANO,MONDOVI,18.99,adiacenti
FOSSANO,RACCONIGI,25.96,cammino
FOSSANO,ROBILANTE,38.22,cammino
FOSSANO,S GIUSEPPE DI CAIRO,63.51,cammino
FOSSANO,SAVIGLIANO,12.16,adiacenti
FOSSANO,SAVONA,83.8,cammino
FOSSANO,TORINO LINGOTTO,59.12,cammino
FOSSANO,TORINO PORTA NUOVA,63.44,cammino
FOSSANO,TORINO PORTA SUSA,64.97,cammino
FOSSANO,TORINO STURA,71.97,cammino
FOSSANO,TROFARELLO,50.41,cammino
FOSSANO,VENTIMIGLIA,121.04,cammino
FOSSANO,VERNANTE,44.64,cammino
GALLARATE,ALASSIO,273.525,cammino
GALLARATE,ARONA,25.5,cammino
GALLARATE,BOLOGNA CENTRALE,469.309,cammino
GALLARATE,BUSTO ARSIZIO,7.1,adiacenti
GALLARATE,DOMODOSSOLA,81.045,cammino
GALLARATE,GENOVA P PRINCIPE,201.819,cammino
GALLARATE,IMPERIA,291.225,cammino
GALLARATE,MILANO CENTRALE,42.5,cammino
GALLARATE,MILANO LAMBRATE,46.28,cammino
GALLARATE,MILANO PORTA GARIBALDI,38.74,cammino
GALLARATE,MILANO ROGOREDO,52.071,cammino
GALLARATE,PREMOSELLO CHIOVENDA,65.515,cammino
GALLARATE,RHO,58.85,cammino
GALLARATE,SAVONA,230.035,cammino
GALLARATE,VENTIMIGLIA,329.575,cammino
GAVORRANO,FIRENZE S MARIA NOVELLA,197.401,cammino
GAVORRANO,PISA CENTRALE,121.144,cammino
GENOVA BRIGNOLE,ACQUI TERME,105.285,cammino
GENOVA BRIGNOLE,ALASSIO,93.524,cammino
GENOVA BRIGNOLE,ALBENGA,87.384,cammino
GENOVA BRIGNOLE,ALESSANDRIA,71.375,cammino
GENOVA BRIGNOLE,ARQUATA SCRIVIA,38.325,cammino
GENOVA BRIGNOLE,ASTI,105.67,cammino
GENOVA BRIGNOLE,AULLA LUNIGIANA,104.998,cammino
GENOVA BRIGNOLE,BARDONECCHIA,247.66,cammino
GENOVA BRIGNOLE,BOLOGNA CENTRALE,300.841,cammino
GENOVA BRIGNOLE,CAMBIANO SANTENA,145.01,cammino
GENOVA BRIGNOLE,CHIAVARI,35.095,cammino
GENOVA BRIGNOLE,COGOLETO,32.363,cammino
GENOVA BRIGNOLE,CORNIGLIA,74.176,cammino
GENOVA BRIGNOLE,DEIVA MARINA,54.523,cammino
GENOVA BRIGNOLE,FAENZA,337.017,cammino
GENOVA BRIGNOLE,FELIZZANO,85.905,cammino
GENOVA BRIGNOLE,FIDENZA,205.1,cammino
GENOVA BRIGNOLE,GENOVA NERVI,8.217,adiacenti
GENOVA BRIGNOLE,GENOVA P PRINCIPE,2.624,adiacenti
GENOVA BRIGNOLE,GENOVA PIAZZA PRINCIPE,2.54,adiacenti
GENOVA BRIGNOLE,GENOVA SAMPIERDARENA,11.186,cammino
GENOVA BRIGNOLE,GENOVA VOLTRI,22.068,cammino
GENOVA BRIGNOLE,IMOLA,336.239,cammino
GENOVA BRIGNOLE,IMPERIA,111.224,cammino
GENOVA BRIGNOLE,LEVANTO,63.849,cammino
GENOVA BRIGNOLE,LIVORNO CENTRALE,179.167,cammino
GENOVA BRIGNOLE,LOANO,78.374,cammino
GENOVA BRIGNOLE,MILANO CENTRALE,172.526,cammino
GENOVA BRIGNOLE,MILANO LAMBRATE,168.746,cammino
GENOVA BRIGNOLE,MILANO ROGOREDO,162.955,cammino
GENOVA BRIGNOLE,MONTEROSSO,68.175,cammino
GENOVA BRIGNOLE,NOVI LIGURE,49.775,cammino
GENOVA BRIGNOLE,PARMA,203.346,cammino
GENOVA BRIGNOLE,PAVIA,134.35,cammino
GENOVA BRIGNOLE,PIACENZA,224.779,cammino
GENOVA BRIGNOLE,PIETRA LIGURE,75.184,cammino
GENOVA BRIGNOLE,PISA CENTRALE,158.672,cammino
GENOVA BRIGNOLE,PONTREMOLI,124.966,cammino
GENOVA BRIGNOLE,RECCO,17.45,cammino
GENOVA BRIGNOLE,RIMINI,399.075,cammino
GENOVA BRIGNOLE,ROMA OSTIENSE,484.886,cammino
GENOVA BRIGNOLE,ROMA TERMINI,491.999,cammino
GENOVA BRIGNOLE,RONCO SCRIVIA,27.84,cammino
GENOVA BRIGNOLE,SARZANA,99.019,cammino
GENOVA BRIGNOLE,SAVONA,50.034,cammino
GENOVA BRIGNOLE,SESTRI LEVANTE,42.555,cammino
GENOVA BRIGNOLE,TAGGIA ARMA,127.204,cammino
GENOVA BRIGNOLE,TORINO LINGOTTO,157.13,cammino
GENOVA BRIGNOLE,TORINO PORTA NUOVA,161.45,cammino
GENOVA BRIGNOLE,TORTONA,93.29,cammino
GENOVA BRIGNOLE,TROFARELLO,148.42,cammino
GENOVA BRIGNOLE,VENTIMIGLIA,149.574,cammino
GENOVA BRIGNOLE,VOGHERA,109.49,cammino
GENOVA NERVI,COGOLETO,40.58,cammino
GENOVA NERVI,GENOVA BRIGNOLE,8.217,adiacenti
GENOVA NERVI,GENOVA P PRINCIPE,10.841,cammino
GENOVA NERVI,GENOVA PIAZZA PRINCIPE,10.757,cammino
GENOVA NERVI,GENOVA SAMPIERDARENA,19.403,cammino
GENOVA NERVI,GENOVA VOLTRI,30.285,cammino
GENOVA NERVI,ROMA TERMINI,483.782,cammino
GENOVA NERVI,SAVONA,58.251,cammino
GENOVA P PRINCIPE,ACQUI TERME,107.909,cammino
GENOVA P PRINCIPE,ALBENGA,84.76,cammino
GENOVA P PRINCIPE,ALESSANDRIA,73.999,cammino
GENOVA P PRINCIPE,ANCONA,494.737,cammino
GENOVA P PRINCIPE,ARQUATA SCRIVIA,40.949,cammino
GENOVA P PRINCIPE,ASTI,108.294,cammino
GENOVA P PRINCIPE,CHIAVARI,37.719,cammino
GENOVA P PRINCIPE,CIVITAVECCHIA,416.608,cammino
GENOVA P PRINCIPE,FIRENZE S MARIA NOVELLA,238.557,cammino
GENOVA P PRINCIPE,GENOVA BRIGNOLE,2.624,adiacenti
GENOVA P PRINCIPE,GENOVA NERVI,10.841,cammino
GENOVA P PRINCIPE,GENOVA VOLTRI,19.444,cammino
GENOVA P PRINCIPE,GROSSETO,309.486,cammino
GENOVA P PRINCIPE,IMPERIA,108.6,cammino
GENOVA P PRINCIPE,LIVORNO CENTRALE,181.791,cammino
GENOVA P PRINCIPE,MILANO CENTRALE,175.15,cammino
GENOVA P PRINCIPE,MILANO LAMBRATE,171.37,cammino
GENOVA P PRINCIPE,MILANO PORTA GARIBALDI,188.799,cammino
GENOVA P PRINCIPE,MILANO ROGOREDO,165.579,cammino
GENOVA P PRINCIPE,NOVI LIGURE,52.399,cammino
GENOVA P PRINCIPE,PIACENZA,227.403,cammino
GENOVA P PRINCIPE,PIEVE LIGURE,15.088,cammino
GENOVA P PRINCIPE,PISA CENTRALE,161.296,cammino
GENOVA P PRINCIPE,PISA S ROSSORE,159.072,cammino
GENOVA P PRINCIPE,RECCO,20.074,cammino
GENOVA P PRINCIPE,RIMINI,401.699,cammino
GENOVA P PRINCIPE,ROMA OSTIENSE,487.51,cammino
GENOVA P PRINCIPE,ROMA S PIETRO,482.699,cammino
GENOVA P PRINCIPE,ROMA TERMINI,494.623,cammino
GENOVA P PRINCIPE,ROMA TIBURTINA,499.143,cammino
GENOVA P PRINCIPE,ROMA TUSCOLANA,491.195,cammino
GENOVA P PRINCIPE,RONCO SCRIVIA,30.464,cammino
GENOVA P PRINCIPE,SAVONA,47.41,cammino
GENOVA P PRINCIPE,SESTRI LEVANTE,45.179,cammino
GENOVA P PRINCIPE,TAGGIA ARMA,124.58,cammino
GENOVA P PRINCIPE,TORINO LINGOTTO,159.754,cammino
GENOVA P PRINCIPE,TORINO PORTA NUOVA,164.074,cammino
GENOVA P PRINCIPE,TORINO STURA,171.454,cammino
GENOVA P PRINCIPE,TORTONA,95.914,cammino
GENOVA P PRINCIPE,TROFARELLO,151.044,cammino
GENOVA P PRINCIPE,VENTIMIGLIA,146.95,cammino
GENOVA P PRINCIPE,VIAREGGIO,139.055,cammino
GENOVA P PRINCIPE,VOGHERA,112.114,cammino
GENOVA PIAZZA PRINCIPE,ACQUI TERME,102.745,cammino
GENOVA PIAZZA PRINCIPE,ALASSIO,96.064,cammino
GENOVA PIAZZA PRINCIPE,ALBENGA,89.924,cammino
GENOVA PIAZZA PRINCIPE,ALESSANDRIA,68.835,cammino
GENOVA PIAZZA PRINCIPE,ARQUATA SCRIVIA,35.785,cammino
GENOVA PIAZZA PRINCIPE,ASTI,103.13,cammino
GENOVA PIAZZA PRINCIPE,CIVITAVECCHIA,416.524,cammino
GENOVA PIAZZA PRINCIPE,GENOVA BRIGNOLE,2.54,adiacenti
GENOVA PIAZZA PRINCIPE,GENOVA NERVI,10.757,cammino
GENOVA PIAZZA PRINCIPE,GENOVA VOLTRI,24.608,cammino
GENOVA PIAZZA PRINCIPE,GROSSETO,309.402,cammino
GENOVA PIAZZA PRINCIPE,IMPERIA,113.764,cammino
GENOVA PIAZZA PRINCIPE,LIVORNO CENTRALE,181.707,cammino
GENOVA PIAZZA PRINCIPE,MILANO CENTRALE,169.986,cammino
GENOVA PIAZZA PRINCIPE,MILANO LAMBRATE,166.206,cammino
GENOVA PIAZZA PRINCIPE,MILANO PORTA GARIBALDI,183.635,cammino
GENOVA PIAZZA PRINCIPE,MILANO ROGOREDO,160.415,cammino
GENOVA PIAZZA PRINCIPE,NOVI LIGURE,47.235,cammino
GENOVA PIAZZA PRINCIPE,PIACENZA,222.239,cammino
GENOVA PIAZZA PRINCIPE,PIETRA LIGURE,77.724,cammino
GENOVA PIAZZA PRINCIPE,PISA CENTRALE,161.212,cammino
GENOVA PIAZZA PRINCIPE,RECCO,19.99,cammino
GENOVA PIAZZA PRINCIPE,RIMINI,401.615,cammino
GENOVA PIAZZA PRINCIPE,ROMA OSTIENSE,487.426,cammino
GENOVA PIAZZA PRINCIPE,ROMA TERMINI,494.539,cammino
GENOVA PIAZZA PRINCIPE,ROMA TIBURTINA,499.059,cammino
GENOVA PIAZZA PRINCIPE,RONCO SCRIVIA,25.3,adiacenti
GENOVA PIAZZA PRINCIPE,SARZANA,101.559,cammino
GENOVA PIAZZA PRINCIPE,SAVONA,52.574,cammino
GENOVA PIAZZA PRINCIPE,SESTRI LEVANTE,45.095,cammino
GENOVA PIAZZA PRINCIPE,TORINO LINGOTTO,154.59,cammino
GENOVA PIAZZA PRINCIPE,TORINO PORTA NUOVA,158.91,cammino
GENOVA PIAZZA PRINCIPE,TORTONA,90.75,cammino
GENOVA PIAZZA PRINCIPE,VENTIMIGLIA,152.114,cammino
GENOVA PIAZZA PRINCIPE,VIAREGGIO,138.971,cammino
GENOVA PIAZZA PRINCIPE,VOGHERA,106.95,cammino
GENOVA SAMPIERDARENA,ACQUI TERME,107.153,cammino
GENOVA SAMPIERDARENA,ALESSANDRIA,82.561,cammino
GENOVA SAMPIERDARENA,ARQUATA SCRIVIA,49.511,cammino
GENOVA SAMPIERDARENA,ASTI,116.856,cammino
GENOVA SAMPIERDARENA,GENOVA BRIGNOLE,11.186,cammino
GENOVA SAMPIERDARENA,GENOVA NERVI,19.403,cammino
GENOVA SAMPIERDARENA,GENOVA P PRINCIPE,8.562,adiacenti
GENOVA SAMPIERDARENA,MILANO CENTRALE,183.712,cammino
GENOVA SAMPIERDARENA,NOVI LIGURE,60.961,cammino
GENOVA SAMPIERDARENA,RIMINI,410.261,cammino
GENOVA SAMPIERDARENA,SARZANA,110.205,cammino
GENOVA SAMPIERDARENA,SESTRI LEVANTE,53.741,cammino
GENOVA SAMPIERDARENA,TORINO LINGOTTO,168.316,cammino
GENOVA SAMPIERDARENA,TORINO PORTA NUOVA,172.636,cammino
GENOVA VOLTRI,ALBENGA,65.316,cammino
GENOVA VOLTRI,CHIAVARI,57.163,cammino
GENOVA VOLTRI,GENOVA BRIGNOLE,22.068,cammino
GENOVA VOLTRI,GENOVA NERVI,30.285,cammino
GENOVA VOLTRI,GENOVA P PRINCIPE,19.444,cammino
GENOVA VOLTRI,GENOVA PIAZZA PRINCIPE,24.608,cammino
GENOVA VOLTRI,GENOVA SAMPIERDARENA,10.882,cammino
GENOVA VOLTRI,IMPERIA,89.156,cammino
GENOVA VOLTRI,LEVANTO,85.917,cammino
GENOVA VOLTRI,MILANO CENTRALE,194.594,cammino
GENOVA VOLTRI,PIEVE LIGURE,34.532,cammino
GENOVA VOLTRI,RECCO,39.518,cammino
GENOVA VOLTRI,SARZANA,121.087,cammino
GENOVA VOLTRI,SAVONA,27.966,cammino
GENOVA VOLTRI,SESTRI LEVANTE,64.623,cammino
GENOVA VOLTRI,VENTIMIGLIA,127.506,cammino
GENOVA VOLTRI,VEZZANO LIGURE,113.68,cammino
GIAROLE,ALESSANDRIA,20.9,cammino
GOZZANO,NOVARA,35.715,cammino
GRAGNOLA,LUCCA,76.118,cammino
GRAGNOLA,PISA CENTRALE,91.825,cammino
GRANAIOLO,CERTALDO,14.312,cammino
GRANAIOLO,CHIUSI C T,141.867,cammino
GRANAIOLO,EMPOLI,10.593,adiacenti
GRANAIOLO,POGGIBONSI,27.857,cammino
GRANAIOLO,SIENA,52.91,cammino
GRANAROLO,RAVENNA,24.552,cammino
GRAVELLONA TOCE,NOVARA,58.745,cammino
GRIZZANA,BOLOGNA CENTRALE,35.7,cammino
GROSSETO,ALBINIA,31.374,adiacenti
GROSSETO,AREZZO,252.825,cammino
GROSSETO,BOLGHERI,86.147,cammino
GROSSETO,BOLOGNA CENTRALE,282.517,cammino
GROSSETO,BUONCONVENTO,71.932,cammino
GROSSETO,CASCINA,160.729,cammino
GROSSETO,CECINA,94.04,cammino
GROSSETO,CERTALDO,139.275,cammino
GROSSETO,CHIAVARI,271.767,cammino
GROSSETO,CIVITAVECCHIA,107.122,cammino
GROSSETO,EMPOLI,163.639,cammino
GROSSETO,FIRENZE CASTELLO,190.95,cammino
GROSSETO,FIRENZE RIFREDI,191.11,cammino
GROSSETO,FIRENZE S MARIA NOVELLA,193.874,cammino
GROSSETO,FOLLONICA,41.889,adiacenti
GROSSETO,GAVORRANO,27.047,adiacenti
GROSSETO,GENOVA P PRINCIPE,309.486,cammino
GROSSETO,GENOVA PIAZZA PRINCIPE,309.402,cammino
GROSSETO,GRANAIOLO,153.587,cammino
GROSSETO,LIVORNO CENTRALE,127.695,cammino
GROSSETO,MILANO CENTRALE,432.831,cammino
GROSSETO,MONTE ANTICO,44.828,cammino
GROSSETO,MONTEPESCALI,11.76,adiacenti
GROSSETO,ORBETELLO,37.903,cammino
GROSSETO,P M BADESSE,108.533,cammino
GROSSETO,PISA CENTRALE,148.19,cammino
GROSSETO,POGGIBONSI,125.73,cammino
GROSSETO,PONTASSIEVE,211.606,cammino
GROSSETO,PONTE A ELSA,159.427,cammino
GROSSETO,ROCCASTRADA,28.603,cammino
GROSSETO,ROMA OSTIENSE,178.024,cammino
GROSSETO,ROMA S PIETRO,173.213,cammino
GROSSETO,ROMA TERMINI,185.137,cammino
GROSSETO,ROMA TUSCOLANA,181.709,cammino
GROSSETO,ROSIGNANO,104.672,cammino
GROSSETO,S VINCENZO,69.676,cammino
GROSSETO,SCARLINO,35.025,cammino
GROSSETO,SESTRI LEVANTE,264.307,cammino
GROSSETO,SIENA,100.677,cammino
GROSSETO,VADA,99.957,cammino
GROSSETO,VENTIMIGLIA,456.436,cammino
GROSSETO,VEZZANO LIGURE,215.256,cammino
IGEA MARINA,BOLOGNA CENTRALE,123.148,cammino
IGEA MARINA,IMOLA,87.769,cammino
IGEA MARINA,MILANO CENTRALE,535.706,cammino
IGEA MARINA,RAVENNA,39.249,cammino
IMOLA,ANCONA,170.145,cammino
IMOLA,BOLOGNA CENTRALE,35.398,adiacenti
IMOLA,CASTELBOLOGNESE,7.806,adiacenti
IMOLA,CESENA,48.662,cammino
IMOLA,FAENZA,15.049,cammino
IMOLA,FIDENZA,355.698,cammino
IMOLA,FORLI,30.777,cammino
IMOLA,MILANO CENTRALE,462.207,cammino
IMOLA,MILANO LAMBRATE,458.427,cammino
IMOLA,MILANO PORTA GARIBALDI,483.687,cammino
IMOLA,PARMA,353.944,cammino
IMOLA,PESARO,110.507,cammino
IMOLA,PIACENZA,390.812,cammino
IMOLA,RAVENNA,48.522,cammino
IMOLA,RIMINI,77.107,cammino
IMOLA,RIMINI VISERBA,81.351,cammino
IMPERIA,GALLARATE,291.225,cammino
IMPERIA,GENOVA BRIGNOLE,111.224,cammino
IMPERIA,GENOVA P PRINCIPE,108.6,cammino
IMPERIA,GENOVA VOLTRI,89.156,cammino
IMPERIA,MILANO CENTRALE,264.556,cammino
IMPERIA,MILANO ROGOREDO,254.985,cammino
IMPERIA,ROMA TERMINI,603.223,cammino
IMPERIA,SAVONA,61.19,cammino
IMPERIA,TORINO PORTA NUOVA,208.43,cammino
IMPERIA,VENTIMIGLIA,38.35,cammino
IMPERIA,VOGHERA,201.52,cammino
INCISA,AREZZO,48.187,cammino
INCISA,FIRENZE S MARIA NOVELLA,34.178,cammino
INCISA,FOLIGNO,165.131,cammino
INCISA,PISTOIA,65.605,cammino
INCISA,PRATO CENTRALE,48.546,cammino
IVREA,CALUSO,18.54,cammino
IVREA,CANDIA CANAVESE,15.04,adiacenti
IVREA,CHIVASSO,32.46,adiacenti
IVREA,LIVORNO FERRARIS,50.61,cammino
IVREA,MONTANARO,27.24,cammino
IVREA,NOVARA,104.15,cammino
IVREA,RODALLO,21.87,cammino
IVREA,SANTHIA,63.14,cammino
IVREA,STRAMBINO,9.08,adiacenti
IVREA,TORINO LINGOTTO,61.65,cammino
IVREA,TORINO PORTA NUOVA,60.84,cammino
IVREA,TORINO PORTA SUSA,55.8,cammino
IVREA,TORINO STURA,48.8,cammino
IVREA,VERCELLI,82.26,cammino
LEVANTO,COGOLETO,96.212,cammino
LEVANTO,CORNIGLIA,10.327,adiacenti
LEVANTO,GENOVA BRIGNOLE,63.849,cammino
LEVANTO,GENOVA VOLTRI,85.917,cammino
LEVANTO,MILANO CENTRALE,236.375,cammino
LEVANTO,MONTEROSSO,4.326,adiacenti
LEVANTO,PISA CENTRALE,94.823,cammino
LEVANTO,SARZANA,35.17,cammino
LEVANTO,SAVONA,113.883,cammino
LEVANTO,SESTRI LEVANTE,21.295,adiacenti
LEVANTO,VEZZANO LIGURE,27.763,cammino
LIMONE,CUNEO,28.33,adiacenti
LIMONE,FOSSANO,53.47,cammino
LIVORNO CENTRALE,ARQUATA SCRIVIA,217.492,cammino
LIVORNO CENTRALE,CASCINA,33.034,cammino
LIVORNO CENTRALE,CECINA,33.656,adiacenti
LIVORNO CENTRALE,EMPOLI,67.521,cammino
LIVORNO CENTRALE,FIDENZA,198.627,cammino
LIVORNO CENTRALE,FIRENZE RIFREDI,94.992,cammino
LIVORNO CENTRALE,FIRENZE S MARIA NOVELLA,97.756,cammino
LIVORNO CENTRALE,FOLLONICA,85.806,cammino
LIVORNO CENTRALE,FORNOVO,173.91,cammino
LIVORNO CENTRALE,GENOVA BRIGNOLE,179.167,cammino
LIVORNO CENTRALE,GENOVA P PRINCIPE,181.791,cammino
LIVORNO CENTRALE,GENOVA PIAZZA PRINCIPE,181.707,cammino
LIVORNO CENTRALE,GROSSETO,127.695,cammino
LIVORNO CENTRALE,LUCCA,43.628,cammino
LIVORNO CENTRALE,MASSA CENTRO,62.93,cammino
LIVORNO CENTRALE,MILANO CENTRALE,305.136,cammino
LIVORNO CENTRALE,MILANO LAMBRATE,301.356,cammino
LIVORNO CENTRALE,MILANO PORTA GARIBALDI,326.616,cammino
LIVORNO CENTRALE,MILANO ROGOREDO,295.565,cammino
LIVORNO CENTRALE,NAVACCHIO,28.17,cammino
LIVORNO CENTRALE,ORBETELLO,165.598,cammino
LIVORNO CENTRALE,PAVIA,313.517,cammino
LIVORNO CENTRALE,PIACENZA,233.741,cammino
LIVORNO CENTRALE,PIOMBINO,80.82,cammino
LIVORNO CENTRALE,PISA CENTRALE,20.495,adiacenti
LIVORNO CENTRALE,PONTREMOLI,118.493,cammino
LIVORNO CENTRALE,RECCO,161.717,cammino
LIVORNO CENTRALE,ROMA TERMINI,312.832,cammino
LIVORNO CENTRALE,ROMA TUSCOLANA,309.404,cammino
LIVORNO CENTRALE,ROSIGNANO,23.024,adiacenti
LIVORNO CENTRALE,S GIULIANO TERME,28.793,cammino
LIVORNO CENTRALE,S VINCENZO,58.019,cammino
LIVORNO CENTRALE,SARZANA,80.149,cammino
LIVORNO CENTRALE,SCARLINO,92.671,cammino
LIVORNO CENTRALE,SESTRI LEVANTE,136.612,cammino
LIVORNO CENTRALE,TORINO LINGOTTO,336.297,cammino
LIVORNO CENTRALE,TORTONA,272.457,cammino
LIVORNO CENTRALE,VADA,27.738,cammino
LIVORNO CENTRALE,VEZZANO LIGURE,87.561,cammino
LIVORNO CENTRALE,VIAREGGIO,42.737,cammino
LIVORNO CENTRALE,VOGHERA,288.657,cammino
LIVORNO FERRARIS,CHIVASSO,18.15,cammino
LIVORNO FERRARIS,IVREA,50.61,cammino
LIVORNO FERRARIS,MILANO CENTRALE,105.52,cammino
LIVORNO FERRARIS,NOVARA,53.54,cammino
LIVORNO FERRARIS,SANTHIA,12.53,adiacenti
LOANO,GENOVA BRIGNOLE,78.374,cammino
LOANO,MILANO CENTRALE,231.706,cammino
LOANO,TORINO PORTA NUOVA,175.58,cammino
LOANO,VENTIMIGLIA,71.2,cammino
LODI,BOLOGNA CENTRALE,391.263,cammino
LODI,CASALPUSTERLENGO,18.863,adiacenti
LODI,MELEGNANO,15.218,adiacenti
LODI,MILANO CENTRALE,35.546,cammino
LODI,MILANO LAMBRATE,31.766,cammino
LODI,MILANO ROGOREDO,25.975,adiacenti
LODI,PIACENZA,35.849,adiacenti
LODI,RIMINI,489.498,cammino
LUCCA,ALTOPASCIO,13.983,adiacenti
LUCCA,AULLA LUNIGIANA,78.816,cammino
LUCCA,BAGNI DI LUCCA,23.307,cammino
LUCCA,BORGO A BUGGIANO,26.771,cammino
LUCCA,FIRENZE CASTELLO,71.865,cammino
LUCCA,FIRENZE RIFREDI,74.483,cammino
LUCCA,FIRENZE S MARIA NOVELLA,77.247,cammino
LUCCA,FORNACI DI BARGA,31.852,cammino
LUCCA,GRAGNOLA,76.118,cammino
LUCCA,LIVORNO CENTRALE,43.628,cammino
LUCCA,NAVACCHIO,30.808,cammino
LUCCA,PESCIA,23.115,adiacenti
LUCCA,PISA CENTRALE,23.133,cammino
LUCCA,PISA S ROSSORE,20.909,cammino
LUCCA,PISTOIA,43.781,adiacenti
LUCCA,PORCARI,9.124,adiacenti
LUCCA,PRATO CENTRALE,60.84,cammino
LUCCA,RIGOLI,11.708,adiacenti
LUCCA,S GIULIANO TERME,14.835,adiacenti
LUCCA,S PIETRO A VICO,5.234,adiacenti
LUCCA,SARZANA,60.44,cammino
LUCCA,VIAREGGIO,40.927,adiacenti
MACCARESE FREGENE,CIVITAVECCHIA,46.533,cammino
MACCARESE FREGENE,PISA CENTRALE,301.845,cammino
MACCARESE FREGENE,ROMA OSTIENSE,24.369,cammino
MACCARESE FREGENE,ROMA TERMINI,31.482,cammino
MACCARESE FREGENE,ROMA TIBURTINA,36.002,cammino
MACCARESE FREGENE,ROMA TUSCOLANA,28.054,cammino
MADDALENE,FOSSANO,6.76,adiacenti
MAGENTA,MILANO CENTRALE,30.5,cammino
MAGENTA,MILANO PORTA GARIBALDI,26.74,cammino
MAGENTA,NOVARA,21.48,adiacenti
MAGENTA,RHO,14.15,adiacenti
MAGENTA,TORINO LINGOTTO,122.36,cammino
MAGENTA,TORINO PORTA NUOVA,121.55,cammino
MAGIONE,FOLIGNO,60.964,cammino
MAGIONE,PERUGIA,21.325,cammino
MANERBIO,BRESCIA,21.978,adiacenti
MANERBIO,CREMONA,28.228,cammino
MAROTTA MONDOLFO,ANCONA,34.906,cammino
MAROTTA MONDOLFO,PIACENZA,511.781,cammino
MAROTTA MONDOLFO,RIMINI,58.132,cammino
MARRADI,BOLOGNA CENTRALE,84.792,cammino
MARRADI,FAENZA,34.345,cammino
MARRADI,FIESOLE CALDINE,58.146,cammino
MARRADI,FIRENZE S MARIA NOVELLA,66.739,cammino
MARRADI,MONTORSOLI,52.366,cammino
MARRADI,PISTOIA,100.205,cammino
MARRADI,RIMINI,96.403,cammino
MARRADI,RONTA,23.293,adiacenti
MASSA CENTRO,FIRENZE S MARIA NOVELLA,119.696,cammino
MASSA CENTRO,MILANO CENTRALE,242.206,cammino
MASSA CENTRO,MILANO PORTA GARIBALDI,263.686,cammino
MASSA CENTRO,PISA CENTRALE,42.435,cammino
MASSA CENTRO,PONTREMOLI,55.563,cammino
MASSA CENTRO,SARZANA,17.219,cammino
MELEGNANO,LODI,15.218,adiacenti
MELEGNANO,MILANO CENTRALE,20.341,cammino
MELEGNANO,MILANO ROGOREDO,10.77,adiacenti
MILANO CENTRALE,ALASSIO,246.856,cammino
MILANO CENTRALE,ALBENGA,240.716,cammino
MILANO CENTRALE,ALBINIA,464.205,cammino
MILANO CENTRALE,ALESSANDRIA,101.151,cammino
MILANO CENTRALE,ANCONA,618.082,cammino
MILANO CENTRALE,ARONA,68.0,cammino
MILANO CENTRALE,ARQUATA SCRIVIA,134.201,cammino
MILANO CENTRALE,ASTI,135.446,cammino
MILANO CENTRALE,AULLA LUNIGIANA,206.611,cammino
MILANO CENTRALE,BERCETO,153.308,cammino
MILANO CENTRALE,BERGAMO,239.295,cammino
MILANO CENTRALE,BOLOGNA CENTRALE,426.809,cammino
MILANO CENTRALE,BRESCIA,190.596,cammino
MILANO CENTRALE,BUSTO ARSIZIO,35.4,cammino
MILANO CENTRALE,CARRARA AVENZA,235.477,cammino
MILANO CENTRALE,CASALPUSTERLENGO,54.409,cammino
MILANO CENTRALE,CECINA,338.791,cammino
MILANO CENTRALE,CESENA,496.599,cammino
MILANO CENTRALE,CESENATICO,525.081,cammino
MILANO CENTRALE,CHIAVARI,207.621,cammino
MILANO CENTRALE,CHIUSI C T,483.586,cammino
MILANO CENTRALE,CHIVASSO,123.67,cammino
MILANO CENTRALE,CIVITAVECCHIA,539.953,cammino
MILANO CENTRALE,CODOGNO,59.266,cammino
MILANO CENTRALE,COGOLETO,204.889,cammino
MILANO CENTRALE,CREMONA,140.39,cammino
MILANO CENTRALE,DOMODOSSOLA,123.545,cammino
MILANO CENTRALE,EMPOLI,331.667,cammino
MILANO CENTRALE,FAENZA,462.986,cammino
MILANO CENTRALE,FANO,570.926,cammino
MILANO CENTRALE,FIDENZA,106.509,cammino
MILANO CENTRALE,FIORENZUOLA,93.034,cammino
MILANO CENTRALE,FIRENZE RIFREDI,359.138,cammino
MILANO CENTRALE,FIRENZE S MARIA NOVELLA,361.902,cammino
MILANO CENTRALE,FOLIGNO,550.446,cammino
MILANO CENTRALE,FOLLONICA,390.942,cammino
MILANO CENTRALE,FORLI,478.714,cammino
MILANO CENTRALE,FORNOVO,131.226,cammino
MILANO CENTRALE,GALLARATE,42.5,cammino
MILANO CENTRALE,GENOVA BRIGNOLE,172.526,cammino
MILANO CENTRALE,GENOVA NERVI,180.743,cammino
MILANO CENTRALE,GENOVA P PRINCIPE,175.15,cammino
MILANO CENTRALE,GENOVA PIAZZA PRINCIPE,169.986,cammino
MILANO CENTRALE,GENOVA SAMPIERDARENA,183.712,cammino
MILANO CENTRALE,GENOVA VOLTRI,194.594,cammino
MILANO CENTRALE,GROSSETO,432.831,cammino
MILANO CENTRALE,IGEA MARINA,535.706,cammino
MILANO CENTRALE,IMOLA,462.207,cammino
MILANO CENTRALE,IMPERIA,264.556,cammino
MILANO CENTRALE,LEVANTO,236.375,cammino
MILANO CENTRALE,LIVORNO CENTRALE,305.136,cammino
MILANO CENTRALE,LIVORNO FERRARIS,105.52,cammino
MILANO CENTRALE,LOANO,231.706,cammino
MILANO CENTRALE,LODI,35.546,cammino
MILANO CENTRALE,MAGENTA,30.5,cammino
MILANO CENTRALE,MAROTTA MONDOLFO,583.176,cammino
MILANO CENTRALE,MASSA CENTRO,242.206,cammino
MILANO CENTRALE,MELEGNANO,20.341,cammino
MILANO CENTRALE,MILANO LAMBRATE,3.78,adiacenti
MILANO CENTRALE,MILANO PORTA GARIBALDI,21.48,cammino
MILANO CENTRALE,MILANO ROGOREDO,9.598,adiacenti
MILANO CENTRALE,MODANE,256.97,cammino
MILANO CENTRALE,MONTEROSSO,240.701,cammino
MILANO CENTRALE,MORTARA,76.22,cammino
MILANO CENTRALE,NOVARA,51.98,cammino
MILANO CENTRALE,NOVI LIGURE,122.751,cammino
MILANO CENTRALE,ORTE,565.364,cammino
MILANO CENTRALE,PARMA,154.189,cammino
MILANO CENTRALE,PAVIA,38.176,cammino
MILANO CENTRALE,PERUGIA,510.807,cammino
MILANO CENTRALE,PESARO,558.444,cammino
MILANO CENTRALE,PIACENZA,71.395,cammino
MILANO CENTRALE,PIETRASANTA,252.86,cammino
MILANO CENTRALE,PISA CENTRALE,284.641,cammino
MILANO CENTRALE,PONTREMOLI,186.643,cammino
MILANO CENTRALE,PREMOSELLO CHIOVENDA,108.015,cammino
MILANO CENTRALE,RAVENNA,496.459,cammino
MILANO CENTRALE,RHO,16.35,adiacenti
MILANO CENTRALE,RIMINI,525.044,cammino
MILANO CENTRALE,ROMA OSTIENSE,610.855,cammino
MILANO CENTRALE,ROMA S PIETRO,606.044,cammino
MILANO CENTRALE,ROMA TERMINI,617.968,cammino
MILANO CENTRALE,ROMA TIBURTINA,622.488,cammino
MILANO CENTRALE,RONCO SCRIVIA,144.686,cammino
MILANO CENTRALE,ROVATO,207.617,cammino
MILANO CENTRALE,S VINCENZO,363.155,cammino
MILANO CENTRALE,SANTHIA,92.99,cammino
MILANO CENTRALE,SARZANA,224.987,cammino
MILANO CENTRALE,SAVONA,203.366,cammino
MILANO CENTRALE,SENIGALLIA,592.217,cammino
MILANO CENTRALE,SESTO CALENDE,59.49,cammino
MILANO CENTRALE,SESTRI LEVANTE,215.081,cammino
MILANO CENTRALE,SOMMA LOMBARDO,49.98,cammino
MILANO CENTRALE,STRESA,85.335,cammino
MILANO CENTRALE,TAGGIA ARMA,280.536,cammino
MILANO CENTRALE,TORINO LINGOTTO,152.86,cammino
MILANO CENTRALE,TORINO PORTA NUOVA,152.05,cammino
MILANO CENTRALE,TORINO PORTA SUSA,147.01,cammino
MILANO CENTRALE,TORINO STURA,140.01,cammino
MILANO CENTRALE,TORTONA,79.236,cammino
MILANO CENTRALE,VENTIMIGLIA,302.906,cammino
MILANO CENTRALE,VERCELLI,73.87,cammino
MILANO CENTRALE,VIAREGGIO,262.399,cammino
MILANO CENTRALE,VITTUONE ARLUNO,24.72,cammino
MILANO CENTRALE,VOGHERA,63.036,cammino
MILANO CENTRALE,ZOAGLI,202.703,cammino
MILANO LAMBRATE,ALESSANDRIA,97.371,cammino
MILANO LAMBRATE,ARQUATA SCRIVIA,130.421,cammino
MILANO LAMBRATE,ASTI,131.666,cammino
MILANO LAMBRATE,BERGAMO,235.515,cammino
MILANO LAMBRATE,BOLOGNA CENTRALE,423.029,cammino
MILANO LAMBRATE,BRESCIA,186.816,cammino
MILANO LAMBRATE,BUSTO ARSIZIO,39.18,cammino
MILANO LAMBRATE,CASALPUSTERLENGO,50.629,cammino
MILANO LAMBRATE,CODOGNO,55.486,cammino
MILANO LAMBRATE,CREMONA,136.61,cammino
MILANO LAMBRATE,GALLARATE,46.28,cammino
MILANO LAMBRATE,GENOVA BRIGNOLE,168.746,cammino
MILANO LAMBRATE,GENOVA P PRINCIPE,171.37,cammino
MILANO LAMBRATE,GENOVA PIAZZA PRINCIPE,166.206,cammino
MILANO LAMBRATE,LIVORNO CENTRALE,301.356,cammino
MILANO LAMBRATE,LODI,31.766,cammino
MILANO LAMBRATE,MILANO CENTRALE,3.78,adiacenti
MILANO LAMBRATE,MILANO PORTA GARIBALDI,25.26,cammino
MILANO LAMBRATE,MORTARA,80.0,cammino
MILANO LAMBRATE,NOVI LIGURE,118.971,cammino
MILANO LAMBRATE,PARMA,150.409,cammino
MILANO LAMBRATE,PAVIA,34.396,cammino
MILANO LAMBRATE,PIACENZA,67.615,cammino
MILANO LAMBRATE,PISA CENTRALE,280.861,cammino
MILANO LAMBRATE,RIMINI,521.264,cammino
MILANO LAMBRATE,ROVATO,203.837,cammino
MILANO LAMBRATE,SESTRI LEVANTE,211.301,cammino
MILANO LAMBRATE,TORTONA,75.456,cammino
MILANO LAMBRATE,VENTIMIGLIA,299.126,cammino
MILANO LAMBRATE,VOGHERA,59.256,cammino
MILANO PORTA GARIBALDI,ALBENGA,254.365,cammino
MILANO PORTA GARIBALDI,ALESSANDRIA,114.8,cammino
MILANO PORTA GARIBALDI,ANCONA,639.562,cammino
MILANO PORTA GARIBALDI,ARONA,64.24,cammino
MILANO PORTA GARIBALDI,ARQUATA SCRIVIA,147.85,cammino
MILANO PORTA GARIBALDI,ASTI,149.095,cammino
MILANO PORTA GARIBALDI,AULLA LUNIGIANA,228.091,cammino
MILANO PORTA GARIBALDI,BELGIRATE,75.4,cammino
MILANO PORTA GARIBALDI,BERGAMO,260.775,cammino
MILANO PORTA GARIBALDI,BOLOGNA CENTRALE,448.289,cammino
MILANO PORTA GARIBALDI,BRESCIA,212.076,cammino
MILANO PORTA GARIBALDI,BUSTO ARSIZIO,31.64,cammino
MILANO PORTA GARIBALDI,CASALE MONFERRATO,119.64,cammino
MILANO PORTA GARIBALDI,CHIVASSO,119.91,cammino
MILANO PORTA GARIBALDI,CODOGNO,80.746,cammino
MILANO PORTA GARIBALDI,CREMONA,161.87,cammino
MILANO PORTA GARIBALDI,DOMODOSSOLA,119.785,cammino
MILANO PORTA GARIBALDI,FAENZA,484.466,cammino
MILANO PORTA GARIBALDI,FANO,592.406,cammino
MILANO PORTA GARIBALDI,FIDENZA,127.989,cammino
MILANO PORTA GARIBALDI,FIRENZE S MARIA NOVELLA,383.382,cammino
MILANO PORTA GARIBALDI,FOLIGNO,571.926,cammino
MILANO PORTA GARIBALDI,FORNOVO,152.706,cammino
MILANO PORTA GARIBALDI,GALLARATE,38.74,cammino
MILANO PORTA GARIBALDI,GENOVA BRIGNOLE,186.175,cammino
MILANO PORTA GARIBALDI,GENOVA P PRINCIPE,188.799,cammino
MILANO PORTA GARIBALDI,GENOVA PIAZZA PRINCIPE,183.635,cammino
MILANO PORTA GARIBALDI,IMPERIA,278.205,cammino
MILANO PORTA GARIBALDI,LIVORNO CENTRALE,326.616,cammino
MILANO PORTA GARIBALDI,LIVORNO FERRARIS,101.76,cammino
MILANO PORTA GARIBALDI,LODI,57.026,cammino
MILANO PORTA GARIBALDI,MAGENTA,26.74,cammino
MILANO PORTA GARIBALDI,MERGOZZO,93.53,cammino
MILANO PORTA GARIBALDI,MILANO CENTRALE,21.48,cammino
MILANO PORTA GARIBALDI,MILANO LAMBRATE,25.26,cammino
MILANO PORTA GARIBALDI,MILANO ROGOREDO,31.051,cammino
MILANO PORTA GARIBALDI,NOVARA,48.22,cammino
MILANO PORTA GARIBALDI,NOVI LIGURE,136.4,cammino
MILANO PORTA GARIBALDI,PARMA,175.669,cammino
MILANO PORTA GARIBALDI,PAVIA,59.656,cammino
MILANO PORTA GARIBALDI,PESARO,579.924,cammino
MILANO PORTA GARIBALDI,PIACENZA,92.875,cammino
MILANO PORTA GARIBALDI,PISA CENTRALE,306.121,cammino
MILANO PORTA GARIBALDI,PONTREMOLI,208.123,cammino
MILANO PORTA GARIBALDI,PREMOSELLO CHIOVENDA,104.255,cammino
MILANO PORTA GARIBALDI,RHO,37.83,cammino
MILANO PORTA GARIBALDI,RHO FIERA,8.86,adiacenti
MILANO PORTA GARIBALDI,RIMINI,546.524,cammino
MILANO PORTA GARIBALDI,ROMA TERMINI,639.448,cammino
MILANO PORTA GARIBALDI,SANTHIA,89.23,cammino
MILANO PORTA GARIBALDI,SENIGALLIA,613.697,cammino
MILANO PORTA GARIBALDI,SESTO CALENDE,55.73,cammino
MILANO PORTA GARIBALDI,SESTRI LEVANTE,228.73,cammino
MILANO PORTA GARIBALDI,SOMMA LOMBARDO,46.22,cammino
MILANO PORTA GARIBALDI,STRESA,81.575,cammino
MILANO PORTA GARIBALDI,TAGGIA ARMA,294.185,cammino
MILANO PORTA GARIBALDI,TORINO LINGOTTO,149.1,cammino
MILANO PORTA GARIBALDI,TORINO PORTA NUOVA,148.29,cammino
MILANO PORTA GARIBALDI,TORINO STURA,136.25,cammino
MILANO PORTA GARIBALDI,TORTONA,100.716,cammino
MILANO PORTA GARIBALDI,TRECATE,38.7,cammino
MILANO PORTA GARIBALDI,VENTIMIGLIA,316.555,cammino
MILANO PORTA GARIBALDI,VERCELLI,70.11,cammino
MILANO PORTA GARIBALDI,VIAREGGIO,283.879,cammino
MILANO PORTA GARIBALDI,VITTUONE ARLUNO,20.96,cammino
MILANO PORTA GARIBALDI,VOGHERA,84.516,cammino
MILANO ROGOREDO,ALASSIO,237.285,cammino
MILANO ROGOREDO,ALBENGA,231.145,cammino
MILANO ROGOREDO,ALESSANDRIA,91.58,cammino
MILANO ROGOREDO,ARQUATA SCRIVIA,124.63,cammino
MILANO ROGOREDO,ASTI,125.875,cammino
MILANO ROGOREDO,BOLOGNA CENTRALE,417.238,cammino
MILANO ROGOREDO,CREMONA,130.819,cammino
MILANO ROGOREDO,GENOVA BRIGNOLE,162.955,cammino
MILANO ROGOREDO,GENOVA P PRINCIPE,165.579,cammino
MILANO ROGOREDO,GENOVA PIAZZA PRINCIPE,160.415,cammino
MILANO ROGOREDO,LIVORNO CENTRALE,295.565,cammino
MILANO ROGOREDO,LODI,25.975,adiacenti
MILANO ROGOREDO,MASSA CENTRO,232.635,cammino
MILANO ROGOREDO,MELEGNANO,10.77,adiacenti
MILANO ROGOREDO,MILANO CENTRALE,9.598,adiacenti
MILANO ROGOREDO,MILANO LAMBRATE,5.791,adiacenti
MILANO ROGOREDO,MILANO PORTA GARIBALDI,31.051,cammino
MILANO ROGOREDO,MORTARA,85.791,cammino
MILANO ROGOREDO,NOVARA,61.551,cammino
MILANO ROGOREDO,NOVI LIGURE,113.18,cammino
MILANO ROGOREDO,PARMA,144.618,cammino
MILANO ROGOREDO,PAVIA,28.605,adiacenti
MILANO ROGOREDO,PIACENZA,61.824,cammino
MILANO ROGOREDO,PISA CENTRALE,275.07,cammino
MILANO ROGOREDO,RIMINI,515.473,cammino
MILANO ROGOREDO,ROMA TERMINI,608.397,cammino
MILANO ROGOREDO,ROMA TIBURTINA,612.917,cammino
MILANO ROGOREDO,SARZANA,215.416,cammino
MILANO ROGOREDO,SAVONA,193.795,cammino
MILANO ROGOREDO,TORTONA,69.665,cammino
MILANO ROGOREDO,VOGHERA,53.465,cammino
MODANE,BUSSOLENO,59.39,cammino
MODANE,MILANO CENTRALE,256.97,cammino
MODANE,SALBERTRAND,35.74,cammino
MODANE,TORINO PORTA NUOVA,104.92,cammino
MOMBALDONE ROCCAVERANO,ALESSANDRIA,55.305,cammino
MOMBARUZZO,ASTI,32.3,cammino
MONCALIERI,ALBA,58.325,cammino
MONCALIERI,ASTI,47.77,cammino
MONCALIERI,FOSSANO,55.43,cammino
MONCALIERI,TORINO STURA,16.54,cammino
MONCALIERI SANGONE,CHIVASSO,32.475,cammino
MONDOVI,FOSSANO,18.99,adiacenti
MONDOVI,S GIUSEPPE DI CAIRO,44.52,cammino
MONDOVI,SAVONA,64.81,cammino
MONDOVI,TORINO PORTA NUOVA,82.43,cammino
MONTALE AGLIANA,FIRENZE S MARIA NOVELLA,25.568,cammino
MONTANARO,IVREA,27.24,cammino
MONTANARO,NOVARA,76.91,cammino
MONTANARO,TORINO PORTA NUOVA,33.6,cammino
MONTE ANTICO,GROSSETO,44.828,cammino
MONTE ANTICO,ROMA OSTIENSE,222.852,cammino
MONTE ANTICO,SIENA,55.849,cammino
MONTEGROSSO,ACQUI TERME,33.36,cammino
MONTELLO GORLAGO,BERGAMO,11.174,cammino
MONTELLO GORLAGO,BRESCIA,37.525,cammino
MONTELLO GORLAGO,CREMONA,87.731,cammino
MONTEPESCALI,FIRENZE S MARIA NOVELLA,182.114,cammino
MONTEPESCALI,GROSSETO,11.76,adiacenti
MONTEPESCALI,LIVORNO CENTRALE,115.935,cammino
MONTEPESCALI,PISA CENTRALE,136.43,cammino
MONTEPESCALI,S VINCENZO,57.916,cammino
MONTEPULCIANO,CHIUSI C T,18.762,adiacenti
MONTEPULCIANO,EMPOLI,133.157,cammino
MONTEPULCIANO,GRANAIOLO,123.105,cammino
MONTEPULCIANO,SIENA,70.195,cammino
MONTEROSSO,GENOVA BRIGNOLE,68.175,cammino
MONTEROSSO,GENOVA P PRINCIPE,70.799,cammino
MONTEROSSO,MILANO CENTRALE,240.701,cammino
MONTEROSSO,MILANO PORTA GARIBALDI,254.35,cammino
MONTEROSSO,SARZANA,30.844,cammino
MONTEROSSO,SESTRI LEVANTE,25.62,cammino
MONZUNO,BOLOGNA CENTRALE,25.511,cammino
MORANO SUL PO,ALESSANDRIA,42.615,cammino
MORTARA,ALESSANDRIA,42.34,cammino
MORTARA,CASALE MONFERRATO,47.18,cammino
MORTARA,MILANO CENTRALE,76.22,cammino
MORTARA,MILANO LAMBRATE,80.0,cammino
MORTARA,MILANO PORTA GARIBALDI,72.46,cammino
MORTARA,MILANO ROGOREDO,85.791,cammino
MORTARA,NOVARA,24.24,cammino
MORTARA,PAVIA,105.315,cammino
MORTARA,VALENZA,28.4,cammino
MORTARA,VERCELLI,46.13,cammino
NAVACCHIO,FIRENZE S MARIA NOVELLA,69.586,cammino
NAVACCHIO,PISA CENTRALE,7.675,adiacenti
NIZZA MONFERRATO,ACQUI TERME,20.51,cammino
NIZZA MONFERRATO,ASTI,24.96,cammino
NIZZA MONFERRATO,ROMA OSTIENSE,610.681,cammino
NIZZA MONFERRATO,TORINO PORTA NUOVA,80.74,cammino
NONE,CANDIOLO,5.375,adiacenti
NONE,CHIVASSO,44.935,cammino
NONE,PINEROLO,17.28,cammino
NONE,TORINO LINGOTTO,15.745,cammino
NONE,TORINO STURA,28.595,cammino
NOVARA,ALESSANDRIA,66.58,cammino
NOVARA,AREZZO,445.488,cammino
NOVARA,ARONA,35.74,cammino
NOVARA,BIELLA S PAOLO,50.77,cammino
NOVARA,BORGO TICINO,27.51,cammino
NOVARA,BORGOMANERO,30.405,cammino
NOVARA,CALTIGNAGA,7.97,adiacenti
NOVARA,CALUSO,85.61,cammino
NOVARA,CANDIA CANAVESE,89.11,cammino
NOVARA,CASALE MONFERRATO,71.42,cammino
NOVARA,CHIVASSO,71.69,cammino
NOVARA,COSSATO,40.35,cammino
NOVARA,CRESSA FONTANETO,23.865,cammino
NOVARA,DOMODOSSOLA,86.865,cammino
NOVARA,GARBAGNA,8.22,adiacenti
NOVARA,GOZZANO,35.715,cammino
NOVARA,GRAVELLONA TOCE,58.745,cammino
NOVARA,IVREA,104.15,cammino
NOVARA,LIVORNO FERRARIS,53.54,cammino
NOVARA,MAGENTA,21.48,adiacenti
NOVARA,MILANO CENTRALE,51.98,cammino
NOVARA,MILANO LAMBRATE,55.76,cammino
NOVARA,MILANO PORTA GARIBALDI,48.22,cammino
NOVARA,MILANO ROGOREDO,61.551,cammino
NOVARA,MONTANARO,76.91,cammino
NOVARA,MORTARA,24.24,cammino
NOVARA,OLEGGIO,16.59,adiacenti
NOVARA,OMEGNA,51.405,cammino
NOVARA,ORTA MIASINO,41.905,cammino
NOVARA,PAVIA,90.156,cammino
NOVARA,PIEVE VERGONTE,75.46,cammino
NOVARA,PREMOSELLO CHIOVENDA,71.335,cammino
NOVARA,RHO,35.63,cammino
NOVARA,RODALLO,82.28,cammino
NOVARA,ROVASENDA,27.54,cammino
NOVARA,SANTHIA,41.01,cammino
NOVARA,STRAMBINO,95.07,cammino
NOVARA,TORINO LINGOTTO,100.88,cammino
NOVARA,TORINO PORTA NUOVA,100.07,cammino
NOVARA,TORINO STURA,88.03,cammino
NOVARA,TORREBERETTI,46.41,cammino
NOVARA,TRECATE,9.53,adiacenti
NOVARA,VALENZA,52.64,cammino
NOVARA,VERCELLI,21.89,adiacenti
NOVARA,VESPOLATE,12.03,cammino
NOVARA,VIGNALE,3.275,adiacenti
NOVARA,VILLADOSSOLA,82.01,cammino
NOVARA,VITTUONE ARLUNO,27.26,cammino
NOVI LIGURE,ALESSANDRIA,21.6,adiacenti
NOVI LIGURE,ARQUATA SCRIVIA,11.45,cammino
NOVI LIGURE,ASTI,55.895,cammino
NOVI LIGURE,BARDONECCHIA,197.885,cammino
NOVI LIGURE,GENOVA BRIGNOLE,49.775,cammino
NOVI LIGURE,GENOVA P PRINCIPE,52.399,cammino
NOVI LIGURE,GENOVA PIAZZA PRINCIPE,47.235,cammino
NOVI LIGURE,GENOVA SAMPIERDARENA,60.961,cammino
NOVI LIGURE,MILANO CENTRALE,122.751,cammino
NOVI LIGURE,MILANO LAMBRATE,118.971,cammino
NOVI LIGURE,MILANO PORTA GARIBALDI,136.4,cammino
NOVI LIGURE,MILANO ROGOREDO,113.18,cammino
NOVI LIGURE,PAVIA,84.575,cammino
NOVI LIGURE,RONCO SCRIVIA,21.935,cammino
NOVI LIGURE,TORINO PORTA NUOVA,111.675,cammino
NOVI LIGURE,TORTONA,43.515,cammino
NOVI LIGURE,TROFARELLO,98.645,cammino
NOVI LIGURE,VOGHERA,59.715,cammino
OLEGGIO,ARONA,19.15,cammino
OLEGGIO,NOVARA,16.59,adiacenti
OMEGNA,DOMODOSSOLA,35.46,cammino
OMEGNA,NOVARA,51.405,cammino
ORBETELLO,CASTELLINA CH,152.718,cammino
ORBETELLO,CECINA,131.943,cammino
ORBETELLO,CERTALDO,177.178,cammino
ORBETELLO,EMPOLI,201.542,cammino
ORBETELLO,FIRENZE S MARIA NOVELLA,231.777,cammino
ORBETELLO,GAVORRANO,64.95,cammino
ORBETELLO,GROSSETO,37.903,cammino
ORBETELLO,LIVORNO CENTRALE,165.598,cammino
ORBETELLO,MILANO CENTRALE,470.734,cammino
ORBETELLO,PISA CENTRALE,186.093,cammino
ORBETELLO,ROMA TERMINI,147.234,cammino
ORBETELLO,S VINCENZO,107.579,cammino
ORBETELLO,SIENA,138.58,cammino
ORBETELLO,VADA,137.86,cammino
ORTA MIASINO,NOVARA,41.905,cammino
ORTE,ANCONA,463.135,cammino
ORTE,AREZZO,144.969,cammino
ORTE,ATTIGLIANO,13.636,adiacenti
ORTE,CHIUSI C T,81.778,cammino
ORTE,FABRO FICULLE,64.9,cammino
ORTE,FIGLINE VALDARNO,188.793,cammino
ORTE,FIRENZE S MARIA NOVELLA,218.608,cammino
ORTE,FOLIGNO,192.541,cammino
ORTE,MILANO CENTRALE,565.364,cammino
ORTE,ORVIETO,42.347,cammino
ORTE,PERUGIA,152.902,cammino
ORTE,ROMA OSTIENSE,87.612,cammino
ORTE,ROMA TERMINI,80.499,cammino
ORTE,ROMA TIBURTINA,75.979,adiacenti
ORTE,ROMA TUSCOLANA,83.927,cammino
ORVIETO,CHIUSI C T,39.431,cammino
ORVIETO,FIRENZE S MARIA NOVELLA,176.261,cammino
ORVIETO,FOLIGNO,150.194,cammino
ORVIETO,MAGIONE,89.23,cammino
ORVIETO,ORTE,42.347,cammino
ORVIETO,PERUGIA,110.555,cammino
ORVIETO,ROMA TERMINI,122.846,cammino
OSTIA PARMENSE,PARMA,53.443,cammino
OULX CESANA CLAVIERE SESTRIERE,TORINO PORTA NUOVA,75.12,cammino
P M BADESSE,EMPOLI,55.647,cammino
P M BADESSE,FIRENZE S MARIA NOVELLA,85.882,cammino
PARMA,ANCONA,509.819,cammino
PARMA,AULLA LUNIGIANA,98.348,cammino
PARMA,BERCETO,45.045,cammino
PARMA,BOLOGNA CENTRALE,318.546,cammino
PARMA,BRESCIA,131.767,cammino
PARMA,BUSSETO,60.337,cammino
PARMA,CASALPUSTERLENGO,99.78,cammino
PARMA,CODOGNO,94.923,cammino
PARMA,COLLECCHIO,11.766,cammino
PARMA,CREMONA,81.561,cammino
PARMA,DEIVA MARINA,148.823,cammino
PARMA,FIDENZA,47.68,cammino
PARMA,FILATTIERA,84.971,cammino
PARMA,FIORENZUOLA,61.155,cammino
PARMA,FORNOVO,22.963,cammino
PARMA,GENOVA BRIGNOLE,203.346,cammino
PARMA,GENOVA NERVI,195.129,cammino
PARMA,GENOVA P PRINCIPE,205.97,cammino
PARMA,GENOVA PIAZZA PRINCIPE,205.886,cammino
PARMA,LODI,118.643,cammino
PARMA,MILANO CENTRALE,154.189,cammino
PARMA,MILANO LAMBRATE,150.409,cammino
PARMA,MILANO PORTA GARIBALDI,175.669,cammino
PARMA,MILANO ROGOREDO,144.618,cammino
PARMA,OSTIA PARMENSE,53.443,cammino
PARMA,PESARO,450.181,cammino
PARMA,PIACENZA,82.794,cammino
PARMA,PONTREMOLI,78.38,cammino
PARMA,RAVENNA,388.196,cammino
PARMA,RIMINI,416.781,cammino
PARMA,SESTRI LEVANTE,160.791,cammino
PARMA,TORINO PORTA SUSA,301.199,cammino
PARMA,VEZZANO LIGURE,111.734,cammino
PARMA,VICOFERTILE,7.288,adiacenti
PARMA,VOGHERA,198.083,cammino
PAVIA,ALBENGA,202.54,cammino
PAVIA,ALESSANDRIA,62.975,cammino
PAVIA,ASTI,97.27,cammino
PAVIA,BUSTO ARSIZIO,73.576,cammino
PAVIA,CASALPUSTERLENGO,73.443,cammino
PAVIA,CODOGNO,78.3,cammino
PAVIA,CREMONA,159.424,cammino
PAVIA,GENOVA BRIGNOLE,134.35,cammino
PAVIA,GENOVA PIAZZA PRINCIPE,131.81,cammino
PAVIA,MILANO CENTRALE,38.176,cammino
PAVIA,MILANO LAMBRATE,34.396,cammino
PAVIA,MILANO PORTA GARIBALDI,59.656,cammino
PAVIA,MILANO ROGOREDO,28.605,adiacenti
PAVIA,MORTARA,105.315,cammino
PAVIA,NOVARA,90.156,cammino
PAVIA,NOVI LIGURE,84.575,cammino
PAVIA,PIACENZA,90.429,cammino
PAVIA,TORREBERETTI,83.145,cammino
PAVIA,TORTONA,41.06,cammino
PAVIA,VALENZA,76.915,cammino
PAVIA,VENTIMIGLIA,264.73,cammino
PAVIA,VERCELLI,112.046,cammino
PAVIA,VOGHERA,24.86,cammino
PERUGIA,AREZZO,77.305,cammino
PERUGIA,ASSISI,23.97,cammino
PERUGIA,BASTIA,20.573,cammino
PERUGIA,CHIUSI C T,71.124,cammino
PERUGIA,FIGLINE VALDARNO,121.129,cammino
PERUGIA,FIRENZE S MARIA NOVELLA,150.944,cammino
PERUGIA,FOLIGNO,39.639,cammino
PERUGIA,MAGIONE,21.325,cammino
PERUGIA,MILANO CENTRALE,510.807,cammino
PERUGIA,ORTE,152.902,cammino
PERUGIA,ORVIETO,110.555,cammino
PERUGIA,ROMA OSTIENSE,240.514,cammino
PERUGIA,ROMA TERMINI,233.401,cammino
PERUGIA,ROMA TIBURTINA,228.881,cammino
PERUGIA,SPELLO,34.712,cammino
PERUGIA,TORINO PORTA NUOVA,546.288,cammino
PERUGIA,TORINO PORTA SUSA,547.818,cammino
PESARO,ANCONA,59.638,cammino
PESARO,ASTI,538.145,cammino
PESARO,BERGAMO,584.721,cammino
PESARO,BOLOGNA CENTRALE,145.886,cammino
PESARO,BRESCIA,536.022,cammino
PESARO,CASTELBOLOGNESE,102.701,cammino
PESARO,CESENATICO,54.689,cammino
PESARO,FAENZA,95.458,cammino
PESARO,FANO,12.482,adiacenti
PESARO,FIDENZA,451.935,cammino
PESARO,FIORENZUOLA,465.41,cammino
PESARO,FOLIGNO,375.472,cammino
PESARO,FORLI,79.73,cammino
PESARO,IMOLA,110.507,cammino
PESARO,LODI,522.898,cammino
PESARO,MAROTTA MONDOLFO,24.732,cammino
PESARO,MILANO CENTRALE,558.444,cammino
PESARO,MILANO LAMBRATE,554.664,cammino
PESARO,MILANO PORTA GARIBALDI,579.924,cammino
PESARO,MILANO ROGOREDO,548.873,cammino
PESARO,PARMA,450.181,cammino
PESARO,PIACENZA,487.049,cammino
PESARO,RAVENNA,83.311,cammino
PESARO,RIMINI,33.4,cammino
PESARO,ROMA S PIETRO,495.92,cammino
PESARO,ROMA TERMINI,483.996,cammino
PESARO,SENIGALLIA,33.773,cammino
PESARO,TORINO PORTA NUOVA,593.925,cammino
PESCIA,FIRENZE RIFREDI,51.368,cammino
PESCIA,FIRENZE S MARIA NOVELLA,54.132,cammino
PESCIA,LUCCA,23.115,adiacenti
PESCIA,PISA CENTRALE,46.248,cammino
PESCIA,PISTOIA,20.666,cammino
PESCIA,PRATO CENTRALE,37.725,cammino
PESCIA,VIAREGGIO,46.143,cammino
PIACENZA,ANCONA,546.687,cammino
PIACENZA,ARQUATA SCRIVIA,186.454,cammino
PIACENZA,BOLOGNA CENTRALE,355.414,cammino
PIACENZA,CASALPUSTERLENGO,16.986,cammino
PIACENZA,CASTELBOLOGNESE,398.618,cammino
PIACENZA,CESENA,425.204,cammino
PIACENZA,CODOGNO,12.129,adiacenti
PIACENZA,FAENZA,391.591,cammino
PIACENZA,FANO,499.531,cammino
PIACENZA,FIDENZA,35.114,adiacenti
PIACENZA,FIORENZUOLA,21.639,adiacenti
PIACENZA,FORLI,407.319,cammino
PIACENZA,GENOVA BRIGNOLE,224.779,cammino
PIACENZA,GENOVA P PRINCIPE,227.403,cammino
PIACENZA,GENOVA PIAZZA PRINCIPE,222.239,cammino
PIACENZA,GENOVA SAMPIERDARENA,235.965,cammino
PIACENZA,IMOLA,390.812,cammino
PIACENZA,LIVORNO CENTRALE,233.741,cammino
PIACENZA,LODI,35.849,adiacenti
PIACENZA,MAROTTA MONDOLFO,511.781,cammino
PIACENZA,MILANO CENTRALE,71.395,cammino
PIACENZA,MILANO LAMBRATE,67.615,cammino
PIACENZA,MILANO PORTA GARIBALDI,92.875,cammino
PIACENZA,MILANO ROGOREDO,61.824,cammino
PIACENZA,PARMA,82.794,cammino
PIACENZA,PAVIA,90.429,cammino
PIACENZA,PESARO,487.049,cammino
PIACENZA,RAVENNA,425.064,cammino
PIACENZA,RIMINI,453.649,cammino
PIACENZA,ROMA TERMINI,546.573,cammino
PIACENZA,RONCO SCRIVIA,196.939,cammino
PIACENZA,SENIGALLIA,520.822,cammino
PIACENZA,VOGHERA,115.289,cammino
PIANA,ALESSANDRIA,67.43,cammino
PIANORO,BOLOGNA CENTRALE,16.358,cammino
PIANORO,PORRETTA TERME,121.168,cammino
PIANORO,PRATO CENTRALE,64.258,cammino
PIETRA LIGURE,MILANO CENTRALE,228.516,cammino
PIETRA LIGURE,VENTIMIGLIA,74.39,cammino
PIETRASANTA,FIRENZE S MARIA NOVELLA,109.042,cammino
PIETRASANTA,PISA CENTRALE,31.781,cammino
PIEVE LIGURE,GENOVA BRIGNOLE,12.464,cammino
PIEVE VERGONTE,NOVARA,75.46,cammino
PINEROLO,AIRASCA,12.65,cammino
PINEROLO,CANDIOLO,22.655,cammino
PINEROLO,CHIVASSO,62.215,cammino
PINEROLO,MONCALIERI SANGONE,29.74,cammino
PINEROLO,NONE,17.28,cammino
PINEROLO,PISCINA DI PINEROLO,8.02,cammino
PINEROLO,TORINO LINGOTTO,33.025,cammino
PINEROLO,TORINO STURA,45.875,cammino
PIOMBINO,FIRENZE S MARIA NOVELLA,178.576,cammino
PIOMBINO,PISA CENTRALE,101.315,cammino
PISA CENTRALE,ALESSANDRIA,230.047,cammino
PISA CENTRALE,ALTOPASCIO,37.115,cammino
PISA CENTRALE,ANCONA,333.441,cammino
PISA CENTRALE,AREZZO,148.861,cammino
PISA CENTRALE,AULLA LUNIGIANA,78.03,cammino
PISA CENTRALE,BAGNI DI LUCCA,46.44,cammino
PISA CENTRALE,BERGAMO,310.918,cammino
PISA CENTRALE,BOLGHERI,62.043,cammino
PISA CENTRALE,BORGO A BUGGIANO,49.904,cammino
PISA CENTRALE,BRESCIA,262.219,cammino
PISA CENTRALE,CAPALBIO,198.348,cammino
PISA CENTRALE,CASCINA,12.539,adiacenti
PISA CENTRALE,CECINA,54.15,cammino
PISA CENTRALE,CIVITAVECCHIA,255.312,cammino
PISA CENTRALE,CREMONA,212.013,cammino
PISA CENTRALE,EMPOLI,47.026,cammino
PISA CENTRALE,EQUI TERME,93.221,cammino
PISA CENTRALE,FIDENZA,178.132,cammino
PISA CENTRALE,FILATTIERA,91.407,cammino
PISA CENTRALE,FIRENZE CASTELLO,74.337,cammino
PISA CENTRALE,FIRENZE RIFREDI,74.497,cammino
PISA CENTRALE,FIRENZE S MARIA NOVELLA,77.261,adiacenti
PISA CENTRALE,FOLLONICA,106.301,cammino
PISA CENTRALE,FORNACI DI BARGA,54.985,cammino
PISA CENTRALE,FORNOVO,153.415,cammino
PISA CENTRALE,GAVORRANO,121.144,cammino
PISA CENTRALE,GENOVA BRIGNOLE,158.672,cammino
PISA CENTRALE,GENOVA P PRINCIPE,161.296,cammino
PISA CENTRALE,GENOVA PIAZZA PRINCIPE,161.212,cammino
PISA CENTRALE,GRAGNOLA,91.825,cammino
PISA CENTRALE,GROSSETO,148.19,cammino
PISA CENTRALE,LIVORNO CENTRALE,20.495,adiacenti
PISA CENTRALE,LUCCA,23.133,cammino
PISA CENTRALE,MACCARESE FREGENE,301.845,cammino
PISA CENTRALE,MASSA CENTRO,42.435,cammino
PISA CENTRALE,MILANO CENTRALE,284.641,cammino
PISA CENTRALE,MILANO LAMBRATE,280.861,cammino
PISA CENTRALE,MILANO PORTA GARIBALDI,306.121,cammino
PISA CENTRALE,MILANO ROGOREDO,275.07,cammino
PISA CENTRALE,MONTEPESCALI,136.43,cammino
PISA CENTRALE,NAVACCHIO,7.675,adiacenti
PISA CENTRALE,ORBETELLO,186.093,cammino
PISA CENTRALE,PESCIA,46.248,cammino
PISA CENTRALE,PIETRASANTA,31.781,cammino
PISA CENTRALE,PIOMBINO,101.315,cammino
PISA CENTRALE,PISA S ROSSORE,2.224,adiacenti
PISA CENTRALE,PISTOIA,66.914,cammino
PISA CENTRALE,PONTREMOLI,97.998,cammino
PISA CENTRALE,PORCARI,32.256,cammino
PISA CENTRALE,PRATO CENTRALE,83.973,cammino
PISA CENTRALE,QUERCIANELLA,33.722,cammino
PISA CENTRALE,RIGOLI,11.425,cammino
PISA CENTRALE,ROMA OSTIENSE,326.214,cammino
PISA CENTRALE,ROMA S PIETRO,321.403,cammino
PISA CENTRALE,ROMA TERMINI,333.327,cammino
PISA CENTRALE,ROMA TIBURTINA,337.847,cammino
PISA CENTRALE,ROMA TUSCOLANA,329.899,cammino
PISA CENTRALE,ROSIGNANO,43.518,cammino
PISA CENTRALE,S GIULIANO TERME,8.298,cammino
PISA CENTRALE,S PIETRO A VICO,28.367,cammino
PISA CENTRALE,S VINCENZO,78.514,cammino
PISA CENTRALE,SARZANA,59.654,cammino
PISA CENTRALE,SERIATE,307.346,cammino
PISA CENTRALE,TARQUINIA,235.428,cammino
PISA CENTRALE,TORINO PORTA SUSA,321.652,cammino
PISA CENTRALE,VADA,48.233,cammino
PISA CENTRALE,VEROLANUOVA,234.962,cammino
PISA CENTRALE,VEZZANO LIGURE,67.066,cammino
PISA CENTRALE,VIAREGGIO,22.242,cammino
PISA S ROSSORE,LUCCA,20.909,cammino
PISA S ROSSORE,PISA CENTRALE,2.224,adiacenti
PISA S ROSSORE,PONTREMOLI,95.774,cammino
PISCINA DI PINEROLO,CHIVASSO,54.195,cammino
PISCINA DI PINEROLO,TORINO LINGOTTO,25.005,cammino
PISTOIA,ALTOPASCIO,29.799,cammino
PISTOIA,ANCONA,289.646,cammino
PISTOIA,AREZZO,105.066,cammino
PISTOIA,COMPIOBBI,43.581,cammino
PISTOIA,CORBEZZI,17.578,cammino
PISTOIA,FIGLINE VALDARNO,61.242,cammino
PISTOIA,FIRENZE CASTELLO,28.084,cammino
PISTOIA,FIRENZE RIFREDI,30.702,cammino
PISTOIA,FIRENZE S MARIA NOVELLA,33.466,cammino
PISTOIA,FIRENZE STATUTO,32.743,cammino
PISTOIA,INCISA,65.605,cammino
PISTOIA,LIVORNO CENTRALE,87.409,cammino
PISTOIA,LUCCA,43.781,adiacenti
PISTOIA,MARRADI,100.205,cammino
PISTOIA,PESCIA,20.666,cammino
PISTOIA,PISA CENTRALE,66.914,cammino
PISTOIA,PONTASSIEVE,51.198,cammino
PISTOIA,PORRETTA TERME,39.851,cammino
PISTOIA,PRACCHIA,25.091,cammino
PISTOIA,PRATO CENTRALE,17.059,adiacenti
PISTOIA,SESTO FIORENTINO,25.426,cammino
PISTOIA,VIAREGGIO,66.809,cammino
POGGIBONSI,CERTALDO,13.545,adiacenti
POGGIBONSI,EMPOLI,38.45,cammino
POGGIBONSI,FIRENZE S MARIA NOVELLA,68.685,cammino
POGGIBONSI,GRANAIOLO,27.857,cammino
POGGIBONSI,SIENA,25.053,adiacenti
PONTASSIEVE,AREZZO,63.878,cammino
PONTASSIEVE,CHIUSI C T,127.069,cammino
PONTASSIEVE,CONTEA LONDA,14.687,cammino
PONTASSIEVE,DICOMANO,18.115,cammino
PONTASSIEVE,FIRENZE RIFREDI,20.496,cammino
PONTASSIEVE,FIRENZE S MARIA NOVELLA,19.771,cammino
PONTASSIEVE,FIRENZE STATUTO,18.455,cammino
PONTASSIEVE,FOLIGNO,180.822,cammino
PONTASSIEVE,PISTOIA,51.198,cammino
PONTASSIEVE,PRATO CENTRALE,34.139,cammino
PONTASSIEVE,ROMA OSTIENSE,296.459,cammino
PONTASSIEVE,ROMA TIBURTINA,284.826,cammino
PONTASSIEVE,RUFINA,7.527,adiacenti
PONTASSIEVE,VICCHIO,25.669,cammino
PONTE A ELSA,CHIUSI C T,147.707,cammino
PONTE A ELSA,POGGIBONSI,33.697,cammino
PONTE A ELSA,SIENA,58.75,cammino
PONTICINO,FIRENZE S MARIA NOVELLA,60.682,cammino
PONTICINO,FOLIGNO,133.101,cammino
PONTICINO,PRATO CENTRALE,75.05,cammino
PONTREMOLI,AULLA LUNIGIANA,19.968,cammino
PONTREMOLI,COLLECCHIO,66.614,cammino
PONTREMOLI,EMPOLI,145.024,cammino
PONTREMOLI,FILATTIERA,6.591,adiacenti
PONTREMOLI,FIRENZE RIFREDI,172.495,cammino
PONTREMOLI,FIRENZE S MARIA NOVELLA,175.259,cammino
PONTREMOLI,FORNOVO,55.417,cammino
PONTREMOLI,GENOVA BRIGNOLE,124.966,cammino
PONTREMOLI,LIVORNO CENTRALE,118.493,cammino
PONTREMOLI,MASSA CENTRO,55.563,cammino
PONTREMOLI,MILANO CENTRALE,186.643,cammino
PONTREMOLI,MILANO PORTA GARIBALDI,208.123,cammino
PONTREMOLI,OSTIA PARMENSE,24.937,cammino
PONTREMOLI,PARMA,78.38,cammino
PONTREMOLI,PISA CENTRALE,97.998,cammino
PONTREMOLI,SARZANA,38.344,cammino
PONTREMOLI,SIGNA,162.876,cammino
PONTREMOLI,VEZZANO LIGURE,33.354,cammino
PONTREMOLI,VIAREGGIO,75.756,cammino
PONTREMOLI,VICOFERTILE,71.092,cammino
PORCARI,FIRENZE S MARIA NOVELLA,68.124,cammino
PORCARI,PISTOIA,34.658,cammino
PORCARI,VIAREGGIO,32.151,cammino
PORRETTA TERME,BOLOGNA CENTRALE,137.452,cammino
PORRETTA TERME,CORBEZZI,22.273,cammino
PORRETTA TERME,FIRENZE S MARIA NOVELLA,73.317,cammino
PORRETTA TERME,PIANORO,121.168,cammino
PORRETTA TERME,PISTOIA,39.851,cammino
PORRETTA TERME,PISTOIA OVEST,38.378,cammino
PORRETTA TERME,PRACCHIA,14.76,cammino
PRACCHIA,PISTOIA,25.091,cammino
PRACCHIA,PORRETTA TERME,14.76,cammino
PRATO CENTRALE,AREZZO,88.007,cammino
PRATO CENTRALE,BOLOGNA CENTRALE,80.542,cammino
PRATO CENTRALE,CHIUSI C T,151.198,cammino
PRATO CENTRALE,COMPIOBBI,26.522,cammino
PRATO CENTRALE,FIGLINE VALDARNO,44.183,cammino
PRATO CENTRALE,FIRENZE CASTELLO,11.025,cammino
PRATO CENTRALE,FIRENZE RIFREDI,13.643,adiacenti
PRATO CENTRALE,FIRENZE S MARIA NOVELLA,16.407,cammino
PRATO CENTRALE,GRIZZANA,44.916,cammino
PRATO CENTRALE,INCISA,48.546,cammino
PRATO CENTRALE,LUCCA,60.84,cammino
PRATO CENTRALE,PESCIA,37.725,cammino
PRATO CENTRALE,PIANORO,64.258,cammino
PRATO CENTRALE,PISA CENTRALE,83.973,cammino
PRATO CENTRALE,PISTOIA,17.059,adiacenti
PRATO CENTRALE,PONTASSIEVE,34.139,cammino
PRATO CENTRALE,RIGNANO SULL ARNO REGGELLO,42.358,cammino
PRATO CENTRALE,ROMA TERMINI,313.475,cammino
PRATO CENTRALE,ROMA TIBURTINA,308.955,cammino
PRATO CENTRALE,VAIANO,10.125,adiacenti
PRATO CENTRALE,VIAREGGIO,83.868,cammino
PRATOVECCHIO STIA,AREZZO,44.561,cammino
PRATOVECCHIO STIA,FIRENZE S MARIA NOVELLA,118.2,cammino
PREMOSELLO CHIOVENDA,ARONA,40.015,cammino
PREMOSELLO CHIOVENDA,GALLARATE,65.515,cammino
PREMOSELLO CHIOVENDA,MILANO CENTRALE,108.015,cammino
PREMOSELLO CHIOVENDA,MILANO PORTA GARIBALDI,104.255,cammino
PREMOSELLO CHIOVENDA,NOVARA,71.335,cammino
RACCONIGI,CUNEO,51.1,cammino
RACCONIGI,TORINO STURA,46.01,cammino
RAPOLANO TERME,CHIUSI C T,50.983,cammino
RAPOLANO TERME,EMPOLI,100.936,cammino
RAPOLANO TERME,SIENA,37.974,cammino
RAVENNA,ARQUATA SCRIVIA,408.815,cammino
RAVENNA,BOLOGNA CENTRALE,83.92,cammino
RAVENNA,CASTELBOLOGNESE,40.716,cammino
RAVENNA,CESENATICO,28.622,cammino
RAVENNA,FAENZA,33.473,adiacenti
RAVENNA,FIDENZA,389.95,cammino
RAVENNA,FIORENZUOLA,403.425,cammino
RAVENNA,FIRENZE S MARIA NOVELLA,134.557,cammino
RAVENNA,FOLIGNO,313.487,cammino
RAVENNA,GENOVA BRIGNOLE,370.49,cammino
RAVENNA,GENOVA P PRINCIPE,373.114,cammino
RAVENNA,GENOVA PIAZZA PRINCIPE,373.03,cammino
RAVENNA,GENOVA SAMPIERDARENA,381.676,cammino
RAVENNA,GRANAROLO,24.552,cammino
RAVENNA,IGEA MARINA,39.249,cammino
RAVENNA,IMOLA,48.522,cammino
RAVENNA,MILANO CENTRALE,496.459,cammino
RAVENNA,PARMA,388.196,cammino
RAVENNA,PESARO,83.311,cammino
RAVENNA,PIACENZA,425.064,cammino
RAVENNA,PISTOIA,168.023,cammino
RAVENNA,RIMINI,49.911,cammino
RAVENNA,RIMINI VISERBA,45.667,cammino
RAVENNA,ROMA TERMINI,422.011,cammino
RAVENNA,RONCO SCRIVIA,398.33,cammino
RAVENNA,RUSSI,16.398,cammino
RAVENNA,VOGHERA,479.98,cammino
RECCO,GENOVA BRIGNOLE,17.45,cammino
RECCO,GENOVA NERVI,9.233,adiacenti
RECCO,GENOVA P PRINCIPE,20.074,cammino
RECCO,GENOVA PRA,36.977,cammino
RECCO,GENOVA SAMPIERDARENA,28.636,cammino
RECCO,GENOVA VOLTRI,39.518,cammino
RECCO,MILANO CENTRALE,189.976,cammino
RECCO,ROMA OSTIENSE,467.436,cammino
RECCO,SARZANA,81.569,cammino
RECCO,SAVONA,67.484,cammino
RECCO,SESTRI LEVANTE,25.105,cammino
RECCO,VENTIMIGLIA,167.024,cammino
RHO,ARONA,71.37,cammino
RHO,BOLOGNA CENTRALE,443.159,cammino
RHO,DOMODOSSOLA,122.495,cammino
RHO,FIRENZE S MARIA NOVELLA,378.252,cammino
RHO,GALLARATE,58.85,cammino
RHO,MAGENTA,14.15,adiacenti
RHO,MILANO CENTRALE,16.35,adiacenti
RHO,MILANO PORTA GARIBALDI,37.83,cammino
RHO,MILANO ROGOREDO,25.921,cammino
RHO,NOVARA,35.63,cammino
RHO,ROMA S PIETRO,622.394,cammino
RHO,TORTONA,95.586,cammino
RHO,TRECATE,26.11,cammino
RHO,VENTIMIGLIA,303.965,cammino
RHO FIERA,BOLOGNA CENTRALE,439.429,cammino
RHO FIERA,PARMA,166.809,cammino
RHO FIERA,ROMA TERMINI,630.588,cammino
RIGNANO SULL ARNO REGGELLO,PISTOIA,59.417,cammino
RIGOLI,AULLA LUNIGIANA,85.007,cammino
RIGOLI,FIRENZE S MARIA NOVELLA,88.686,cammino
RIGOLI,FORNACI DI BARGA,43.56,cammino
RIGOLI,LUCCA,11.708,adiacenti
RIGOLI,PISA CENTRALE,11.425,cammino
RIGOMAGNO,CHIUSI C T,38.387,cammino
RIMINI,ANCONA,93.038,cammino
RIMINI,ASTI,504.745,cammino
RIMINI,BERGAMO,551.321,cammino
RIMINI,BOLOGNA CENTRALE,112.486,adiacenti
RIMINI,BRESCIA,502.622,cammino
RIMINI,BRISIGHELLA,75.088,cammino
RIMINI,CASALPUSTERLENGO,470.635,cammino
RIMINI,CASTELBOLOGNESE,69.301,cammino
RIMINI,CESENA,28.445,adiacenti
RIMINI,CESENATICO,21.289,cammino
RIMINI,CODOGNO,465.778,cammino
RIMINI,DICOMANO,143.135,cammino
RIMINI,FAENZA,62.058,cammino
RIMINI,FANO,45.882,cammino
RIMINI,FIDENZA,418.535,cammino
RIMINI,FIORENZUOLA,432.01,cammino
RIMINI,FIRENZE S MARIA NOVELLA,163.142,cammino
RIMINI,FOLIGNO,342.072,cammino
RIMINI,FORLI,46.33,cammino
RIMINI,IGEA MARINA,10.662,adiacenti
RIMINI,IMOLA,77.107,cammino
RIMINI,MAROTTA MONDOLFO,58.132,cammino
RIMINI,MARRADI,96.403,cammino
RIMINI,MILANO CENTRALE,525.044,cammino
RIMINI,MILANO LAMBRATE,521.264,cammino
RIMINI,MILANO PORTA GARIBALDI,546.524,cammino
RIMINI,MILANO ROGOREDO,515.473,cammino
RIMINI,PARMA,416.781,cammino
RIMINI,PESARO,33.4,cammino
RIMINI,PIACENZA,453.649,cammino
RIMINI,RAVENNA,49.911,cammino
RIMINI,RIMINI VISERBA,4.244,adiacenti
RIMINI,ROMA TERMINI,450.596,cammino
RIMINI,RUSSI,66.309,cammino
RIMINI,SENIGALLIA,67.173,cammino
RIMINI,TORINO PORTA NUOVA,560.525,cammino
RIMINI VISERBA,BOLOGNA CENTRALE,116.73,cammino
RIMINI VISERBA,CASTELBOLOGNESE,73.545,cammino
RIMINI VISERBA,RAVENNA,45.667,cammino
ROBILANTE,CUNEO,13.08,cammino
ROBILANTE,FOSSANO,38.22,cammino
ROCCASTRADA,EMPOLI,135.036,cammino
ROCCASTRADA,GROSSETO,28.603,cammino
ROCCASTRADA,SIENA,72.074,cammino
RODALLO,TORINO PORTA NUOVA,38.97,cammino
ROMA OSTIENSE,ANCONA,550.747,cammino
ROMA OSTIENSE,ASCIANO,226.609,cammino
ROMA OSTIENSE,BOLGHERI,264.171,cammino
ROMA OSTIENSE,CIVITAVECCHIA,70.902,cammino
ROMA OSTIENSE,FIRENZE S MARIA NOVELLA,306.22,cammino
ROMA OSTIENSE,GENOVA BRIGNOLE,484.886,cammino
ROMA OSTIENSE,GENOVA P PRINCIPE,487.51,cammino
ROMA OSTIENSE,GENOVA PIAZZA PRINCIPE,487.426,cammino
ROMA OSTIENSE,GROSSETO,178.024,cammino
ROMA OSTIENSE,LIVORNO CENTRALE,305.719,cammino
ROMA OSTIENSE,MILANO CENTRALE,610.855,cammino
ROMA OSTIENSE,NIZZA MONFERRATO,610.681,cammino
ROMA OSTIENSE,ORTE,87.612,cammino
ROMA OSTIENSE,ORVIETO,129.959,cammino
ROMA OSTIENSE,PISA CENTRALE,326.214,cammino
ROMA OSTIENSE,ROMA S PIETRO,4.811,cammino
ROMA OSTIENSE,ROMA TERMINI,7.114,adiacenti
ROMA OSTIENSE,ROMA TIBURTINA,11.633,cammino
ROMA OSTIENSE,ROMA TUSCOLANA,3.685,adiacenti
ROMA OSTIENSE,S VINCENZO,247.7,cammino
ROMA OSTIENSE,SESTRI LEVANTE,442.331,cammino
ROMA OSTIENSE,SIENA,258.347,cammino
ROMA OSTIENSE,TORINO PORTA NUOVA,646.336,cammino
ROMA OSTIENSE,VENTIMIGLIA,634.46,cammino
ROMA S PIETRO,ANCONA,555.558,cammino
ROMA S PIETRO,ASSISI,269.295,cammino
ROMA S PIETRO,BOLOGNA CENTRALE,405.941,cammino
ROMA S PIETRO,CIVITAVECCHIA,66.091,cammino
ROMA S PIETRO,FIRENZE S MARIA NOVELLA,311.031,cammino
ROMA S PIETRO,GROSSETO,173.213,cammino
ROMA S PIETRO,MILANO CENTRALE,606.044,cammino
ROMA S PIETRO,MONTEPESCALI,184.973,cammino
ROMA S PIETRO,PESARO,495.92,cammino
ROMA S PIETRO,PISA CENTRALE,321.403,cammino
ROMA S PIETRO,RHO,622.394,cammino
ROMA S PIETRO,ROMA OSTIENSE,4.811,cammino
ROMA S PIETRO,ROMA TERMINI,11.924,cammino
ROMA S PIETRO,ROMA TIBURTINA,16.444,cammino
ROMA S PIETRO,TORINO PORTA NUOVA,641.525,cammino
ROMA S PIETRO,VIAREGGIO,343.645,cammino
ROMA TERMINI,ALASSIO,585.523,cammino
ROMA TERMINI,ALBA,675.128,cammino
ROMA TERMINI,ALBINIA,153.763,cammino
ROMA TERMINI,ALESSANDRIA,563.374,cammino
ROMA TERMINI,ANCONA,543.634,cammino
ROMA TERMINI,AREZZO,225.468,cammino
ROMA TERMINI,ARQUATA SCRIVIA,530.324,cammino
ROMA TERMINI,ASSISI,257.371,cammino
ROMA TERMINI,ASTI,597.669,cammino
ROMA TERMINI,ATTIGLIANO,94.135,cammino
ROMA TERMINI,BARDONECCHIA,739.659,cammino
ROMA TERMINI,BASTIA,253.974,cammino
ROMA TERMINI,BERGAMO,644.245,cammino
ROMA TERMINI,BOLOGNA CENTRALE,394.017,cammino
ROMA TERMINI,BRESCIA,595.546,cammino
ROMA TERMINI,CECINA,279.177,cammino
ROMA TERMINI,CHIAVARI,456.904,cammino
ROMA TERMINI,CHIUSI C T,162.277,cammino
ROMA TERMINI,CIVITAVECCHIA,78.015,cammino
ROMA TERMINI,EMPOLI,314.196,cammino
ROMA TERMINI,FIGLINE VALDARNO,269.292,cammino
ROMA TERMINI,FIRENZE RIFREDI,299.832,cammino
ROMA TERMINI,FIRENZE S MARIA NOVELLA,299.107,cammino
ROMA TERMINI,FOLIGNO,273.04,cammino
ROMA TERMINI,FOLLONICA,227.026,cammino
ROMA TERMINI,GENOVA BRIGNOLE,491.999,cammino
ROMA TERMINI,GENOVA NERVI,483.782,cammino
ROMA TERMINI,GENOVA P PRINCIPE,494.623,cammino
ROMA TERMINI,GENOVA PIAZZA PRINCIPE,494.539,cammino
ROMA TERMINI,GROSSETO,185.137,cammino
ROMA TERMINI,IMPERIA,603.223,cammino
ROMA TERMINI,LIVORNO CENTRALE,312.832,cammino
ROMA TERMINI,MACCARESE FREGENE,31.482,cammino
ROMA TERMINI,MASSA CENTRO,375.762,cammino
ROMA TERMINI,MILANO CENTRALE,617.968,cammino
ROMA TERMINI,MILANO PORTA GARIBALDI,639.448,cammino
ROMA TERMINI,MILANO ROGOREDO,608.397,cammino
ROMA TERMINI,MONTEPESCALI,196.897,cammino
ROMA TERMINI,ORBETELLO,147.234,cammino
ROMA TERMINI,ORTE,80.499,cammino
ROMA TERMINI,ORVIETO,122.846,cammino
ROMA TERMINI,PAVIA,626.349,cammino
ROMA TERMINI,PERUGIA,233.401,cammino
ROMA TERMINI,PIACENZA,546.573,cammino
ROMA TERMINI,PISA CENTRALE,333.327,cammino
ROMA TERMINI,PISA S ROSSORE,335.551,cammino
ROMA TERMINI,PONTASSIEVE,289.346,cammino
ROMA TERMINI,PONTICINO,241.625,cammino
ROMA TERMINI,PRATO CENTRALE,313.475,cammino
ROMA TERMINI,RAVENNA,422.011,cammino
ROMA TERMINI,RHO FIERA,630.588,cammino
ROMA TERMINI,RIMINI,450.596,cammino
ROMA TERMINI,ROMA OSTIENSE,7.114,adiacenti
ROMA TERMINI,ROMA S PIETRO,11.924,cammino
ROMA TERMINI,ROMA TIBURTINA,4.52,adiacenti
ROMA TERMINI,ROMA TRASTEVERE,8.595,cammino
ROMA TERMINI,ROMA TUSCOLANA,3.428,adiacenti
ROMA TERMINI,ROSIGNANO,289.809,cammino
ROMA TERMINI,S MARINELLA,69.109,cammino
ROMA TERMINI,S VINCENZO,254.813,cammino
ROMA TERMINI,SAVONA,542.033,cammino
ROMA TERMINI,SESTRI LEVANTE,449.444,cammino
ROMA TERMINI,SIENA,251.234,cammino
ROMA TERMINI,SPELLO,268.113,cammino
ROMA TERMINI,TAGGIA ARMA,619.203,cammino
ROMA TERMINI,TARQUINIA,97.899,cammino
ROMA TERMINI,TORINO LINGOTTO,649.129,cammino
ROMA TERMINI,TORINO PORTA NUOVA,653.449,cammino
ROMA TERMINI,TORINO PORTA SUSA,654.979,cammino
ROMA TERMINI,TORINO STURA,660.829,cammino
ROMA TERMINI,VENTIMIGLIA,641.573,cammino
ROMA TERMINI,VEZZANO LIGURE,400.393,cammino
ROMA TERMINI,VIAREGGIO,355.569,cammino
ROMA TIBURTINA,ANCONA,539.114,cammino
ROMA TIBURTINA,AREZZO,220.948,cammino
ROMA TIBURTINA,BOLOGNA CENTRALE,389.497,cammino
ROMA TIBURTINA,CHIUSI C T,157.757,cammino
ROMA TIBURTINA,CIVITAVECCHIA,82.535,cammino
ROMA TIBURTINA,FIGLINE VALDARNO,264.772,cammino
ROMA TIBURTINA,FIRENZE RIFREDI,295.312,cammino
ROMA TIBURTINA,FIRENZE S MARIA NOVELLA,294.587,cammino
ROMA TIBURTINA,FOLIGNO,268.52,cammino
ROMA TIBURTINA,GENOVA P PRINCIPE,499.143,cammino
ROMA TIBURTINA,MILANO CENTRALE,622.488,cammino
ROMA TIBURTINA,MILANO ROGOREDO,612.917,cammino
ROMA TIBURTINA,ORTE,75.979,adiacenti
ROMA TIBURTINA,PERUGIA,228.881,cammino
ROMA TIBURTINA,PRATO CENTRALE,308.955,cammino
ROMA TIBURTINA,ROMA OSTIENSE,11.633,cammino
ROMA TIBURTINA,ROMA S PIETRO,16.444,cammino
ROMA TIBURTINA,ROMA TERMINI,4.52,adiacenti
ROMA TIBURTINA,ROMA TRASTEVERE,13.115,cammino
ROMA TIBURTINA,ROMA TUSCOLANA,7.948,cammino
ROMA TIBURTINA,SAVONA,546.553,cammino
ROMA TIBURTINA,SESTRI LEVANTE,453.964,cammino
ROMA TIBURTINA,TORINO PORTA NUOVA,657.969,cammino
ROMA TUSCOLANA,CIVITAVECCHIA,74.587,cammino
ROMA TUSCOLANA,GENOVA P PRINCIPE,491.195,cammino
ROMA TUSCOLANA,GROSSETO,181.709,cammino
ROMA TUSCOLANA,MILANO CENTRALE,614.54,cammino
ROMA TUSCOLANA,ORTE,83.927,cammino
ROMA TUSCOLANA,PISA CENTRALE,329.899,cammino
ROMA TUSCOLANA,ROMA OSTIENSE,3.685,adiacenti
ROMA TUSCOLANA,ROMA TERMINI,3.428,adiacenti
ROMA TUSCOLANA,ROMA TIBURTINA,7.948,cammino
RONCO SCRIVIA,GENOVA BRIGNOLE,27.84,cammino
RONCO SCRIVIA,GENOVA PIAZZA PRINCIPE,25.3,adiacenti
RONCO SCRIVIA,MILANO CENTRALE,144.686,cammino
RONCO SCRIVIA,PIACENZA,196.939,cammino
RONCO SCRIVIA,RIMINI,426.915,cammino
RONCO SCRIVIA,TORINO PORTA NUOVA,133.61,cammino
RONCO SCRIVIA,VOGHERA,81.65,cammino
RONTA,FIRENZE S MARIA NOVELLA,43.446,cammino
RONTA,MARRADI,23.293,adiacenti
ROSIGNANO,FIRENZE S MARIA NOVELLA,120.779,cammino
ROSIGNANO,ROMA TERMINI,289.809,cammino
ROVASENDA,BIELLA S PAOLO,23.23,cammino
ROVASENDA,NOVARA,27.54,cammino
ROVATO,BERGAMO,31.678,cammino
ROVATO,BRESCIA,17.021,adiacenti
ROVATO,CREMONA,67.227,cammino
ROVATO,MILANO CENTRALE,207.617,cammino
ROVATO,MILANO LAMBRATE,203.837,cammino
ROVATO,SERIATE,28.106,cammino
RUFINA,FIRENZE RIFREDI,28.023,cammino
RUFINA,FIRENZE S MARIA NOVELLA,27.298,cammino
RUFINA,PONTASSIEVE,7.527,adiacenti
RUSSI,BOLOGNA CENTRALE,67.536,cammino
RUSSI,FAENZA,17.089,cammino
RUSSI,GENOVA BRIGNOLE,354.106,cammino
RUSSI,GENOVA P PRINCIPE,356.73,cammino
RUSSI,RAVENNA,16.398,cammino
S CASSIANO,FIRENZE S MARIA NOVELLA,76.062,cammino
S GIULIANO TERME,AULLA LUNIGIANA,81.88,cammino
S GIULIANO TERME,FIRENZE S MARIA NOVELLA,85.559,cammino
S GIULIANO TERME,FORNACI DI BARGA,46.687,cammino
S GIULIANO TERME,LUCCA,14.835,adiacenti
S GIULIANO TERME,PISA CENTRALE,8.298,cammino
S GIUSEPPE DI CAIRO,ACQUI TERME,48.015,cammino
S GIUSEPPE DI CAIRO,ALESSANDRIA,81.925,cammino
S GIUSEPPE DI CAIRO,CENGIO,8.75,adiacenti
S GIUSEPPE DI CAIRO,CEVA,25.35,adiacenti
S GIUSEPPE DI CAIRO,FOSSANO,63.51,cammino
S GIUSEPPE DI CAIRO,MAGLIANO CRAVA MOROZZO,50.62,cammino
S GIUSEPPE DI CAIRO,MONDOVI,44.52,cammino
S GIUSEPPE DI CAIRO,SAVONA,20.29,adiacenti
S GIUSEPPE DI CAIRO,TORINO PORTA NUOVA,126.95,cammino
S PIERO A SIEVE,FIRENZE S MARIA NOVELLA,29.854,cammino
S PIETRO A VICO,AULLA LUNIGIANA,84.05,cammino
S PIETRO A VICO,LUCCA,5.234,adiacenti
S PIETRO A VICO,PISA CENTRALE,28.367,cammino
S VINCENZO,FIRENZE S MARIA NOVELLA,155.775,cammino
S VINCENZO,GROSSETO,69.676,cammino
S VINCENZO,LIVORNO CENTRALE,58.019,cammino
S VINCENZO,PISA CENTRALE,78.514,cammino
S VINCENZO,ROMA TERMINI,254.813,cammino
SALBERTRAND,AVIGLIANA,45.08,cammino
SALBERTRAND,BUSSOLENO,23.65,cammino
SALBERTRAND,TORINO PORTA NUOVA,69.18,cammino
SALUSSOLA,SANTHIA,11.165,adiacenti
SALUZZO,SAVIGLIANO,14.88,adiacenti
SANTHIA,BIELLA S PAOLO,26.72,adiacenti
SANTHIA,CHIVASSO,30.68,adiacenti
SANTHIA,IVREA,63.14,cammino
SANTHIA,MILANO CENTRALE,92.99,cammino
SANTHIA,MILANO PORTA GARIBALDI,89.23,cammino
SANTHIA,NOVARA,41.01,cammino
SANTHIA,SALUSSOLA,11.165,adiacenti
SANTHIA,TORINO LINGOTTO,59.87,cammino
SANTHIA,TORINO PORTA NUOVA,59.06,cammino
SANTHIA,VERCELLI,19.12,adiacenti
SARZANA,COGOLETO,131.382,cammino
SARZANA,CORNIGLIA,24.843,cammino
SARZANA,FIRENZE RIFREDI,134.151,cammino
SARZANA,FIRENZE S MARIA NOVELLA,136.915,cammino
SARZANA,GENOVA BRIGNOLE,99.019,cammino
SARZANA,GENOVA P PRINCIPE,101.643,cammino
SARZANA,GENOVA VOLTRI,121.087,cammino
SARZANA,LEVANTO,35.17,cammino
SARZANA,MILANO CENTRALE,224.987,cammino
SARZANA,MILANO ROGOREDO,215.416,cammino
SARZANA,MONTEROSSO,30.844,cammino
SARZANA,PISA CENTRALE,59.654,cammino
SARZANA,RECCO,81.569,cammino
SARZANA,SAVONA,149.053,cammino
SARZANA,SESTRI LEVANTE,56.464,cammino
SARZANA,VIAREGGIO,37.412,cammino
SAVIGLIANO,SALUZZO,14.88,adiacenti
SAVONA,ACQUI TERME,68.305,cammino
SAVONA,ALASSIO,43.49,cammino
SAVONA,ALBENGA,37.35,cammino
SAVONA,ALBISOLA,5.194,adiacenti
SAVONA,ALESSANDRIA,102.215,cammino
SAVONA,ARENZANO,20.803,cammino
SAVONA,ARQUATA SCRIVIA,88.359,cammino
SAVONA,ASTI,113.775,cammino
SAVONA,BOGLIASCO,60.348,cammino
SAVONA,CAIRO MONTENOTTE,23.01,cammino
SAVONA,CARMAGNOLA,118.84,cammino
SAVONA,CASSINE,81.185,cammino
SAVONA,CAVALLERMAGGIORE,102.71,cammino
SAVONA,CENGIO,29.04,cammino
SAVONA,CEVA,45.64,cammino
SAVONA,CHIAVARI,85.129,cammino
SAVONA,COGOLETO,17.671,cammino
SAVONA,DEIVA MARINA,104.557,cammino
SAVONA,FOSSANO,83.8,cammino
SAVONA,GALLARATE,230.035,cammino
SAVONA,GENOVA BRIGNOLE,50.034,cammino
SAVONA,GENOVA NERVI,58.251,cammino
SAVONA,GENOVA P PRINCIPE,47.41,cammino
SAVONA,GENOVA PIAZZA PRINCIPE,52.574,cammino
SAVONA,GENOVA STURLA,53.011,cammino
SAVONA,GENOVA VOLTRI,27.966,cammino
SAVONA,IMPERIA,61.19,cammino
SAVONA,LEVANTO,113.883,cammino
SAVONA,LOANO,28.34,cammino
SAVONA,MILANO CENTRALE,203.366,cammino
SAVONA,MILANO LAMBRATE,199.586,cammino
SAVONA,MILANO ROGOREDO,193.795,cammino
SAVONA,MONDOVI,64.81,cammino
SAVONA,MONTECHIARO DENICE,51.02,cammino
SAVONA,MONTEROSSO,118.209,cammino
SAVONA,PAVIA,165.19,cammino
SAVONA,PIETRA LIGURE,25.15,adiacenti
SAVONA,PIETRASANTA,176.926,cammino
SAVONA,PISA CENTRALE,208.706,cammino
SAVONA,PONTI,55.18,cammino
SAVONA,RECCO,67.484,cammino
SAVONA,RIVA TRIGOSO,95.509,cammino
SAVONA,ROMA TERMINI,542.033,cammino
SAVONA,S GIUSEPPE DI CAIRO,20.29,adiacenti
SAVONA,SARZANA,149.053,cammino
SAVONA,SAVIGLIANO,95.96,cammino
SAVONA,SESTRI LEVANTE,92.589,cammino
SAVONA,SPIGNO,42.81,cammino
SAVONA,STREVI,74.405,cammino
SAVONA,TAGGIA ARMA,77.17,cammino
SAVONA,TORINO LINGOTTO,142.92,cammino
SAVONA,TORINO PORTA NUOVA,147.24,cammino
SAVONA,VARAZZE,10.408,cammino
SAVONA,VENTIMIGLIA,99.54,cammino
SAVONA,VIAREGGIO,186.465,cammino
SAVONA,VOGHERA,140.33,cammino
SCARLINO,GROSSETO,35.025,cammino
SENIGALLIA,ANCONA,25.865,cammino
SENIGALLIA,PARMA,483.954,cammino
SENIGALLIA,PESARO,33.773,cammino
SENIGALLIA,PIACENZA,520.822,cammino
SENIGALLIA,RIMINI,67.173,cammino
SERIATE,BERGAMO,3.572,adiacenti
SERIATE,BRESCIA,45.127,cammino
SERIATE,ROVATO,28.106,cammino
SESTO CALENDE,ARONA,8.52,adiacenti
SESTO CALENDE,BUSTO ARSIZIO,24.09,cammino
SESTO CALENDE,DOMODOSSOLA,64.055,cammino
SESTO CALENDE,MILANO CENTRALE,59.49,cammino
SESTO CALENDE,MILANO PORTA GARIBALDI,55.73,cammino
SESTRI LEVANTE,ALASSIO,136.079,cammino
SESTRI LEVANTE,ALBENGA,129.939,cammino
SESTRI LEVANTE,ARENZANO,71.786,cammino
SESTRI LEVANTE,AREZZO,264.978,cammino
SESTRI LEVANTE,CECINA,170.267,cammino
SESTRI LEVANTE,CHIAVARI,7.46,adiacenti
SESTRI LEVANTE,CIVITAVECCHIA,371.429,cammino
SESTRI LEVANTE,COGOLETO,74.918,cammino
SESTRI LEVANTE,CORNIGLIA,31.621,cammino
SESTRI LEVANTE,DEIVA MARINA,11.968,cammino
SESTRI LEVANTE,FOLLONICA,222.418,cammino
SESTRI LEVANTE,GENOVA BRIGNOLE,42.555,cammino
SESTRI LEVANTE,GENOVA NERVI,34.338,cammino
SESTRI LEVANTE,GENOVA P PRINCIPE,45.179,cammino
SESTRI LEVANTE,GENOVA PIAZZA PRINCIPE,45.095,cammino
SESTRI LEVANTE,GENOVA SAMPIERDARENA,53.741,cammino
SESTRI LEVANTE,GENOVA VOLTRI,64.623,cammino
SESTRI LEVANTE,LAVAGNA,5.268,adiacenti
SESTRI LEVANTE,LEVANTO,21.295,adiacenti
SESTRI LEVANTE,LIVORNO CENTRALE,136.612,cammino
SESTRI LEVANTE,MANAROLA,33.466,cammino
SESTRI LEVANTE,MILANO CENTRALE,215.081,cammino
SESTRI LEVANTE,MILANO LAMBRATE,211.301,cammino
SESTRI LEVANTE,MILANO ROGOREDO,205.51,cammino
SESTRI LEVANTE,MONEGLIA,8.161,adiacenti
SESTRI LEVANTE,MONTEROSSO,25.62,cammino
SESTRI LEVANTE,PARMA,160.791,cammino
SESTRI LEVANTE,PIEVE LIGURE,30.091,cammino
SESTRI LEVANTE,PISA CENTRALE,116.117,cammino
SESTRI LEVANTE,PONTREMOLI,82.411,cammino
SESTRI LEVANTE,RECCO,25.105,cammino
SESTRI LEVANTE,ROMA OSTIENSE,442.331,cammino
SESTRI LEVANTE,ROMA TERMINI,449.444,cammino
SESTRI LEVANTE,RONCO SCRIVIA,70.395,cammino
SESTRI LEVANTE,SARZANA,56.464,cammino
SESTRI LEVANTE,SAVONA,92.589,cammino
SESTRI LEVANTE,TAGGIA ARMA,169.759,cammino
SESTRI LEVANTE,TORTONA,135.845,cammino
SESTRI LEVANTE,VARAZZE,82.181,cammino
SESTRI LEVANTE,VENTIMIGLIA,192.129,cammino
SESTRI LEVANTE,VEZZANO LIGURE,49.057,cammino
SESTRI LEVANTE,VOGHERA,152.045,cammino
SEZZADIO,ALESSANDRIA,15.27,cammino
SIENA,ARBIA,9.723,adiacenti
SIENA,ASCIANO,31.738,cammino
SIENA,BUONCONVENTO,28.745,cammino
SIENA,CASTELFIORENTINO,47.231,cammino
SIENA,CASTELLINA CH,14.138,adiacenti
SIENA,CERTALDO,38.598,cammino
SIENA,CHIUSI C T,88.957,cammino
SIENA,EMPOLI,62.962,adiacenti
SIENA,FIRENZE RIFREDI,90.433,cammino
SIENA,FIRENZE S MARIA NOVELLA,93.197,cammino
SIENA,GRANAIOLO,52.91,cammino
SIENA,GROSSETO,100.677,cammino
SIENA,MONTE ANTICO,55.849,cammino
SIENA,MONTEPESCALI,88.917,cammino
SIENA,MONTEPULCIANO,70.195,cammino
SIENA,P M BADESSE,7.856,adiacenti
SIENA,POGGIBONSI,25.053,adiacenti
SIENA,PONTE A ELSA,58.75,cammino
SIENA,RAPOLANO TERME,37.974,cammino
SIENA,RIGOMAGNO,50.57,cammino
SIENA,ROCCASTRADA,72.074,cammino
SIENA,ROMA OSTIENSE,258.347,cammino
SIENA,ROMA TERMINI,251.234,cammino
SIENA,SINALUNGA,56.357,cammino
SINALUNGA,CHIUSI C T,32.6,cammino
SINALUNGA,EMPOLI,119.319,cammino
SINALUNGA,SIENA,56.357,cammino
SOMMA LOMBARDO,ARONA,18.02,cammino
SOMMA LOMBARDO,DOMODOSSOLA,73.565,cammino
SOMMA LOMBARDO,MILANO CENTRALE,49.98,cammino
SOMMA LOMBARDO,MILANO PORTA GARIBALDI,46.22,cammino
SOMMA LOMBARDO,STRESA,35.355,cammino
SOMMARIVA DEL BOSCO,TORINO STURA,46.65,cammino
SPIGNO,ALESSANDRIA,59.405,cammino
STRAMBINO,CHIVASSO,23.38,cammino
STRAMBINO,NOVARA,95.07,cammino
STRAMBINO,TORINO PORTA NUOVA,51.76,cammino
STRESA,MILANO CENTRALE,85.335,cammino
STRESA,MILANO PORTA GARIBALDI,81.575,cammino
STRESA,SOMMA LOMBARDO,35.355,cammino
STREVI,ALESSANDRIA,27.81,cammino
STREVI,SAVONA,74.405,cammino
SUSA,ALPIGNANO,39.05,cammino
SUSA,AVIGLIANA,28.96,cammino
SUSA,BORGONE,14.96,cammino
SUSA,BUSSOLENO,7.53,adiacenti
SUSA,COLLEGNO,43.27,cammino
SUSA,ROSTA,33.83,cammino
SUSA,TORINO PORTA NUOVA,53.06,cammino
TAGGIA ARMA,BERGAMO,465.09,cammino
TAGGIA ARMA,COGOLETO,94.841,cammino
TAGGIA ARMA,FOSSANO,143.41,cammino
TAGGIA ARMA,GALLARATE,307.205,cammino
TAGGIA ARMA,GENOVA BRIGNOLE,127.204,cammino
TAGGIA ARMA,MILANO CENTRALE,280.536,cammino
TAGGIA ARMA,MILANO LAMBRATE,276.756,cammino
TAGGIA ARMA,MILANO PORTA GARIBALDI,294.185,cammino
TAGGIA ARMA,ROVATO,433.412,cammino
TAGGIA ARMA,SAVONA,77.17,cammino
TAGGIA ARMA,SESTRI LEVANTE,169.759,cammino
TAGGIA ARMA,TORINO PORTA NUOVA,206.85,cammino
TAGGIA ARMA,VENTIMIGLIA,22.37,cammino
TAGGIA ARMA,VOGHERA,217.5,cammino
TARQUINIA,PISA CENTRALE,235.428,cammino
TARQUINIA,ROMA TERMINI,97.899,cammino
TASSIGNANO,FIRENZE S MARIA NOVELLA,72.059,cammino
TORINO LINGOTTO,ALBA,62.015,cammino
TORINO LINGOTTO,ALESSANDRIA,85.755,cammino
TORINO LINGOTTO,ARQUATA SCRIVIA,118.805,cammino
TORINO LINGOTTO,ASTI,51.46,adiacenti
TORINO LINGOTTO,BIELLA S PAOLO,86.59,cammino
TORINO LINGOTTO,BRA,44.53,cammino
TORINO LINGOTTO,CAMBIANO SANTENA,12.12,cammino
TORINO LINGOTTO,CARMAGNOLA,24.08,adiacenti
TORINO LINGOTTO,CHIERI,17.27,cammino
TORINO LINGOTTO,CHIVASSO,29.19,cammino
TORINO LINGOTTO,CUNEO,84.26,cammino
TORINO LINGOTTO,FIRENZE S MARIA NOVELLA,393.063,cammino
TORINO LINGOTTO,FOSSANO,59.12,cammino
TORINO LINGOTTO,GENOVA BRIGNOLE,157.13,cammino
TORINO LINGOTTO,GENOVA P PRINCIPE,159.754,cammino
TORINO LINGOTTO,GENOVA PIAZZA PRINCIPE,154.59,cammino
TORINO LINGOTTO,GENOVA SAMPIERDARENA,168.316,cammino
TORINO LINGOTTO,IVREA,61.65,cammino
TORINO LINGOTTO,LIVORNO CENTRALE,336.297,cammino
TORINO LINGOTTO,MILANO CENTRALE,152.86,cammino
TORINO LINGOTTO,MILANO PORTA GARIBALDI,149.1,cammino
TORINO LINGOTTO,MONCALIERI,3.69,adiacenti
TORINO LINGOTTO,NONE,15.745,cammino
TORINO LINGOTTO,NOVARA,100.88,cammino
TORINO LINGOTTO,PINEROLO,33.025,cammino
TORINO LINGOTTO,ROMA TERMINI,649.129,cammino
TORINO LINGOTTO,SANTHIA,59.87,cammino
TORINO LINGOTTO,SAVONA,142.92,cammino
TORINO LINGOTTO,TORINO PORTA NUOVA,4.32,adiacenti
TORINO LINGOTTO,TORINO PORTA SUSA,5.85,adiacenti
TORINO LINGOTTO,TORINO STURA,12.85,cammino
TORINO LINGOTTO,TROFARELLO,8.71,adiacenti
TORINO LINGOTTO,VENTIMIGLIA,180.16,cammino
TORINO LINGOTTO,VERCELLI,78.99,cammino
TORINO PORTA NUOVA,ALBA,66.335,cammino
TORINO PORTA NUOVA,ALBENGA,184.59,cammino
TORINO PORTA NUOVA,ALESSANDRIA,90.075,cammino
TORINO PORTA NUOVA,ANCONA,653.563,cammino
TORINO PORTA NUOVA,ARQUATA SCRIVIA,123.125,cammino
TORINO PORTA NUOVA,ASTI,55.78,cammino
TORINO PORTA NUOVA,AVIGLIANA,24.1,cammino
TORINO PORTA NUOVA,BARDONECCHIA,86.21,cammino
TORINO PORTA NUOVA,BERGAMO,391.345,cammino
TORINO PORTA NUOVA,BIANZE,50.93,cammino
TORINO PORTA NUOVA,BIELLA S PAOLO,85.78,cammino
TORINO PORTA NUOVA,BOLOGNA CENTRALE,462.291,cammino
TORINO PORTA NUOVA,BORGONE,38.1,cammino
TORINO PORTA NUOVA,BRA,48.85,cammino
TORINO PORTA NUOVA,BRESCIA,342.646,cammino
TORINO PORTA NUOVA,BUSSOLENO,45.53,cammino
TORINO PORTA NUOVA,CARMAGNOLA,28.4,cammino
TORINO PORTA NUOVA,CAVALLERMAGGIORE,44.53,cammino
TORINO PORTA NUOVA,CENGIO,118.2,cammino
TORINO PORTA NUOVA,CENTALLO,75.38,cammino
TORINO PORTA NUOVA,CEVA,101.6,cammino
TORINO PORTA NUOVA,CHIAVARI,196.545,cammino
TORINO PORTA NUOVA,CHIOMONTE,59.47,cammino
TORINO PORTA NUOVA,CHIVASSO,28.38,cammino
TORINO PORTA NUOVA,CIVITAVECCHIA,575.434,cammino
TORINO PORTA NUOVA,COGOLETO,164.911,cammino
TORINO PORTA NUOVA,COLLEGNO,9.79,adiacenti
TORINO PORTA NUOVA,CUNEO,88.58,cammino
TORINO PORTA NUOVA,EMPOLI,367.148,cammino
TORINO PORTA NUOVA,FANO,606.407,cammino
TORINO PORTA NUOVA,FIRENZE RIFREDI,394.619,cammino
TORINO PORTA NUOVA,FIRENZE S MARIA NOVELLA,397.383,cammino
TORINO PORTA NUOVA,FOLIGNO,585.927,cammino
TORINO PORTA NUOVA,FOSSANO,63.44,cammino
TORINO PORTA NUOVA,GENOVA BRIGNOLE,161.45,cammino
TORINO PORTA NUOVA,GENOVA P PRINCIPE,164.074,cammino
TORINO PORTA NUOVA,GENOVA PIAZZA PRINCIPE,158.91,cammino
TORINO PORTA NUOVA,GENOVA SAMPIERDARENA,172.636,cammino
TORINO PORTA NUOVA,GROSSETO,468.312,cammino
TORINO PORTA NUOVA,GRUGLIASCO,7.5,adiacenti
TORINO PORTA NUOVA,IMPERIA,208.43,cammino
TORINO PORTA NUOVA,IVREA,60.84,cammino
TORINO PORTA NUOVA,LIVORNO CENTRALE,340.617,cammino
TORINO PORTA NUOVA,LIVORNO FERRARIS,46.53,cammino
TORINO PORTA NUOVA,LOANO,175.58,cammino
TORINO PORTA NUOVA,MAGENTA,121.55,cammino
TORINO PORTA NUOVA,MASSA CENTRO,277.688,cammino
TORINO PORTA NUOVA,MILANO CENTRALE,152.05,cammino
TORINO PORTA NUOVA,MILANO PORTA GARIBALDI,148.29,cammino
TORINO PORTA NUOVA,MODANE,104.92,cammino
TORINO PORTA NUOVA,MONCALIERI,8.01,cammino
TORINO PORTA NUOVA,MONDOVI,82.43,cammino
TORINO PORTA NUOVA,NIZZA MONFERRATO,80.74,cammino
TORINO PORTA NUOVA,NOVARA,100.07,cammino
TORINO PORTA NUOVA,NOVI LIGURE,111.675,cammino
TORINO PORTA NUOVA,OULX CESANA CLAVIERE SESTRIERE,75.12,cammino
TORINO PORTA NUOVA,PERUGIA,546.288,cammino
TORINO PORTA NUOVA,PESARO,593.925,cammino
TORINO PORTA NUOVA,PISA CENTRALE,320.122,cammino
TORINO PORTA NUOVA,RHO,135.7,cammino
TORINO PORTA NUOVA,RICCIONE,570.511,cammino
TORINO PORTA NUOVA,RIMINI,560.525,cammino
TORINO PORTA NUOVA,RODALLO,38.97,cammino
TORINO PORTA NUOVA,ROMA OSTIENSE,646.336,cammino
TORINO PORTA NUOVA,ROMA S PIETRO,641.525,cammino
TORINO PORTA NUOVA,ROMA TERMINI,653.449,cammino
TORINO PORTA NUOVA,ROMA TIBURTINA,657.969,cammino
TORINO PORTA NUOVA,RONCO SCRIVIA,133.61,cammino
TORINO PORTA NUOVA,S AMBROGIO,27.73,cammino
TORINO PORTA NUOVA,S ANTONINO VAIE,34.56,cammino
TORINO PORTA NUOVA,S GIUSEPPE DI CAIRO,126.95,cammino
TORINO PORTA NUOVA,SALBERTRAND,69.18,cammino
TORINO PORTA NUOVA,SANTHIA,59.06,cammino
TORINO PORTA NUOVA,SAVIGLIANO,51.28,cammino
TORINO PORTA NUOVA,SAVONA,147.24,cammino
TORINO PORTA NUOVA,SESTRI LEVANTE,204.005,cammino
TORINO PORTA NUOVA,SOMMARIVA DEL BOSCO,38.12,cammino
TORINO PORTA NUOVA,STRAMBINO,51.76,cammino
TORINO PORTA NUOVA,SUSA,53.06,cammino
TORINO PORTA NUOVA,TAGGIA ARMA,206.85,cammino
TORINO PORTA NUOVA,TARQUINIA,555.55,cammino
TORINO PORTA NUOVA,TORINO LINGOTTO,4.32,adiacenti
TORINO PORTA NUOVA,TORINO PORTA SUSA,5.04,adiacenti
TORINO PORTA NUOVA,TORINO STURA,12.04,cammino
TORINO PORTA NUOVA,TORRAZZA PIEMONTE,35.06,cammino
TORINO PORTA NUOVA,TRECATE,109.6,cammino
TORINO PORTA NUOVA,TRINITA BENE VAGIENNA,69.42,cammino
TORINO PORTA NUOVA,TROFARELLO,13.03,cammino
TORINO PORTA NUOVA,VENTIMIGLIA,184.48,cammino
TORINO PORTA NUOVA,VERCELLI,78.18,cammino
TORINO PORTA NUOVA,VILLANOVA D ASTI,30.16,cammino
TORINO PORTA NUOVA,VITTUONE ARLUNO,127.33,cammino
TORINO PORTA SUSA,ALBA,67.865,cammino
TORINO PORTA SUSA,ASTI,57.31,cammino
TORINO PORTA SUSA,FOSSANO,64.97,cammino
TORINO PORTA SUSA,IVREA,55.8,cammino
TORINO PORTA SUSA,MILANO CENTRALE,147.01,cammino
TORINO PORTA SUSA,ROMA TERMINI,654.979,cammino
TORINO PORTA SUSA,ROMA TIBURTINA,659.499,cammino
TORINO PORTA SUSA,TORINO LINGOTTO,5.85,adiacenti
TORINO PORTA SUSA,TORINO PORTA NUOVA,5.04,adiacenti
TORINO STURA,ALBA,74.865,cammino
TORINO STURA,ASTI,64.31,cammino
TORINO STURA,BOLOGNA CENTRALE,469.671,cammino
TORINO STURA,BRA,57.38,cammino
TORINO STURA,CAMBIANO SANTENA,24.97,cammino
TORINO STURA,CARMAGNOLA,36.93,cammino
TORINO STURA,CAVALLERMAGGIORE,53.06,cammino
TORINO STURA,CHIERI,30.12,cammino
TORINO STURA,CHIVASSO,16.34,cammino
TORINO STURA,FOSSANO,71.97,cammino
TORINO STURA,GENOVA P PRINCIPE,171.454,cammino
TORINO STURA,IVREA,48.8,cammino
TORINO STURA,MILANO CENTRALE,140.01,cammino
TORINO STURA,MILANO PORTA GARIBALDI,136.25,cammino
TORINO STURA,MONCALIERI,16.54,cammino
TORINO STURA,NONE,28.595,cammino
TORINO STURA,PARMA,294.199,cammino
TORINO STURA,PINEROLO,45.875,cammino
TORINO STURA,ROMA TERMINI,660.829,cammino
TORINO STURA,SOMMARIVA DEL BOSCO,46.65,cammino
TORINO STURA,TORINO LINGOTTO,12.85,cammino
TORINO STURA,TORINO PORTA NUOVA,12.04,cammino
TORINO STURA,TROFARELLO,21.56,cammino
TORINO STURA,VILLANOVA D ASTI,38.69,cammino
TORREBERETTI,ALESSANDRIA,20.17,cammino
TORREBERETTI,NOVARA,46.41,cammino
TORREBERETTI,PAVIA,83.145,cammino
TORTONA,ALASSIO,167.62,cammino
TORTONA,ALESSANDRIA,21.915,adiacenti
TORTONA,ARQUATA SCRIVIA,54.965,cammino
TORTONA,ASTI,56.21,cammino
TORTONA,BRESCIA,250.69,cammino
TORTONA,GENOVA BRIGNOLE,93.29,cammino
TORTONA,GROSSETO,400.152,cammino
TORTONA,MILANO CENTRALE,79.236,cammino
TORTONA,MILANO LAMBRATE,75.456,cammino
TORTONA,MILANO PORTA GARIBALDI,100.716,cammino
TORTONA,MILANO ROGOREDO,69.665,cammino
TORTONA,NOVI LIGURE,43.515,cammino
TORTONA,PAVIA,41.06,cammino
TORTONA,TAGGIA ARMA,201.3,cammino
TORTONA,VOGHERA,16.2,cammino
TRECATE,MILANO PORTA GARIBALDI,38.7,cammino
TRECATE,NOVARA,9.53,adiacenti
TRECATE,RHO,26.11,cammino
TRINO VERCELLESE,ALESSANDRIA,48.685,cammino
TRINO VERCELLESE,CASALE MONFERRATO,15.965,cammino
TRINO VERCELLESE,CHIVASSO,32.43,cammino
TROFARELLO,ALBA,53.305,cammino
TROFARELLO,ALESSANDRIA,77.045,cammino
TROFARELLO,ASTI,42.75,cammino
TROFARELLO,BRA,35.82,cammino
TROFARELLO,CHIERI,8.56,adiacenti
TROFARELLO,CUNEO,75.55,cammino
TROFARELLO,FOSSANO,50.41,cammino
TROFARELLO,GENOVA BRIGNOLE,148.42,cammino
TROFARELLO,GENOVA PIAZZA PRINCIPE,145.88,cammino
TROFARELLO,NOVI LIGURE,98.645,cammino
TROFARELLO,TORINO LINGOTTO,8.71,adiacenti
TROFARELLO,TORINO PORTA NUOVA,13.03,cammino
TROFARELLO,TORINO STURA,21.56,cammino
TROFARELLO,VILLANOVA D ASTI,17.13,adiacenti
VADA,FOLLONICA,58.068,cammino
VADA,LIVORNO CENTRALE,27.738,cammino
VADA,PISA CENTRALE,48.233,cammino
VADA,ROMA TERMINI,285.094,cammino
VAGLIA,FIRENZE S MARIA NOVELLA,22.739,cammino
VAIANO,AREZZO,98.132,cammino
VAIANO,BOLOGNA CENTRALE,70.417,cammino
VAIANO,PRATO CENTRALE,10.125,adiacenti
VALENZA,ALESSANDRIA,13.95,adiacenti
VALENZA,BORGO REVEL,56.625,cammino
VALENZA,CHIVASSO,67.175,cammino
VALENZA,GIAROLE,6.96,adiacenti
VALENZA,MORANO SUL PO,28.675,cammino
VALENZA,MORTARA,28.4,cammino
VALENZA,NOVARA,52.64,cammino
VALENZA,PAVIA,76.915,cammino
VARAZZE,RECCO,57.076,cammino
VARAZZE,SAVONA,10.408,cammino
VENTIMIGLIA,ALASSIO,56.05,cammino
VENTIMIGLIA,ALBENGA,62.19,cammino
VENTIMIGLIA,ARENZANO,120.343,cammino
VENTIMIGLIA,ARQUATA SCRIVIA,187.899,cammino
VENTIMIGLIA,BERGAMO,487.46,cammino
VENTIMIGLIA,BORGO S DALMAZZO,87.32,cammino
VENTIMIGLIA,BUSTO ARSIZIO,330.475,cammino
VENTIMIGLIA,CAVALLERMAGGIORE,139.95,cammino
VENTIMIGLIA,CEVA,145.18,cammino
VENTIMIGLIA,CHIAVARI,184.669,cammino
VENTIMIGLIA,CIVITAVECCHIA,563.558,cammino
VENTIMIGLIA,COGOLETO,117.211,cammino
VENTIMIGLIA,CUNEO,95.9,cammino
VENTIMIGLIA,FOSSANO,121.04,cammino
VENTIMIGLIA,GALLARATE,329.575,cammino
VENTIMIGLIA,GENOVA BRIGNOLE,149.574,cammino
VENTIMIGLIA,GENOVA P PRINCIPE,146.95,cammino
VENTIMIGLIA,GENOVA PIAZZA PRINCIPE,152.114,cammino
VENTIMIGLIA,GENOVA VOLTRI,127.506,cammino
VENTIMIGLIA,GROSSETO,456.436,cammino
VENTIMIGLIA,IMPERIA,38.35,cammino
VENTIMIGLIA,LIMONE,67.57,cammino
VENTIMIGLIA,LIVORNO CENTRALE,328.741,cammino
VENTIMIGLIA,LOANO,71.2,cammino
VENTIMIGLIA,MILANO CENTRALE,302.906,cammino
VENTIMIGLIA,MILANO LAMBRATE,299.126,cammino
VENTIMIGLIA,MILANO PORTA GARIBALDI,316.555,cammino
VENTIMIGLIA,MILANO ROGOREDO,293.335,cammino
VENTIMIGLIA,MONDOVI,140.03,cammino
VENTIMIGLIA,PAVIA,264.73,cammino
VENTIMIGLIA,PIACENZA,355.159,cammino
VENTIMIGLIA,PIETRA LIGURE,74.39,cammino
VENTIMIGLIA,RAPALLO,176.2,cammino
VENTIMIGLIA,RECCO,167.024,cammino
VENTIMIGLIA,RHO,303.965,cammino
VENTIMIGLIA,ROMA OSTIENSE,634.46,cammino
VENTIMIGLIA,ROMA TERMINI,641.573,cammino
VENTIMIGLIA,S GIUSEPPE DI CAIRO,119.83,cammino
VENTIMIGLIA,SAVIGLIANO,133.2,cammino
VENTIMIGLIA,SAVONA,99.54,cammino
VENTIMIGLIA,SESTRI LEVANTE,192.129,cammino
VENTIMIGLIA,TAGGIA ARMA,22.37,cammino
VENTIMIGLIA,TORINO LINGOTTO,180.16,cammino
VENTIMIGLIA,TORINO PORTA NUOVA,184.48,cammino
VENTIMIGLIA,TORTONA,223.67,cammino
VENTIMIGLIA,VOGHERA,239.87,cammino
VERBANIA PALLANZA,MILANO CENTRALE,94.075,cammino
VERBANIA PALLANZA,MILANO PORTA GARIBALDI,90.315,cammino
VERCELLI,CHIVASSO,49.8,cammino
VERCELLI,IVREA,82.26,cammino
VERCELLI,MILANO CENTRALE,73.87,cammino
VERCELLI,MILANO PORTA GARIBALDI,70.11,cammino
VERCELLI,MORTARA,46.13,cammino
VERCELLI,NOVARA,21.89,adiacenti
VERCELLI,PAVIA,112.046,cammino
VERCELLI,TORINO LINGOTTO,78.99,cammino
VERCELLI,TORINO PORTA NUOVA,78.18,cammino
VERNANTE,CUNEO,19.5,adiacenti
VERNANTE,FOSSANO,44.64,cammino
VEROLANUOVA,CREMONA,22.949,adiacenti
VEROLANUOVA,PISA CENTRALE,234.962,cammino
VEROLENGO,ALESSANDRIA,74.425,cammino
VEZZANO LIGURE,FIRENZE S MARIA NOVELLA,144.327,cammino
VEZZANO LIGURE,LEVANTO,27.763,cammino
VEZZANO LIGURE,PARMA,111.734,cammino
VEZZANO LIGURE,PISA CENTRALE,67.066,cammino
VEZZANO LIGURE,PONTREMOLI,33.354,cammino
VEZZANO LIGURE,SAVONA,141.646,cammino
VEZZANO LIGURE,SESTRI LEVANTE,49.057,cammino
VEZZANO LIGURE,VIAREGGIO,44.824,cammino
VIAREGGIO,ALTOPASCIO,37.01,cammino
VIAREGGIO,AREZZO,171.103,cammino
VIAREGGIO,AULLA LUNIGIANA,55.788,cammino
VIAREGGIO,BORGO A BUGGIANO,49.799,cammino
VIAREGGIO,EMPOLI,69.268,cammino
VIAREGGIO,FIRENZE CASTELLO,94.893,cammino
VIAREGGIO,FIRENZE RIFREDI,96.739,cammino
VIAREGGIO,FIRENZE S MARIA NOVELLA,99.503,cammino
VIAREGGIO,FORNACI DI BARGA,54.88,cammino
VIAREGGIO,GENOVA PIAZZA PRINCIPE,138.971,cammino
VIAREGGIO,GROSSETO,170.432,cammino
VIAREGGIO,LUCCA,40.927,adiacenti
VIAREGGIO,MILANO CENTRALE,262.399,cammino
VIAREGGIO,MILANO PORTA GARIBALDI,283.879,cammino
VIAREGGIO,MILANO ROGOREDO,252.828,cammino
VIAREGGIO,PESCIA,46.143,cammino
VIAREGGIO,PISA CENTRALE,22.242,cammino
VIAREGGIO,PISTOIA,66.809,cammino
VIAREGGIO,PONTREMOLI,75.756,cammino
VIAREGGIO,PORCARI,32.151,cammino
VIAREGGIO,PRATO CENTRALE,83.868,cammino
VIAREGGIO,ROMA TERMINI,355.569,cammino
VIAREGGIO,TASSIGNANO,28.216,cammino
VICCHIO,FIRENZE S MARIA NOVELLA,41.671,cammino
VICCHIO,PONTASSIEVE,25.669,cammino
VICOFERTILE,PONTREMOLI,71.092,cammino
VILLADOSSOLA,NOVARA,82.01,cammino
VILLAFRANCA CANTARANA,TORINO LINGOTTO,36.45,cammino
VILLANOVA D ASTI,ASTI,25.62,cammino
VILLANOVA D ASTI,TORINO PORTA NUOVA,30.16,cammino
VILLANOVA D ASTI,TORINO STURA,38.69,cammino
VILLANOVA D ASTI,TROFARELLO,17.13,adiacenti
VITTUONE ARLUNO,MILANO CENTRALE,24.72,cammino
VITTUONE ARLUNO,MILANO PORTA GARIBALDI,20.96,cammino
VITTUONE ARLUNO,NOVARA,27.26,cammino
VITTUONE ARLUNO,RHO,19.93,cammino
VITTUONE ARLUNO,TORINO PORTA NUOVA,127.33,cammino
VOGHERA,ALBENGA,177.68,cammino
VOGHERA,ALESSANDRIA,38.115,cammino
VOGHERA,ANCONA,601.603,cammino
VOGHERA,ARQUATA SCRIVIA,71.165,cammino
VOGHERA,ASTI,72.41,cammino
VOGHERA,BOLOGNA CENTRALE,410.331,cammino
VOGHERA,CASTELBOLOGNESE,453.535,cammino
VOGHERA,CESENA,480.12,cammino
VOGHERA,DEIVA MARINA,164.013,cammino
VOGHERA,FAENZA,446.507,cammino
VOGHERA,FIDENZA,150.403,cammino
VOGHERA,FIORENZUOLA,136.928,cammino
VOGHERA,FORLI,462.235,cammino
VOGHERA,GENOVA BRIGNOLE,109.49,cammino
VOGHERA,GENOVA P PRINCIPE,112.114,cammino
VOGHERA,GENOVA PIAZZA PRINCIPE,106.95,cammino
VOGHERA,IMOLA,445.729,cammino
VOGHERA,IMPERIA,201.52,cammino
VOGHERA,LIVORNO CENTRALE,288.657,cammino
VOGHERA,MILANO CENTRALE,63.036,cammino
VOGHERA,MILANO LAMBRATE,59.256,cammino
VOGHERA,MILANO PORTA GARIBALDI,84.516,cammino
VOGHERA,MILANO ROGOREDO,53.465,cammino
VOGHERA,NOVI LIGURE,59.715,cammino
VOGHERA,PARMA,198.083,cammino
VOGHERA,PAVIA,24.86,cammino
VOGHERA,PESARO,541.965,cammino
VOGHERA,PIACENZA,115.289,cammino
VOGHERA,RIMINI,508.565,cammino
VOGHERA,RONCO SCRIVIA,81.65,cammino
VOGHERA,SAVONA,140.33,cammino
VOGHERA,SESTRI LEVANTE,152.045,cammino
VOGHERA,TAGGIA ARMA,217.5,cammino
VOGHERA,TORTONA,16.2,cammino
VOGHERA,VENTIMIGLIA,239.87,cammino
