partenza,arrivo,km
ABBADIA LARIANA,COLICO,31.991
ABBADIA LARIANA,MILANO CENTRALE,55.724
ABBADIA LARIANA,MILANO LAMBRATE,56.253
ABBADIA LARIANA,SONDRIO,72.456
ABBASANTA,CAGLIARI,129.074
ABBIATEGRASSO,ALBAIRATE VERMEZZO,3.263
ABBIATEGRASSO,ALESSANDRIA,65.628
ABBIATEGRASSO,MILANO PORTA GARIBALDI,36.229
ABBIATEGRASSO,MILANO PORTA GENOVA,21.099
ABBIATEGRASSO,MILANO ROGOREDO,27.557
ABBIATEGRASSO,MILANO S CRISTOFORO,17.723
ABBIATEGRASSO,MORTARA,23.282
ACIREALE,ALCANTARA,30.388
ACIREALE,BICOCCA,20.481
ACIREALE,CATANIA AEROPORTO FONTANAROSSA,18.246
ACIREALE,CATANIA CENTRALE,13.054
ACIREALE,MESSINA CENTRALE,81.717
ACIREALE,ROCCALUMERA MANDANICI,53.264
ACIREALE,SIRACUSA,96.008
ACIREALE,TAORMINA GIARDINI,34.708
ACQUANEGRA CREMONESE,CODOGNO,16.595
ACQUANEGRA CREMONESE,CREMONA,10.735
ACQUANEGRA CREMONESE,MILANO CENTRALE,75.973
ACQUAVIVA DELLE FONTI,BARI CENTRALE,37.038
ACQUAVIVA DELLE FONTI,TARANTO,66.99
ACQUEDOLCI S FRATELLO,PALERMO CENTRALE,119.676
ACQUI TERME,ALESSANDRIA,33.909
ACQUI TERME,ALTARE,54.056
ACQUI TERME,ASTI,45.465
ACQUI TERME,BISTAGNO,8.976
ACQUI TERME,CAIRO MONTENOTTE,45.295
ACQUI TERME,CAMPO LIGURE MASONE,28.813
ACQUI TERME,CASSINE,12.875
ACQUI TERME,GENOVA ACQUASANTA,40.094
ACQUI TERME,GENOVA BORZOLI,50.361
ACQUI TERME,GENOVA BRIGNOLE,60.499
ACQUI TERME,GENOVA PIAZZA PRINCIPE,57.86
ACQUI TERME,GENOVA SAMPIERDARENA,54.791
ACQUI TERME,MELE,35.785
ACQUI TERME,MOMBARUZZO,13.165
ACQUI TERME,MONTEGROSSO,33.358
ACQUI TERME,NIZZA MONFERRATO,20.51
ACQUI TERME,OVADA,14.843
ACQUI TERME,PONTI,13.124
ACQUI TERME,ROSSIGLIONE,23.381
ACQUI TERME,S GIUSEPPE CAIRO,48.01
ACQUI TERME,SAVONA,68.303
ACQUI TERME,SPIGNO,25.502
ADRIA,CHIOGGIA,31.235
ADRIA,ROVIGO,24.557
ADRIA,VENEZIA MESTRE,96.805
ADRIA,VENEZIA S LUCIA,105.239
AGRIGENTO BASSA,CALTANISSETTA XIRBI,74.381
AGRIGENTO BASSA,PALERMO CENTRALE,133.074
AGRIGENTO CENTRALE,ACQUAVIVA CASTELTERMINI,37.941
AGRIGENTO CENTRALE,AGRIGENTO BASSA,2.97
AGRIGENTO CENTRALE,ARAGONA CALDARE,12.614
AGRIGENTO CENTRALE,BAGHERIA,122.838
AGRIGENTO CENTRALE,CALTANISSETTA CENTRALE,71.017
AGRIGENTO CENTRALE,CALTANISSETTA XIRBI,77.351
AGRIGENTO CENTRALE,CAMMARATA S GIOVANNI GEMINI,48.464
AGRIGENTO CENTRALE,CAMPOFRANCO,30.356
AGRIGENTO CENTRALE,CANICATTI,42.116
AGRIGENTO CENTRALE,CARINI,160.006
AGRIGENTO CENTRALE,CERDA,91.005
AGRIGENTO CENTRALE,COMITINI,18.837
AGRIGENTO CENTRALE,ISOLA DELLE FEMMINE,152.074
AGRIGENTO CENTRALE,MONTEMAGGIORE BELSITO,75.521
AGRIGENTO CENTRALE,PALERMO AEROPORTO,169.091
AGRIGENTO CENTRALE,PALERMO BRANCACCIO,133.141
AGRIGENTO CENTRALE,PALERMO CENTRALE,136.044
AGRIGENTO CENTRALE,PALERMO NOTARBARTOLO,139.968
AGRIGENTO CENTRALE,ROCCAPALUMBA ALIA,66.87
AGRIGENTO CENTRALE,TERMINI IMERESE,99.629
AGRIGENTO CENTRALE,VALLELUNGA,77.45
AGROPOLI CASTELLABATE,COSENZA,193.201
AGROPOLI CASTELLABATE,NAPOLI CENTRALE,100.675
AGROPOLI CASTELLABATE,SALERNO,49.389
AIRASCA,CHIVASSO,49.558
AIRASCA,PINEROLO,12.651
ALA,BOLZANO,95.548
ALA,BRONZOLO,84.611
ALA,EGNA TERMENO,73.716
ALA,MEZZOCORONA,56.941
ALA,ROVERETO,16.536
ALA,TRENTO,40.109
ALA,VERONA PORTA NUOVA,50.574
ALANO FENER VALDOBBIADENE,PADOVA,63.891
ALASSIO,ALBENGA,6.133
ALASSIO,COGOLETO,61.194
ALASSIO,FINALE LIGURE MARINA,24.139
ALASSIO,GENOVA BRIGNOLE,88.441
ALASSIO,GENOVA PIAZZA PRINCIPE,85.802
ALASSIO,GENOVA SESTRI PONENTE AEROPORTO,79.237
ALASSIO,GENOVA VOLTRI,71.519
ALASSIO,LOANO,15.143
ALASSIO,MILANO CENTRALE,219.935
ALASSIO,SAVONA,43.484
ALASSIO,VARAZZE,53.937
ALASSIO,VENTIMIGLIA,56.053
ALBA,ASTI,33.558
ALBA,BALANGERO,98.472
ALBA,BRA,17.49
ALBA,CARMAGNOLA,37.935
ALBA,CASTAGNOLE DELLE LANZE,13.43
ALBA,CIRIE,90.837
ALBA,GERMAGNANO,103.2
ALBA,MATHI,96.448
ALBA,MONCALIERI,58.324
ALBA,ROMA TERMINI,627.253
ALBA,S MAURIZIO CANAVESE,88.167
ALBA,S VITTORIA,10.729
ALBA,TORINO AEROPORTO CASELLE,85.091
ALBA,TORINO LINGOTTO,62.016
ALBA,TORINO PORTA NUOVA,66.334
ALBA,TORINO PORTA SUSA,67.866
ALBA,TORINO REBAUDENGO FOSSATA,71.375
ALBA,TORINO STURA,74.858
ALBA,TROFARELLO,53.304
ALBA,VENARIA REALE REGGIA,77.741
ALBACINA,ANCONA,61.992
ALBACINA,MACERATA,59.406
ALBACINA,MATELICA,12.342
ALBAIRATE VERMEZZO,ABBIATEGRASSO,3.263
ALBAIRATE VERMEZZO,ALESSANDRIA,68.891
ALBAIRATE VERMEZZO,CESANO MADERNO,49.105
ALBAIRATE VERMEZZO,DESIO,46.251
ALBAIRATE VERMEZZO,LISSONE MUGGIO,44.163
ALBAIRATE VERMEZZO,MILANO CENTRALE,31.076
ALBAIRATE VERMEZZO,MILANO CERTOSA,35.697
ALBAIRATE VERMEZZO,MILANO GRECO PIRELLI,31.158
ALBAIRATE VERMEZZO,MILANO LAMBRATE,27.278
ALBAIRATE VERMEZZO,MILANO PORTA GARIBALDI,32.966
ALBAIRATE VERMEZZO,MILANO PORTA GENOVA,17.836
ALBAIRATE VERMEZZO,MILANO ROGOREDO,24.294
ALBAIRATE VERMEZZO,MILANO S CRISTOFORO,14.46
ALBAIRATE VERMEZZO,MONZA,39.749
ALBAIRATE VERMEZZO,MORTARA,26.545
ALBAIRATE VERMEZZO,PC GAGGIANO,6.892
ALBAIRATE VERMEZZO,SARONNO,51.018
ALBAIRATE VERMEZZO,SEREGNO,49.413
ALBAIRATE VERMEZZO,SESTO S GIOVANNI,34.869
ALBAIRATE VERMEZZO,VIGEVANO,13.848
ALBANO LAZIALE,CIAMPINO,14.493
ALBANO LAZIALE,MARINO LAZIALE,5.877
ALBANO LAZIALE,ROMA OSTIENSE,29.388
ALBANO LAZIALE,ROMA S PIETRO,34.226
ALBANO LAZIALE,ROMA TERMINI,28.414
ALBANO LAZIALE,ROMA TIBURTINA,28.466
ALBANO LAZIALE,ROMA TUSCOLANA,25.778
ALBENGA,ARQUATA SCRIVIA,110.04
ALBENGA,COGOLETO,55.061
ALBENGA,GENOVA BRIGNOLE,82.308
ALBENGA,GENOVA PIAZZA PRINCIPE,79.669
ALBENGA,GENOVA SESTRI PONENTE AEROPORTO,73.104
ALBENGA,GENOVA VOLTRI,65.386
ALBENGA,MILANO CENTRALE,213.802
ALBENGA,MILANO LAMBRATE,210.004
ALBENGA,MILANO PORTA GARIBALDI,215.692
ALBENGA,MILANO ROGOREDO,204.216
ALBENGA,PAVIA,175.613
ALBENGA,SAVONA,37.351
ALBENGA,SESTRI LEVANTE,124.884
ALBENGA,TORINO PORTA NUOVA,184.594
ALBENGA,TORTONA,134.551
ALBENGA,VENTIMIGLIA,62.186
ALBENGA,VOGHERA,150.754
ALBIZZATE SOLBIATE ARNO,MALPENSA AEROPORTO T2,33.679
ALBIZZATE SOLBIATE ARNO,MILANO PORTA GARIBALDI,46.311
ALBIZZATE SOLBIATE ARNO,PIOLTELLO LIMITO,59.038
ALBIZZATE SOLBIATE ARNO,PORTO CERESIO,25.18
ALBIZZATE SOLBIATE ARNO,TREVIGLIO,79.791
ALBIZZATE SOLBIATE ARNO,VARESE,10.94
ALCAMO DIRAMAZIONE,CAMPOBELLO MAZARA,50.221
ALCAMO DIRAMAZIONE,CASTELVETRANO,41.755
ALCAMO DIRAMAZIONE,MARAUSA,102.432
ALCAMO DIRAMAZIONE,MARSALA,85.461
ALCAMO DIRAMAZIONE,MAZARA DEL VALLO,64.431
ALCAMO DIRAMAZIONE,MOZIA BIRGI,97.417
ALCAMO DIRAMAZIONE,PETROSINO STRASATTI,75.805
ALCAMO DIRAMAZIONE,SALEMI GIBELLINA,25.732
ALCAMO DIRAMAZIONE,TRAPANI,116.118
ALCANTARA,AUGUSTA,99.48
ALCANTARA,BICOCCA,50.869
ALCANTARA,CATANIA AEROPORTO FONTANAROSSA,48.634
ALCANTARA,CATANIA CENTRALE,43.442
ALCANTARA,LENTINI,71.983
ALCANTARA,MESSINA CENTRALE,51.329
ALCANTARA,SIRACUSA,126.396
ALESSANDRIA,ABBIATEGRASSO,65.628
ALESSANDRIA,ACQUI TERME,33.909
ALESSANDRIA,ALBAIRATE VERMEZZO,68.891
ALESSANDRIA,ALTARE,87.965
ALESSANDRIA,ANCONA,448.028
ALESSANDRIA,ARQUATA SCRIVIA,33.056
ALESSANDRIA,ASTI,34.296
ALESSANDRIA,BOLZANO,368.168
ALESSANDRIA,BORGO REVEL,70.58
ALESSANDRIA,BORGO S MARTINO,25.585
ALESSANDRIA,CAIRO MONTENOTTE,79.204
ALESSANDRIA,CASALE MONFERRATO,32.726
ALESSANDRIA,CASALE POPOLO,36.219
ALESSANDRIA,CASSINE,21.034
ALESSANDRIA,CAVA CARBONARA,55.731
ALESSANDRIA,CHIVASSO,81.126
ALESSANDRIA,CRESCENTINO,63.484
ALESSANDRIA,DEGO,72.013
ALESSANDRIA,FELIZZANO,14.528
ALESSANDRIA,FONTANETTO PO,57.065
ALESSANDRIA,GAMALERO,13.089
ALESSANDRIA,GENOVA BRIGNOLE,71.482
ALESSANDRIA,GENOVA PIAZZA PRINCIPE,68.843
ALESSANDRIA,GENOVA SAMPIERDARENA,67.667
ALESSANDRIA,GIAROLE,20.905
ALESSANDRIA,LOMELLO,32.886
ALESSANDRIA,MEDE,27.754
ALESSANDRIA,MERANA,62.535
ALESSANDRIA,MILANO CENTRALE,99.967
ALESSANDRIA,MILANO CERTOSA,104.588
ALESSANDRIA,MILANO GRECO PIRELLI,100.049
ALESSANDRIA,MILANO LAMBRATE,96.169
ALESSANDRIA,MILANO PORTA GARIBALDI,101.857
ALESSANDRIA,MILANO PORTA GENOVA,86.727
ALESSANDRIA,MILANO ROGOREDO,91.58
ALESSANDRIA,MILANO S CRISTOFORO,83.351
ALESSANDRIA,MOMBALDONE ROCCAVERANO,55.306
ALESSANDRIA,MORANO SUL PO,42.624
ALESSANDRIA,MORTARA,42.346
ALESSANDRIA,NOVARA,66.581
ALESSANDRIA,NOVI LIGURE,21.607
ALESSANDRIA,PARONA LOMELLINA,47.616
ALESSANDRIA,PAVIA,62.977
ALESSANDRIA,PIANA,67.433
ALESSANDRIA,PISA CENTRALE,230.108
ALESSANDRIA,ROMA TERMINI,559.399
ALESSANDRIA,S GIUSEPPE CAIRO,81.919
ALESSANDRIA,S PAOLO SOLBRITO,57.1
ALESSANDRIA,SAIRANO,53.595
ALESSANDRIA,SALERNO,816.739
ALESSANDRIA,SANNAZZARO,41.785
ALESSANDRIA,SAVONA,102.212
ALESSANDRIA,SEZZADIO,15.268
ALESSANDRIA,SOLERO,8.232
ALESSANDRIA,SPIGNO,59.411
ALESSANDRIA,SPINETTA,7.568
ALESSANDRIA,STREVI,27.808
ALESSANDRIA,TORINO LINGOTTO,85.757
ALESSANDRIA,TORINO PORTA NUOVA,90.075
ALESSANDRIA,TORINO STURA,97.466
ALESSANDRIA,TORREBERETTI,20.171
ALESSANDRIA,TORTONA,21.915
ALESSANDRIA,TRINO VERCELLESE,48.694
ALESSANDRIA,TROFARELLO,77.045
ALESSANDRIA,VALENZA,13.945
ALESSANDRIA,VEROLENGO,74.432
ALESSANDRIA,VIGEVANO,55.043
ALESSANDRIA,VILLAFRANCA CANTARANA,49.304
ALESSANDRIA,VILLANOVA D ASTI,59.915
ALESSANDRIA,VOGHERA,38.118
ALFONSINE,FERRARA,54.878
ALFONSINE,GAIBANELLA,45.085
ALFONSINE,RAVENNA,17.742
ALI TERME,CATANIA AEROPORTO FONTANAROSSA,76.153
ALI TERME,CATANIA CENTRALE,70.961
ALTARE,ACQUI TERME,54.056
ALTAVILLA MILICIA,PALERMO CENTRALE,20.368
ALTAVILLA MILICIA,TERMINI IMERESE,16.047
ALTAVILLA TAVERNELLE,VENEZIA S LUCIA,74.87
ALTOPASCIO,FIRENZE S MARIA NOVELLA,63.324
ALTOPASCIO,LUCCA,13.971
ALTOPASCIO,PISTOIA,29.884
ALTOPASCIO,VIAREGGIO,36.981
AMBIVERE MAPELLO,BERGAMO,11.572
AMBIVERE MAPELLO,CALOLZIOCORTE OLGINATE,14.474
AMBIVERE MAPELLO,LECCO,21.361
ANAGNI FIUGGI,CASSINO,75.476
ANAGNI FIUGGI,ROMA TERMINI,62.506
ANCONA,ALBACINA,61.992
ANCONA,ALESSANDRIA,448.028
ANCONA,AREZZO,245.025
ANCONA,ASCOLI PICENO,117.075
ANCONA,BAIANO SPOLETO,160.095
ANCONA,BARI CENTRALE,442.072
ANCONA,BOLOGNA CENTRALE,204.041
ANCONA,BOLZANO,459.829
ANCONA,BRENNERO,548.621
ANCONA,BRESCIA,377.531
ANCONA,CAPODACQUA PIEVE FANONICA,118.735
ANCONA,CASTEL S PIETRO TERME,180.962
ANCONA,CASTELBOLOGNESE RIOLO TERME,162.164
ANCONA,CASTELFRANCO EMILIA,229.049
ANCONA,CASTELPLANIO CUPRAMONTANA,41.469
ANCONA,CATTOLICA S GIOVANNI GABICCE,74.675
ANCONA,CESENA,121.372
ANCONA,CHIARAVALLE,15.941
ANCONA,CIVITANOVA MARCHE MONTEGRANARO,42.705
ANCONA,CORRIDONIA MOGLIANO,64.428
ANCONA,CUPRAMARITTIMA,76.587
ANCONA,FABRIANO,70.261
ANCONA,FAENZA,154.934
ANCONA,FALCONARA MARITTIMA,8.697
ANCONA,FANO,47.111
ANCONA,FIDENZA,316.446
ANCONA,FIORENZUOLA,329.904
ANCONA,FIRENZE S MARIA NOVELLA,255.598
ANCONA,FOGGIA,319.483
ANCONA,FOLIGNO,128.193
ANCONA,FORLI,139.223
ANCONA,FOSSATO VICO GUBBIO,86.435
ANCONA,FRANCAVILLA AL MARE,155.101
ANCONA,GAIFANA,99.368
ANCONA,GENGA S VITTORE TERME,54.613
ANCONA,GIULIANOVA,108.359
ANCONA,GUALDO TADINO,92.271
ANCONA,IMOLA,169.94
ANCONA,JESI,26.723
ANCONA,LECCE,591.359
ANCONA,LORETO,23.502
ANCONA,MACERATA,69.887
ANCONA,MANOPPELLO,170.08
ANCONA,MAROTTA MONDOLFO,34.885
ANCONA,MARTINSICURO,92.327
ANCONA,MATELICA,74.334
ANCONA,MILANO CENTRALE,418.743
ANCONA,MILANO LAMBRATE,414.945
ANCONA,MILANO PORTA GARIBALDI,420.633
ANCONA,MILANO ROGOREDO,409.157
ANCONA,MODENA,240.973
ANCONA,MONTECOSARO,50.157
ANCONA,MONTEMARCIANO,13.434
ANCONA,MONTESILVANO,138.991
ANCONA,MORROVALLE MONTE S GIUSTO,55.516
ANCONA,NOCERA UMBRA,109.563
ANCONA,OFFIDA CASTEL LAMA,105.091
ANCONA,ORTE,210.069
ANCONA,OSIMO CASTELFIDARDO,15.19
ANCONA,PARMA,294.433
ANCONA,PEDASO,68.537
ANCONA,PERGOLA,101.866
ANCONA,PERUGIA,167.773
ANCONA,PESARO,59.574
ANCONA,PESCARA,145.973
ANCONA,PESCARA PORTA NUOVA,147.313
ANCONA,PIACENZA,351.515
ANCONA,PINETO ATRI,126.734
ANCONA,PISA BINARI FM CAMPALDO,336.261
ANCONA,PORTO D ASCOLI,89.277
ANCONA,PORTO S GIORGIO FERMO,58.299
ANCONA,PRATOLA PELIGNA,208.731
ANCONA,REGGIO EMILIA,266.127
ANCONA,RIMINI,92.954
ANCONA,ROMA S PIETRO,299.17
ANCONA,ROMA TERMINI,291.47
ANCONA,ROMA TIBURTINA,286.965
ANCONA,ROSETO DEGLI ABRUZZI,117.664
ANCONA,RUBIERA,254.277
ANCONA,S BENEDETTO DEL TRONTO,84.493
ANCONA,S GIUSEPPE CAIRO,528.851
ANCONA,S ILARIO D ENZA,283.57
ANCONA,S SEVERINO MARCHE,92.987
ANCONA,SANTARCANGELO ROMAGNA,102.723
ANCONA,SENIGALLIA,25.838
ANCONA,SERRA S QUIRICO,47.715
ANCONA,SPOLETO,153.313
ANCONA,SULMONA,214.306
ANCONA,TARVISIO BOSCOVERDE,533.902
ANCONA,TAVAZZANO,395.101
ANCONA,TERNI,182.543
ANCONA,TOLENTINO,88.31
ANCONA,TORINO PORTA NUOVA,538.103
ANCONA,VARANO,5.504
ANCONA,VENEZIA MESTRE,319.658
ANCONA,VENEZIA S LUCIA,328.092
ANCONA,VERONA PORTA NUOVA,318.048
ANCONA,VIPITENO VAL VIZZE,527.268
ANDORA,SAVONA,49.58
ANDORA,TORINO PORTA NUOVA,196.823
ANDORA,VENTIMIGLIA,49.957
ANGUILLARA,LA STORTA,11.659
ANGUILLARA,ROMA OSTIENSE,31.241
ANGUILLARA,ROMA TIBURTINA,38.608
ANGUILLARA,VITERBO PORTA FIORENTINA,57.066
ANGUILLARA,VITERBO PORTA ROMANA,55.48
ANTRODOCO BORGO VELINO,TERNI,64.083
ANTRODOCO CENTRO,RIETI,23.986
ANTRODOCO CENTRO,TERNI,64.865
ANVERSA VILLALAGO SCANNO,ROMA TIBURTINA,160.569
APRILIA,CAMPOLEONE,6.077
APRILIA,NETTUNO,19.543
APRILIA,POMEZIA S PALOMBA,15.627
APRILIA,ROMA TERMINI,39.577
APRILIA,ROMA TIBURTINA,39.629
APRILIA,TORRICOLA,27.382
ARAGONA CALDARE,CALTANISSETTA CENTRALE,58.403
ARAGONA CALDARE,CALTANISSETTA XIRBI,64.737
ARAGONA CALDARE,PALERMO CENTRALE,123.43
ARAGONA CALDARE,PALERMO NOTARBARTOLO,127.354
ARBIA,CHIUSI CHIANCIANO TERME,79.282
ARBOSTELLA,SALERNO,4.599
ARCE,AVEZZANO,70.146
ARDARA,SASSARI,36.309
ARDENNO MASINO,COLICO,22.942
ARDENNO MASINO,LECCO,61.921
ARDENNO MASINO,MILANO CENTRALE,110.657
ARDENNO MASINO,SONDRIO,17.523
ARECHI,MERCATELLO,2.225
ARECHI,SALERNO,5.663
ARECHI,TORRIONE,4.004
ARENA PO,BRESSANA BOTTARONE,21.444
ARENA PO,MILANO GRECO PIRELLI,71.99
ARENA PO,PIACENZA,28.526
AREZZO,ANCONA,245.025
AREZZO,BOLOGNA CENTRALE,158.337
AREZZO,CHIUSI CHIANCIANO TERME,56.422
AREZZO,COMPIOBBI,65.262
AREZZO,FIGLINE VALDARNO,43.991
AREZZO,FIRENZE CAMPO MARTE,64.773
AREZZO,FIRENZE CASTELLO,72.218
AREZZO,FIRENZE RIFREDI,69.613
AREZZO,FIRENZE S MARIA NOVELLA,68.738
AREZZO,FOLIGNO,116.832
AREZZO,INCISA,47.948
AREZZO,LATERINA,21.518
AREZZO,LUCCA,144.141
AREZZO,MILANO CENTRALE,373.018
AREZZO,MONTEVARCHI TERRANUOVA,31.029
AREZZO,NAPOLI CENTRALE,408.006
AREZZO,ORTE,131.804
AREZZO,PERUGIA,77.252
AREZZO,PISTOIA,100.286
AREZZO,PONTASSIEVE,63.701
AREZZO,PONTICINO,16.15
AREZZO,PRATO CENTRALE,83.232
AREZZO,RIGNANO SULL ARNO REGGELLO,55.5
AREZZO,ROMA OSTIENSE,201.417
AREZZO,ROMA TERMINI,198.555
AREZZO,ROMA TIBURTINA,194.05
AREZZO,S GIOVANNI VALDARNO,36.457
AREZZO,SESTRI LEVANTE,260.507
AREZZO,SPOLETO,141.952
AREZZO,TERNI,159.33
AREZZO,TERONTOLA CORTONA,34.632
AREZZO,VIAREGGIO,166.669
ARGENTA,FERRARA,33.118
ARGENTA,LAVEZZOLA,7.506
ARGENTA,RAVENNA,39.502
ARGENTA,RIMINI,89.342
ARIANO IRPINO,ROMA TERMINI,298.17
ARONA,BORGO TICINO,8.229
ARONA,BUSTO ARSIZIO,32.729
ARONA,CASORATE SEMPIONE,20.874
ARONA,DOMODOSSOLA,55.558
ARONA,DORMELLETTO PAESE,3.254
ARONA,GALLARATE,25.628
ARONA,MARANO TICINO,15.618
ARONA,MILANO CENTRALE,68.088
ARONA,MILANO CERTOSA,59.562
ARONA,MILANO PORTA GARIBALDI,64.311
ARONA,NOVARA,35.741
ARONA,OLEGGIO,19.153
ARONA,PARABIAGO,42.724
ARONA,PREMOSELLO CHIOVENDA,40.016
ARONA,RHO,51.739
ARONA,SESTO CALENDE,8.633
ARONA,SOMMA LOMBARDO,18.14
ARONA,STRESA,17.339
ARONA,VERBANIA PALLANZA,26.074
ARQUATA SCRIVIA,ALBENGA,110.04
ARQUATA SCRIVIA,ALESSANDRIA,33.056
ARQUATA SCRIVIA,BOLOGNA CENTRALE,246.583
ARQUATA SCRIVIA,BUSALLA,15.737
ARQUATA SCRIVIA,GENOVA BOLZANETO,30.219
ARQUATA SCRIVIA,GENOVA BRIGNOLE,38.426
ARQUATA SCRIVIA,GENOVA PIAZZA PRINCIPE,35.787
ARQUATA SCRIVIA,GENOVA PONTEDECIMO,26.157
ARQUATA SCRIVIA,GENOVA SAMPIERDARENA,34.611
ARQUATA SCRIVIA,ISOLA DEL CANTONE,10.073
ARQUATA SCRIVIA,MILANO CENTRALE,103.762
ARQUATA SCRIVIA,MILANO CERTOSA,107.422
ARQUATA SCRIVIA,MILANO GRECO PIRELLI,103.844
ARQUATA SCRIVIA,MILANO LAMBRATE,99.964
ARQUATA SCRIVIA,MILANO PORTA GARIBALDI,105.652
ARQUATA SCRIVIA,MILANO ROGOREDO,94.176
ARQUATA SCRIVIA,PAVIA,65.573
ARQUATA SCRIVIA,PIACENZA,99.109
ARQUATA SCRIVIA,PIETRABISSARA,5.305
ARQUATA SCRIVIA,RIMINI,357.67
ARQUATA SCRIVIA,RONCO SCRIVIA,10.484
ARQUATA SCRIVIA,SAVONA,72.689
ARQUATA SCRIVIA,SERRAVALLE SCRIVIA,4.319
ARQUATA SCRIVIA,SESTRI LEVANTE,81.002
ARQUATA SCRIVIA,TORINO LINGOTTO,118.813
ARQUATA SCRIVIA,TORINO PORTA NUOVA,123.131
ARQUATA SCRIVIA,TORTONA,24.511
ARQUATA SCRIVIA,VOGHERA,40.714
ASCEA,NAPOLI CENTRALE,131.686
ASCIANO,CHIUSI CHIANCIANO TERME,57.325
ASCIANO,EMPOLI,94.681
ASCIANO,GROSSETO,96.004
ASCIANO,ROMA OSTIENSE,203.167
ASCIANO,SIENA,31.671
ASCOLI PICENO,ANCONA,117.075
ASCOLI PICENO,CIVITANOVA MARCHE MONTEGRANARO,74.37
ASCOLI PICENO,LORETO,93.573
ASCOLI PICENO,OFFIDA CASTEL LAMA,11.984
ASCOLI PICENO,PORTO D ASCOLI,27.798
ASCOLI PICENO,PORTO S GIORGIO FERMO,58.776
ASCOLI PICENO,S BENEDETTO DEL TRONTO,32.582
ASOLA,BRESCIA,40.088
ASOLA,PARMA,51.054
ASOLA,VISANO,10.988
ASSISI,FIRENZE S MARIA NOVELLA,166.613
ASSISI,FOLIGNO,15.639
ASSISI,ORTE,97.515
ASSISI,PERUGIA,23.941
ASSISI,ROMA S PIETRO,186.616
ASSISI,ROMA TERMINI,178.916
ASSISI,TERNI,69.989
ASSISI,TERONTOLA CORTONA,66.561
ASSISI,VENTIMIGLIA,545.452
ASSO,CARUGO GIUSSANO,21.133
ASSO,CORMANO CUSANO MILANINO,41.185
ASSO,ERBA,7.08
ASSO,LAMBRUGO LURAGO D ERBA,13.507
ASSO,LEZZA CARPESINO,6.076
ASSO,MARIANO COMENSE,23.05
ASSO,MEDA,26.959
ASSO,MILANO AFFORI,43.97
ASSO,MILANO BOVISA,46.247
ASSO,MILANO BRUZZANO PARCO NORD,42.567
ASSO,MILANO CADORNA,50.412
ASSO,PALAZZOLO MILANESE,36.945
ASTI,ACQUI TERME,45.465
ASTI,ALBA,33.558
ASTI,ALESSANDRIA,34.296
ASTI,ANCONA,482.324
ASTI,CAMBIANO SANTENA,39.338
ASTI,CASTAGNOLE DELLE LANZE,20.128
ASTI,CHIVASSO,80.643
ASTI,GENOVA BRIGNOLE,105.778
ASTI,GENOVA SAMPIERDARENA,100.256
ASTI,LUINO,166.87
ASTI,MILANO CENTRALE,132.953
ASTI,MILANO LAMBRATE,129.155
ASTI,MILANO PORTA GARIBALDI,134.843
ASTI,MILANO ROGOREDO,124.819
ASTI,MOMBARUZZO,32.3
ASTI,MONCALIERI,47.769
ASTI,MONTEGROSSO,12.107
ASTI,NIZZA MONFERRATO,24.955
ASTI,NOVI LIGURE,55.903
ASTI,PAVIA,96.216
ASTI,PESARO,422.75
ASTI,ROMA TERMINI,593.695
ASTI,S DAMIANO D ASTI,7.166
ASTI,SALERNO,851.035
ASTI,SPINETTA,41.864
ASTI,TORINO AEROPORTO CASELLE,74.536
ASTI,TORINO LINGOTTO,51.461
ASTI,TORINO PORTA NUOVA,55.779
ASTI,TORINO REBAUDENGO FOSSATA,60.82
ASTI,TORINO STURA,64.303
ASTI,TORTONA,56.211
ASTI,TROFARELLO,42.749
ASTI,VENARIA REALE REGGIA,67.186
ASTI,VILLANOVA D ASTI,25.619
ASTI,VOGHERA,72.414
ATTIGLIANO BOMARZO,ORTE,13.59
ATTIGLIANO BOMARZO,VITERBO PORTA FIORENTINA,39.062
AUGUSTA,AVOLA,52.658
AUGUSTA,BICOCCA,48.611
AUGUSTA,CASSIBILE,43.57
AUGUSTA,CATANIA CENTRALE,56.038
AUGUSTA,ISPICA,80.265
AUGUSTA,MESSINA CENTRALE,150.809
AUGUSTA,MODICA,118.614
AUGUSTA,NOTO,59.157
AUGUSTA,POZZALLO,88.674
AUGUSTA,PRIOLO MELILLI,13.283
AUGUSTA,RAGUSA,138.159
AUGUSTA,RAGUSA IBLA,129.378
AUGUSTA,ROSOLINI,74.655
AUGUSTA,SAMPIERI,98.629
AUGUSTA,SCICLI,108.906
AUGUSTA,SIRACUSA,26.916
AULLA LUNIGIANA,BAGNI LUCCA,66.618
AULLA LUNIGIANA,CASTELNUOVO GARFAGNANA,44.999
AULLA LUNIGIANA,DIECIMO PESCAGLIA,73.506
AULLA LUNIGIANA,EMPOLI,124.578
AULLA LUNIGIANA,FIRENZE S MARIA NOVELLA,155.128
AULLA LUNIGIANA,FORNACI BARGA,57.992
AULLA LUNIGIANA,FORNOVO,75.57
AULLA LUNIGIANA,FORTE DEI MARMI SERAVEZZA QUERCETA,42.296
AULLA LUNIGIANA,GENOVA BRIGNOLE,104.884
AULLA LUNIGIANA,GRAGNOLA,13.811
AULLA LUNIGIANA,LA SPEZIA CENTRALE,20.842
AULLA LUNIGIANA,LIVORNO CENTRALE,95.459
AULLA LUNIGIANA,LUCCA,78.315
AULLA LUNIGIANA,MASSA CENTRO,35.124
AULLA LUNIGIANA,MINUCCIANO PIEVE CASOLA,24.206
AULLA LUNIGIANA,PARMA,98.589
AULLA LUNIGIANA,PIAZZA AL SERCHIO,32.54
AULLA LUNIGIANA,PISA CENTRALE,77.517
AULLA LUNIGIANA,PONTREMOLI,20.011
AULLA LUNIGIANA,S PIETRO A VICO,83.548
AULLA LUNIGIANA,SARZANA,17.9
AULLA LUNIGIANA,VIAREGGIO,55.305
AVERSA,BOIANO,133.194
AVERSA,CASERTA,14.92
AVERSA,CASSINO,73.888
AVERSA,FIRENZE CAMPO MARTE,447.14
AVERSA,FORMIA GAETA,66.26
AVERSA,GRICIGNANO TEVEROLA,3.66
AVERSA,ISERNIA,105.106
AVERSA,MILANO CENTRALE,755.385
AVERSA,NAPOLI CENTRALE,19.221
AVERSA,REGGIO CALABRIA CENTRALE,462.268
AVERSA,ROMA TERMINI,194.683
AVERSA,ROMA TIBURTINA,194.735
AVERSA,ROMA TUSCOLANA,192.047
AVERSA,SESTRI LEVANTE,634.306
AVERSA,TARANTO,329.668
AVERSA,TORINO PORTA NUOVA,838.439
AVERSA,VILLA LITERNO,14.335
AVEZZANO,ANVERSA VILLALAGO SCANNO,54.804
AVEZZANO,ARCE,70.146
AVEZZANO,ARPINO,59.936
AVEZZANO,BALSORANO,37.042
AVEZZANO,CAPISTRELLO,8.685
AVEZZANO,CARSOLI,32.549
AVEZZANO,CASSINO,96.444
AVEZZANO,CASTEL MADAMA,59.777
AVEZZANO,CELANO OVINDOLI,10.633
AVEZZANO,CERCHIO,16.017
AVEZZANO,CIVITA D ANTINO MORINO,25.713
AVEZZANO,CIVITELLA ROVETO,19.695
AVEZZANO,COCULLO,35.294
AVEZZANO,COLLARMELE,19.722
AVEZZANO,GUIDONIA MONTECELIO S ANGELO,81.176
AVEZZANO,ISOLA LIRI,55.306
AVEZZANO,LUNGHEZZA,92.157
AVEZZANO,MARCELLINA PALOMBARA,73.401
AVEZZANO,PESCARA,133.19
AVEZZANO,PESCOCANALE,13.719
AVEZZANO,PIEDIMONTE VILLA S LUCIA AQUINO,87.45
AVEZZANO,POPOLI VITTORITO,80.081
AVEZZANO,ROCCASECCA,79.455
AVEZZANO,ROMA PRENESTINA,102.824
AVEZZANO,ROMA TERMINI,107.08
AVEZZANO,ROMA TIBURTINA,105.765
AVEZZANO,ROVIANO,45.279
AVEZZANO,SCURCOLA MARSICANA,7.778
AVEZZANO,SORA,49.879
AVEZZANO,SULMONA,64.857
AVEZZANO,TAGLIACOZZO,15.913
AVEZZANO,TIVOLI,67.507
AVEZZANO,TORRE DEI PASSERI,94.537
AVEZZANO,VAL D ALA,109.552
AVEZZANO,VALLE DELL ANIENE MANDELA SAMBUCI,53.429
AVIANO,BUDOIA POLCENIGO,5.693
AVIANO,MANIAGO,16.105
AVIANO,SACILE,16.112
AVIGLIANA,BARDONECCHIA,62.101
AVIGLIANA,BUSSOLENO,21.43
AVIGLIANA,SUSA,28.956
AVIGLIANA,TORINO PORTA NUOVA,24.104
AVOLA,SIRACUSA,25.742
BADESSE,EMPOLI,55.054
BADESSE,FIRENZE S MARIA NOVELLA,85.604
BADIA POLESINE,ISOLA DELLA SCALA,45.5
BADIA POLESINE,ROVIGO,28.477
BADIA POLESINE,VERONA PORTA NUOVA,66.164
BAGHERIA,AGRIGENTO CENTRALE,122.838
BAGHERIA,CAMPOFELICE,39.587
BAGHERIA,CEFALU,52.996
BAGHERIA,ISOLA DELLE FEMMINE,29.236
BAGHERIA,PALERMO AEROPORTO,46.253
BAGHERIA,PALERMO CENTRALE,13.206
BAGHERIA,PALERMO NOTARBARTOLO,17.13
BAGHERIA,TERMINI IMERESE,23.209
BAGNACAVALLO,BOLOGNA CENTRALE,60.256
BAGNACAVALLO,RAVENNA,22.714
BAGNARA,COSENZA,168.058
BAGNARA,LAMEZIA TERME CENTRALE,88.513
BAGNARA,MELITO PORTO SALVO,61.619
BAGNARA,REGGIO CALABRIA CENTRALE,31.806
BAGNI LUCCA,AULLA LUNIGIANA,66.618
BAGNI LUCCA,CASTELNUOVO GARFAGNANA,21.619
BAGNI LUCCA,LUCCA,23.305
BAGNI LUCCA,PIAZZA AL SERCHIO,34.078
BAGNI LUCCA,PISA CENTRALE,46.384
BAGNOLO IN PIANO,GUASTALLA,20.742
BAGNOLO IN PIANO,REGGIO EMILIA,7.831
BAGNOLO MELLA,CREMONA,37.154
BALANGERO,ALBA,98.472
BALESTRATE,CASTELVETRANO,56.97
BALESTRATE,TRAPANI,131.333
BALSORANO,AVEZZANO,37.042
BALSORANO,CASSINO,59.402
BARAGIANO RUOTI,POTENZA CENTRALE,29.06
BARAGIANO RUOTI,SALERNO,81.908
BARCELLONA CASTROREALE,MESSINA CENTRALE,39.517
BARCELLONA CASTROREALE,S AGATA MILITELLO,58.969
BARCO,CIANO D ENZA,12.923
BARCO,REGGIO EMILIA,13.108
BARDONECCHIA,ASTI,138.563
BARDONECCHIA,AVIGLIANA,62.101
BARDONECCHIA,BUSSOLENO,40.671
BARDONECCHIA,COLLEGNO,76.411
BARDONECCHIA,GENOVA BRIGNOLE,244.341
BARDONECCHIA,GRUGLIASCO,78.709
BARDONECCHIA,MILANO CENTRALE,228.769
BARDONECCHIA,NAPOLI CENTRALE,940.444
BARDONECCHIA,NOVI LIGURE,194.466
BARDONECCHIA,OULX CESANA CLAVIERE SESTRIERE,11.089
BARDONECCHIA,ROMA TERMINI,732.258
BARDONECCHIA,RONCO SCRIVIA,216.399
BARDONECCHIA,SALBERTRAND,17.028
BARDONECCHIA,TORINO PORTA NUOVA,86.205
BARI CENTRALE,ACQUAVIVA DELLE FONTI,37.038
BARI CENTRALE,ANCONA,442.072
BARI CENTRALE,BARI S RITA,7.286
BARI CENTRALE,BARI S SPIRITO,11.542
BARI CENTRALE,BARI TORRE A MARE,11.453
BARI CENTRALE,BARI ZONA INDUSTRIALE,3.966
BARI CENTRALE,BARLETTA,54.697
BARI CENTRALE,BISCEGLIE,34.082
BARI CENTRALE,BITETTO PALO DEL COLLE,14.571
BARI CENTRALE,BITRITTO,11.949
BARI CENTRALE,BOLOGNA CENTRALE,646.113
BARI CENTRALE,BRESCIA,819.603
BARI CENTRALE,BRINDISI,110.923
BARI CENTRALE,CASERTA,280.438
BARI CENTRALE,CASTELLANETA,70.258
BARI CENTRALE,CERIGNOLA CAMPAGNA,88.324
BARI CENTRALE,CESENA,563.444
BARI CENTRALE,CISTERNINO,61.53
BARI CENTRALE,CODOGNO,805.723
BARI CENTRALE,FAENZA,597.006
BARI CENTRALE,FANO,489.183
BARI CENTRALE,FASANO,54.373
BARI CENTRALE,FOGGIA,122.589
BARI CENTRALE,FORLI,581.295
BARI CENTRALE,FORMIA GAETA,359.611
BARI CENTRALE,FROSINONE,402.113
BARI CENTRALE,GIOIA DEL COLLE,49.729
BARI CENTRALE,GIOVINAZZO,18.426
BARI CENTRALE,GIULIANOVA,333.713
BARI CENTRALE,GROTTAMMARE,362.099
BARI CENTRALE,IMOLA,612.012
BARI CENTRALE,INCORONATA,112.307
BARI CENTRALE,LAMEZIA TERME CENTRALE,345.358
BARI CENTRALE,LECCE,149.287
BARI CENTRALE,METAPONTO,137.111
BARI CENTRALE,MILANO CENTRALE,860.815
BARI CENTRALE,MILANO PORTA GARIBALDI,862.705
BARI CENTRALE,MOLA BARI,19.155
BARI CENTRALE,MOLFETTA,24.741
BARI CENTRALE,MONOPOLI,40.544
BARI CENTRALE,NAPOLI CENTRALE,314.579
BARI CENTRALE,ORTANOVA,102.955
BARI CENTRALE,OSTUNI,74.278
BARI CENTRALE,PALAGIANELLO,75.454
BARI CENTRALE,PALAGIANO MOTTOLA,82.422
BARI CENTRALE,PESARO,501.646
BARI CENTRALE,PESCARA,296.099
BARI CENTRALE,POLIGNANO A MARE,32.959
BARI CENTRALE,PONTE ALBANITO,134.224
BARI CENTRALE,PONTE CASALDUNI,230.681
BARI CENTRALE,POTENZA CENTRALE,236.428
BARI CENTRALE,REGGIO CALABRIA CENTRALE,465.677
BARI CENTRALE,RICCIONE,525.033
BARI CENTRALE,RIGNANO GARGANICO,136.655
BARI CENTRALE,RIMINI,535.026
BARI CENTRALE,ROMA TERMINI,478.607
BARI CENTRALE,ROMA TUSCOLANA,481.049
BARI CENTRALE,S SEVERO,151.037
BARI CENTRALE,S VITO DEI NORMANNI,99.22
BARI CENTRALE,SANNICANDRO BARI,25.815
BARI CENTRALE,SAVONA,965.385
BARI CENTRALE,SIBARI,216.131
BARI CENTRALE,SQUINZANO,134.687
BARI CENTRALE,SULMONA,361.752
BARI CENTRALE,TARANTO,104.028
BARI CENTRALE,TELESE CERRETO,246.907
BARI CENTRALE,TERMOLI,206.631
BARI CENTRALE,TORANO LATTARICO,259.171
BARI CENTRALE,TORINO PORTA NUOVA,980.175
BARI CENTRALE,TRANI,42.103
BARI CENTRALE,TRINITAPOLI S FERDINANDO PUGLIA,70.924
BARI CENTRALE,VASTO S SALVO,229.663
BARI CENTRALE,VENEZIA S LUCIA,770.164
BARI CENTRALE,VILLA S GIOVANNI,451.589
BARI PARCO NORD,MILANO CENTRALE,857.846
BARI S RITA,BARI CENTRALE,7.286
BARI S SPIRITO,BARI CENTRALE,11.542
BARI S SPIRITO,BARLETTA,43.155
BARI S SPIRITO,FASANO,65.915
BARI S SPIRITO,FOGGIA,111.047
BARI S SPIRITO,TARANTO,111.559
BARI TORRE A MARE,BARI CENTRALE,11.453
BARI TORRE A MARE,BARLETTA,66.15
BARI TORRE A MARE,BRINDISI,99.47
BARI TORRE A MARE,GIOVINAZZO,29.879
BARI TORRE A MARE,LECCE,137.834
BARLETTA,BARI CENTRALE,54.697
BARLETTA,BARI S SPIRITO,43.155
BARLETTA,BARI TORRE A MARE,66.15
BARLETTA,BISCEGLIE,20.615
BARLETTA,BRINDISI,165.62
BARLETTA,CANOSA PUGLIA,24.83
BARLETTA,FASANO,109.07
BARLETTA,FOGGIA,67.892
BARLETTA,GIOVINAZZO,36.271
BARLETTA,LECCE,203.984
BARLETTA,MILANO CENTRALE,806.118
BARLETTA,MOLA BARI,73.852
BARLETTA,MOLFETTA,29.956
BARLETTA,MONOPOLI,95.241
BARLETTA,POLIGNANO A MARE,87.656
BARLETTA,S SEVERO,96.34
BARLETTA,SPINAZZOLA,65.682
BARLETTA,TRANI,12.594
BARONISSI,MERCATO S SEVERINO,5.421
BARONISSI,NOCERA INFERIORE,17.878
BARONISSI,SALERNO,12.206
BASILIANO,UDINE,11.37
BASILIANO,VENEZIA MESTRE,115.203
BASILIANO,VENEZIA S LUCIA,123.637
BASSANO DEL GRAPPA,BOLZANO,151.15
BASSANO DEL GRAPPA,BORGO VALSUGANA CENTRO,52.019
BASSANO DEL GRAPPA,BORGO VALSUGANA EST,51.167
BASSANO DEL GRAPPA,BRONZOLO,140.213
BASSANO DEL GRAPPA,CALDONAZZO,68.95
BASSANO DEL GRAPPA,CAMPOSAMPIERO,29.115
BASSANO DEL GRAPPA,CARPANE VALSTAGNA,13.206
BASSANO DEL GRAPPA,CASTELFRANCO VENETO,19.148
BASSANO DEL GRAPPA,CASTELLO GODEGO,13.907
BASSANO DEL GRAPPA,CITTADELLA,14.618
BASSANO DEL GRAPPA,MAERNE MARTELLAGO,43.784
BASSANO DEL GRAPPA,NOALE SCORZE,36.446
BASSANO DEL GRAPPA,PADOVA,47.294
BASSANO DEL GRAPPA,PERGINE,78.26
BASSANO DEL GRAPPA,PIOMBINO DESE,27.971
BASSANO DEL GRAPPA,PRIMOLANO,28.719
BASSANO DEL GRAPPA,ROMA TERMINI,518.071
BASSANO DEL GRAPPA,RONCEGNO BAGNI MARTER,56.742
BASSANO DEL GRAPPA,S PIETRO IN GU,25.09
BASSANO DEL GRAPPA,SPINEA,47.467
BASSANO DEL GRAPPA,TRENTO,95.711
BASSANO DEL GRAPPA,VENEZIA MESTRE,54.276
BASSANO DEL GRAPPA,VENEZIA S LUCIA,62.71
BASSANO DEL GRAPPA,VERONA PORTA NUOVA,89.884
BASSANO DEL GRAPPA,VICENZA,38.284
BASSANO DEL GRAPPA,VIGODARZERE,42.342
BASSANO DEL GRAPPA,VILLAZZANO,89.315
BASTIA,ROMA TERMINI,182.303
BATTIPAGLIA,BOLZANO,880.764
BATTIPAGLIA,BUCCINO S GREGORIO MAGNO,38.432
BATTIPAGLIA,CANCELLO,69.534
BATTIPAGLIA,CASERTA,81.321
BATTIPAGLIA,CODOLA,38.709
BATTIPAGLIA,COSENZA,222.887
BATTIPAGLIA,EBOLI,6.239
BATTIPAGLIA,FIRENZE S MARIA NOVELLA,534.545
BATTIPAGLIA,FISCIANO,33.656
BATTIPAGLIA,GENOVA BRIGNOLE,764.96
BATTIPAGLIA,LATINA,221.743
BATTIPAGLIA,MERCATO S SEVERINO,37.33
BATTIPAGLIA,MILANO CENTRALE,838.825
BATTIPAGLIA,NAPOLI CAMPI FLEGREI,79.718
BATTIPAGLIA,NAPOLI CENTRALE,70.989
BATTIPAGLIA,NAPOLI S GIOVANNI BARRA,66.283
BATTIPAGLIA,NOCERA INFERIORE,34.514
BATTIPAGLIA,NOLA,57.278
BATTIPAGLIA,PALMA S GENNARO,50.55
BATTIPAGLIA,PAOLA,197.001
BATTIPAGLIA,PISCIOTTA PALINURO,69.419
BATTIPAGLIA,POMEZIA S PALOMBA,258.811
BATTIPAGLIA,PONTECAGNANO,10.087
BATTIPAGLIA,POTENZA CENTRALE,91.265
BATTIPAGLIA,REGGIO CALABRIA CENTRALE,374.19
BATTIPAGLIA,ROMA S PIETRO,288.573
BATTIPAGLIA,ROMA TERMINI,279.49
BATTIPAGLIA,SALERNO,19.703
BATTIPAGLIA,SAPRI,104.789
BATTIPAGLIA,SARNO,41.909
BATTIPAGLIA,SICIGNANO DEGLI ALBURNI,30.81
BATTIPAGLIA,TARANTO,241.59
BATTIPAGLIA,TORINO PORTA NUOVA,926.517
BATTIPAGLIA,TORINO PORTA SUSA,928.049
BATTIPAGLIA,TORRE ANNUNZIATA CENTRALE,49.078
BATTIPAGLIA,VENEZIA S LUCIA,783.33
BATTIPAGLIA,VENTIMIGLIA,909.454
BATTIPAGLIA,VILLA S GIOVANNI,360.102
BAZZANO,BOLOGNA CENTRALE,25.261
BAZZANO,CASALECCHIO GARIBALDI,16.533
BAZZANO,CRESPELLANO,4.254
BAZZANO,VIA LUNGA,7.631
BEFFI,SULMONA,28.632
BELGIOIOSO,CODOGNO,32.045
BELGIOIOSO,CREMONA,59.375
BELGIOIOSO,PAVIA,14.433
BELLA MURO,POTENZA CENTRALE,31.458
BELLA MURO,ROMA TERMINI,339.297
BELLA MURO,SALERNO,79.51
BELLANO TARTAVALLE TERME,COLICO,14.132
BELLANO TARTAVALLE TERME,LECCO,24.847
BELLUNO,CALALZO PIEVE CADORE CORTINA,43.86
BELLUNO,CAMPOSAMPIERO,93.401
BELLUNO,CASTELFRANCO VENETO,81.344
BELLUNO,CONEGLIANO,47.569
BELLUNO,CORNUDA,57.762
BELLUNO,FELTRE,30.533
BELLUNO,LONGARONE ZOLDO,17.94
BELLUNO,MONTEBELLUNA,65.029
BELLUNO,OSPITALE CADORE,25.485
BELLUNO,PADOVA,111.58
BELLUNO,PERAROLO CADORE,33.399
BELLUNO,PONTE NELLE ALPI POLPET,7.622
BELLUNO,POSTIOMA,75.003
BELLUNO,QUERO VAS,42.185
BELLUNO,S CROCE DEL LAGO,20.202
BELLUNO,S GIUSTINA CESIO,16.333
BELLUNO,SEDICO BRIBANO,12.068
BELLUNO,TREVISO CENTRALE,74.522
BELLUNO,VENEZIA MESTRE,95.43
BELLUNO,VENEZIA S LUCIA,103.864
BELLUNO,VICENZA,116.875
BELLUNO,VIGODARZERE,106.628
BELLUNO,VITTORIO VENETO,34.009
BERCETO,COLLECCHIO,33.333
BERCETO,LA SPEZIA CENTRALE,74.327
BERCETO,PARMA,45.104
BERCETO,VICOFERTILE,37.8
BERCHIDDA,CAGLIARI,237.994
BERCHIDDA,SASSARI,78.584
BERGAMO,BOLOGNA CENTRALE/AV,223.431
BERGAMO,BRESCIA,48.727
BERGAMO,CALOLZIOCORTE OLGINATE,26.046
BERGAMO,CALUSCO,16.926
BERGAMO,CARNATE USMATE,25.662
BERGAMO,CISANO CAPRINO BERGAMASCO,17.956
BERGAMO,COCCAGLIO,29.625
BERGAMO,CREMONA,86.458
BERGAMO,FERRARA,210.844
BERGAMO,FIDENZA,120.351
BERGAMO,FIRENZE CAMPO MARTE,316.613
BERGAMO,FORNOVO,145.062
BERGAMO,GRUMELLO DEL MONTE,17.233
BERGAMO,IMPERIA,280.38
BERGAMO,LECCO,32.933
BERGAMO,MANERBIO,70.706
BERGAMO,MELZO SCALO,34.64
BERGAMO,MILANO CENTRALE,49.407
BERGAMO,MILANO CERTOSA,53.064
BERGAMO,MILANO GRECO PIRELLI,46.056
BERGAMO,MILANO LAMBRATE,49.584
BERGAMO,MILANO PORTA GARIBALDI,50.04
BERGAMO,MONTELLO GORLAGO,11.224
BERGAMO,MONZA,37.465
BERGAMO,NAPOLI CENTRALE,782.974
BERGAMO,OLMENETA,75.627
BERGAMO,OSPITALETTO TRAVAGLIATO,37.538
BERGAMO,PALAZZOLO SULL OGLIO,21.59
BERGAMO,PESARO,366.684
BERGAMO,PIOLTELLO LIMITO,41.08
BERGAMO,PISA CENTRALE,298.149
BERGAMO,PONTE S PIETRO,7.742
BERGAMO,RIMINI,333.304
BERGAMO,ROBECCO PONTEVICO,81.18
BERGAMO,ROMA TERMINI,573.523
BERGAMO,ROVATO,31.712
BERGAMO,SERIATE,4.159
BERGAMO,SESTO S GIOVANNI,42.345
BERGAMO,SONDRIO,112.377
BERGAMO,TORINO PORTA NUOVA,192.876
BERGAMO,TREVIGLIO,21.882
BERGAMO,TREVIGLIO OVEST,20.538
BERGAMO,VENTIMIGLIA,318.729
BERGAMO,VERDELLO DALMINE,10.707
BERGAMO,VERONA PORTA NUOVA,113.365
BERNALDA,TARANTO,55.661
BESANA,CARATE CALO,4.523
BESANA,LECCO,25.358
BESANA,MILANO PORTA GARIBALDI,31.146
BESANA,MOLTENO,10.643
BESANA,MONZA,18.571
BESANA,TRIUGGIO PONTE ALBIATE,6.907
BESOZZO,GALLARATE,23.596
BESOZZO,LUINO,22.202
BESOZZO,MILANO PORTA GARIBALDI,62.279
BEVILACQUA,MANTOVA,54.655
BIANCO,CATANZARO LIDO,101.853
BIANCO,REGGIO CALABRIA CENTRALE,75.697
BIANCO,ROCCELLA JONICA,35.902
BIASSONO LESMO PARCO,MILANO PORTA GARIBALDI,20.207
BICOCCA,ACIREALE,20.481
BICOCCA,ALCANTARA,50.869
BICOCCA,CALTAGIRONE,81.735
BICOCCA,CALTANISSETTA CENTRALE,113.693
BICOCCA,CATANIA ACQUICELLA,4.545
BICOCCA,CATANIA CENTRALE,7.427
BICOCCA,FIUMEFREDDO SICILIA,45.46
BICOCCA,GALATI,92.019
BICOCCA,GIAMPILIERI,86.844
BICOCCA,GIARRE RIPOSTO,37.238
BICOCCA,LENTINI,21.114
BICOCCA,LETOJANNI,60.132
BICOCCA,MESSINA CENTRALE,102.198
BICOCCA,PALERMO CENTRALE,233.106
BICOCCA,ROCCALUMERA MANDANICI,73.745
BICOCCA,SIRACUSA,75.527
BICOCCA,TAORMINA GIARDINI,55.189
BIELLA S PAOLO,BIANZE,34.861
BIELLA S PAOLO,CASALEGGIO,38.683
BIELLA S PAOLO,CHIVASSO,57.406
BIELLA S PAOLO,COSSATO,10.419
BIELLA S PAOLO,NOVARA,50.766
BIELLA S PAOLO,ROVASENDA,23.229
BIELLA S PAOLO,SALUSSOLA,15.558
BIELLA S PAOLO,SANTHIA,26.724
BIELLA S PAOLO,TORINO LINGOTTO,86.588
BIELLA S PAOLO,TORINO PORTA NUOVA,85.773
BISCEGLIE,BARI CENTRALE,34.082
BISCEGLIE,FASANO,88.455
BITETTO PALO DEL COLLE,BARI CENTRALE,14.571
BITETTO PALO DEL COLLE,TARANTO,89.457
BITRITTO,BARI CENTRALE,11.949
BITRITTO,BARI S RITA,4.663
BIVIO D AURISINA,CARNIA,97.138
BIVIO D AURISINA,PORTOGRUARO CAORLE,71.121
BIVIO D AURISINA,TARVISIO BOSCOVERDE,146.259
BIVIO D AURISINA,TRIESTE CENTRALE,14.539
BIVIO D AURISINA,UDINE,57.469
BIVIO D AURISINA,VENEZIA MESTRE,144.493
BIVIO D AURISINA,VENEZIA S LUCIA,152.927
BOIANO,CAPUA,108.01
BOIANO,CASERTA,119.13
BOIANO,CASSINO,77.222
BOIANO,CIAMPINO,201.283
BOIANO,COLLEFERRO SEGNI PALIANO,161.616
BOIANO,ISERNIA,28.088
BOIANO,MOROLO,143.058
BOIANO,NAPOLI CENTRALE,152.415
BOIANO,ROMA TERMINI,212.959
BOIANO,ROMA TIBURTINA,211.644
BOIANO,SPARANISE,92.706
BOIANO,VAIRANO CAIANELLO,73.335
BOLGHERI,CAMPIGLIA MARITTIMA,26.966
BOLOGNA CENTRALE,ALA,161.072
BOLOGNA CENTRALE,ALESSANDRIA,243.987
BOLOGNA CENTRALE,ANCONA,204.041
BOLOGNA CENTRALE,ARENA PO,176.0
BOLOGNA CENTRALE,AREZZO,158.337
BOLOGNA CENTRALE,ARQUATA SCRIVIA,246.583
BOLOGNA CENTRALE,BAGNACAVALLO,60.256
BOLOGNA CENTRALE,BARI CENTRALE,646.113
BOLOGNA CENTRALE,BARLETTA,591.416
BOLOGNA CENTRALE,BATTIPAGLIA,624.144
BOLOGNA CENTRALE,BAZZANO,25.261
BOLOGNA CENTRALE,BIVIO S VITALE,4.053
BOLOGNA CENTRALE,BIVIO TAVERNELLE,9.179
BOLOGNA CENTRALE,BOLOGNA S RUFFILLO,6.374
BOLOGNA CENTRALE,BOLOGNA S VITALE,2.673
BOLOGNA CENTRALE,BOLZANO,256.62
BOLOGNA CENTRALE,BRENNERO,345.412
BOLOGNA CENTRALE,BRESSANONE,295.064
BOLOGNA CENTRALE,BRINDISI,757.036
BOLOGNA CENTRALE,BRONZOLO,245.683
BOLOGNA CENTRALE,BUDRIO,101.231
BOLOGNA CENTRALE,BUDRIO CENTRO,100.288
BOLOGNA CENTRALE,BUTTAPIETRA,102.164
BOLOGNA CENTRALE,CALDERARA BARGELLINO,7.985
BOLOGNA CENTRALE,CAMPOSANTO,37.382
BOLOGNA CENTRALE,CARPI,52.357
BOLOGNA CENTRALE,CASALECCHIO GARIBALDI,8.728
BOLOGNA CENTRALE,CASALPUSTERLENGO,164.483
BOLOGNA CENTRALE,CASTEL S GIOVANNI,169.352
BOLOGNA CENTRALE,CASTEL S PIETRO TERME,23.079
BOLOGNA CENTRALE,CASTELBOLOGNESE RIOLO TERME,41.877
BOLOGNA CENTRALE,CASTELFRANCO EMILIA,25.008
BOLOGNA CENTRALE,CASTELGUELFO,102.801
BOLOGNA CENTRALE,CASTELMAGGIORE,9.947
BOLOGNA CENTRALE,CASTENASO,106.951
BOLOGNA CENTRALE,CATTOLICA S GIOVANNI GABICCE,129.366
BOLOGNA CENTRALE,CERVIA MILANO MARITTIMA,103.706
BOLOGNA CENTRALE,CESENA,82.669
BOLOGNA CENTRALE,CESENATICO,111.125
BOLOGNA CENTRALE,CODOGNO,159.61
BOLOGNA CENTRALE,COLLE ISARCO,329.858
BOLOGNA CENTRALE,CONSANDOLO,74.995
BOLOGNA CENTRALE,CRESPELLANO,21.007
BOLOGNA CENTRALE,CREVALCORE,29.581
BOLOGNA CENTRALE,DOMEGLIARA S AMBROGIO,129.95
BOLOGNA CENTRALE,FAENZA,49.107
BOLOGNA CENTRALE,FALCONARA MARITTIMA,195.344
BOLOGNA CENTRALE,FANO,156.93
BOLOGNA CENTRALE,FERRARA,46.83
BOLOGNA CENTRALE,FIDENZA,112.405
BOLOGNA CENTRALE,FIORENZUOLA,125.863
BOLOGNA CENTRALE,FIRENZE CAMPO MARTE,93.564
BOLOGNA CENTRALE,FIRENZE RIFREDI,88.724
BOLOGNA CENTRALE,FIRENZE S MARIA NOVELLA,91.491
BOLOGNA CENTRALE,FOGGIA,523.524
BOLOGNA CENTRALE,FORLI,64.818
BOLOGNA CENTRALE,FORTEZZA,305.241
BOLOGNA CENTRALE,GENOVA BRIGNOLE,285.009
BOLOGNA CENTRALE,GIULIANOVA,312.4
BOLOGNA CENTRALE,GONZAGA REGGIOLO,71.277
BOLOGNA CENTRALE,GRANAROLO FAENTINO,58.022
BOLOGNA CENTRALE,GRIZZANA,35.467
BOLOGNA CENTRALE,GROTTAGLIE,764.613
BOLOGNA CENTRALE,IGEA MARINA,121.707
BOLOGNA CENTRALE,IMOLA,34.101
BOLOGNA CENTRALE,ISOLA DELLA SCALA,94.175
BOLOGNA CENTRALE,LA SPEZIA MIGLIARINA,207.022
BOLOGNA CENTRALE,LECCE,795.4
BOLOGNA CENTRALE,LIDO CLASSE LIDO SAVIO,96.097
BOLOGNA CENTRALE,LODI,183.336
BOLOGNA CENTRALE,LUGO,55.845
BOLOGNA CENTRALE,MANTOVA,97.974
BOLOGNA CENTRALE,MAROTTA MONDOLFO,169.156
BOLOGNA CENTRALE,MARZABOTTO,26.545
BOLOGNA CENTRALE,MEZZOCORONA,218.013
BOLOGNA CENTRALE,MILANO CENTRALE,214.702
BOLOGNA CENTRALE,MILANO CERTOSA,218.362
BOLOGNA CENTRALE,MILANO LAMBRATE,210.904
BOLOGNA CENTRALE,MILANO PORTA GARIBALDI,216.592
BOLOGNA CENTRALE,MILANO ROGOREDO,205.116
BOLOGNA CENTRALE,MODENA,36.932
BOLOGNA CENTRALE,MOLFETTA,621.372
BOLOGNA CENTRALE,MOLINELLA,84.953
BOLOGNA CENTRALE,MONFALCONE,281.731
BOLOGNA CENTRALE,MONOPOLI,686.657
BOLOGNA CENTRALE,MONSELICE,99.773
BOLOGNA CENTRALE,MONZUNO VADO,25.321
BOLOGNA CENTRALE,NAPOLI CENTRALE,559.925
BOLOGNA CENTRALE,NOGARA,83.046
BOLOGNA CENTRALE,ORA,240.565
BOLOGNA CENTRALE,OSTUNI,720.391
BOLOGNA CENTRALE,PADOVA,122.575
BOLOGNA CENTRALE,PARMA,90.392
BOLOGNA CENTRALE,PESARO,144.467
BOLOGNA CENTRALE,PESCARA,350.014
BOLOGNA CENTRALE,PIACENZA,147.474
BOLOGNA CENTRALE,PIANORO,16.162
BOLOGNA CENTRALE,PIOPPE SALVARO,32.763
BOLOGNA CENTRALE,PM TAVERNELLE EMILIA,11.941
BOLOGNA CENTRALE,POGGIO RENATICO,33.879
BOLOGNA CENTRALE,POGGIO RUSCO,59.43
BOLOGNA CENTRALE,POLIGNANO A MARE,679.072
BOLOGNA CENTRALE,PORRETTA TERME,58.467
BOLOGNA CENTRALE,PORTOMAGGIORE,70.243
BOLOGNA CENTRALE,PRATO CENTRALE,80.478
BOLOGNA CENTRALE,PRATO TIRES,264.698
BOLOGNA CENTRALE,QUATTRO VILLE,42.032
BOLOGNA CENTRALE,RAVENNA,82.516
BOLOGNA CENTRALE,REGGIO EMILIA,62.086
BOLOGNA CENTRALE,RHO FIERA,222.456
BOLOGNA CENTRALE,RIMINI,111.087
BOLOGNA CENTRALE,RIMINI VISERBA,115.299
BOLOGNA CENTRALE,RIOLA,46.802
BOLOGNA CENTRALE,ROLO NOVI FABBRICO,63.941
BOLOGNA CENTRALE,ROMA OSTIENSE,353.336
BOLOGNA CENTRALE,ROMA S PIETRO,358.174
BOLOGNA CENTRALE,ROMA TERMINI,350.474
BOLOGNA CENTRALE,ROMA TIBURTINA,345.969
BOLOGNA CENTRALE,ROMANORE,86.78
BOLOGNA CENTRALE,ROVERETO,177.608
BOLOGNA CENTRALE,ROVIGO,78.826
BOLOGNA CENTRALE,RUBIERA,50.236
BOLOGNA CENTRALE,RUSSI,66.159
BOLOGNA CENTRALE,S BENEDETTO DEL TRONTO,288.534
BOLOGNA CENTRALE,S BENEDETTO SAMBRO CASTIGLIONE PEPOLI,40.576
BOLOGNA CENTRALE,S FELICE SUL PANARO,42.504
BOLOGNA CENTRALE,S GIORGIO PIANO,17.768
BOLOGNA CENTRALE,S PIETRO IN CASALE,23.879
BOLOGNA CENTRALE,SALERNO,604.441
BOLOGNA CENTRALE,SANTARCANGELO ROMAGNA,101.318
BOLOGNA CENTRALE,SAPRI,728.933
BOLOGNA CENTRALE,SASSO MARCONI,19.021
BOLOGNA CENTRALE,SENIGALLIA,178.203
BOLOGNA CENTRALE,SIBARI,827.981
BOLOGNA CENTRALE,SIRACUSA,1170.971
BOLOGNA CENTRALE,SOLAROLO,47.394
BOLOGNA CENTRALE,STRADELLA,180.697
BOLOGNA CENTRALE,SURBO,791.829
BOLOGNA CENTRALE,SUZZARA,79.045
BOLOGNA CENTRALE,TARANTO,746.13
BOLOGNA CENTRALE,TARVISIO BOSCOVERDE,365.318
BOLOGNA CENTRALE,TAVAZZANO,191.06
BOLOGNA CENTRALE,TERME EUGANEE ABANO MONTEGROTTO,109.581
BOLOGNA CENTRALE,TERMOLI,439.482
BOLOGNA CENTRALE,TERNI,311.249
BOLOGNA CENTRALE,TORINO PORTA NUOVA,334.062
BOLOGNA CENTRALE,TORINO STURA,333.635
BOLOGNA CENTRALE,TRENTO,201.181
BOLOGNA CENTRALE,TREVIGLIO,210.874
BOLOGNA CENTRALE,TRIESTE CENTRALE,308.987
BOLOGNA CENTRALE,VAIANO,70.35
BOLOGNA CENTRALE,VENEZIA MESTRE,151.074
BOLOGNA CENTRALE,VENEZIA S LUCIA,159.508
BOLOGNA CENTRALE,VERGATO,38.402
BOLOGNA CENTRALE,VERNIO MONTEPIANO CANTAGALLO,59.972
BOLOGNA CENTRALE,VERONA PORTA NUOVA,114.839
BOLOGNA CENTRALE,VERONA PORTA VESCOVO,117.089
BOLOGNA CENTRALE,VIA LUNGA,17.63
BOLOGNA CENTRALE,VIGNOLA,32.379
BOLOGNA CENTRALE,VIPITENO VAL VIZZE,324.059
BOLOGNA CENTRALE,VOGHERA,205.869
BOLOGNA CENTRALE/AV,FIRENZE CAMPO MARTE,93.551
BOLOGNA CENTRALE/AV,NAPOLI CENTRALE,559.912
BOLOGNA CENTRALE/AV,ROMA TERMINI,350.461
BOLOGNA FIERE,REGGIO EMILIA,65.149
BOLOGNA ROVERI,BUDRIO,10.77
BOLOGNA ROVERI,CONSANDOLO,37.006
BOLOGNA ROVERI,MEZZOLARA,17.834
BOLOGNA ROVERI,MOLINELLA,27.048
BOLOGNA ROVERI,PORTOMAGGIORE,41.758
BOLOGNA S RUFFILLO,BOLOGNA CENTRALE,6.374
BOLOGNA S RUFFILLO,CASALECCHIO GARIBALDI,15.102
BOLOGNA S RUFFILLO,FIRENZE CAMPO MARTE,87.19
BOLOGNA S RUFFILLO,FIRENZE S MARIA NOVELLA,85.117
BOLOGNA S RUFFILLO,MARZABOTTO,32.919
BOLOGNA S RUFFILLO,PIANORO,9.788
BOLOGNA S RUFFILLO,PORRETTA TERME,64.841
BOLOGNA S RUFFILLO,PRATO CENTRALE,74.104
BOLOGNA S RUFFILLO,ROMA TIBURTINA,339.595
BOLOGNA S RUFFILLO,S BENEDETTO SAMBRO CASTIGLIONE PEPOLI,34.202
BOLOGNA S RUFFILLO,SASSO MARCONI,25.395
BOLZANO,ALA,95.548
BOLZANO,ALESSANDRIA,368.168
BOLZANO,ANCONA,459.829
BOLZANO,BARI CENTRALE,901.901
BOLZANO,BASSANO DEL GRAPPA,151.15
BOLZANO,BATTIPAGLIA,880.764
BOLZANO,BOLOGNA CENTRALE,256.62
BOLZANO,BOLOGNA CENTRALE/AV,257.002
BOLZANO,BORGO VALSUGANA EST,99.983
BOLZANO,BRENNERO,88.792
BOLZANO,BRESCIA,205.736
BOLZANO,BRESSANONE,38.444
BOLZANO,BRONZOLO,10.937
BOLZANO,BRUNICO,81.035
BOLZANO,CALDONAZZO,82.2
BOLZANO,COLLE ISARCO,73.238
BOLZANO,CREVALCORE,227.039
BOLZANO,DOMEGLIARA S AMBROGIO,126.67
BOLZANO,EGNA TERMENO,21.832
BOLZANO,FANO,412.718
BOLZANO,FIGLINE VALDARNO,375.873
BOLZANO,FIRENZE CAMPO MARTE,350.184
BOLZANO,FIRENZE RIFREDI,345.344
BOLZANO,FIRENZE S MARIA NOVELLA,348.111
BOLZANO,FOGGIA,779.312
BOLZANO,FORTEZZA,48.621
BOLZANO,GARGAZZONE,20.654
BOLZANO,GIULIANOVA,568.188
BOLZANO,GRIGNO,113.628
BOLZANO,ISOLA DELLA SCALA,162.445
BOLZANO,LANA POSTAL,24.468
BOLZANO,LECCE,1051.188
BOLZANO,LUINO,373.396
BOLZANO,MATTARELLO,63.009
BOLZANO,MERANO,32.961
BOLZANO,MERANO MAIA BASSA,30.846
BOLZANO,MEZZOCORONA,38.607
BOLZANO,MILANO CENTRALE,288.49
BOLZANO,MILANO PORTA GARIBALDI,290.38
BOLZANO,NAPOLI AFRAGOLA,811.259
BOLZANO,NAPOLI CENTRALE,816.545
BOLZANO,NOGARA,173.574
BOLZANO,OSTERIA NUOVA,243.429
BOLZANO,PAOLA,1077.765
BOLZANO,PERGINE,72.89
BOLZANO,PERI,109.87
BOLZANO,PESCARA,605.802
BOLZANO,PESCHIERA DEL GARDA,163.638
BOLZANO,POGGIO RUSCO,197.19
BOLZANO,PONTE D ADIGE,6.757
BOLZANO,PONTE GARDENA LAION,22.513
BOLZANO,PRIMOLANO,122.431
BOLZANO,RIMINI,366.875
BOLZANO,ROMA TERMINI,607.094
BOLZANO,ROVERETO,79.012
BOLZANO,S CANDIDO,113.102
BOLZANO,S SEVERO,750.864
BOLZANO,SALERNO,861.061
BOLZANO,SIBARI,1083.769
BOLZANO,TERLANO ANDRIANO,13.595
BOLZANO,TORINO PORTA NUOVA,433.476
BOLZANO,TRENTO,55.439
BOLZANO,VALDAORA ANTERSELVA,92.537
BOLZANO,VASTO S SALVO,672.238
BOLZANO,VENEZIA MESTRE,205.426
BOLZANO,VENEZIA S LUCIA,213.86
BOLZANO,VERONA PORTA NUOVA,146.122
BOLZANO,VILPIANO NALLES,17.419
BOLZANO,VIPITENO VAL VIZZE,67.439
BONDENO,FERRARA,18.078
BONDENO,POGGIO RUSCO,29.147
BONDENO,SUZZARA,63.322
BORDIGHERA,MILANO CENTRALE,271.229
BORDIGHERA,SAVONA,94.778
BORDIGHERA,VENTIMIGLIA,4.759
BORETTO,PARMA,22.501
BORGO A BUGGIANO,FIRENZE S MARIA NOVELLA,50.535
BORGO A BUGGIANO,LUCCA,26.76
BORGO A BUGGIANO,VIAREGGIO,49.77
BORGO REVEL,ALESSANDRIA,70.58
BORGO S DALMAZZO,CUNEO,8.578
BORGO S DALMAZZO,VENTIMIGLIA,217.056
BORGO S LORENZO,BRISIGHELLA,53.32
BORGO S LORENZO,CAMPOMIGLIAIO,7.945
BORGO S LORENZO,COMPIOBBI,40.293
BORGO S LORENZO,CONTEA LONDA,18.038
BORGO S LORENZO,CRESPINO DEL LAMONE,21.747
BORGO S LORENZO,DICOMANO,14.591
BORGO S LORENZO,FAENZA,66.334
BORGO S LORENZO,FIESOLE CALDINE,25.865
BORGO S LORENZO,FIRENZE CAMPO MARTE,33.153
BORGO S LORENZO,FIRENZE RIFREDI,37.097
BORGO S LORENZO,FIRENZE S MARIA NOVELLA,34.33
BORGO S LORENZO,MARRADI PALAZZUOLO SUL SENIO,32.004
BORGO S LORENZO,PONTASSIEVE,32.683
BORGO S LORENZO,RIMINI,128.314
BORGO S LORENZO,RUFINA,25.175
BORGO S LORENZO,S PIERO A SIEVE,4.762
BORGO S LORENZO,VAGLIA,11.88
BORGO S LORENZO,VICCHIO,7.046
BORGO S MARTINO,ALESSANDRIA,25.585
BORGO TICINO,ARONA,8.229
BORGO TICINO,NOVARA,27.512
BORGO VAL TARO,BERCETO,15.544
BORGO VAL TARO,EMPOLI,162.519
BORGO VAL TARO,FILATTIERA,24.537
BORGO VAL TARO,FIRENZE RIFREDI,190.302
BORGO VAL TARO,FIRENZE S MARIA NOVELLA,193.069
BORGO VAL TARO,FORNOVO,37.629
BORGO VAL TARO,GENOVA BRIGNOLE,142.825
BORGO VAL TARO,LA SPEZIA CENTRALE,58.783
BORGO VAL TARO,LA SPEZIA MIGLIARINA,55.982
BORGO VAL TARO,LIVORNO CENTRALE,133.4
BORGO VAL TARO,MASSA CENTRO,73.065
BORGO VAL TARO,OSTIA PARMENSE,7.152
BORGO VAL TARO,PARMA,60.648
BORGO VAL TARO,PISA CENTRALE,115.458
BORGO VAL TARO,PONTREMOLI,17.93
BORGO VAL TARO,VEZZANO LIGURE,51.217
BORGO VAL TARO,VIAREGGIO,93.246
BORGO VALSUGANA CENTRO,TRENTO,43.692
BORGO VALSUGANA EST,BASSANO DEL GRAPPA,51.167
BORGO VALSUGANA EST,PERGINE,27.093
BORGO VALSUGANA EST,RONCEGNO BAGNI MARTER,5.575
BORGO VALSUGANA EST,TRENTO,44.544
BORGOMANERO,DOMODOSSOLA,56.531
BORGOMANERO,NOVARA,31.403
BORGONE,TORINO PORTA NUOVA,38.097
BORORE,CAGLIARI,139.943
BOSCONERO,CHIERI,48.838
BOTRICELLO,CROTONE,34.94
BOVALINO,REGGIO CALABRIA CENTRALE,83.103
BOVALINO,ROCCELLA JONICA,28.496
BOVOLONE,ROVIGO,64.254
BOVOLONE,VERONA PORTA NUOVA,30.387
BOZZOLO,ACQUANEGRA CREMONESE,47.2
BOZZOLO,CASALPUSTERLENGO,68.668
BOZZOLO,CODOGNO,63.795
BOZZOLO,CREMONA,36.465
BOZZOLO,LODI,87.521
BOZZOLO,MILANO CENTRALE,123.173
BOZZOLO,MILANO LAMBRATE,119.375
BOZZOLO,MILANO PORTA GARIBALDI,125.063
BOZZOLO,MILANO ROGOREDO,113.587
BOZZOLO,PIZZIGHETTONE,56.082
BOZZOLO,SECUGNAGO,75.611
BOZZOLO,TAVAZZANO,95.245
BOZZOLO,TORRE DE PICENARDI,15.213
BOZZOLO,VILLETTA MALAGNINO,28.963
BRA,ALBA,17.49
BRA,CARMAGNOLA,20.445
BRA,CAVALLERMAGGIORE,12.896
BRA,CIRIE,73.347
BRA,GERMAGNANO,85.71
BRA,TORINO AEROPORTO CASELLE,67.601
BRA,TORINO LINGOTTO,44.526
BRA,TORINO PORTA NUOVA,48.844
BRA,TORINO REBAUDENGO FOSSATA,53.885
BRA,TORINO STURA,57.368
BRACCIANO,ANGUILLARA,13.198
BRACCIANO,CESANO ROMA,16.243
BRACCIANO,CROCICCHIE,7.961
BRACCIANO,LA STORTA,24.857
BRACCIANO,ROMA MONTE MARIO,33.364
BRACCIANO,ROMA OSTIENSE,44.439
BRACCIANO,ROMA S PIETRO,39.601
BRACCIANO,ROMA TIBURTINA,51.806
BRACCIANO,ROMA TUSCOLANA,48.049
BRACCIANO,VITERBO PORTA FIORENTINA,43.868
BRANCALEONE,TARANTO,411.214
BRENNERO,ALA,184.34
BRENNERO,ANCONA,548.621
BRENNERO,BOLOGNA CENTRALE,345.412
BRENNERO,BOLZANO,88.792
BRENNERO,BOLZANO CASANOVA,94.026
BRENNERO,BRESSANONE,50.348
BRENNERO,CHIUSA,60.471
BRENNERO,COLLE ISARCO,15.554
BRENNERO,CREVALCORE,315.831
BRENNERO,DOMEGLIARA S AMBROGIO,215.462
BRENNERO,EGNA TERMENO,110.624
BRENNERO,FORTEZZA,40.171
BRENNERO,GARGAZZONE,109.446
BRENNERO,LA SPEZIA CENTRALE,449.368
BRENNERO,LANA POSTAL,113.26
BRENNERO,MERANO,121.753
BRENNERO,MERANO MAIA BASSA,119.638
BRENNERO,MILANO CENTRALE,377.282
BRENNERO,NOGARA,262.366
BRENNERO,POGGIO RUSCO,285.982
BRENNERO,PONTE D ADIGE,95.549
BRENNERO,PONTE GARDENA LAION,66.279
BRENNERO,PRATO TIRES,80.714
BRENNERO,RIMINI,455.667
BRENNERO,ROMA TERMINI,695.886
BRENNERO,ROVERETO,167.804
BRENNERO,TERLANO ANDRIANO,102.387
BRENNERO,TRENTO,144.231
BRENNERO,VENEZIA MESTRE,294.218
BRENNERO,VENEZIA S LUCIA,302.652
BRENNERO,VENTIMIGLIA,631.782
BRENNERO,VERONA PORTA NUOVA,234.914
BRENNERO,VICENZA,278.226
BRENNERO,VILPIANO NALLES,106.211
BRENO,ISEO,46.334
BRENO,PIAN CAMUNO GRATACASOLO,19.957
BRESCELLO VIADANA,GUASTALLA,11.988
BRESCELLO VIADANA,SUZZARA,24.071
BRESCIA,ANCONA,377.531
BRESCIA,ASOLA,40.088
BRESCIA,BAGNOLO MELLA,13.042
BRESCIA,BERGAMO,48.727
BRESCIA,BOLOGNA CENTRALE,174.322
BRESCIA,BOLZANO,205.736
BRESCIA,BUTTAPIETRA,72.158
BRESCIA,CANNETO SULL OGLIO,48.313
BRESCIA,CASALMAGGIORE,67.517
BRESCIA,CASSANO D ADDA,55.69
BRESCIA,CHIARI,23.064
BRESCIA,COCCAGLIO,19.102
BRESCIA,COLORNO,76.006
BRESCIA,CREMONA,50.196
BRESCIA,FIDENZA,84.089
BRESCIA,GHEDI,16.44
BRESCIA,GRUMELLO DEL MONTE,31.494
BRESCIA,LECCO,81.66
BRESCIA,LONATO,23.546
BRESCIA,MANERBIO,21.979
BRESCIA,MILANO CENTRALE,82.754
BRESCIA,MILANO CERTOSA,87.928
BRESCIA,MILANO GRECO PIRELLI,82.836
BRESCIA,MILANO LAMBRATE,78.956
BRESCIA,MILANO PORTA GARIBALDI,84.644
BRESCIA,MONTELLO GORLAGO,37.503
BRESCIA,MONTIRONE,10.728
BRESCIA,NAPOLI CENTRALE,734.247
BRESCIA,OLMENETA,39.365
BRESCIA,ORVIETO,416.923
BRESCIA,OSPITALETTO TRAVAGLIATO,11.189
BRESCIA,PADOVA,145.404
BRESCIA,PALAZZOLO SULL OGLIO,27.137
BRESCIA,PARMA,91.142
BRESCIA,PESARO,317.957
BRESCIA,PIADENA,51.404
BRESCIA,PIOLTELLO LIMITO,70.452
BRESCIA,PISA CENTRALE,261.887
BRESCIA,RAVENNA,234.737
BRESCIA,REMEDELLO SOPRA,33.373
BRESCIA,RIMINI,284.577
BRESCIA,ROBECCO PONTEVICO,33.812
BRESCIA,ROMA TERMINI,524.796
BRESCIA,ROMANO,36.79
BRESCIA,ROVATO,17.015
BRESCIA,S GIOVANNI IN CROCE,57.564
BRESCIA,S ZENO FOLZANO,5.661
BRESCIA,SERIATE,44.568
BRESCIA,SOMMACAMPAGNA SONA,53.741
BRESCIA,TORINO PORTA NUOVA,227.74
BRESCIA,TORRILE S POLO,81.017
BRESCIA,TREVIGLIO,49.699
BRESCIA,VENEZIA MESTRE,173.903
BRESCIA,VENEZIA S LUCIA,182.337
BRESCIA,VERONA PORTA NUOVA,64.638
BRESCIA,VIADANA BRESCIANA,22.127
BRESCIA,VICENZA,115.134
BRESCIA,VISANO,29.1
BRESSANA BOTTARONE,ALESSANDRIA,50.702
BRESSANA BOTTARONE,BRONI,12.952
BRESSANA BOTTARONE,MILANO GRECO PIRELLI,50.546
BRESSANA BOTTARONE,MILANO PORTA GARIBALDI,52.354
BRESSANA BOTTARONE,NOVI LIGURE,47.146
BRESSANA BOTTARONE,PAVIA,12.275
BRESSANA BOTTARONE,PIACENZA,49.97
BRESSANA BOTTARONE,STRADELLA,16.747
BRESSANA BOTTARONE,TORTONA,28.787
BRESSANONE,BOLOGNA CENTRALE,295.064
BRESSANONE,BOLZANO,38.444
BRESSANONE,BRENNERO,50.348
BRESSANONE,LUINO,411.84
BRESSANONE,MERANO,71.405
BRESSANONE,MILANO CENTRALE,326.934
BRESSANONE,PERI,148.314
BRESSANONE,VENEZIA MESTRE,243.87
BRESSANONE,VERONA PORTA NUOVA,184.566
BRIATICO,LAMEZIA TERME CENTRALE,38.322
BRIATICO,REGGIO CALABRIA CENTRALE,103.998
BRINDISI,BARI CENTRALE,110.923
BRINDISI,BARI TORRE A MARE,99.47
BRINDISI,BARLETTA,165.62
BRINDISI,BOLOGNA CENTRALE,757.036
BRINDISI,GROTTAGLIE,50.686
BRINDISI,LATIANO,21.76
BRINDISI,LECCE,38.364
BRINDISI,MESAGNE,14.517
BRINDISI,MILANO CENTRALE,971.738
BRINDISI,MONTEIASI,56.192
BRINDISI,ORIA,30.18
BRINDISI,REGGIO CALABRIA CENTRALE,440.952
BRINDISI,ROMA TERMINI,589.53
BRINDISI,TARANTO,69.169
BRINDISI,TORINO PORTA NUOVA,1091.098
BRINDISI,VENEZIA S LUCIA,881.087
BRINDISI,VENTIMIGLIA,1175.845
BRISIGHELLA,BORGO S LORENZO,53.32
BRISIGHELLA,FAENZA,13.014
BRISIGHELLA,FIRENZE S MARIA NOVELLA,87.65
BRISIGHELLA,MARRADI PALAZZUOLO SUL SENIO,21.316
BRISIGHELLA,RIMINI,74.994
BROLO FICARRA,MESSINA CENTRALE,77.265
BRONI,BRESSANA BOTTARONE,12.952
BRONI,MILANO GRECO PIRELLI,63.498
BRONI,MILANO LAMBRATE,59.618
BRONI,MILANO PORTA GARIBALDI,65.306
BRONI,PAVIA,25.227
BRONI,PIACENZA,37.018
BRONI,RIMINI,295.579
BRONI,STRADELLA,3.795
BRONZOLO,ALA,84.611
BRONZOLO,BOLOGNA CENTRALE,245.683
BRONZOLO,BOLZANO,10.937
BRONZOLO,PERI,98.933
BRONZOLO,ROVERETO,68.075
BRONZOLO,TRENTO,44.502
BRONZOLO,VERONA PORTA NUOVA,135.185
BRUNICO,BOLZANO,81.035
BRUNICO,FORTEZZA,32.414
BRUNICO,MERANO,113.996
BRUNICO,S CANDIDO,32.067
BUCCINO S GREGORIO MAGNO,BATTIPAGLIA,38.432
BUCCINO S GREGORIO MAGNO,CAMPAGNA SERRE PERSANO,26.227
BUCCINO S GREGORIO MAGNO,NAPOLI CENTRALE,109.421
BUCCINO S GREGORIO MAGNO,SALERNO,58.135
BUCCINO S GREGORIO MAGNO,SICIGNANO DEGLI ALBURNI,7.622
BUDOIA POLCENIGO,MANIAGO,21.798
BUDOIA POLCENIGO,SACILE,10.419
BUDRIO,BOLOGNA CENTRALE,101.231
BUDRIO,BOLOGNA S VITALE,103.904
BUDRIO,PORTOMAGGIORE,30.988
BUONCONVENTO,CERTALDO,66.933
BUONCONVENTO,EMPOLI,91.791
BUONCONVENTO,FIRENZE S MARIA NOVELLA,122.341
BUONCONVENTO,GRANAIOLO,81.253
BUONCONVENTO,GROSSETO,71.861
BUONCONVENTO,MONTERONI D ARBIA,12.553
BUONCONVENTO,POGGIBONSI S GIMIGNANO,53.922
BUONCONVENTO,PONTE A ELSA,87.082
BUONCONVENTO,SIENA,28.781
BUONCONVENTO,SIENA ZONA INDUSTRIALE,18.163
BUSALLA,ARQUATA SCRIVIA,15.737
BUSALLA,GENOVA BOLZANETO,14.482
BUSALLA,GENOVA BRIGNOLE,23.482
BUSALLA,GENOVA PIAZZA PRINCIPE,20.843
BUSALLA,GENOVA PONTEDECIMO,10.42
BUSALLA,GENOVA RIVAROLO,17.261
BUSALLA,GENOVA SAMPIERDARENA,19.949
BUSALLA,PIACENZA,114.846
BUSALLA,RIMINI,373.407
BUSCHE LENTIAI MEL,CORNUDA,34.308
BUSCHE LENTIAI MEL,PADOVA,88.126
BUSSETO,CREMONA,21.222
BUSSETO,FIDENZA,12.671
BUSSETO,PARMA,34.684
BUSSI,ROMA TIBURTINA,189.122
BUSSI,SULMONA,18.5
BUSSOLENO,AVIGLIANA,21.43
BUSSOLENO,BARDONECCHIA,40.671
BUSSOLENO,COLLEGNO,35.74
BUSSOLENO,SALBERTRAND,23.643
BUSSOLENO,SUSA,7.526
BUSSOLENO,TORINO PORTA NUOVA,45.534
BUSTO ARSIZIO,ARONA,32.729
BUSTO ARSIZIO,CANTELLO GAGGIOLO,36.349
BUSTO ARSIZIO,CASSANO D ADDA,59.151
BUSTO ARSIZIO,DOMODOSSOLA,88.287
BUSTO ARSIZIO,MILANO CENTRALE,35.359
BUSTO ARSIZIO,MILANO CERTOSA,26.833
BUSTO ARSIZIO,MILANO LAMBRATE,35.805
BUSTO ARSIZIO,MILANO PORTA GARIBALDI,31.582
BUSTO ARSIZIO,PARABIAGO,9.995
BUSTO ARSIZIO,PIOLTELLO LIMITO,44.309
BUSTO ARSIZIO,PORTO CERESIO,39.909
BUSTO ARSIZIO,TREVIGLIO,65.062
BUSTO ARSIZIO,TRIESTE CENTRALE,428.079
BUSTO ARSIZIO,VARESE,25.669
BUSTO ARSIZIO,VENTIMIGLIA,296.871
BUSTO ARSIZIO NORD,MILANO BOVISA,31.449
BUSTO ARSIZIO NORD,MILANO CADORNA,35.614
BUSTO ARSIZIO NORD,MILANO CENTRALE,37.998
BUSTO ARSIZIO NORD,MILANO PORTA GARIBALDI,34.221
BUSTO ARSIZIO NORD,MILANO QUARTO OGGIARO,29.275
BUTTAPIETRA,BOLOGNA CENTRALE,102.164
BUTTAPIETRA,ROVIGO,81.966
CAGLIARI,ABBASANTA,129.074
CAGLIARI,ARDARA,214.214
CAGLIARI,BERCHIDDA,237.994
CAGLIARI,BORORE,139.943
CAGLIARI,CAGLIARI ELMAS,7.928
CAGLIARI,CARBONIA SERBARIU,67.164
CAGLIARI,DECIMOMANNU,16.241
CAGLIARI,ELMAS AEROPORTO,6.222
CAGLIARI,GOLFO ARANCI,297.768
CAGLIARI,IGLESIAS,53.908
CAGLIARI,MACOMER,152.737
CAGLIARI,MARRUBIU TERRALBA ARBOREA,75.762
CAGLIARI,MONTI TELTI,254.328
CAGLIARI,OLBIA,276.504
CAGLIARI,OLBIA TERRANOVA,276.104
CAGLIARI,ORISTANO,93.03
CAGLIARI,OZIERI CHILIVANI,205.998
CAGLIARI,PABILLONIS,57.556
CAGLIARI,PAULILATINO,122.326
CAGLIARI,PLOAGHE,223.476
CAGLIARI,PORTO TORRES MARITTIMA,269.865
CAGLIARI,S ANNA,82.363
CAGLIARI,S GAVINO,49.621
CAGLIARI,SAMASSI SERRENTI,37.214
CAGLIARI,SANLURI STATO,44.087
CAGLIARI,SASSARI,250.523
CAGLIARI,SCALA GIOCCA,236.695
CAGLIARI,SERRAMANNA NURAMINIS,30.709
CAGLIARI,SILIQUA,29.724
CAGLIARI,SOLARUSSA,102.797
CAGLIARI,VILLAMASSARGIA DOMUSNOVAS,44.793
CAGLIARI,VILLASOR,25.486
CAGLIARI ELMAS,CAGLIARI,7.928
CAIRO MONTENOTTE,ALESSANDRIA,79.204
CALALZO PIEVE CADORE CORTINA,BELLUNO,43.86
CALALZO PIEVE CADORE CORTINA,LONGARONE ZOLDO,25.92
CALALZO PIEVE CADORE CORTINA,PERAROLO CADORE,10.461
CALALZO PIEVE CADORE CORTINA,PONTE NELLE ALPI POLPET,36.238
CALALZO PIEVE CADORE CORTINA,ROMA TERMINI,624.153
CALALZO PIEVE CADORE CORTINA,VENEZIA S LUCIA,132.48
CALALZO PIEVE CADORE CORTINA,VICENZA,160.735
CALDONAZZO,TRENTO,26.761
CALOLZIOCORTE OLGINATE,AMBIVERE MAPELLO,14.474
CALOLZIOCORTE OLGINATE,BERGAMO,26.046
CALOLZIOCORTE OLGINATE,CARNATE USMATE,18.104
CALOLZIOCORTE OLGINATE,CISANO CAPRINO BERGAMASCO,8.09
CALOLZIOCORTE OLGINATE,LECCO,6.887
CALOLZIOCORTE OLGINATE,MILANO CENTRALE,41.849
CALOLZIOCORTE OLGINATE,MILANO GRECO PIRELLI,38.498
CALOLZIOCORTE OLGINATE,MILANO PORTA GARIBALDI,42.482
CALOLZIOCORTE OLGINATE,MILANO ROGOREDO,48.166
CALOLZIOCORTE OLGINATE,MONZA,29.907
CALOLZIOCORTE OLGINATE,PONTE S PIETRO,18.304
CALOLZIOCORTE OLGINATE,SESTO S GIOVANNI,34.787
CALOLZIOCORTE OLGINATE,SONDRIO,86.331
CALOLZIOCORTE OLGINATE,TIRANO,112.288
CALOLZIOCORTE OLGINATE,VERONA PORTA NUOVA,139.411
CALTAGIRONE,CATANIA CENTRALE,89.162
CALTAGIRONE,GRAMMICHELE,12.666
CALTAGIRONE,LENTINI DIRAMAZIONE,66.273
CALTAGIRONE,MESSINA CENTRALE,183.933
CALTAGIRONE,MILITELLO,37.894
CALTAGIRONE,MINEO,33.3
CALTAGIRONE,SCORDIA,52.654
CALTAGIRONE,SIRACUSA,126.338
CALTANISSETTA CENTRALE,AGRIGENTO BASSA,68.047
CALTANISSETTA CENTRALE,AGRIGENTO CENTRALE,71.017
CALTANISSETTA CENTRALE,ALCANTARA,164.562
CALTANISSETTA CENTRALE,ALTAVILLA MILICIA,111.713
CALTANISSETTA CENTRALE,ARAGONA CALDARE,58.403
CALTANISSETTA CENTRALE,BICOCCA,113.693
CALTANISSETTA CENTRALE,CALTANISSETTA XIRBI,6.334
CALTANISSETTA CENTRALE,CANICATTI,28.901
CALTANISSETTA CENTRALE,CATANIA CENTRALE,121.12
CALTANISSETTA CENTRALE,CATENANUOVA CENTURIPE,76.605
CALTANISSETTA CENTRALE,DITTAINO,53.094
CALTANISSETTA CENTRALE,DONNAFUGATA,161.364
CALTANISSETTA CENTRALE,ENNA,32.514
CALTANISSETTA CENTRALE,FIUMEFREDDO SICILIA,159.153
CALTANISSETTA CENTRALE,GELA,110.779
CALTANISSETTA CENTRALE,GIARRE RIPOSTO,150.931
CALTANISSETTA CENTRALE,LEONFORTE PIRATO,43.624
CALTANISSETTA CENTRALE,LERCARA DIRAMAZIONE,55.343
CALTANISSETTA CENTRALE,LICATA,74.432
CALTANISSETTA CENTRALE,MARCATOBIANCO,49.867
CALTANISSETTA CENTRALE,MARIANOPOLI,26.826
CALTANISSETTA CENTRALE,MODICA,200.437
CALTANISSETTA CENTRALE,PALERMO CENTRALE,132.081
CALTANISSETTA CENTRALE,RADDUSA AGIRA,58.85
CALTANISSETTA CENTRALE,RAGUSA,180.892
CALTANISSETTA CENTRALE,ROCCAPALUMBA ALIA,62.907
CALTANISSETTA CENTRALE,S CATALDO,6.615
CALTANISSETTA CENTRALE,SERRADIFALCO,18.975
CALTANISSETTA CENTRALE,SPARAGOGNA,71.147
CALTANISSETTA CENTRALE,TERMINI IMERESE,95.666
CALTANISSETTA CENTRALE,VALLELUNGA,37.199
CALTANISSETTA CENTRALE,VILLALBA,32.298
CALTANISSETTA CENTRALE,VILLAROSA,21.621
CALTANISSETTA XIRBI,AGRIGENTO BASSA,74.381
CALTANISSETTA XIRBI,AGRIGENTO CENTRALE,77.351
CALTANISSETTA XIRBI,ARAGONA CALDARE,64.737
CALTANISSETTA XIRBI,BAGHERIA,112.541
CALTANISSETTA XIRBI,CALTANISSETTA CENTRALE,6.334
CALTANISSETTA XIRBI,CANICATTI,35.235
CALTANISSETTA XIRBI,CATANIA CENTRALE,114.786
CALTANISSETTA XIRBI,COMISO,154.061
CALTANISSETTA XIRBI,DITTAINO,46.76
CALTANISSETTA XIRBI,DONNAFUGATA,167.698
CALTANISSETTA XIRBI,ENNA,26.18
CALTANISSETTA XIRBI,GELA,117.113
CALTANISSETTA XIRBI,GENISI,175.274
CALTANISSETTA XIRBI,LEONFORTE PIRATO,37.29
CALTANISSETTA XIRBI,LICATA,80.766
CALTANISSETTA XIRBI,MARIANOPOLI,20.492
CALTANISSETTA XIRBI,MODICA,206.771
CALTANISSETTA XIRBI,PALERMO CENTRALE,125.747
CALTANISSETTA XIRBI,RAGUSA,187.226
CALTANISSETTA XIRBI,ROCCAPALUMBA ALIA,56.573
CALTANISSETTA XIRBI,SERRADIFALCO,25.309
CALTANISSETTA XIRBI,SIRACUSA,182.886
CALTANISSETTA XIRBI,TERMINI IMERESE,89.332
CALTANISSETTA XIRBI,VALLELUNGA,30.865
CALTANISSETTA XIRBI,VITTORIA,146.25
CALTIGNAGA,DOMODOSSOLA,79.968
CALUSCO,BERGAMO,16.926
CALUSCO,MILANO PORTA GARIBALDI,33.114
CALUSCO,PONTE S PIETRO,9.184
CALUSCO,TERNO,5.127
CALUSO,IVREA,18.538
CALUSO,NOVARA,85.611
CALUSO,TORINO PORTA NUOVA,42.289
CAMBIANO SANTENA,ASTI,39.338
CAMBIANO SANTENA,TORINO LINGOTTO,12.123
CAMBIANO SANTENA,TORINO STURA,24.965
CAMMARATA S GIOVANNI GEMINI,PALERMO CENTRALE,87.58
CAMMARATA S GIOVANNI GEMINI,TERMINI IMERESE,51.165
CAMNAGO LENTATE,COMO S GIOVANNI,18.717
CAMNAGO LENTATE,MILANO AFFORI,24.105
CAMNAGO LENTATE,MILANO BOVISA,26.382
CAMNAGO LENTATE,MILANO BRUZZANO PARCO NORD,22.702
CAMNAGO LENTATE,MILANO CADORNA,30.547
CAMNAGO LENTATE,MILANO CENTRALE,27.91
CAMNAGO LENTATE,MILANO CERTOSA,31.567
CAMNAGO LENTATE,MILANO PORTA GARIBALDI,28.543
CAMNAGO LENTATE,MONZA,15.968
CAMNAGO LENTATE,PADERNO DUGNANO,18.934
CAMNAGO LENTATE,RHO,39.39
CAMNAGO LENTATE,SESTO S GIOVANNI,20.848
CAMNAGO LENTATE,SEVESO,13.267
CAMPAGNA SERRE PERSANO,BATTIPAGLIA,12.205
CAMPAGNA SERRE PERSANO,NAPOLI CENTRALE,83.194
CAMPAGNA SERRE PERSANO,SALERNO,31.908
CAMPIGLIA MARITTIMA,CECINA,34.84
CAMPIGLIA MARITTIMA,EMPOLI,132.717
CAMPIGLIA MARITTIMA,FIORENTINA PIOMBINO,7.914
CAMPIGLIA MARITTIMA,FIRENZE RIFREDI,160.5
CAMPIGLIA MARITTIMA,FIRENZE S MARIA NOVELLA,163.267
CAMPIGLIA MARITTIMA,FOLLONICA,17.202
CAMPIGLIA MARITTIMA,GROSSETO,59.108
CAMPIGLIA MARITTIMA,LIVORNO CENTRALE,68.533
CAMPIGLIA MARITTIMA,MILANO CENTRALE,366.08
CAMPIGLIA MARITTIMA,MONTEPESCALI,47.342
CAMPIGLIA MARITTIMA,PIOMBINO,13.848
CAMPIGLIA MARITTIMA,PIOMBINO MARITTIMA,15.076
CAMPIGLIA MARITTIMA,PISA CENTRALE,85.656
CAMPIGLIA MARITTIMA,ROMA OSTIENSE,236.943
CAMPIGLIA MARITTIMA,ROMA TERMINI,243.635
CAMPIGLIA MARITTIMA,ROSIGNANO,45.489
CAMPIGLIA MARITTIMA,S VINCENZO,10.601
CAMPIGLIA MARITTIMA,SCARLINO,24.069
CAMPIGLIA MARITTIMA,VADA,40.767
CAMPO CARNE,ROMA TERMINI,44.12
CAMPO CARNE,ROMA TIBURTINA,44.172
CAMPO GIOVE,SULMONA,30.948
CAMPO LIGURE MASONE,ACQUI TERME,28.813
CAMPO LIGURE MASONE,GENOVA BRIGNOLE,31.686
CAMPOBASSO,BOIANO,377.882
CAMPOBASSO,CANCELLO,329.219
CAMPOBASSO,CASERTA,333.587
CAMPOBASSO,COLLEFERRO SEGNI PALIANO,454.044
CAMPOBASSO,GUARDIAREGIA,385.914
CAMPOBASSO,ISERNIA,371.06
CAMPOBASSO,NAPOLI CENTRALE,367.728
CAMPOBASSO,ROMA TERMINI,414.264
CAMPOBASSO,ROMA TIBURTINA,412.949
CAMPOBASSO,VENAFRO,396.07
CAMPOBELLO MAZARA,CASTELVETRANO,8.466
CAMPOBELLO RAVANUSA,MODICA,154.976
CAMPOFELICE,BAGHERIA,39.587
CAMPOFELICE,PALERMO AEROPORTO,85.84
CAMPOFELICE,PALERMO CENTRALE,52.793
CAMPOFELICE,PALERMO NOTARBARTOLO,56.717
CAMPOFELICE,TERMINI IMERESE,16.378
CAMPOFRANCO,PALERMO CENTRALE,105.688
CAMPOLEONE,CASERTA,174.096
CAMPOLEONE,FORMIA GAETA,94.923
CAMPOLEONE,LATINA,27.518
CAMPOLEONE,MARECHIARO,19.664
CAMPOLEONE,MINTURNO SCAURI,104.978
CAMPOLEONE,NAPOLI CENTRALE,180.404
CAMPOLEONE,NETTUNO,25.62
CAMPOLEONE,PADIGLIONE,14.929
CAMPOLEONE,ROMA TERMINI,33.5
CAMPOLEONE,ROMA TIBURTINA,33.552
CAMPOLEONE,SALERNO,229.558
CAMPOLEONE,VILLA LITERNO,146.848
CAMPOMIGLIAIO,BORGO S LORENZO,7.945
CAMPOMIGLIAIO,FIRENZE S MARIA NOVELLA,26.385
CAMPOSAMPIERO,BASSANO DEL GRAPPA,29.115
CAMPOSAMPIERO,BELLUNO,93.401
CAMPOSAMPIERO,CASTELFRANCO VENETO,12.057
CAMPOSAMPIERO,FELTRE,62.868
CAMPOSAMPIERO,MONTEBELLUNA,28.372
CAMPOSAMPIERO,PADOVA,18.179
CAMPOSAMPIERO,TREVISO CENTRALE,36.586
CANCELLO,AREZZO,402.691
CANCELLO,BATTIPAGLIA,69.534
CANCELLO,BOIANO,130.917
CANCELLO,CAMPOBASSO,329.219
CANCELLO,CAMPOLEONE,180.264
CANCELLO,CASERTA,11.787
CANCELLO,CASSINO,80.959
CANCELLO,FOLIGNO,367.413
CANCELLO,GROSSETO,392.573
CANCELLO,ISERNIA,102.829
CANCELLO,NAPOLI CAMPI FLEGREI,50.868
CANCELLO,NAPOLI CENTRALE,40.309
CANCELLO,NAPOLI GIANTURCO,41.434
CANCELLO,PONTASSIEVE,459.974
CANCELLO,POZZUOLI SOLFATARA,54.407
CANCELLO,REGGIO CALABRIA CENTRALE,443.724
CANCELLO,ROCCA RAVINDOLA,85.31
CANCELLO,ROMA CASILINA,209.507
CANCELLO,SALERNO,49.831
CANCELLO,SARNO,27.625
CANCELLO,TERNI,313.063
CANCELLO,VENAFRO,77.819
CANDELA S AGATA PUGLIA,FOGGIA,38.35
CANDIA CANAVESE,CHIVASSO,17.42
CANDIA CANAVESE,NOVARA,89.109
CANDIA CANAVESE,TORINO PORTA NUOVA,45.787
CANDIOLO,CHIVASSO,39.552
CANDIOLO,PINEROLO,22.657
CANICATTI,AGRIGENTO CENTRALE,42.116
CANNETO SULL OGLIO,BRESCIA,48.313
CANNIZZARO,BICOCCA,13.244
CANTELLO GAGGIOLO,VARESE,10.68
CANTU,COMO S GIOVANNI,11.21
CANTU,LECCO,30.508
CANTU,MOLTENO,15.793
CAPACCIO ROCCADASPIDE,NAPOLI CENTRALE,88.668
CAPACCIO ROCCADASPIDE,PISCIOTTA PALINURO,51.74
CAPACCIO ROCCADASPIDE,SAPRI,87.11
CAPALBIO,PISA CENTRALE,194.763
CAPISTRELLO,AVEZZANO,8.685
CAPO BONIFATI,COSENZA,53.053
CAPO D ORLANDO NASO,MESSINA CENTRALE,85.123
CAPRANICA SUTRI,ROMA OSTIENSE,63.354
CAPRANICA SUTRI,ROMA TIBURTINA,70.721
CAPRANICA SUTRI,VITERBO PORTA ROMANA,23.367
CAPRIATI AL VOLTURNO,NAPOLI CENTRALE,94.949
CAPUA,CASERTA,11.12
CAPUA,CASSINO,58.052
CAPUA,ISERNIA,79.922
CAPUA,NAPOLI CAMPI FLEGREI,55.82
CAPUA,NAPOLI CENTRALE,45.261
CARAVAGGIO,CREMONA,59.542
CARAVAGGIO,OLMENETA,48.711
CARBONIA SERBARIU,CAGLIARI,67.164
CARBONIA SERBARIU,DECIMOMANNU,50.923
CARBONIA SERBARIU,IGLESIAS,31.486
CARBONIA SERBARIU,SILIQUA,37.44
CARBONIA SERBARIU,VILLAMASSARGIA DOMUSNOVAS,22.371
CARIATI,CATANZARO LIDO,114.816
CARIMATE,COMO S GIOVANNI,14.855
CARIMATE,MILANO CENTRALE,31.772
CARIMATE,MILANO CERTOSA,35.429
CARIMATE,MILANO PORTA GARIBALDI,32.405
CARIMATE,MONZA,19.83
CARIMATE,RHO,43.252
CARIMATE,SESTO S GIOVANNI,24.71
CARINI,AGRIGENTO CENTRALE,160.006
CARINI,CEFALU,90.164
CARINI,PALERMO CENTRALE,26.589
CARINI,PALERMO NOTARBARTOLO,20.038
CARMAGNOLA,ALBA,37.935
CARMAGNOLA,BRA,20.445
CARMAGNOLA,CIRIE,52.902
CARMAGNOLA,CUNEO,60.181
CARMAGNOLA,FOSSANO,35.042
CARMAGNOLA,GERMAGNANO,65.265
CARMAGNOLA,SAVONA,118.844
CARMAGNOLA,TORINO LINGOTTO,24.081
CARMAGNOLA,TORINO PORTA NUOVA,28.399
CARMAGNOLA,TORINO STURA,36.923
CARMAGNOLA,TROFARELLO,15.369
CARMAGNOLA,VENTIMIGLIA,218.381
CARNATE USMATE,BERGAMO,25.662
CARNATE USMATE,CALOLZIOCORTE OLGINATE,18.104
CARNATE USMATE,COLICO,63.97
CARNATE USMATE,LECCO,24.991
CARNATE USMATE,MILANO CENTRALE,23.745
CARNATE USMATE,MILANO GRECO PIRELLI,20.394
CARNATE USMATE,MILANO LAMBRATE,24.274
CARNATE USMATE,MILANO PORTA GARIBALDI,24.378
CARNATE USMATE,MILANO ROGOREDO,30.062
CARNATE USMATE,MONZA,11.803
CARNATE USMATE,MORBEGNO,79.365
CARNATE USMATE,PADERNO ROBBIATE,6.074
CARNATE USMATE,PONTE S PIETRO,17.92
CARNATE USMATE,SESTO S GIOVANNI,16.683
CARNATE USMATE,SONDRIO,104.435
CARNATE USMATE,TIRANO,130.392
CARNATE USMATE,TRESENDA APRICA TEGLIO,121.324
CARNATE USMATE,VERONA PORTA NUOVA,139.027
CARNIA,CERVIGNANO AQUILEIA GRADO,68.013
CARNIA,GEMONA DEL FRIULI,11.47
CARNIA,MONFALCONE,84.421
CARNIA,PALMANOVA,57.612
CARNIA,RONCHI DEI LEGIONARI NORD,82.867
CARNIA,TARCENTO,21.321
CARNIA,TRICESIMO S PELAGIO,27.694
CARNIA,TRIESTE CENTRALE,111.677
CARNIA,UDINE,39.669
CARONIA,PALERMO CENTRALE,106.239
CAROVILLI ROCCASICURA,SULMONA,99.687
CARPANE VALSTAGNA,TRENTO,82.505
CARPI,MANTOVA,45.617
CARPI,MODENA,15.425
CARPI,QUATTRO VILLE,10.325
CARPI,SOLIERA MODENESE,6.778
CARPI,SUZZARA,26.688
CARPINONE,NAPOLI CENTRALE,134.96
CARPINONE,ROMA TERMINI,195.504
CARSOLI,AVEZZANO,32.549
CARSOLI,ROMA TERMINI,74.531
CARSOLI,ROMA TIBURTINA,73.216
CARSOLI,TIVOLI,34.958
CASALBUTTANO,CREMONA,17.139
CASALBUTTANO,MILANO PORTA GARIBALDI,82.382
CASALBUTTANO,TREVIGLIO,47.437
CASALE MONFERRATO,ALESSANDRIA,32.726
CASALE MONFERRATO,CHIVASSO,48.4
CASALE MONFERRATO,MILANO PORTA GARIBALDI,87.952
CASALE MONFERRATO,MORTARA,28.441
CASALE MONFERRATO,NOVARA,52.676
CASALE MONFERRATO,TRINO VERCELLESE,15.968
CASALE POPOLO,ALESSANDRIA,36.219
CASALECCHIO GARIBALDI,BAZZANO,16.533
CASALECCHIO GARIBALDI,BOLOGNA CENTRALE,8.728
CASALECCHIO GARIBALDI,PIANORO,24.89
CASALECCHIO GARIBALDI,PORRETTA TERME,49.739
CASALECCHIO GARIBALDI,RIOLA,38.074
CASALECCHIO GARIBALDI,VIGNOLA,23.651
CASALEGGIO,NOVARA,12.083
CASALETTO VAPRIO,CREMONA,49.845
CASALETTO VAPRIO,MILANO PORTA GARIBALDI,49.676
CASALETTO VAPRIO,OLMENETA,39.014
CASALETTO VAPRIO,TREVIGLIO,14.731
CASALGRANDE,REGGIO EMILIA,16.225
CASALMAGGIORE,BRESCIA,67.517
CASALMAGGIORE,PARMA,23.625
CASALMAGGIORE,PIADENA,16.113
CASALPUSTERLENGO,BOLOGNA CENTRALE,164.483
CASALPUSTERLENGO,BOZZOLO,68.668
CASALPUSTERLENGO,CREMONA,32.203
CASALPUSTERLENGO,MILANO CENTRALE,54.505
CASALPUSTERLENGO,MILANO CERTOSA,58.165
CASALPUSTERLENGO,MILANO GRECO PIRELLI,54.587
CASALPUSTERLENGO,MILANO LAMBRATE,50.707
CASALPUSTERLENGO,PAVIA,41.605
CASALPUSTERLENGO,PIACENZA,17.009
CASALPUSTERLENGO,REGGIO EMILIA,102.397
CASALPUSTERLENGO,RIMINI,275.57
CASARSA,CORDOVADO SESTO,12.444
CASARSA,GORIZIA CENTRALE,66.523
CASARSA,PORTOGRUARO CAORLE,21.116
CASARSA,S VITO AL TAGLIAMENTO,5.125
CASARSA,SACILE,27.951
CASARSA,TRIESTE CENTRALE,105.669
CASARSA,UDINE,33.661
CASARSA,VENEZIA MESTRE,92.912
CASARSA,VENEZIA S LUCIA,101.346
CASCINA,PISA CENTRALE,12.532
CASERTA,AMOROSI MELIZZANO,28.696
CASERTA,ANAGNI FIUGGI,144.648
CASERTA,AVERSA,14.92
CASERTA,BATTIPAGLIA,81.321
CASERTA,BOIANO,119.13
CASERTA,CAMPOBASSO,333.587
CASERTA,CANCELLO,11.787
CASERTA,CAPUA,11.12
CASERTA,CASORIA AFRAGOLA,25.151
CASERTA,CASSINO,69.172
CASERTA,CIAMPINO,193.233
CASERTA,CISTERNA LATINA,157.816
CASERTA,COLLEFERRO SEGNI PALIANO,153.566
CASERTA,FORMIA GAETA,79.173
CASERTA,FROSINONE,121.675
CASERTA,GRICIGNANO TEVEROLA,11.26
CASERTA,ISERNIA,91.042
CASERTA,MADDALONI INFERIORE,5.76
CASERTA,MARCIANISE,5.541
CASERTA,MILANO CENTRALE,757.504
CASERTA,MOROLO,135.008
CASERTA,NAPOLI CAMPI FLEGREI,44.7
CASERTA,NAPOLI CENTRALE,34.141
CASERTA,NAPOLI GIANTURCO,35.266
CASERTA,NAPOLI MERGELLINA,42.256
CASERTA,NAPOLI PIAZZA CAVOUR,37.778
CASERTA,NAPOLI PIAZZA GARIBALDI,36.177
CASERTA,NOLA,24.043
CASERTA,PIGNATARO MAGGIORE,20.39
CASERTA,PONTECAGNANO,71.234
CASERTA,POZZUOLI SOLFATARA,48.239
CASERTA,ROCCA D EVANDRO S VITTORE,60.866
CASERTA,ROCCA RAVINDOLA,73.523
CASERTA,ROCCASECCA,86.161
CASERTA,ROMA OSTIENSE,204.221
CASERTA,ROMA TERMINI,198.169
CASERTA,ROMA TIBURTINA,196.854
CASERTA,S MARCELLINO FRIGNANO,17.692
CASERTA,S MARIA CAPUA VETERE,6.277
CASERTA,SALERNO,61.618
CASERTA,SARNO,39.412
CASERTA,SOLOPACA,37.671
CASERTA,SPARANISE,26.424
CASERTA,TELESE CERRETO,33.531
CASERTA,TORA PRESENZANO,53.136
CASERTA,TORRE ANNUNZIATA CENTRALE,53.92
CASERTA,VAIRANO CAIANELLO,45.795
CASERTA,VALLE MADDALONI,14.211
CASERTA,VENAFRO,66.032
CASERTA,VIAREGGIO,549.032
CASERTA,VILLA LITERNO,27.248
CASERTA,ZAGAROLO,172.302
CASORIA AFRAGOLA,NAPOLI CENTRALE,8.99
CASORIA AFRAGOLA,ROMA TERMINI,204.914
CASSANO D ADDA,BUSTO ARSIZIO,59.151
CASSANO D ADDA,GALLARATE,66.252
CASSANO D ADDA,MILANO CENTRALE,27.144
CASSANO D ADDA,MILANO CERTOSA,32.318
CASSANO D ADDA,MILANO LAMBRATE,23.346
CASSANO D ADDA,NOVARA,75.772
CASSANO D ADDA,PARABIAGO,49.156
CASSANO D ADDA,PIOLTELLO LIMITO,14.842
CASSANO D ADDA,RHO,40.141
CASSANO D ADDA,TRECATE,66.248
CASSANO D ADDA,VARESE,77.555
CASSIBILE,SIRACUSA,16.654
CASSINE,ALESSANDRIA,21.034
CASSINE,SAVONA,81.178
CASSINO,ANAGNI FIUGGI,75.476
CASSINO,ARCE,26.298
CASSINO,ARPINO,36.508
CASSINO,AVERSA,73.888
CASSINO,AVEZZANO,96.444
CASSINO,BALSORANO,59.402
CASSINO,BOIANO,77.222
CASSINO,CAMPOBASSO,402.759
CASSINO,CANCELLO,80.959
CASSINO,CAPISTRELLO,87.759
CASSINO,CAPUA,58.052
CASSINO,CASERTA,69.172
CASSINO,CECCANO,46.01
CASSINO,CEPRANO FALVATERRA,27.387
CASSINO,CIAMPINO,124.061
CASSINO,CIVITA D ANTINO MORINO,70.731
CASSINO,CIVITELLA ROVETO,76.749
CASSINO,COLLARMELE,116.166
CASSINO,COLLEFERRO SEGNI PALIANO,84.394
CASSINO,FROSINONE,52.503
CASSINO,ISERNIA,49.134
CASSINO,MOROLO,65.836
CASSINO,NAPOLI CENTRALE,93.109
CASSINO,PIEDIMONTE VILLA S LUCIA AQUINO,8.994
CASSINO,PIGNATARO MAGGIORE,57.308
CASSINO,ROCCA D EVANDRO S VITTORE,9.61
CASSINO,ROCCA RAVINDOLA,31.615
CASSINO,ROCCASECCA,16.989
CASSINO,ROMA OSTIENSE,138.956
CASSINO,ROMA TERMINI,135.737
CASSINO,ROMA TIBURTINA,134.422
CASSINO,ROMA TUSCOLANA,135.346
CASSINO,S AGAPITO LONGANO,42.603
CASSINO,S MARIA CAPUA VETERE,62.895
CASSINO,SGURGOLA,70.546
CASSINO,SORA,46.565
CASSINO,SPARANISE,51.274
CASSINO,SULMONA,161.301
CASSINO,TEANO,43.978
CASSINO,TORA PRESENZANO,24.562
CASSINO,VAIRANO CAIANELLO,31.903
CASSINO,VALMONTONE,92.427
CASSINO,ZAGAROLO,103.13
CASTAGNARO,ROVIGO,35.823
CASTAGNARO,VERONA PORTA NUOVA,58.818
CASTAGNOLE DELLE LANZE,ASTI,20.128
CASTAGNOLE DELLE LANZE,MILANO CENTRALE,153.081
CASTAGNOLE DELLE LANZE,TORINO PORTA NUOVA,75.907
CASTEL D ARIO,MONSELICE,65.284
CASTEL GANDOLFO,CIAMPINO,11.892
CASTEL GANDOLFO,ROMA TERMINI,25.813
CASTEL LAGOPESOLE,POTENZA CENTRALE,23.86
CASTEL MADAMA,AVEZZANO,59.777
CASTEL MADAMA,PESCARA,192.967
CASTEL S GIOVANNI,MILANO GRECO PIRELLI,78.638
CASTEL S GIOVANNI,PIACENZA,21.878
CASTEL S GIOVANNI,RIMINI,280.439
CASTEL S GIOVANNI,VOGHERA,36.517
CASTEL S PIETRO TERME,ANCONA,180.962
CASTEL S PIETRO TERME,BOLOGNA CENTRALE,23.079
CASTEL S PIETRO TERME,CESENATICO,88.046
CASTEL S PIETRO TERME,FERRARA,69.361
CASTEL S PIETRO TERME,GENOVA BRIGNOLE,308.088
CASTEL S PIETRO TERME,MILANO PORTA GARIBALDI,239.671
CASTEL S PIETRO TERME,PARMA,113.471
CASTEL S PIETRO TERME,PESCARA,326.935
CASTEL S PIETRO TERME,PIACENZA,170.553
CASTEL S PIETRO TERME,RAVENNA,59.437
CASTEL S PIETRO TERME,RIMINI,88.008
CASTEL S PIETRO TERME,S PIETRO IN CASALE,46.41
CASTEL SANGRO,SULMONA,76.82
CASTELBOLOGNESE RIOLO TERME,ANCONA,162.164
CASTELBOLOGNESE RIOLO TERME,BOLOGNA CENTRALE,41.877
CASTELBOLOGNESE RIOLO TERME,PESARO,102.59
CASTELBOLOGNESE RIOLO TERME,PIACENZA,189.351
CASTELBOLOGNESE RIOLO TERME,RAVENNA,40.639
CASTELBOLOGNESE RIOLO TERME,RIMINI,69.21
CASTELDARNE,BRUNICO,8.743
CASTELDARNE,S CANDIDO,40.81
CASTELFRANCO EMILIA,BOLOGNA CENTRALE,25.008
CASTELFRANCO EMILIA,MILANO ROGOREDO,180.437
CASTELFRANCO EMILIA,PARMA,65.384
CASTELFRANCO VENETO,BASSANO DEL GRAPPA,19.148
CASTELFRANCO VENETO,BELLUNO,81.344
CASTELFRANCO VENETO,CAMPOSAMPIERO,12.057
CASTELFRANCO VENETO,FELTRE,50.811
CASTELFRANCO VENETO,MAERNE MARTELLAGO,24.636
CASTELFRANCO VENETO,MONTEBELLUNA,16.315
CASTELFRANCO VENETO,NOALE SCORZE,17.298
CASTELFRANCO VENETO,PADOVA,30.236
CASTELFRANCO VENETO,ROMA TIBURTINA,496.508
CASTELFRANCO VENETO,TREVISO CENTRALE,24.529
CASTELFRANCO VENETO,VENEZIA MESTRE,35.128
CASTELFRANCO VENETO,VENEZIA S LUCIA,43.562
CASTELFRANCO VENETO,VICENZA,35.531
CASTELFRANCO VENETO,VIGODARZERE,25.284
CASTELGUELFO,AGROPOLI CASTELLABATE,756.618
CASTELGUELFO,MILANO CENTRALE,112.23
CASTELLALTO CANZANO,CHIETI,70.313
CASTELLALTO CANZANO,GIULIANOVA,17.557
CASTELLALTO CANZANO,PESCARA,55.171
CASTELLALTO CANZANO,TERAMO,7.52
CASTELLALTO CANZANO,TERMOLI,144.639
CASTELLAMMARE DEL GOLFO,CASTELVETRANO,47.812
CASTELLAMMARE STABIA,NAPOLI CAMPI FLEGREI,36.346
CASTELLAMMARE STABIA,NAPOLI GIANTURCO,26.492
CASTELLAMMARE STABIA,NAPOLI S GIOVANNI BARRA,22.911
CASTELLAMMARE STABIA,S MARIA LA BRUNA,10.891
CASTELLAMMARE STABIA,TORRE ANNUNZIATA CENTRALE,5.706
CASTELLEONE,CREMONA,33.505
CASTELLEONE,MILANO PORTA GARIBALDI,66.016
CASTELLEONE,TREVIGLIO,31.071
CASTELLINA IN CHIANTI MONTERIGGIONI,EMPOLI,48.777
CASTELLINA IN CHIANTI MONTERIGGIONI,FIRENZE S MARIA NOVELLA,79.327
CASTELLINA IN CHIANTI MONTERIGGIONI,SIENA,14.233
CASTELLO GODEGO,CASTELFRANCO VENETO,5.241
CASTELLO GODEGO,VENEZIA MESTRE,40.369
CASTELLO GODEGO,VENEZIA S LUCIA,48.803
CASTELLUCCHIO,CODOGNO,78.659
CASTELLUCCHIO,MILANO CENTRALE,138.037
CASTELMAGGIORE,BOLOGNA CENTRALE,9.947
CASTELMAGGIORE,FERRARA,36.883
CASTELMAGGIORE,IMOLA,43.5
CASTELMAGGIORE,PADOVA,112.628
CASTELMAGGIORE,ROVIGO,68.879
CASTELMAGGIORE,VENEZIA MESTRE,141.127
CASTELMAGGIORE,VENEZIA S LUCIA,149.561
CASTELNUOVO BERARDENGA,CHIUSI CHIANCIANO TERME,72.364
CASTELNUOVO GARFAGNANA,DIECIMO PESCAGLIA,28.507
CASTELNUOVO GARFAGNANA,LUCCA,44.924
CASTELNUOVO GARFAGNANA,PISA CENTRALE,68.003
CASTELNUOVO GARFAGNANA,S GIULIANO TERME,59.737
CASTELNUOVO GARFAGNANA,S PIETRO A VICO,39.691
CASTELNUOVO GARFAGNANA,VIAREGGIO,67.934
CASTELPLANIO CUPRAMONTANA,ANCONA,41.469
CASTELPLANIO CUPRAMONTANA,FABRIANO,28.792
CASTELPLANIO CUPRAMONTANA,FALCONARA MARITTIMA,32.772
CASTELPLANIO CUPRAMONTANA,FOLIGNO,86.724
CASTELPLANIO CUPRAMONTANA,JESI,14.746
CASTELPLANIO CUPRAMONTANA,RIMINI,117.029
CASTELPLANIO CUPRAMONTANA,ROMA TERMINI,250.001
CASTELVETRANO,ALCAMO DIRAMAZIONE,41.755
CASTELVETRANO,BALESTRATE,56.97
CASTELVETRANO,CAMPOBELLO MAZARA,8.466
CASTELVETRANO,CINISI TERRASINI,81.865
CASTELVETRANO,MARAUSA,60.677
CASTELVETRANO,MARSALA,43.706
CASTELVETRANO,MAZARA DEL VALLO,22.676
CASTELVETRANO,MOZIA BIRGI,55.662
CASTELVETRANO,PACECO,69.777
CASTELVETRANO,PALERMO CENTRALE,119.846
CASTELVETRANO,PARTINICO,68.059
CASTELVETRANO,PETROSINO STRASATTI,34.05
CASTELVETRANO,PIRAINETO,88.169
CASTELVETRANO,TRAPANI,74.363
CASTELVETRANO,TRAPPETO,59.976
CASTELVETRO,CASTIONE DEI MARCHESI,21.939
CASTELVETRO,CREMONA,6.087
CASTELVETRO,FIDENZA,27.806
CASTENASO,BOLOGNA CENTRALE,106.951
CASTENASO,PORTOMAGGIORE,36.708
CASTIGLION FIORENTINO,FIRENZE S MARIA NOVELLA,83.176
CASTIGLIONE COSENTINO,LAMEZIA TERME CENTRALE,75.21
CASTIGLIONE COSENTINO,NAPOLI CENTRALE,289.541
CASTIGLIONE COSENTINO,PAOLA,21.551
CASTIGLIONE COSENTINO,REGGIO CALABRIA CENTRALE,195.529
CASTIGLIONE COSENTINO,SAPRI,113.763
CASTIGLIONE COSENTINO,SIBARI,59.545
CASTIONE ANDEVENNO,LECCO,74.271
CASTIONE DEI MARCHESI,CREMONA,28.026
CASTIONE DEI MARCHESI,FIDENZA,5.867
CASTRONNO,TREVIGLIO,82.3
CATANIA ACQUICELLA,CATANIA CENTRALE,2.882
CATANIA ACQUICELLA,MESSINA CENTRALE,97.653
CATANIA ACQUICELLA,PALERMO CENTRALE,237.651
CATANIA ACQUICELLA,SIRACUSA,80.072
CATANIA ACQUICELLA,TAORMINA GIARDINI,50.644
CATANIA AEROPORTO FONTANAROSSA,ACIREALE,18.246
CATANIA AEROPORTO FONTANAROSSA,ALCANTARA,48.634
CATANIA AEROPORTO FONTANAROSSA,ALI TERME,76.153
CATANIA AEROPORTO FONTANAROSSA,CANNIZZARO,11.009
CATANIA AEROPORTO FONTANAROSSA,CATANIA CENTRALE,5.192
CATANIA AEROPORTO FONTANAROSSA,FIUMEFREDDO SICILIA,43.225
CATANIA AEROPORTO FONTANAROSSA,GIAMPILIERI,84.609
CATANIA AEROPORTO FONTANAROSSA,GIARRE RIPOSTO,35.003
CATANIA AEROPORTO FONTANAROSSA,LETOJANNI,57.897
CATANIA AEROPORTO FONTANAROSSA,MESSINA CENTRALE,99.963
CATANIA AEROPORTO FONTANAROSSA,TAORMINA GIARDINI,52.954
CATANIA CENTRALE,ACIREALE,13.054
CATANIA CENTRALE,ALCANTARA,43.442
CATANIA CENTRALE,ALI TERME,70.961
CATANIA CENTRALE,AUGUSTA,56.038
CATANIA CENTRALE,BAGHERIA,227.327
CATANIA CENTRALE,BICOCCA,7.427
CATANIA CENTRALE,CALTAGIRONE,89.162
CATANIA CENTRALE,CALTANISSETTA CENTRALE,121.12
CATANIA CENTRALE,CALTANISSETTA XIRBI,114.786
CATANIA CENTRALE,CANNIZZARO,5.817
CATANIA CENTRALE,CATANIA ACQUICELLA,2.882
CATANIA CENTRALE,CATANIA AEROPORTO FONTANAROSSA,5.192
CATANIA CENTRALE,CATENANUOVA CENTURIPE,44.515
CATANIA CENTRALE,CONTESSE,90.309
CATANIA CENTRALE,DITTAINO,68.026
CATANIA CENTRALE,ENNA,88.606
CATANIA CENTRALE,FILDIDONNA,44.568
CATANIA CENTRALE,FIUMEFREDDO SICILIA,38.033
CATANIA CENTRALE,GALATI,84.592
CATANIA CENTRALE,GIAMPILIERI,79.417
CATANIA CENTRALE,GIARRE RIPOSTO,29.811
CATANIA CENTRALE,GRAMMICHELE,76.496
CATANIA CENTRALE,LENTINI,28.541
CATANIA CENTRALE,LENTINI DIRAMAZIONE,22.889
CATANIA CENTRALE,LEONFORTE PIRATO,77.496
CATANIA CENTRALE,LETOJANNI,52.705
CATANIA CENTRALE,MESSINA CENTRALE,94.771
CATANIA CENTRALE,MILANO CENTRALE,1302.698
CATANIA CENTRALE,MILAZZO,123.387
CATANIA CENTRALE,MILITELLO,51.268
CATANIA CENTRALE,MINEO,55.862
CATANIA CENTRALE,MODICA,174.652
CATANIA CENTRALE,PALERMO CENTRALE,240.533
CATANIA CENTRALE,PRIOLO MELILLI,69.321
CATANIA CENTRALE,RADDUSA AGIRA,62.27
CATANIA CENTRALE,ROCCALUMERA MANDANICI,66.318
CATANIA CENTRALE,ROCCAPALUMBA ALIA,171.359
CATANIA CENTRALE,ROMA TERMINI,743.363
CATANIA CENTRALE,S AGATA MILITELLO,190.295
CATANIA CENTRALE,S TERESA RIVA,62.578
CATANIA CENTRALE,SCORDIA,36.508
CATANIA CENTRALE,SIRACUSA,82.954
CATANIA CENTRALE,TAORMINA GIARDINI,47.762
CATANIA CENTRALE,TERMINI IMERESE,204.118
CATANIA CENTRALE,VALLELUNGA,145.651
CATANIA CENTRALE,VILLAROSA,99.499
CATANIA CENTRALE,VIZZINI LICODIA,64.829
CATANZARO LIDO,ARDORE,90.668
CATANZARO LIDO,BADOLATO,30.88
CATANZARO LIDO,BIANCO,101.853
CATANZARO LIDO,BOTRICELLO,24.814
CATANZARO LIDO,BOVA MARINA,135.01
CATANZARO LIDO,BOVALINO,94.447
CATANZARO LIDO,BRANCALEONE,116.59
CATANZARO LIDO,CALOPEZZATI,129.78
CATANZARO LIDO,CARIATI,114.816
CATANZARO LIDO,CATANZARO,7.53
CATANZARO LIDO,CIRO,91.829
CATANZARO LIDO,CONDOFURI,139.353
CATANZARO LIDO,CORIGLIANO CALABRO,157.777
CATANZARO LIDO,COSENZA,122.705
CATANZARO LIDO,CROPANI,20.773
CATANZARO LIDO,CROTONE,59.754
CATANZARO LIDO,CRUCOLI,105.37
CATANZARO LIDO,CUTRO,42.995
CATANZARO LIDO,FERRUZZANO,110.299
CATANZARO LIDO,GIOIOSA JONICA,73.069
CATANZARO LIDO,LAMEZIA TERME CENTRALE,43.16
CATANZARO LIDO,LAMEZIA TERME NICASTRO,34.067
CATANZARO LIDO,LECCE,389.858
CATANZARO LIDO,LOCRI,82.54
CATANZARO LIDO,MANDATORICCIO CAMPANA,120.857
CATANZARO LIDO,MARCELLINARA,18.3
CATANZARO LIDO,MELITO PORTO SALVO,147.737
CATANZARO LIDO,MONASTERACE STILO,46.016
CATANZARO LIDO,PALIZZI,129.241
CATANZARO LIDO,PM FEROLETO ANTICO PIANOPOLI,28.37
CATANZARO LIDO,PM ISOLA CAPO RIZZUTO,53.407
CATANZARO LIDO,REGGIO CALABRIA CENTRALE,163.479
CATANZARO LIDO,REGGIO CALABRIA PELLARO,167.49
CATANZARO LIDO,REGGIO CALABRIA S GREGORIO,169.393
CATANZARO LIDO,ROCCELLA JONICA,65.951
CATANZARO LIDO,S CATERINA DELLO JONIO,35.562
CATANZARO LIDO,SALINE REGGIO,154.541
CATANZARO LIDO,SELLIA MARINA,16.09
CATANZARO LIDO,SIBARI,172.387
CATANZARO LIDO,SIDERNO,77.211
CATANZARO LIDO,SIMERI CRICHI,11.274
CATANZARO LIDO,SOVERATO,18.21
CATANZARO LIDO,SQUILLACE,6.248
CATANZARO LIDO,STRONGOLI,75.9
CATANZARO LIDO,TARANTO,294.624
CATANZARO LIDO,TORRE MELISSA,84.533
CATANZARO LIDO,VILLA S GIOVANNI,149.391
CATENANUOVA CENTURIPE,CALTANISSETTA CENTRALE,76.605
CATTOLICA S GIOVANNI GABICCE,ANCONA,74.675
CATTOLICA S GIOVANNI GABICCE,BOLOGNA CENTRALE,129.366
CATTOLICA S GIOVANNI GABICCE,CASTEL S PIETRO TERME,106.287
CATTOLICA S GIOVANNI GABICCE,FAENZA,80.259
CATTOLICA S GIOVANNI GABICCE,FERRARA,140.739
CATTOLICA S GIOVANNI GABICCE,FORLI,64.548
CATTOLICA S GIOVANNI GABICCE,MILANO CENTRALE,344.068
CATTOLICA S GIOVANNI GABICCE,PIACENZA,276.84
CATTOLICA S GIOVANNI GABICCE,RAVENNA,68.119
CATTOLICA S GIOVANNI GABICCE,RIMINI,18.279
CATTOLICA S GIOVANNI GABICCE,ROVIGO,172.735
CATTOLICA S GIOVANNI GABICCE,SANTARCANGELO ROMAGNA,28.048
CATTOLICA S GIOVANNI GABICCE,TORINO PORTA NUOVA,463.428
CATTOLICA S GIOVANNI GABICCE,VENEZIA S LUCIA,253.417
CAVA CARBONARA,ALESSANDRIA,55.731
CAVA CARBONARA,MORTARA,29.905
CAVA CARBONARA,PAVIA,7.499
CAVA CARBONARA,TORREBERETTI,35.56
CAVA CARBONARA,VALENZA,41.786
CAVA CARBONARA,VERCELLI,57.42
CAVA TIGOZZI,BELGIOIOSO,54.204
CAVA TIGOZZI,CODOGNO,22.159
CAVA TIGOZZI,MILANO CENTRALE,81.537
CAVA TIGOZZI,MILANO LAMBRATE,77.739
CAVA TIGOZZI,MILANO ROGOREDO,71.951
CAVA TIGOZZI,PAVIA,68.637
CAVALLEGGERI AOSTA,NAPOLI CAMPI FLEGREI,0.633
CAVALLERMAGGIORE,BRA,12.896
CAVALLERMAGGIORE,CARMAGNOLA,16.129
CAVALLERMAGGIORE,CEVA,57.069
CAVALLERMAGGIORE,CIRIE,69.031
CAVALLERMAGGIORE,CUNEO,44.052
CAVALLERMAGGIORE,FOSSANO,18.913
CAVALLERMAGGIORE,SAVONA,102.715
CAVALLERMAGGIORE,TORINO LINGOTTO,40.21
CAVALLERMAGGIORE,TORINO PORTA NUOVA,44.528
CAVALLERMAGGIORE,TORINO REBAUDENGO FOSSATA,49.569
CAVALLERMAGGIORE,TORINO STURA,53.052
CAVALLERMAGGIORE,VENTIMIGLIA,202.252
CAVAZZALE,SCHIO,23.428
CAVAZZALE,THIENE,13.96
CAVAZZALE,VICENZA,7.756
CECCHINA,CIAMPINO,14.39
CECCHINA,ROMA TERMINI,28.311
CECCHINA,ROMA TIBURTINA,28.363
CECCHINA,VELLETRI,12.696
CECINA,CAMPIGLIA MARITTIMA,34.84
CECINA,CASERTA,476.004
CECINA,FIRENZE S MARIA NOVELLA,128.427
CECINA,GROSSETO,93.948
CECINA,MILANO CENTRALE,331.24
CECINA,NAPOLI CENTRALE,486.661
CECINA,PISA CENTRALE,50.816
CECINA,VOLTERRA SALINE POMARANCE,29.484
CEDEGOLO,PILZONE,57.873
CEFALU,ALTAVILLA MILICIA,45.834
CEFALU,BAGHERIA,52.996
CEFALU,CAMPOFELICE,13.409
CEFALU,CARINI,90.164
CEFALU,ISOLA DELLE FEMMINE,82.232
CEFALU,MESSINA CENTRALE,156.97
CEFALU,PALERMO AEROPORTO,99.249
CEFALU,PALERMO CENTRALE,66.202
CEFALU,PALERMO NOTARBARTOLO,70.126
CEFALU,S AGATA MILITELLO,58.484
CEFALU,TERMINI IMERESE,29.787
CELLE BULGHERIA ROCCAGLORIOSA,NAPOLI CENTRALE,154.333
CENGIO,FOSSANO,54.757
CENTALLO,TORINO PORTA NUOVA,75.383
CEREA,ROVIGO,54.42
CEREA,VERONA PORTA NUOVA,40.221
CERIGNOLA CAMPAGNA,BARI CENTRALE,88.324
CERTALDO,EMPOLI,24.858
CERTALDO,FIRENZE S MARIA NOVELLA,55.408
CERTALDO,SIENA,38.152
CERTOSA PAVIA,GARBAGNATE MILANESE,43.063
CERTOSA PAVIA,MILANO BOVISA,32.44
CERTOSA PAVIA,MILANO CENTRALE,30.451
CERTOSA PAVIA,PIACENZA,66.352
CERTOSA PAVIA,STRADELLA,36.76
CERVIA MILANO MARITTIMA,BOLOGNA CENTRALE,103.706
CERVIA MILANO MARITTIMA,CESENATICO,7.419
CERVIA MILANO MARITTIMA,MILANO CENTRALE,318.408
CERVIA MILANO MARITTIMA,PESARO,62.03
CERVIA MILANO MARITTIMA,RAVENNA,21.19
CERVIA MILANO MARITTIMA,RIMINI,28.65
CERVIA MILANO MARITTIMA,RUSSI,37.547
CERVIGNANO AQUILEIA GRADO,CARNIA,68.013
CERVIGNANO AQUILEIA GRADO,GEMONA DEL FRIULI,56.543
CERVIGNANO AQUILEIA GRADO,PORTOGRUARO CAORLE,41.996
CERVIGNANO AQUILEIA GRADO,TARVISIO BOSCOVERDE,117.134
CERVIGNANO AQUILEIA GRADO,TRIESTE CENTRALE,43.664
CERVIGNANO AQUILEIA GRADO,UDINE,28.344
CERVIGNANO AQUILEIA GRADO,VENEZIA MESTRE,115.368
CERVIGNANO AQUILEIA GRADO,VENEZIA S LUCIA,123.802
CESANO MADERNO,MILANO ROGOREDO,26.654
CESANO ROMA,BRACCIANO,16.243
CESANO ROMA,FARA SABINA MONTELIBRETTI,68.029
CESANO ROMA,LA GIUSTINIANA,11.498
CESANO ROMA,LA STORTA,8.614
CESANO ROMA,MONTEROTONDO MENTANA,56.481
CESANO ROMA,QUATTRO VENTI,25.412
CESANO ROMA,ROMA NOMENTANA LL,38.216
CESANO ROMA,ROMA OSTIENSE,28.196
CESANO ROMA,ROMA S PIETRO,23.358
CESANO ROMA,ROMA TIBURTINA,35.563
CESANO ROMA,ROMA TRASTEVERE,26.667
CESANO ROMA,ROMA TUSCOLANA,31.806
CESANO ROMA,VITERBO PORTA ROMANA,58.525
CESENA,ANCONA,121.372
CESENA,BOLOGNA CENTRALE,82.669
CESENA,FAENZA,33.562
CESENA,FIRENZE CAMPO MARTE,133.049
CESENA,IMOLA,48.568
CESENA,LECCE,712.731
CESENA,MILANO CENTRALE,297.371
CESENA,PARMA,173.061
CESENA,PIACENZA,230.143
CESENA,RIMINI,28.418
CESENATICO,BOLOGNA CENTRALE,111.125
CESENATICO,MILANO CENTRALE,325.827
CESENATICO,PESARO,54.611
CESENATICO,RAVENNA,28.609
CESENATICO,RIMINI,21.231
CETRARO,PAOLA,19.106
CEVA,CARMAGNOLA,73.198
CEVA,CAVALLERMAGGIORE,57.069
CEVA,FOSSANO,38.156
CEVA,MONDOVI,19.171
CEVA,S GIUSEPPE CAIRO,25.353
CEVA,SAVONA,45.646
CEVA,TORINO PORTA NUOVA,101.597
CHIAVARI,GENOVA BRIGNOLE,35.112
CHIAVARI,LA SPEZIA CENTRALE,48.93
CHIAVARI,MILANO CENTRALE,177.3
CHIAVARI,PISA CENTRALE,123.514
CHIAVARI,ROMA TERMINI,452.805
CHIAVARI,SAVONA,80.069
CHIAVENNA,COLICO,26.282
CHIAVENNA,DUBINO,19.948
CHIAVENNA,LECCO,65.261
CHIAVENNA,MILANO CENTRALE,113.997
CHIAVENNA,MILANO PORTA GARIBALDI,114.63
CHIAVENNA,NOVATE MEZZOLA,13.687
CHIAVENNA,S CASSIANO VALCHIAVENNA,5.956
CHIAVENNA,VARENNA ESINO,43.672
CHIAVENNA,VERCEIA,15.897
CHIERI,BOSCONERO,48.838
CHIERI,FELETTO,53.122
CHIERI,MONCALIERI,13.584
CHIERI,S BENIGNO,43.131
CHIERI,TORINO LINGOTTO,17.276
CHIERI,TORINO PORTA SUSA,23.126
CHIERI,TORINO REBAUDENGO FOSSATA,26.635
CHIERI,TORINO STURA,30.118
CHIERI,TROFARELLO,8.564
CHIERI,VOLPIANO,41.091
CHIETI,AVEZZANO,118.048
CHIETI,CASTELLALTO CANZANO,70.313
CHIETI,GIULIANOVA,52.756
CHIETI,PESCARA,15.142
CHIETI,PINETO ATRI,34.381
CHIETI,ROMA TERMINI,225.128
CHIETI,ROMA TIBURTINA,223.813
CHIETI,SULMONA,53.191
CHIETI,TERAMO,77.833
CHIEUTI SERRACAPRIOLA,FOGGIA,66.751
CHIGNOLO PO,CODOGNO,18.031
CHIGNOLO PO,CREMONA,45.361
CHIGNOLO PO,PAVIA,28.447
CHIOGGIA,LAMA,42.824
CHIOGGIA,LEGNAGO,102.856
CHIOGGIA,LOREO,20.15
CHIOGGIA,ROVIGO,55.792
CHIOGGIA,VERONA PORTA NUOVA,150.433
CHIOMONTE,TORINO PORTA NUOVA,59.465
CHIUSI CHIANCIANO TERME,ARBIA,79.282
CHIUSI CHIANCIANO TERME,AREZZO,56.422
CHIUSI CHIANCIANO TERME,ASCIANO,57.325
CHIUSI CHIANCIANO TERME,CASTELLINA IN CHIANTI MONTERIGGIONI,103.229
CHIUSI CHIANCIANO TERME,CASTELNUOVO BERARDENGA,72.364
CHIUSI CHIANCIANO TERME,CASTIGLION FIORENTINO,45.405
CHIUSI CHIANCIANO TERME,EMPOLI,147.4
CHIUSI CHIANCIANO TERME,FIGLINE VALDARNO,93.995
CHIUSI CHIANCIANO TERME,FIRENZE CAMPO MARTE,114.777
CHIUSI CHIANCIANO TERME,FIRENZE CASTELLO,122.222
CHIUSI CHIANCIANO TERME,FIRENZE S MARIA NOVELLA,118.742
CHIUSI CHIANCIANO TERME,FOLIGNO,110.729
CHIUSI CHIANCIANO TERME,GRANAIOLO,141.468
CHIUSI CHIANCIANO TERME,MONTECATINI TERME MONSUMMANO,163.265
CHIUSI CHIANCIANO TERME,MONTEPULCIANO,18.819
CHIUSI CHIANCIANO TERME,ORTE,76.229
CHIUSI CHIANCIANO TERME,PERUGIA,71.149
CHIUSI CHIANCIANO TERME,PISTOIA,150.29
CHIUSI CHIANCIANO TERME,POGGIBONSI S GIMIGNANO,114.137
CHIUSI CHIANCIANO TERME,PONTASSIEVE,113.705
CHIUSI CHIANCIANO TERME,PONTE A ELSA,147.297
CHIUSI CHIANCIANO TERME,PONTICINO,71.486
CHIUSI CHIANCIANO TERME,PRATO CENTRALE,133.236
CHIUSI CHIANCIANO TERME,RAPOLANO TERME,51.042
CHIUSI CHIANCIANO TERME,ROMA OSTIENSE,145.842
CHIUSI CHIANCIANO TERME,ROMA TERMINI,142.98
CHIUSI CHIANCIANO TERME,ROMA TIBURTINA,138.475
CHIUSI CHIANCIANO TERME,S GIOVANNI VALDARNO,86.461
CHIUSI CHIANCIANO TERME,SIENA,88.996
CHIUSI CHIANCIANO TERME,SINALUNGA,32.637
CHIUSI CHIANCIANO TERME,TERNI,103.755
CHIUSI CHIANCIANO TERME,TERONTOLA CORTONA,28.529
CHIUSI CHIANCIANO TERME,TORINO LINGOTTO,510.326
CHIVASSO,AIRASCA,49.558
CHIVASSO,ALESSANDRIA,81.126
CHIVASSO,ASTI,80.643
CHIVASSO,BIELLA S PAOLO,57.406
CHIVASSO,BIVIO CASTELROSSO,3.532
CHIVASSO,BORGO REVEL,10.546
CHIVASSO,BORGO S MARTINO,55.541
CHIVASSO,CALUSO,13.922
CHIVASSO,CANDIA CANAVESE,17.42
CHIVASSO,CANDIOLO,39.552
CHIVASSO,CASALE MONFERRATO,48.4
CHIVASSO,CASALE POPOLO,44.907
CHIVASSO,CRESCENTINO,17.642
CHIVASSO,FONTANETTO PO,24.061
CHIVASSO,GIAROLE,60.221
CHIVASSO,IVREA,32.46
CHIVASSO,LIVORNO FERRARIS,18.152
CHIVASSO,MILANO CENTRALE,123.669
CHIVASSO,MILANO PORTA GARIBALDI,119.892
CHIVASSO,MONCALIERI SANGONE,32.469
CHIVASSO,MORANO SUL PO,38.502
CHIVASSO,NICHELINO,34.765
CHIVASSO,NONE,44.929
CHIVASSO,NOVARA,71.689
CHIVASSO,PINEROLO,62.209
CHIVASSO,PINEROLO OLIMPICA,61.263
CHIVASSO,PISCINA PINEROLO,54.19
CHIVASSO,SANTHIA,30.682
CHIVASSO,STRAMBINO,23.383
CHIVASSO,TORINO LINGOTTO,29.182
CHIVASSO,TORINO PORTA NUOVA,28.367
CHIVASSO,TORINO PORTA SUSA,23.332
CHIVASSO,TORINO REBAUDENGO FOSSATA,19.826
CHIVASSO,TORINO STURA,16.34
CHIVASSO,TRINO VERCELLESE,32.432
CHIVASSO,VALENZA,67.181
CHIVASSO,VERCELLI,49.803
CIAMPINO,ALBANO LAZIALE,14.493
CIAMPINO,BOIANO,201.283
CIAMPINO,CASSINO,124.061
CIAMPINO,CASTEL GANDOLFO,11.892
CIAMPINO,CECCHINA,14.39
CIAMPINO,COLLEFERRO SEGNI PALIANO,39.667
CIAMPINO,FIERA ROMA,32.761
CIAMPINO,FRASCATI,9.663
CIAMPINO,FROSINONE,71.558
CIAMPINO,ISERNIA,173.195
CIAMPINO,LANUVIO,18.58
CIAMPINO,MARINO LAZIALE,8.616
CIAMPINO,PAVONA,9.458
CIAMPINO,ROMA CASILINA,9.664
CIAMPINO,ROMA S PIETRO,19.733
CIAMPINO,ROMA TERMINI,13.921
CIAMPINO,ROMA TIBURTINA,13.973
CIAMPINO,ROMA TUSCOLANA,11.285
CIAMPINO,VELLETRI,27.086
CIAMPINO,VENAFRO,148.185
CIANO D ENZA,BARCO,12.923
CIANO D ENZA,REGGIO EMILIA,26.031
CIANO D ENZA,REGGIO S STEFANO,23.993
CINISI TERRASINI,ALCAMO DIRAMAZIONE,40.11
CINISI TERRASINI,CAMPOBELLO MAZARA,90.331
CINISI TERRASINI,CASTELVETRANO,81.865
CINISI TERRASINI,MARAUSA,142.542
CINISI TERRASINI,MARSALA,125.571
CINISI TERRASINI,MAZARA DEL VALLO,104.541
CINISI TERRASINI,PALERMO CENTRALE,37.981
CINISI TERRASINI,PALERMO NOTARBARTOLO,31.43
CINISI TERRASINI,PARTINICO,13.806
CINISI TERRASINI,PIRAINETO,6.304
CINISI TERRASINI,SALEMI GIBELLINA,65.842
CINISI TERRASINI,TRAPANI,156.228
CINISI TERRASINI,TRAPPETO,21.889
CIRIE,ALBA,90.837
CIRIE,BRA,73.347
CIRIE,CARMAGNOLA,52.902
CIRIE,CAVALLERMAGGIORE,69.031
CIRIE,FOSSANO,87.944
CIRIE,GERMAGNANO,12.363
CIRIE,SOMMARIVA DEL BOSCO,62.618
CIRIE,TORINO LINGOTTO,28.821
CIRIE,TORINO REBAUDENGO FOSSATA,19.462
CIRIE,TROFARELLO,37.533
CIRIE,VENARIA REALE REGGIA,13.096
CISANO CAPRINO BERGAMASCO,BERGAMO,17.956
CISANO CAPRINO BERGAMASCO,CALOLZIOCORTE OLGINATE,8.09
CISANO CAPRINO BERGAMASCO,LECCO,14.977
CISANO CAPRINO BERGAMASCO,PONTE S PIETRO,10.214
CISMON DEL GRAPPA,TRENTO,73.247
CISTERNA LATINA,CAMPOLEONE,16.28
CISTERNA LATINA,MINTURNO SCAURI,88.698
CISTERNA LATINA,NAPOLI CENTRALE,164.124
CISTERNA LATINA,ROMA TERMINI,49.78
CITTADELLA,BASSANO DEL GRAPPA,14.618
CITTADELLA,PADOVA,32.676
CITTADELLA,TREVISO CENTRALE,36.394
CITTADELLA,VENEZIA MESTRE,46.993
CITTADELLA,VICENZA,23.666
CITTADUCALE,TERNI,49.976
CIVITA CASTELLANA MAGLIANO,FIUMICINO AEROPORTO,97.154
CIVITANOVA MARCHE MONTEGRANARO,ALBACINA,86.588
CIVITANOVA MARCHE MONTEGRANARO,ANCONA,42.705
CIVITANOVA MARCHE MONTEGRANARO,ASCOLI PICENO,74.37
CIVITANOVA MARCHE MONTEGRANARO,BARI CENTRALE,399.367
CIVITANOVA MARCHE MONTEGRANARO,BOLZANO,502.534
CIVITANOVA MARCHE MONTEGRANARO,CORRIDONIA MOGLIANO,21.723
CIVITANOVA MARCHE MONTEGRANARO,FABRIANO,94.857
CIVITANOVA MARCHE MONTEGRANARO,LECCE,548.654
CIVITANOVA MARCHE MONTEGRANARO,LORETO,19.203
CIVITANOVA MARCHE MONTEGRANARO,MACERATA,27.182
CIVITANOVA MARCHE MONTEGRANARO,MILANO CENTRALE,461.448
CIVITANOVA MARCHE MONTEGRANARO,PORTO D ASCOLI,46.572
CIVITANOVA MARCHE MONTEGRANARO,SULMONA,171.601
CIVITAVECCHIA,GROSSETO,106.966
CIVITAVECCHIA,LADISPOLI CERVETERI,30.381
CIVITAVECCHIA,MACCARESE FREGENE,46.503
CIVITAVECCHIA,MARINA CERVETERI,26.391
CIVITAVECCHIA,MILANO CENTRALE,532.154
CIVITAVECCHIA,NAPOLI CENTRALE,285.747
CIVITAVECCHIA,PISA CENTRALE,251.73
CIVITAVECCHIA,ROMA AURELIA,60.532
CIVITAVECCHIA,ROMA OSTIENSE,70.869
CIVITAVECCHIA,ROMA S PIETRO,66.031
CIVITAVECCHIA,ROMA TERMINI,77.561
CIVITAVECCHIA,ROMA TIBURTINA,78.236
CIVITAVECCHIA,ROMA TRASTEVERE,69.34
CIVITAVECCHIA,ROMA TUSCOLANA,74.479
CIVITAVECCHIA,S MARINELLA,8.899
CIVITAVECCHIA,S SEVERA,18.366
CIVITAVECCHIA,SESTRI LEVANTE,367.78
CIVITAVECCHIA,TARQUINIA,19.897
CIVITAVECCHIA,TORINO PORTA NUOVA,571.913
CIVITAVECCHIA,VENTIMIGLIA,554.85
CIVITELLA ROVETO,AVEZZANO,19.695
CIVITELLA ROVETO,CASSINO,76.749
COCCAGLIO,BERGAMO,29.625
COCCAGLIO,BRESCIA,19.102
COCQUIO TREVISAGO,GERENZANO TURATE,39.261
COCQUIO TREVISAGO,MILANO CADORNA,63.625
COCQUIO TREVISAGO,VARESE,13.758
COCQUIO TREVISAGO,VARESE CASBENO,11.249
COCULLO,AVEZZANO,35.294
COCULLO,PESCARA,97.896
COCULLO,SULMONA,29.563
CODIGORO,DOGATO,24.848
CODIGORO,FERRARA,53.213
CODIGORO,MIGLIARINO,18.561
CODIGORO,QUARTESANA,39.411
CODOGNO,BELGIOIOSO,32.045
CODOGNO,BOLOGNA CENTRALE,159.61
CODOGNO,BOZZOLO,63.795
CODOGNO,CASALPUSTERLENGO,4.873
CODOGNO,CAVA TIGOZZI,22.159
CODOGNO,CHIGNOLO PO,18.031
CODOGNO,CORTEOLONA,27.384
CODOGNO,CREMONA,27.33
CODOGNO,LODI,23.726
CODOGNO,MANTOVA,89.557
CODOGNO,MILANO CENTRALE,59.378
CODOGNO,MILANO CERTOSA,63.038
CODOGNO,MILANO GRECO PIRELLI,59.46
CODOGNO,MILANO LAMBRATE,55.58
CODOGNO,MILANO PORTA GARIBALDI,61.268
CODOGNO,MILANO ROGOREDO,49.792
CODOGNO,MOTTA S DAMIANO,39.822
CODOGNO,OSPEDALETTO LODIGIANO,11.598
CODOGNO,PARMA,69.218
CODOGNO,PAVIA,46.478
CODOGNO,PIACENZA,12.136
CODOGNO,PIADENA,55.286
CODOGNO,PIZZIGHETTONE,7.713
CODOGNO,RIMINI,270.697
CODOLA,BARONISSI,13.683
CODOLA,MERCATO S SEVERINO,8.262
CODOLA,SALERNO,19.006
COGOLETO,ALASSIO,61.194
COGOLETO,ALBENGA,55.061
COGOLETO,GENOVA BRIGNOLE,27.247
COGOLETO,GENOVA NERVI,35.496
COGOLETO,LA SPEZIA CENTRALE,111.289
COGOLETO,RECCO,44.727
COGOLETO,S MARGHERITA LIGURE PORTOFINO,51.523
COGOLETO,SAVONA,17.71
COGOLETO,SESTRI LEVANTE,69.823
COGOLETO,VENTIMIGLIA,117.247
COLICO,ABBADIA LARIANA,31.991
COLICO,CALOLZIOCORTE OLGINATE,45.866
COLICO,CARNATE USMATE,63.97
COLICO,CASTIONE ANDEVENNO,35.292
COLICO,CHIAVENNA,26.282
COLICO,DERVIO,9.488
COLICO,DUBINO,6.334
COLICO,LECCO,38.979
COLICO,LIERNA,23.858
COLICO,MANDELLO DEL LARIO,29.538
COLICO,MILANO CENTRALE,87.715
COLICO,MILANO CERTOSA,91.372
COLICO,MILANO GRECO PIRELLI,84.364
COLICO,MILANO LAMBRATE,88.244
COLICO,MILANO PORTA GARIBALDI,88.348
COLICO,MILANO ROGOREDO,94.032
COLICO,MONZA,75.773
COLICO,MORBEGNO,15.395
COLICO,NOVATE MEZZOLA,12.595
COLICO,PIONA,2.441
COLICO,SAMOLACO,16.627
COLICO,SESTO S GIOVANNI,80.653
COLICO,SONDRIO,40.465
COLICO,TIRANO,66.422
COLICO,VERCEIA,10.385
COLLARMELE,AVEZZANO,19.722
COLLARMELE,GUIDONIA MONTECELIO S ANGELO,100.898
COLLARMELE,ROMA TERMINI,126.802
COLLARMELE,SULMONA,45.135
COLLE ISARCO,BOLOGNA CENTRALE,329.858
COLLE ISARCO,BOLZANO,73.238
COLLE ISARCO,MERANO,106.199
COLLE MATTIA,ROMA TERMINI,25.715
COLLECCHIO,BERCETO,33.333
COLLECCHIO,LA SPEZIA CENTRALE,107.66
COLLECCHIO,PARMA,11.771
COLLEFERRO SEGNI PALIANO,CASERTA,153.566
COLLEFERRO SEGNI PALIANO,CASSINO,84.394
COLLEFERRO SEGNI PALIANO,CIAMPINO,39.667
COLLEFERRO SEGNI PALIANO,FROSINONE,31.891
COLLEFERRO SEGNI PALIANO,ISERNIA,133.528
COLLEFERRO SEGNI PALIANO,ROMA CASILINA,49.331
COLLEFERRO SEGNI PALIANO,ROMA OSTIENSE,54.562
COLLEFERRO SEGNI PALIANO,ROMA TERMINI,53.588
COLLEFERRO SEGNI PALIANO,ROMA TIBURTINA,53.64
COLLEFERRO SEGNI PALIANO,ROMA TUSCOLANA,50.952
COLLEFERRO SEGNI PALIANO,VALMONTONE,8.033
COLLEFERRO SEGNI PALIANO,ZAGAROLO,18.736
COLLEGNO,BARDONECCHIA,76.411
COLLEGNO,BUSSOLENO,35.74
COLLEGNO,S ANTONINO VAIE,24.77
COLLEGNO,SALBERTRAND,59.383
COLLEGNO,SUSA,43.266
COLLEGNO,TORINO PORTA NUOVA,9.794
COLORNO,BRESCIA,76.006
COLORNO,PIADENA,24.602
COLORNO,S ZENO FOLZANO,70.345
COMISO,MODICA,52.71
COMISO,SIRACUSA,144.408
COMITINI,PALERMO CENTRALE,117.207
COMO BORGHI,MILANO CADORNA,44.935
COMO CAMERLATA,MILANO CADORNA,41.964
COMO CAMERLATA,VARESE,49.517
COMO LAGO,BOLLATE CENTRO,36.616
COMO LAGO,FINO MORNASCO,10.255
COMO LAGO,MILANO BOVISA,41.923
COMO LAGO,MILANO CADORNA,46.088
COMO LAGO,MILANO QUARTO OGGIARO,39.749
COMO LAGO,NOVATE MILANESE,37.926
COMO LAGO,PORTICHETTO LUISAGO,8.763
COMO LAGO,ROVELLO PORRO,21.35
COMO LAGO,SARONNO,24.931
COMO S GIOVANNI,CAMNAGO LENTATE,18.717
COMO S GIOVANNI,CANTELLO GAGGIOLO,89.59
COMO S GIOVANNI,CANTU,11.21
COMO S GIOVANNI,CARIMATE,14.855
COMO S GIOVANNI,COMO CAMERLATA,4.049
COMO S GIOVANNI,DESIO,28.183
COMO S GIOVANNI,GALLARATE,60.342
COMO S GIOVANNI,LA SPEZIA CENTRALE,267.107
COMO S GIOVANNI,LECCO,41.718
COMO S GIOVANNI,MERONE,21.706
COMO S GIOVANNI,MILANO CENTRALE,46.627
COMO S GIOVANNI,MILANO CERTOSA,50.284
COMO S GIOVANNI,MILANO GRECO PIRELLI,43.276
COMO S GIOVANNI,MILANO PORTA GARIBALDI,47.26
COMO S GIOVANNI,MOLTENO,27.003
COMO S GIOVANNI,MONZA,34.685
COMO S GIOVANNI,OGGIONO,30.002
COMO S GIOVANNI,PM ALBATE,4.94
COMO S GIOVANNI,RHO,58.107
COMO S GIOVANNI,ROMA TERMINI,608.513
COMO S GIOVANNI,SEREGNO,25.021
COMO S GIOVANNI,SESTO S GIOVANNI,39.565
COMO S GIOVANNI,SESTRI LEVANTE,228.122
COMO S GIOVANNI,VALMADRERA,37.983
COMO S GIOVANNI,VARESE,68.733
COMPIOBBI,AREZZO,65.262
COMPIOBBI,FIRENZE S MARIA NOVELLA,11.988
COMPIOBBI,MONTEVARCHI TERRANUOVA,39.14
COMPIOBBI,PISTOIA,43.536
CONDOFURI,ROCCELLA JONICA,73.402
CONEGLIANO,BELLUNO,47.569
CONEGLIANO,FIRENZE S MARIA NOVELLA,288.985
CONEGLIANO,MOGLIANO VENETO,38.588
CONEGLIANO,NAPOLI CENTRALE,757.419
CONEGLIANO,PONTE NELLE ALPI POLPET,39.947
CONEGLIANO,ROMA TERMINI,547.968
CONEGLIANO,S CROCE DEL LAGO,27.367
CONEGLIANO,TREVISO CENTRALE,26.953
CONEGLIANO,TRIESTE CENTRALE,150.72
CONEGLIANO,UDINE,78.712
CONEGLIANO,VENEZIA MESTRE,47.861
CONEGLIANO,VENEZIA S LUCIA,56.295
CONEGLIANO,VITTORIO VENETO,13.56
CONSANDOLO,BOLOGNA CENTRALE,74.995
CONSANDOLO,BUDRIO,26.236
CONTEA LONDA,BORGO S LORENZO,18.038
CONTEA LONDA,FIRENZE CAMPO MARTE,30.278
CONTEA LONDA,FIRENZE RIFREDI,35.118
CONTEA LONDA,FIRENZE S MARIA NOVELLA,34.243
CONTEA LONDA,PONTASSIEVE,14.645
CONTESSE,MESSINA CENTRALE,4.462
CONTIGLIANO,TERNI,32.271
CONTURSI TERME,BATTIPAGLIA,24.509
CONTURSI TERME,NAPOLI CENTRALE,95.498
CONTURSI TERME,POTENZA CENTRALE,66.756
CONTURSI TERME,SALERNO,44.212
CORBEZZI,FIRENZE S MARIA NOVELLA,50.944
CORBEZZI,PISTOIA,17.504
CORBEZZI,PORRETTA TERME,22.29
CORDOVADO SESTO,CASARSA,12.444
CORDOVADO SESTO,PORTOGRUARO CAORLE,8.672
CORIGLIANO CALABRO,CATANZARO LIDO,157.777
CORMANO CUSANO MILANINO,MILANO CADORNA,9.227
CORMONS,TRIESTE CENTRALE,61.628
CORNIGLIA,GENOVA BRIGNOLE,74.625
CORNIGLIA,LA SPEZIA CENTRALE,9.417
CORNIGLIA,LA SPEZIA MIGLIARINA,12.218
CORNIGLIA,LEVANTO,10.765
CORNIGLIA,SARZANA,24.384
CORNIGLIA,SESTRI LEVANTE,32.049
CORNUDA,BELLUNO,57.762
CORNUDA,CASTELFRANCO VENETO,23.582
CORRIDONIA MOGLIANO,ANCONA,64.428
CORTEOLONA,CAVA TIGOZZI,49.543
CORTEOLONA,CODOGNO,27.384
CORTEOLONA,CREMONA,54.714
CORTEOLONA,PAVIA,19.094
COSENZA,AGROPOLI CASTELLABATE,193.201
COSENZA,AMANTEA,48.025
COSENZA,BAGNARA,168.058
COSENZA,BATTIPAGLIA,222.887
COSENZA,BIVIO S ANTONELLO,8.921
COSENZA,BIVIO SETTIMO,8.025
COSENZA,CAPACCIO ROCCADASPIDE,205.208
COSENZA,CAPO BONIFATI,53.053
COSENZA,CASTIGLIONE COSENTINO,4.335
COSENZA,CAVA DEI TIRRENI,251.056
COSENZA,CETRARO,44.992
COSENZA,CROTONE,176.609
COSENZA,CRUCOLI,130.993
COSENZA,DIAMANTE BUONVICINO,67.226
COSENZA,FAVAZZINA,172.959
COSENZA,FUSCALDO,31.783
COSENZA,GIOIA TAURO,149.248
COSENZA,GIZZERIA LIDO,75.506
COSENZA,LAMEZIA TERME CENTRALE,79.545
COSENZA,LONGOBARDI,39.416
COSENZA,MARATEA,105.783
COSENZA,MELITO PORTO SALVO,229.677
COSENZA,METAPONTO,142.9
COSENZA,MILETO,126.466
COSENZA,MONGRASSANO CERVICATI,26.03
COSENZA,NAPOLI CENTRALE,293.876
COSENZA,PALMI,157.619
COSENZA,PAOLA,25.886
COSENZA,PISCIOTTA PALINURO,153.468
COSENZA,POLICASTRO BUSSENTINO,126.846
COSENZA,PRAJA AJETA TORTORA,93.606
COSENZA,REGGIO CALABRIA CENTRALE,199.864
COSENZA,REGGIO CALABRIA GALLICO,192.024
COSENZA,ROSARNO,139.363
COSENZA,S LUCIDO MARINA,27.942
COSENZA,S MARCO ROGGIANO,34.51
COSENZA,S PIETRO A MAIDA MAIDA,86.355
COSENZA,SALERNO,242.59
COSENZA,SAPRI,118.098
COSENZA,SCALEA S DOMENICA TALAO,82.718
COSENZA,SIBARI,63.88
COSENZA,SPEZZANO ALBANESE TERME,47.838
COSENZA,TORANO LATTARICO,20.84
COSENZA,TORRE ANNUNZIATA CENTRALE,271.965
COSENZA,TREBISACCE,78.416
COSENZA,VIBO VALENTIA PIZZO,107.995
COSENZA,VILLA S GIOVANNI,185.776
COSIO TRAONA,LECCO,50.953
COSIO TRAONA,SONDRIO,28.491
COSSATO,NOVARA,40.347
COSTA,VERONA PORTA NUOVA,86.717
COSTA MASNAGA,LECCO,17.401
COSTA MASNAGA,MILANO PORTA GARIBALDI,39.103
COSTA MASNAGA,MONZA,26.528
COSTA MASNAGA,SESTO S GIOVANNI,31.408
COSTA MASNAGA,VALMADRERA,13.666
CREMA,CREMONA,42.891
CREMA,MILANO PORTA GARIBALDI,56.63
CREMA,OLMENETA,32.06
CREMA,TREVIGLIO,21.685
CREMONA,ALBUZZANO,63.8
CREMONA,BAGNOLO MELLA,37.154
CREMONA,BELGIOIOSO,59.375
CREMONA,BERGAMO,86.458
CREMONA,BOZZOLO,36.465
CREMONA,BRESCIA,50.196
CREMONA,BUSSETO,21.222
CREMONA,CARAVAGGIO,59.542
CREMONA,CASALBUTTANO,17.139
CREMONA,CASALETTO VAPRIO,49.845
CREMONA,CASALPUSTERLENGO,32.203
CREMONA,CASTELGUELFO,43.497
CREMONA,CASTELLEONE,33.505
CREMONA,CASTELLUCCHIO,51.329
CREMONA,CASTELVETRO,6.087
CREMONA,CASTIONE DEI MARCHESI,28.026
CREMONA,CAVA TIGOZZI,5.171
CREMONA,CHIGNOLO PO,45.361
CREMONA,CODOGNO,27.33
CREMONA,CREMA,42.891
CREMONA,FIDENZA,33.893
CREMONA,FORNOVO,58.604
CREMONA,GAZZO PIEVE S GIACOMO,13.628
CREMONA,LODI,51.056
CREMONA,MADIGNANO,39.0
CREMONA,MANERBIO,28.217
CREMONA,MANTOVA,62.227
CREMONA,MARCARIA,41.83
CREMONA,MILANO CENTRALE,86.708
CREMONA,MILANO CERTOSA,90.368
CREMONA,MILANO GRECO PIRELLI,86.79
CREMONA,MILANO LAMBRATE,82.91
CREMONA,MILANO PORTA GARIBALDI,88.598
CREMONA,MILANO ROGOREDO,77.122
CREMONA,OLMENETA,10.831
CREMONA,OSPEDALETTO LODIGIANO,38.928
CREMONA,PALAZZOLO SULL OGLIO,77.333
CREMONA,PARMA,55.906
CREMONA,PAVIA,73.808
CREMONA,PIADENA,27.956
CREMONA,PIOLTELLO LIMITO,85.329
CREMONA,PISA CENTRALE,211.691
CREMONA,PIZZIGHETTONE,19.617
CREMONA,PONTE D ADDA,18.563
CREMONA,ROBECCO PONTEVICO,16.384
CREMONA,S ZENO FOLZANO,44.535
CREMONA,SORESINA,25.986
CREMONA,TAVAZZANO,58.78
CREMONA,TORRE DE PICENARDI,21.252
CREMONA,TREVIGLIO,64.576
CREMONA,VEROLANUOVA,22.938
CREMONA,VILLANOVA D ARDA,14.132
CRESCENTINO,ALESSANDRIA,63.484
CRESPELLANO,BOLOGNA CENTRALE,21.007
CRESPELLANO,VIGNOLA,11.372
CRESPINO DEL LAMONE,BORGO S LORENZO,21.747
CRESPINO DEL LAMONE,FIESOLE CALDINE,47.612
CRESPINO DEL LAMONE,FIRENZE S MARIA NOVELLA,56.077
CRESPINO DEL LAMONE,VAGLIA,33.627
CREVALCORE,BOLOGNA CENTRALE,29.581
CREVALCORE,BRENNERO,315.831
CREVALCORE,POGGIO RUSCO,29.849
CREVALCORE,VERONA PORTA NUOVA,85.258
CRISPIANO,MARTINA FRANCA,17.693
CROPANI,SIBARI,151.71
CROTONE,BOTRICELLO,34.94
CROTONE,CATANZARO LIDO,59.754
CROTONE,CIRO,32.075
CROTONE,CORIGLIANO CALABRO,98.023
CROTONE,COSENZA,176.609
CROTONE,CROPANI,38.981
CROTONE,CUTRO,16.759
CROTONE,LAMEZIA TERME CENTRALE,102.914
CROTONE,LAMEZIA TERME NICASTRO,93.821
CROTONE,PM ISOLA CAPO RIZZUTO,6.347
CROTONE,PM S LEONARDO CUTRO,25.091
CROTONE,REGGIO CALABRIA CENTRALE,223.233
CROTONE,ROCCABERNARDA,31.096
CROTONE,ROSSANO,86.75
CROTONE,SIBARI,112.729
CROTONE,SIMERI CRICHI,48.48
CROTONE,TARANTO,234.966
CROTONE,TORRE MELISSA,24.779
CRUCOLI,COSENZA,130.993
CUCCIAGO,MILANO PORTA GARIBALDI,37.975
CUCCIAGO,RHO,48.822
CUNEO,BORGO S DALMAZZO,8.578
CUNEO,CARMAGNOLA,60.181
CUNEO,CAVALLERMAGGIORE,44.052
CUNEO,CENTALLO,13.197
CUNEO,FOSSANO,25.139
CUNEO,LIMONE,28.328
CUNEO,RACCONIGI,51.101
CUNEO,ROBILANTE,13.077
CUNEO,S BENIGNO CUNEO,8.982
CUNEO,SAVIGLIANO,37.296
CUNEO,TORINO LINGOTTO,84.262
CUNEO,TORINO PORTA NUOVA,88.58
CUNEO,TROFARELLO,75.55
CUNEO,VENTIMIGLIA,208.478
CUNEO,VERNANTE,19.497
DECIMOMANNU,CAGLIARI,16.241
DECIMOMANNU,CAGLIARI ELMAS,8.313
DECIMOMANNU,CARBONIA SERBARIU,50.923
DECIMOMANNU,IGLESIAS,37.667
DECIMOMANNU,MACOMER,136.496
DECIMOMANNU,OLBIA,260.263
DECIMOMANNU,OLBIA TERRANOVA,259.863
DECIMOMANNU,ORISTANO,76.789
DECIMOMANNU,PORTO TORRES MARITTIMA,253.624
DECIMOMANNU,S GAVINO,33.38
DECIMOMANNU,SASSARI,234.282
DEGO,ALESSANDRIA,72.013
DEIVA MARINA,GENOVA BRIGNOLE,54.549
DEIVA MARINA,LA SPEZIA CENTRALE,29.493
DEIVA MARINA,SARZANA,44.46
DEIVA MARINA,SAVONA,99.506
DEIVA MARINA,SESTRI LEVANTE,11.973
DELEBIO,LECCO,45.925
DELEBIO,SONDRIO,33.519
DERVIO,LECCO,29.491
DERVIO,MILANO CENTRALE,78.227
DERVIO,MILANO PORTA GARIBALDI,78.86
DERVIO,MILANO ROGOREDO,84.544
DERVIO,SONDRIO,49.953
DESENZANO DEL GARDA SIRMIONE,MILANO CENTRALE,110.65
DESENZANO DEL GARDA SIRMIONE,VENEZIA S LUCIA,154.441
DESENZANO DEL GARDA SIRMIONE,VERONA PORTA NUOVA,36.742
DESIO,ALBAIRATE VERMEZZO,46.251
DESIO,COMO S GIOVANNI,28.183
DESIO,MILANO LAMBRATE,18.973
DESIO,MILANO PORTA GARIBALDI,19.077
DESIO,MONZA,6.502
DIAMANTE BUONVICINO,COSENZA,67.226
DIAMANTE BUONVICINO,PAOLA,41.34
DICOMANO,FIRENZE RIFREDI,38.565
DICOMANO,FIRENZE S MARIA NOVELLA,37.69
DICOMANO,PONTASSIEVE,18.092
DIECIMO PESCAGLIA,AULLA LUNIGIANA,73.506
DIECIMO PESCAGLIA,CASTELNUOVO GARFAGNANA,28.507
DIECIMO PESCAGLIA,LUCCA,16.417
DIECIMO PESCAGLIA,PIAZZA AL SERCHIO,40.966
DIECIMO PESCAGLIA,PISA CENTRALE,39.496
DIRILLO,MODICA,75.763
DITTAINO,BAGHERIA,159.301
DITTAINO,CALTANISSETTA CENTRALE,53.094
DITTAINO,CALTANISSETTA XIRBI,46.76
DITTAINO,CATANIA CENTRALE,68.026
DITTAINO,ENNA,20.58
DITTAINO,IMERA,40.075
DITTAINO,PALERMO CENTRALE,172.507
DITTAINO,ROCCAPALUMBA ALIA,103.333
DITTAINO,TERMINI IMERESE,136.092
DOBBIACO,FORTEZZA,60.689
DOGATO,FERRARA,28.365
DOLO,GRISIGNANO ZOCCO,30.829
DOLO,VENEZIA MESTRE,13.01
DOMEGLIARA S AMBROGIO,BOLOGNA CENTRALE,129.95
DOMEGLIARA S AMBROGIO,BOLZANO,126.67
DOMEGLIARA S AMBROGIO,BRENNERO,215.462
DOMODOSSOLA,ARONA,55.558
DOMODOSSOLA,BOLOGNA CENTRALE,333.482
DOMODOSSOLA,BORGOMANERO,56.531
DOMODOSSOLA,BUSTO ARSIZIO,88.287
DOMODOSSOLA,CALTIGNAGA,79.968
DOMODOSSOLA,CRESSA FONTANETO,63.069
DOMODOSSOLA,GALLARATE,81.186
DOMODOSSOLA,GOZZANO,51.224
DOMODOSSOLA,GRAVELLONA TOCE,28.188
DOMODOSSOLA,MILANO CENTRALE,123.646
DOMODOSSOLA,MILANO CERTOSA,115.12
DOMODOSSOLA,MILANO LAMBRATE,124.092
DOMODOSSOLA,MILANO PORTA GARIBALDI,119.869
DOMODOSSOLA,NOVARA,87.934
DOMODOSSOLA,OMEGNA,35.528
DOMODOSSOLA,PARABIAGO,98.282
DOMODOSSOLA,PIEVE VERGONTE,13.092
DOMODOSSOLA,PREMOSELLO CHIOVENDA,15.542
DOMODOSSOLA,SESTO CALENDE,64.191
DOMODOSSOLA,SOMMA LOMBARDO,73.698
DOMODOSSOLA,STRESA,38.219
DOMODOSSOLA,VANZAGO POGLIANO,103.173
DOMODOSSOLA,VENEZIA MESTRE,376.951
DOMODOSSOLA,VENEZIA S LUCIA,385.385
DOMODOSSOLA,VERBANIA PALLANZA,29.484
DOMODOSSOLA,VERONA PORTA NUOVA,267.686
DOMODOSSOLA,VICENZA,318.182
DONNAFUGATA,GENISI,7.576
DONNAFUGATA,MODICA,39.073
DONNAFUGATA,NOTO,98.53
DONNAFUGATA,SIRACUSA,130.771
DOSSOBUONO,MANTOVA,29.318
DUBINO,CHIAVENNA,19.948
DUBINO,COLICO,6.334
DUEVILLE,SCHIO,18.489
DUEVILLE,VENEZIA MESTRE,71.464
DUEVILLE,VICENZA,12.695
EBOLI,BARONISSI,38.148
EBOLI,BATTIPAGLIA,6.239
EBOLI,CODOLA,44.948
EBOLI,FISCIANO,39.895
EBOLI,FRATTE,29.362
EBOLI,MERCATO S SEVERINO,43.569
EBOLI,NAPOLI CENTRALE,77.228
EBOLI,NOCERA INFERIORE,40.753
EBOLI,PELLEZZANO,35.398
EBOLI,PONTECAGNANO,16.326
EBOLI,POTENZA CENTRALE,85.026
EBOLI,SALERNO,25.942
EBOLI,TORRE ANNUNZIATA CENTRALE,55.317
EBOLI,VALLE MERCATO S SEVERINO,46.94
EDOLO,BOARIO TERME,43.045
EDOLO,FORNO ALLIONE,11.964
EDOLO,ISEO,76.996
EDOLO,PIAN CAMUNO GRATACASOLO,50.619
EDOLO,PILZONE,73.824
EDOLO,PROVAGLIO TIMOLINE,79.993
EDOLO,SONICO,2.569
EGNA TERMENO,ALA,73.716
EGNA TERMENO,BOLZANO,21.832
EGNA TERMENO,ROVERETO,57.18
EGNA TERMENO,TRENTO,33.607
EGNA TERMENO,VERONA PORTA NUOVA,124.29
ELLERA CORCIANO,FIRENZE S MARIA NOVELLA,132.636
ELLERA CORCIANO,PERUGIA,10.036
EMPOLI,ARBIA,72.724
EMPOLI,ASCIANO,94.681
EMPOLI,BADESSE,55.054
EMPOLI,BORGO VAL TARO,162.519
EMPOLI,CAMPIGLIA MARITTIMA,132.717
EMPOLI,CASTELLINA IN CHIANTI MONTERIGGIONI,48.777
EMPOLI,CERTALDO,24.858
EMPOLI,CHIUSI CHIANCIANO TERME,147.4
EMPOLI,FIRENZE CASTELLO,27.525
EMPOLI,FIRENZE RIFREDI,27.783
EMPOLI,FIRENZE S MARIA NOVELLA,30.55
EMPOLI,FOLLONICA,149.919
EMPOLI,GRANAIOLO,10.538
EMPOLI,GROSSETO,163.652
EMPOLI,LA SPEZIA CENTRALE,121.645
EMPOLI,LIVORNO CENTRALE,66.0
EMPOLI,MILANO CENTRALE,327.485
EMPOLI,NAPOLI CENTRALE,498.984
EMPOLI,ORBETELLO MONTE ARGENTARIO,201.373
EMPOLI,PIOMBINO MARITTIMA,146.726
EMPOLI,PISA CENTRALE,47.061
EMPOLI,POGGIBONSI S GIMIGNANO,37.869
EMPOLI,PONTE A ELSA,4.709
EMPOLI,PONTEDERA CASCIANA TERME,27.639
EMPOLI,PONTREMOLI,144.589
EMPOLI,RAPOLANO TERME,100.964
EMPOLI,RHO,338.968
EMPOLI,ROMA OSTIENSE,292.395
EMPOLI,ROMA TERMINI,289.533
EMPOLI,SALERNO,543.5
EMPOLI,SIENA,63.01
EMPOLI,TORINO PORTA NUOVA,367.244
EMPOLI,VIAREGGIO,69.273
ENNA,CALTANISSETTA CENTRALE,32.514
ENNA,CALTANISSETTA XIRBI,26.18
ENNA,CATANIA CENTRALE,88.606
ENNA,PALERMO CENTRALE,151.927
EQUI TERME,PISA CENTRALE,93.16
ERBA,CARUGO GIUSSANO,14.053
ERBA,MEDA,19.879
ERBA,MILANO AFFORI,36.89
ERBA,MILANO BRUZZANO PARCO NORD,35.487
ERBA,MILANO CADORNA,43.332
ESTE,MANTOVA,75.648
ESTE,MONSELICE,8.19
FABRIANO,ALBACINA,8.269
FABRIANO,ANCONA,70.261
FABRIANO,CASTELPLANIO CUPRAMONTANA,28.792
FABRIANO,CASTELRAIMONDO CAMERINO,27.738
FABRIANO,CIVITANOVA MARCHE MONTEGRANARO,94.857
FABRIANO,FALCONARA MARITTIMA,61.564
FABRIANO,FOLIGNO,57.932
FABRIANO,GENGA S VITTORE TERME,15.648
FABRIANO,JESI,43.538
FABRIANO,LORETO,93.763
FABRIANO,MACERATA,67.675
FABRIANO,MATELICA,20.611
FABRIANO,MONTECOSARO,87.405
FABRIANO,MORROVALLE MONTE S GIUSTO,82.046
FABRIANO,PERGOLA,31.605
FABRIANO,RIMINI,145.821
FABRIANO,ROMA TERMINI,221.209
FABRIANO,S SEVERINO MARCHE,39.264
FABRIANO,SENIGALLIA,78.705
FABRIANO,SERRA S QUIRICO,22.546
FABRIANO,TOLENTINO,49.252
FABRO FICULLE,ROMA TERMINI,130.44
FAENZA,ANCONA,154.934
FAENZA,BARI CENTRALE,597.006
FAENZA,BOLOGNA CENTRALE,49.107
FAENZA,BORGO S LORENZO,66.334
FAENZA,BRISIGHELLA,13.014
FAENZA,CAMPOMIGLIAIO,74.279
FAENZA,CESENA,33.562
FAENZA,CONSELICE,31.959
FAENZA,CRESPINO DEL LAMONE,44.587
FAENZA,FIESOLE CALDINE,92.199
FAENZA,FIRENZE CAMPO MARTE,99.487
FAENZA,FIRENZE S MARIA NOVELLA,100.664
FAENZA,GRANAROLO FAENTINO,8.915
FAENZA,IMOLA,15.006
FAENZA,LAVEZZOLA,38.732
FAENZA,LECCE,746.293
FAENZA,LUGO,16.536
FAENZA,MARRADI PALAZZUOLO SUL SENIO,34.33
FAENZA,MASSALOMBARDA,24.718
FAENZA,MILANO PORTA GARIBALDI,265.699
FAENZA,PARMA,139.499
FAENZA,PESARO,95.36
FAENZA,PIACENZA,196.581
FAENZA,RAVENNA,33.409
FAENZA,RIMINI,61.98
FAENZA,RUSSI,17.052
FAENZA,S BENEDETTO DEL TRONTO,239.427
FAENZA,S CASSIANO,25.004
FAENZA,S PIERO A SIEVE,71.096
FAENZA,S PIETRO IN CASALE,72.438
FAENZA,SANTARCANGELO ROMAGNA,52.211
FAGNANO CAMPANA,SULMONA,39.135
FALCONARA MARITTIMA,ANCONA,8.697
FALCONARA MARITTIMA,BOLOGNA CENTRALE,195.344
FALCONARA MARITTIMA,CASTELPLANIO CUPRAMONTANA,32.772
FALCONARA MARITTIMA,FABRIANO,61.564
FALCONARA MARITTIMA,FOLIGNO,119.496
FALCONARA MARITTIMA,PARMA,285.736
FALCONARA MARITTIMA,PESARO,50.877
FALCONARA MARITTIMA,PESCARA,154.67
FALCONARA MARITTIMA,PIACENZA,342.818
FALCONARA MARITTIMA,RIMINI,84.257
FALCONARA MARITTIMA,ROMA TERMINI,282.773
FALCONARA MARITTIMA,ROMA TIBURTINA,278.268
FANO,ANCONA,47.111
FANO,BOLOGNA CENTRALE,156.93
FANO,BOLZANO,412.718
FANO,LECCE,638.47
FANO,MILANO CENTRALE,371.632
FANO,PARMA,247.322
FANO,PESCARA,193.084
FANO,PIACENZA,304.404
FANO,RIMINI,45.843
FANZOLO,CAMPOSAMPIERO,18.754
FANZOLO,PADOVA,36.933
FARA SABINA MONTELIBRETTI,FIUMICINO AEROPORTO,64.547
FARA SABINA MONTELIBRETTI,MONTEROTONDO MENTANA,11.548
FARA SABINA MONTELIBRETTI,ORTE,62.637
FARA SABINA MONTELIBRETTI,PONTE GALERIA,55.361
FARA SABINA MONTELIBRETTI,ROMA OSTIENSE,39.833
FARA SABINA MONTELIBRETTI,ROMA TIBURTINA,32.466
FARA SABINA MONTELIBRETTI,ROMA TUSCOLANA,36.223
FASANO,BARI CENTRALE,54.373
FASANO,BARI PARCO NORD,57.342
FASANO,BARI S SPIRITO,65.915
FASANO,BARI TORRE A MARE,42.92
FASANO,BARI ZONA INDUSTRIALE,58.339
FASANO,BARLETTA,109.07
FASANO,BISCEGLIE,88.455
FASANO,GIOVINAZZO,72.799
FASANO,GROSSETO,716.867
FASANO,LECCE,94.914
FASANO,MILANO CENTRALE,915.188
FASANO,MOLA BARI,35.218
FASANO,MOLFETTA,79.114
FASANO,MONOPOLI,13.829
FASANO,POLIGNANO A MARE,21.414
FASANO,ROMA S PIETRO,543.87
FASANO,TRANI,96.476
FELETTO,CHIERI,53.122
FELETTO,TORINO LINGOTTO,35.846
FELTRE,ALANO FENER VALDOBBIADENE,17.156
FELTRE,BELLUNO,30.533
FELTRE,CAMPOSAMPIERO,62.868
FELTRE,CASTELFRANCO VENETO,50.811
FELTRE,MONTEBELLUNA,34.496
FELTRE,PADOVA,81.047
FELTRE,S GIUSTINA CESIO,14.2
FELTRE,SEDICO BRIBANO,18.465
FELTRE,TREVISO CENTRALE,54.56
FELTRE,VENEZIA MESTRE,75.468
FERRANDINA SCALO MATERA,TARANTO,80.718
FERRARA,ALFONSINE,54.878
FERRARA,ARGENTA,33.118
FERRARA,BATTAGLIA TERME,58.524
FERRARA,BERGAMO,210.844
FERRARA,BIVIO RIVANA,2.444
FERRARA,BOLOGNA CENTRALE,46.83
FERRARA,BONDENO,18.078
FERRARA,BRESCIA,162.117
FERRARA,CASTEL S PIETRO TERME,69.361
FERRARA,CASTELMAGGIORE,36.883
FERRARA,CATTOLICA S GIOVANNI GABICCE,140.739
FERRARA,CESENA,112.918
FERRARA,CODIGORO,53.213
FERRARA,DOGATO,28.365
FERRARA,FAENZA,79.356
FERRARA,FELONICA,27.854
FERRARA,FORLI,95.067
FERRARA,GAIBANELLA,9.793
FERRARA,IMOLA,80.383
FERRARA,LAVEZZOLA,40.624
FERRARA,MASI TORELLO,18.508
FERRARA,MASSAFISCAGLIA,43.356
FERRARA,MEZZANO,62.03
FERRARA,MIGLIARINO,34.652
FERRARA,MIGLIARO,39.772
FERRARA,MILANO CENTRALE,244.871
FERRARA,MONSELICE,52.943
FERRARA,MONTESANTO,16.986
FERRARA,NAPOLI CENTRALE,606.433
FERRARA,PADOVA,75.745
FERRARA,PEGOGNAGA,73.049
FERRARA,PESARO,155.84
FERRARA,POGGIO RENATICO,12.951
FERRARA,POGGIO RUSCO,47.225
FERRARA,PORTOMAGGIORE,23.413
FERRARA,QUARTESANA,13.802
FERRARA,QUISTELLO,59.262
FERRARA,RAVENNA,72.62
FERRARA,RHO,257.454
FERRARA,RIMINI,122.46
FERRARA,ROVIGO,31.996
FERRARA,S BENEDETTO PO,65.764
FERRARA,S GIORGIO PIANO,29.062
FERRARA,S PIETRO IN CASALE,22.951
FERRARA,SERMIDE,32.571
FERRARA,SUZZARA,81.4
FERRARA,VENEZIA MESTRE,104.244
FERRARA,VENEZIA S LUCIA,112.678
FERRARA,VIGARANO PIEVE,8.763
FIDENZA,ANCONA,316.446
FIDENZA,BERGAMO,120.351
FIDENZA,BOLOGNA CENTRALE,112.405
FIDENZA,BRESCIA,84.089
FIDENZA,BUSSETO,12.671
FIDENZA,CASTELVETRO,27.806
FIDENZA,CASTIONE DEI MARCHESI,5.867
FIDENZA,CREMONA,33.893
FIDENZA,GENOVA BRIGNOLE,172.604
FIDENZA,LIVORNO CENTRALE,195.74
FIDENZA,MASSA CENTRO,135.405
FIDENZA,MILANO CENTRALE,102.626
FIDENZA,MILANO LAMBRATE,98.828
FIDENZA,MILANO PORTA GARIBALDI,104.516
FIDENZA,MONTELLO GORLAGO,121.592
FIDENZA,PARMA,22.013
FIDENZA,PESARO,256.872
FIDENZA,PESCARA,462.419
FIDENZA,PIACENZA,35.069
FIDENZA,PISA CENTRALE,177.798
FIDENZA,REGGIO EMILIA,50.319
FIDENZA,RIMINI,223.492
FIDENZA,SALSOMAGGIORE TERME,9.03
FIDENZA,SARZANA,118.181
FIDENZA,STRADELLA,68.292
FIDENZA,VAIO OSPEDALE,3.43
FIDENZA,VILLANOVA D ARDA,19.761
FIDENZA,VOGHERA,93.464
FIERA,PALERMO CENTRALE,9.284
FIERA,PALERMO NOTARBARTOLO,2.733
FIERA ROMA,CIAMPINO,32.761
FIESOLE CALDINE,BORGO S LORENZO,25.865
FIESOLE CALDINE,FAENZA,92.199
FIESOLE CALDINE,FIRENZE CAMPO MARTE,7.288
FIESOLE CALDINE,FIRENZE S MARIA NOVELLA,8.465
FIGLINE VALDARNO,AREZZO,43.991
FIGLINE VALDARNO,FIRENZE CASTELLO,33.134
FIGLINE VALDARNO,FIRENZE S MARIA NOVELLA,29.654
FIGLINE VALDARNO,FOLIGNO,157.505
FIGLINE VALDARNO,MONTEVARCHI TERRANUOVA,12.962
FIGLINE VALDARNO,ORTE,169.377
FIGLINE VALDARNO,PERUGIA,117.925
FIGLINE VALDARNO,PISTOIA,61.202
FIGLINE VALDARNO,PRATO CENTRALE,44.148
FIGLINE VALDARNO,ROMA TERMINI,236.128
FIGLINE VALDARNO,ROMA TIBURTINA,231.623
FIGLINE VALDARNO,S GIOVANNI VALDARNO,7.534
FIGLINE VALDARNO,SPOLETO,182.625
FIGLINE VALDARNO,TERONTOLA CORTONA,75.305
FIGLINE VALDARNO,VERNIO MONTEPIANO CANTAGALLO,64.654
FILATTIERA,LA SPEZIA CENTRALE,34.246
FILATTIERA,PARMA,85.185
FILATTIERA,PISA CENTRALE,90.921
FINALE LIGURE MARINA,GENOVA BRIGNOLE,64.302
FINALE LIGURE MARINA,IMPERIA,41.843
FINALE LIGURE MARINA,MILANO CENTRALE,195.796
FINALE LIGURE MARINA,MILANO ROGOREDO,186.21
FINALE LIGURE MARINA,SAVONA,19.345
FINALE LIGURE MARINA,SESTRI LEVANTE,106.878
FINALE LIGURE MARINA,VENTIMIGLIA,80.192
FINO MORNASCO,COMO LAGO,10.255
FIORENTINA PIOMBINO,PISA CENTRALE,92.503
FIORENZUOLA,ANCONA,329.904
FIORENZUOLA,BOLOGNA CENTRALE,125.863
FIORENZUOLA,LIVORNO CENTRALE,209.198
FIORENZUOLA,PESARO,270.33
FIORENZUOLA,RIMINI,236.95
FIRENZE CAMPO MARTE,AREZZO,64.773
FIRENZE CAMPO MARTE,BATTIPAGLIA,530.58
FIRENZE CAMPO MARTE,BERGAMO,316.613
FIRENZE CAMPO MARTE,BOLOGNA CENTRALE,93.564
FIRENZE CAMPO MARTE,BOLOGNA CENTRALE/AV,93.551
FIRENZE CAMPO MARTE,BORGO S LORENZO,33.153
FIRENZE CAMPO MARTE,CAMPOMIGLIAIO,25.208
FIRENZE CAMPO MARTE,CESENA,133.049
FIRENZE CAMPO MARTE,CHIUSI CHIANCIANO TERME,114.777
FIRENZE CAMPO MARTE,FAENZA,99.487
FIRENZE CAMPO MARTE,FIESOLE CALDINE,7.288
FIRENZE CAMPO MARTE,FIGLINE VALDARNO,25.689
FIRENZE CAMPO MARTE,FIRENZE CASTELLO,7.445
FIRENZE CAMPO MARTE,FIRENZE RIFREDI,4.84
FIRENZE CAMPO MARTE,FIRENZE S MARIA NOVELLA,3.965
FIRENZE CAMPO MARTE,FOLIGNO,178.287
FIRENZE CAMPO MARTE,FROSINONE,334.324
FIRENZE CAMPO MARTE,GENOVA PIAZZA PRINCIPE,240.949
FIRENZE CAMPO MARTE,INCISA,27.671
FIRENZE CAMPO MARTE,LECCE,845.78
FIRENZE CAMPO MARTE,LIVORNO CENTRALE,98.623
FIRENZE CAMPO MARTE,MILANO CENTRALE,308.245
FIRENZE CAMPO MARTE,MONTECATINI TERME MONSUMMANO,48.488
FIRENZE CAMPO MARTE,MONTEVARCHI TERRANUOVA,38.651
FIRENZE CAMPO MARTE,MONZA,316.918
FIRENZE CAMPO MARTE,NAPOLI CENTRALE,466.361
FIRENZE CAMPO MARTE,NOCERA INFERIORE,500.704
FIRENZE CAMPO MARTE,ORTE,190.159
FIRENZE CAMPO MARTE,PARMA,183.943
FIRENZE CAMPO MARTE,PIACENZA,241.025
FIRENZE CAMPO MARTE,PIANORO,82.775
FIRENZE CAMPO MARTE,PISTOIA,35.513
FIRENZE CAMPO MARTE,PM ROVEZZANO,3.767
FIRENZE CAMPO MARTE,PONTASSIEVE,15.633
FIRENZE CAMPO MARTE,PRATO CENTRALE,18.459
FIRENZE CAMPO MARTE,REGGIO CALABRIA CENTRALE,904.77
FIRENZE CAMPO MARTE,REGGIO EMILIA AV MEDIOPADANA,157.032
FIRENZE CAMPO MARTE,RHO,319.728
FIRENZE CAMPO MARTE,RHO FIERA,315.999
FIRENZE CAMPO MARTE,RIMINI,161.467
FIRENZE CAMPO MARTE,ROMA OSTIENSE,259.772
FIRENZE CAMPO MARTE,ROMA S PIETRO,264.61
FIRENZE CAMPO MARTE,ROMA TERMINI,256.91
FIRENZE CAMPO MARTE,ROMA TIBURTINA,252.405
FIRENZE CAMPO MARTE,S GIOVANNI VALDARNO,33.223
FIRENZE CAMPO MARTE,S PIERO A SIEVE,28.391
FIRENZE CAMPO MARTE,SALERNO,510.877
FIRENZE CAMPO MARTE,SARZANA,139.301
FIRENZE CAMPO MARTE,SIENA,95.633
FIRENZE CAMPO MARTE,SPOLETO,203.407
FIRENZE CAMPO MARTE,TARANTO,772.17
FIRENZE CAMPO MARTE,TARVISIO BOSCOVERDE,458.56
FIRENZE CAMPO MARTE,TERNI,217.685
FIRENZE CAMPO MARTE,TERONTOLA CORTONA,96.087
FIRENZE CAMPO MARTE,TORINO PORTA NUOVA,399.867
FIRENZE CAMPO MARTE,TREVIGLIO,304.425
FIRENZE CAMPO MARTE,TRIESTE CENTRALE,402.229
FIRENZE CAMPO MARTE,UDINE,369.77
FIRENZE CAMPO MARTE,VAGLIA,21.273
FIRENZE CAMPO MARTE,VAIANO,28.587
FIRENZE CAMPO MARTE,VENEZIA MESTRE,244.316
FIRENZE CAMPO MARTE,VENEZIA S LUCIA,252.75
FIRENZE CAMPO MARTE,VERNIO MONTEPIANO CANTAGALLO,38.965
FIRENZE CAMPO MARTE,VERONA PORTA NUOVA,208.403
FIRENZE CASTELLO,AREZZO,72.218
FIRENZE CASTELLO,CHIUSI CHIANCIANO TERME,122.222
FIRENZE CASTELLO,EMPOLI,27.525
FIRENZE CASTELLO,FIGLINE VALDARNO,33.134
FIRENZE CASTELLO,FIRENZE CAMPO MARTE,7.445
FIRENZE CASTELLO,FIRENZE S MARIA NOVELLA,5.372
FIRENZE CASTELLO,LUCCA,71.923
FIRENZE CASTELLO,MONTECATINI TERME MONSUMMANO,41.043
FIRENZE CASTELLO,MONTEVARCHI TERRANUOVA,46.096
FIRENZE CASTELLO,PISA CENTRALE,74.586
FIRENZE CASTELLO,PISTOIA,28.068
FIRENZE CASTELLO,PONTASSIEVE,23.078
FIRENZE CASTELLO,PRATO CENTRALE,11.014
FIRENZE CASTELLO,VIAREGGIO,94.933
FIRENZE RIFREDI,AREZZO,69.613
FIRENZE RIFREDI,AULLA LUNIGIANA,152.361
FIRENZE RIFREDI,BARDONECCHIA,477.811
FIRENZE RIFREDI,BOLOGNA CENTRALE,88.724
FIRENZE RIFREDI,BOLZANO,345.344
FIRENZE RIFREDI,BORGO VAL TARO,190.302
FIRENZE RIFREDI,CAMPIGLIA MARITTIMA,160.5
FIRENZE RIFREDI,CHIUSI CHIANCIANO TERME,119.617
FIRENZE RIFREDI,EMPOLI,27.783
FIRENZE RIFREDI,FIGLINE VALDARNO,30.529
FIRENZE RIFREDI,FIRENZE CAMPO MARTE,4.84
FIRENZE RIFREDI,FIRENZE S MARIA NOVELLA,2.767
FIRENZE RIFREDI,GORIZIA CENTRALE,386.952
FIRENZE RIFREDI,INCISA,32.511
FIRENZE RIFREDI,LA SPEZIA CENTRALE,149.428
FIRENZE RIFREDI,LIVORNO CENTRALE,93.783
FIRENZE RIFREDI,LUCCA,74.528
FIRENZE RIFREDI,MILANO CENTRALE,303.405
FIRENZE RIFREDI,MONTECATINI TERME MONSUMMANO,43.648
FIRENZE RIFREDI,MONTEVARCHI TERRANUOVA,43.491
FIRENZE RIFREDI,PESCIA,51.421
FIRENZE RIFREDI,PISA CENTRALE,74.844
FIRENZE RIFREDI,PISA/BINARI PISA S ROSSORE,77.099
FIRENZE RIFREDI,PISTOIA,30.673
FIRENZE RIFREDI,PM/PDE S PELLEGRINO,41.067
FIRENZE RIFREDI,POGGIBONSI S GIMIGNANO,65.652
FIRENZE RIFREDI,PONTASSIEVE,20.473
FIRENZE RIFREDI,PONTREMOLI,172.372
FIRENZE RIFREDI,PRATO CENTRALE,13.619
FIRENZE RIFREDI,ROMA TERMINI,261.75
FIRENZE RIFREDI,S GIOVANNI VALDARNO,38.063
FIRENZE RIFREDI,SARZANA,134.461
FIRENZE RIFREDI,SIENA,90.793
FIRENZE RIFREDI,TORINO PORTA NUOVA,395.027
FIRENZE RIFREDI,TRIESTE CENTRALE,397.389
FIRENZE RIFREDI,VENEZIA S LUCIA,247.91
FIRENZE RIFREDI,VERNIO MONTEPIANO CANTAGALLO,34.125
FIRENZE RIFREDI,VIAREGGIO,97.056
FIRENZE S MARIA NOVELLA,ALBINIA,225.425
FIRENZE S MARIA NOVELLA,ALTOPASCIO,63.324
FIRENZE S MARIA NOVELLA,ANCONA,255.598
FIRENZE S MARIA NOVELLA,AREZZO,68.738
FIRENZE S MARIA NOVELLA,ASSISI,166.613
FIRENZE S MARIA NOVELLA,AULLA LUNIGIANA,155.128
FIRENZE S MARIA NOVELLA,BADESSE,85.604
FIRENZE S MARIA NOVELLA,BARDONECCHIA,480.578
FIRENZE S MARIA NOVELLA,BARI CENTRALE,697.67
FIRENZE S MARIA NOVELLA,BERGAMO,314.54
FIRENZE S MARIA NOVELLA,BOLOGNA CENTRALE,91.491
FIRENZE S MARIA NOVELLA,BOLOGNA S RUFFILLO,85.117
FIRENZE S MARIA NOVELLA,BOLZANO,348.111
FIRENZE S MARIA NOVELLA,BORGO A BUGGIANO,50.535
FIRENZE S MARIA NOVELLA,BORGO S LORENZO,34.33
FIRENZE S MARIA NOVELLA,BORGO VAL TARO,193.069
FIRENZE S MARIA NOVELLA,BRENNERO,436.903
FIRENZE S MARIA NOVELLA,BRESCIA,265.813
FIRENZE S MARIA NOVELLA,BRISIGHELLA,87.65
FIRENZE S MARIA NOVELLA,BUCINE,50.336
FIRENZE S MARIA NOVELLA,CAMPIGLIA MARITTIMA,163.267
FIRENZE S MARIA NOVELLA,CAMPOMIGLIAIO,26.385
FIRENZE S MARIA NOVELLA,CAMUCIA CORTONA,93.697
FIRENZE S MARIA NOVELLA,CASCINA,65.079
FIRENZE S MARIA NOVELLA,CASTELFIORENTINO,46.799
FIRENZE S MARIA NOVELLA,CASTELLINA IN CHIANTI MONTERIGGIONI,79.327
FIRENZE S MARIA NOVELLA,CASTIGLION FIORENTINO,83.176
FIRENZE S MARIA NOVELLA,CECINA,128.427
FIRENZE S MARIA NOVELLA,CERTALDO,55.408
FIRENZE S MARIA NOVELLA,CHIUSI CHIANCIANO TERME,118.742
FIRENZE S MARIA NOVELLA,COMPIOBBI,11.988
FIRENZE S MARIA NOVELLA,CONEGLIANO,288.985
FIRENZE S MARIA NOVELLA,CONTEA LONDA,34.243
FIRENZE S MARIA NOVELLA,CORBEZZI,50.944
FIRENZE S MARIA NOVELLA,CRESPINO DEL LAMONE,56.077
FIRENZE S MARIA NOVELLA,DICOMANO,37.69
FIRENZE S MARIA NOVELLA,ELLERA CORCIANO,132.636
FIRENZE S MARIA NOVELLA,EMPOLI,30.55
FIRENZE S MARIA NOVELLA,FAENZA,100.664
FIRENZE S MARIA NOVELLA,FIESOLE CALDINE,8.465
FIRENZE S MARIA NOVELLA,FIGLINE VALDARNO,29.654
FIRENZE S MARIA NOVELLA,FIRENZE CAMPO MARTE,3.965
FIRENZE S MARIA NOVELLA,FIRENZE CASTELLO,5.372
FIRENZE S MARIA NOVELLA,FIRENZE RIFREDI,2.767
FIRENZE S MARIA NOVELLA,FIUMICINO AEROPORTO,288.451
FIRENZE S MARIA NOVELLA,FOLIGNO,182.252
FIRENZE S MARIA NOVELLA,FOLLONICA,180.469
FIRENZE S MARIA NOVELLA,FORTE DEI MARMI SERAVEZZA QUERCETA,112.832
FIRENZE S MARIA NOVELLA,GAVORRANO,195.36
FIRENZE S MARIA NOVELLA,GORIZIA CENTRALE,389.719
FIRENZE S MARIA NOVELLA,GRANAIOLO,41.088
FIRENZE S MARIA NOVELLA,GROSSETO,194.202
FIRENZE S MARIA NOVELLA,INCISA,31.636
FIRENZE S MARIA NOVELLA,LA SPEZIA CENTRALE,152.195
FIRENZE S MARIA NOVELLA,LECCE,846.957
FIRENZE S MARIA NOVELLA,LIVORNO CENTRALE,96.55
FIRENZE S MARIA NOVELLA,LUCCA,77.295
FIRENZE S MARIA NOVELLA,MAGIONE,121.373
FIRENZE S MARIA NOVELLA,MARRADI PALAZZUOLO SUL SENIO,66.334
FIRENZE S MARIA NOVELLA,MASSA CENTRO,120.004
FIRENZE S MARIA NOVELLA,MASSA ZONA INDUSTRIALE,123.172
FIRENZE S MARIA NOVELLA,MASSAROSA BOZZANO,91.526
FIRENZE S MARIA NOVELLA,MILANO CENTRALE,306.172
FIRENZE S MARIA NOVELLA,MONTALE AGLIANA,25.556
FIRENZE S MARIA NOVELLA,MONTECARLO S SALVATORE,58.67
FIRENZE S MARIA NOVELLA,MONTECATINI CENTRO,47.242
FIRENZE S MARIA NOVELLA,MONTECATINI TERME MONSUMMANO,46.415
FIRENZE S MARIA NOVELLA,MONTEVARCHI TERRANUOVA,42.616
FIRENZE S MARIA NOVELLA,NAPOLI CENTRALE,470.326
FIRENZE S MARIA NOVELLA,NAVACCHIO,69.966
FIRENZE S MARIA NOVELLA,ORBETELLO MONTE ARGENTARIO,231.923
FIRENZE S MARIA NOVELLA,ORTE,194.124
FIRENZE S MARIA NOVELLA,ORVIETO,153.002
FIRENZE S MARIA NOVELLA,PARMA,181.87
FIRENZE S MARIA NOVELLA,PASSIGNANO SUL TRASIMENO,112.045
FIRENZE S MARIA NOVELLA,PC CAPENA,229.261
FIRENZE S MARIA NOVELLA,PERUGIA,142.672
FIRENZE S MARIA NOVELLA,PERUGIA PONTE S GIOVANNI,153.919
FIRENZE S MARIA NOVELLA,PESCIA,54.188
FIRENZE S MARIA NOVELLA,PIETRASANTA,109.379
FIRENZE S MARIA NOVELLA,PIOMBINO MARITTIMA,177.276
FIRENZE S MARIA NOVELLA,PISA CENTRALE,77.611
FIRENZE S MARIA NOVELLA,PISA/BINARI PISA S ROSSORE,79.866
FIRENZE S MARIA NOVELLA,PISTOIA,33.44
FIRENZE S MARIA NOVELLA,PM ROVEZZANO,7.732
FIRENZE S MARIA NOVELLA,PM/PDE S PELLEGRINO,43.834
FIRENZE S MARIA NOVELLA,POGGIBONSI S GIMIGNANO,68.419
FIRENZE S MARIA NOVELLA,PONTASSIEVE,19.598
FIRENZE S MARIA NOVELLA,PONTE A ELSA,35.259
FIRENZE S MARIA NOVELLA,PONTEDERA CASCIANA TERME,58.189
FIRENZE S MARIA NOVELLA,PONTICINO,60.512
FIRENZE S MARIA NOVELLA,PONTREMOLI,175.139
FIRENZE S MARIA NOVELLA,PORCARI,68.177
FIRENZE S MARIA NOVELLA,PORRETTA TERME,73.234
FIRENZE S MARIA NOVELLA,PRATO CENTRALE,16.386
FIRENZE S MARIA NOVELLA,RAVENNA,134.073
FIRENZE S MARIA NOVELLA,RHO,317.655
FIRENZE S MARIA NOVELLA,RIGNANO SULL ARNO REGGELLO,27.799
FIRENZE S MARIA NOVELLA,RIGOLI,88.992
FIRENZE S MARIA NOVELLA,RIMINI,162.644
FIRENZE S MARIA NOVELLA,ROMA TERMINI,260.875
FIRENZE S MARIA NOVELLA,ROMA TIBURTINA,256.37
FIRENZE S MARIA NOVELLA,RONTA,43.153
FIRENZE S MARIA NOVELLA,RUFINA,27.106
FIRENZE S MARIA NOVELLA,RUSSI,117.716
FIRENZE S MARIA NOVELLA,S CASSIANO,75.66
FIRENZE S MARIA NOVELLA,S ELLERO,24.683
FIRENZE S MARIA NOVELLA,S GIOVANNI VALDARNO,37.188
FIRENZE S MARIA NOVELLA,S GIULIANO TERME,85.877
FIRENZE S MARIA NOVELLA,S PIERO A SIEVE,29.568
FIRENZE S MARIA NOVELLA,S ROMANO MONTOPOLI S CROCE,46.083
FIRENZE S MARIA NOVELLA,S STEFANO MAGRA,146.094
FIRENZE S MARIA NOVELLA,S VINCENZO,152.666
FIRENZE S MARIA NOVELLA,SARZANA,137.228
FIRENZE S MARIA NOVELLA,SERRAVALLE PISTOIESE,38.938
FIRENZE S MARIA NOVELLA,SESTRI LEVANTE,193.661
FIRENZE S MARIA NOVELLA,SIENA,93.56
FIRENZE S MARIA NOVELLA,SPELLO,177.348
FIRENZE S MARIA NOVELLA,SPOLETO,207.372
FIRENZE S MARIA NOVELLA,TARVISIO BOSCOVERDE,456.487
FIRENZE S MARIA NOVELLA,TASSIGNANO CAPANNORI,72.11
FIRENZE S MARIA NOVELLA,TERNI,221.65
FIRENZE S MARIA NOVELLA,TERONTOLA CORTONA,100.052
FIRENZE S MARIA NOVELLA,TORINO LINGOTTO,393.476
FIRENZE S MARIA NOVELLA,TORINO PORTA NUOVA,397.794
FIRENZE S MARIA NOVELLA,TORRE DEL LAGO PUCCINI,93.747
FIRENZE S MARIA NOVELLA,TRIESTE CENTRALE,400.156
FIRENZE S MARIA NOVELLA,VADA,122.5
FIRENZE S MARIA NOVELLA,VAGLIA,22.45
FIRENZE S MARIA NOVELLA,VENEZIA S LUCIA,250.677
FIRENZE S MARIA NOVELLA,VENTIMIGLIA,380.731
FIRENZE S MARIA NOVELLA,VERNIO MONTEPIANO CANTAGALLO,36.892
FIRENZE S MARIA NOVELLA,VERONA PORTA NUOVA,206.33
FIRENZE S MARIA NOVELLA,VERONA PORTA VESCOVO,208.58
FIRENZE S MARIA NOVELLA,VEZZANO LIGURE,144.629
FIRENZE S MARIA NOVELLA,VIAREGGIO,99.823
FIRENZE S MARIA NOVELLA,VICCHIO,41.376
FIRENZE S MARIA NOVELLA,VICENZA,241.349
FISCIANO,SALERNO,13.953
FISCIANO,SALERNO IRNO,12.546
FIUMEFREDDO SICILIA,AUGUSTA,94.071
FIUMEFREDDO SICILIA,BICOCCA,45.46
FIUMEFREDDO SICILIA,CATANIA ACQUICELLA,40.915
FIUMEFREDDO SICILIA,CATANIA AEROPORTO FONTANAROSSA,43.225
FIUMEFREDDO SICILIA,CATANIA CENTRALE,38.033
FIUMEFREDDO SICILIA,GIARRE RIPOSTO,8.222
FIUMEFREDDO SICILIA,LENTINI,66.574
FIUMEFREDDO SICILIA,PRIOLO MELILLI,107.354
FIUMEFREDDO SICILIA,SIRACUSA,120.987
FIUMETORTO,PALERMO CENTRALE,43.219
FIUMICINO AEROPORTO,CIVITA CASTELLANA MAGLIANO,97.154
FIUMICINO AEROPORTO,FARA SABINA MONTELIBRETTI,64.547
FIUMICINO AEROPORTO,FIDENE,40.189
FIUMICINO AEROPORTO,FIERA ROMA,6.848
FIUMICINO AEROPORTO,MONTEROTONDO MENTANA,52.999
FIUMICINO AEROPORTO,NAPOLI CENTRALE,239.592
FIUMICINO AEROPORTO,NUOVO SALARIO,37.669
FIUMICINO AEROPORTO,ORTE,108.977
FIUMICINO AEROPORTO,PARCO LEONARDO,4.571
FIUMICINO AEROPORTO,PIANA BELLA MONTELIBRETTI,58.517
FIUMICINO AEROPORTO,POGGIO MIRTETO,75.938
FIUMICINO AEROPORTO,PONTE GALERIA,9.186
FIUMICINO AEROPORTO,ROMA NOMENTANA LL,34.734
FIUMICINO AEROPORTO,ROMA OSTIENSE,24.714
FIUMICINO AEROPORTO,ROMA TERMINI,31.406
FIUMICINO AEROPORTO,ROMA TIBURTINA,32.081
FIUMICINO AEROPORTO,ROMA TUSCOLANA,28.324
FIUMICINO AEROPORTO,VENEZIA MESTRE,528.802
FIUMICINO AEROPORTO,VENEZIA S LUCIA,537.236
FIUMICINO AEROPORTO,VILLA BONELLI,19.931
FOGGIA,ANCONA,319.483
FOGGIA,ASCOLI SATRIANO,30.487
FOGGIA,AVIGLIANO LUCANIA,104.32
FOGGIA,BARI CENTRALE,122.589
FOGGIA,BARI S SPIRITO,111.047
FOGGIA,BARLETTA,67.892
FOGGIA,BOLZANO,779.312
FOGGIA,CAMPOMARINO,77.2
FOGGIA,CANDELA S AGATA PUGLIA,38.35
FOGGIA,CASTEL LAGOPESOLE,94.469
FOGGIA,CERIGNOLA CAMPAGNA,34.265
FOGGIA,CHIEUTI SERRACAPRIOLA,66.751
FOGGIA,FOLIGNO,429.567
FOGGIA,FORENZA,83.044
FOGGIA,GIOIA DEL COLLE,168.307
FOGGIA,GIOVINAZZO,104.163
FOGGIA,INCORONATA,10.282
FOGGIA,LECCE,271.876
FOGGIA,LEONESSA,55.506
FOGGIA,LIVORNO CALAMBRONE,667.938
FOGGIA,MANFREDONIA,35.684
FOGGIA,MELFI,65.457
FOGGIA,MILANO CENTRALE,738.226
FOGGIA,NAPOLI CENTRALE,196.48
FOGGIA,NOVARA,785.34
FOGGIA,ORDONA,18.177
FOGGIA,ORTANOVA,19.634
FOGGIA,PESCARA,173.51
FOGGIA,PIETRAGALLA,99.715
FOGGIA,PM CERVARO,7.923
FOGGIA,POTENZA CENTRALE,118.329
FOGGIA,RIMINI,412.437
FOGGIA,ROCCHETTA S ANTONIO LACEDONIA,49.294
FOGGIA,ROMA TERMINI,360.508
FOGGIA,S SEVERO,28.448
FOGGIA,TARANTO,222.606
FOGGIA,TERMOLI,84.042
FOGGIA,TORINO PORTA NUOVA,857.586
FOGGIA,TRANI,80.486
FOGGIA,TRINITAPOLI S FERDINANDO PUGLIA,51.665
FOGGIA,VENEZIA S LUCIA,647.575
FOLIGNO,ANCONA,128.193
FOLIGNO,AREZZO,116.832
FOLIGNO,ASSISI,15.639
FOLIGNO,BASTIA,19.026
FOLIGNO,BOLOGNA CENTRALE,271.851
FOLIGNO,CASTELPLANIO CUPRAMONTANA,86.724
FOLIGNO,ELLERA CORCIANO,49.616
FOLIGNO,FABRIANO,57.932
FOLIGNO,FALCONARA MARITTIMA,119.496
FOLIGNO,FIGLINE VALDARNO,157.505
FOLIGNO,FIRENZE CAMPO MARTE,178.287
FOLIGNO,FIRENZE S MARIA NOVELLA,182.252
FOLIGNO,FOSSATO VICO GUBBIO,41.758
FOLIGNO,GAIFANA,28.825
FOLIGNO,GENGA S VITTORE TERME,73.58
FOLIGNO,GUALDO TADINO,35.922
FOLIGNO,JESI,101.47
FOLIGNO,MAGIONE,60.879
FOLIGNO,MILANO CENTRALE,486.532
FOLIGNO,MILANO CERTOSA,490.192
FOLIGNO,MILANO ROGOREDO,476.946
FOLIGNO,MODENA,308.77
FOLIGNO,MONTEVARCHI TERRANUOVA,144.543
FOLIGNO,NOCERA UMBRA,18.63
FOLIGNO,NOLA INTERPORTO,373.377
FOLIGNO,ORTE,81.876
FOLIGNO,ORVIETO,123.125
FOLIGNO,PASSIGNANO SUL TRASIMENO,70.207
FOLIGNO,PERUGIA,39.58
FOLIGNO,PERUGIA CAPITINI,43.763
FOLIGNO,PERUGIA PONTE S GIOVANNI,28.333
FOLIGNO,PESARO,170.373
FOLIGNO,PISA BINARI FM CAMPALDO,261.023
FOLIGNO,PM ROVEZZANO,174.52
FOLIGNO,PONTASSIEVE,177.215
FOLIGNO,ROMA TERMINI,163.277
FOLIGNO,ROMA TIBURTINA,158.772
FOLIGNO,S GIOVANNI VALDARNO,149.971
FOLIGNO,SPELLO,4.904
FOLIGNO,SPOLETO,25.12
FOLIGNO,TERNI,54.35
FOLIGNO,TERONTOLA CORTONA,82.2
FOLIGNO,TREVI,8.885
FOLIGNO,TRIESTE CENTRALE,580.516
FOLLONICA,FIRENZE S MARIA NOVELLA,180.469
FOLLONICA,GROSSETO,41.906
FOLLONICA,MILANO CENTRALE,383.282
FOLLONICA,PISA CENTRALE,102.858
FOLLONICA,ROMA TERMINI,226.433
FONDI SPERLONGA,ROMA TERMINI,109.616
FONTANETTO PO,ALESSANDRIA,57.065
FONTANETTO PO,CHIVASSO,24.061
FORENZA,POTENZA CENTRALE,35.285
FORLI,ANCONA,139.223
FORLI,BOLOGNA CENTRALE,64.818
FORLI,IMOLA,30.717
FORLI,LECCE,730.582
FORLI,PARMA,155.21
FORLI,PESARO,79.649
FORLI,PIACENZA,212.292
FORLI,RIMINI,46.269
FORLI,S BENEDETTO DEL TRONTO,223.716
FORMIA GAETA,AVERSA,66.26
FORMIA GAETA,CAMPOLEONE,94.923
FORMIA GAETA,CISTERNA LATINA,78.643
FORMIA GAETA,LATINA,67.405
FORMIA GAETA,MINTURNO SCAURI,10.055
FORMIA GAETA,MONTE S BIAGIO TERRACINA MARE,25.522
FORMIA GAETA,NAPOLI CENTRALE,85.481
FORMIA GAETA,POMEZIA S PALOMBA,104.473
FORMIA GAETA,PRIVERNO FOSSANOVA,43.032
FORMIA GAETA,ROMA OSTIENSE,129.397
FORMIA GAETA,ROMA TERMINI,128.423
FORMIA GAETA,ROMA TIBURTINA,128.475
FORMIA GAETA,SESSA AURUNCA ROCCAMONFINA,25.033
FORMIA GAETA,SESTRI LEVANTE,568.046
FORMIA GAETA,TARANTO,395.928
FORMIA GAETA,VILLA LITERNO,51.925
FORMIGINE,MODENA,13.191
FORMIGINE,SASSUOLO TERMINAL,6.112
FORNACI BARGA,AULLA LUNIGIANA,57.992
FORNACI BARGA,BAGNI LUCCA,8.626
FORNACI BARGA,DIECIMO PESCAGLIA,15.514
FORNACI BARGA,LUCCA,31.931
FORNACI BARGA,MINUCCIANO PIEVE CASOLA,33.786
FORNACI BARGA,PISA CENTRALE,55.01
FORNACI BARGA,S GIULIANO TERME,46.744
FORNACI BARGA,S PIETRO A VICO,26.698
FORNACI BARGA,VIAREGGIO,54.941
FORNOVO,BERGAMO,145.062
FORNOVO,CREMONA,58.604
FORNOVO,LA SPEZIA CENTRALE,96.412
FORNOVO,LIVORNO CENTRALE,171.029
FORNOVO,PARMA,23.019
FORNOVO,PISA CENTRALE,153.087
FORNOVO,PONTREMOLI,55.559
FORNOVO,VIAREGGIO,130.875
FORTE DEI MARMI SERAVEZZA QUERCETA,BORGO VAL TARO,80.237
FORTE DEI MARMI SERAVEZZA QUERCETA,FIRENZE S MARIA NOVELLA,112.832
FORTE DEI MARMI SERAVEZZA QUERCETA,LA SPEZIA CENTRALE,39.363
FORTE DEI MARMI SERAVEZZA QUERCETA,PISA CENTRALE,35.221
FORTE DEI MARMI SERAVEZZA QUERCETA,VEZZANO LIGURE,31.797
FORTEZZA,BOLOGNA CENTRALE,305.241
FORTEZZA,BOLZANO,48.621
FORTEZZA,BRENNERO,40.171
FORTEZZA,BRUNICO,32.414
FORTEZZA,CASTELDARNE,23.671
FORTEZZA,DOBBIACO,60.689
FORTEZZA,LANA POSTAL,73.089
FORTEZZA,MAGRE CORTACCIA,74.426
FORTEZZA,MERANO,81.582
FORTEZZA,MILANO CENTRALE,337.111
FORTEZZA,MONGUELFO VALLE CASIES,50.868
FORTEZZA,PONTE D ADIGE,55.378
FORTEZZA,RIO PUSTERIA,8.072
FORTEZZA,ROMA TERMINI,655.715
FORTEZZA,S CANDIDO,64.481
FORTEZZA,TRENTO,104.06
FORTEZZA,VALDAORA ANTERSELVA,43.916
FORTEZZA,VERONA PORTA NUOVA,194.743
FOSSACESIA TORINO SANGRO,CASTELLALTO CANZANO,93.581
FOSSACESIA TORINO SANGRO,PESCARA,38.41
FOSSACESIA TORINO SANGRO,TERMOLI,51.058
FOSSANO,BORGO S DALMAZZO,33.717
FOSSANO,CARMAGNOLA,35.042
FOSSANO,CAVALLERMAGGIORE,18.913
FOSSANO,CENGIO,54.757
FOSSANO,CENTALLO,11.942
FOSSANO,CEVA,38.156
FOSSANO,CHIVASSO,88.305
FOSSANO,CIRIE,87.944
FOSSANO,CUNEO,25.139
FOSSANO,GERMAGNANO,100.307
FOSSANO,LIMONE,53.467
FOSSANO,MATHI,93.555
FOSSANO,MONCALIERI,55.431
FOSSANO,MONDOVI,18.985
FOSSANO,RACCONIGI,25.962
FOSSANO,ROBILANTE,38.216
FOSSANO,S GIUSEPPE CAIRO,63.509
FOSSANO,S MAURIZIO CANAVESE,85.274
FOSSANO,SALE LANGHE,43.762
FOSSANO,SAVIGLIANO,12.157
FOSSANO,SAVONA,83.802
FOSSANO,TORINO AEROPORTO CASELLE,82.198
FOSSANO,TORINO LINGOTTO,59.123
FOSSANO,TORINO PORTA NUOVA,63.441
FOSSANO,TORINO PORTA SUSA,64.973
FOSSANO,TORINO REBAUDENGO FOSSATA,68.482
FOSSANO,TORINO STURA,71.965
FOSSANO,TROFARELLO,50.411
FOSSANO,VENARIA REALE REGGIA,74.848
FOSSANO,VENTIMIGLIA,183.339
FOSSANO,VERNANTE,44.636
FOSSATO VICO GUBBIO,ANCONA,86.435
FOSSATO VICO GUBBIO,ROMA TERMINI,205.035
FRANCAVILLA AL MARE,GIULIANOVA,46.742
FRANCAVILLA AL MARE,MILANO CENTRALE,573.844
FRANCAVILLA AL MARE,PESCARA,9.128
FRANCAVILLA AL MARE,TERAMO,71.819
FRASCATI,CAPANNELLE,13.602
FRASCATI,CIAMPINO,9.663
FRASCATI,ROMA OSTIENSE,24.558
FRASCATI,ROMA TERMINI,23.584
FRASCATI,ROMA TIBURTINA,23.636
FRASCATI,ROMA TUSCOLANA,20.948
FRATTE,MERCATO S SEVERINO,14.207
FRATTE,SALERNO,3.42
FROSINONE,ANAGNI FIUGGI,22.973
FROSINONE,BOLOGNA CENTRALE,427.888
FROSINONE,CASERTA,121.675
FROSINONE,CASSINO,52.503
FROSINONE,CIAMPINO,71.558
FROSINONE,COLLEFERRO SEGNI PALIANO,31.891
FROSINONE,MILANO CENTRALE,642.569
FROSINONE,MOROLO,13.333
FROSINONE,PISA CENTRALE,409.052
FROSINONE,ROMA TERMINI,83.234
FROSINONE,ROMA TIBURTINA,81.919
FROSINONE,ROMA TUSCOLANA,82.843
FROSINONE,VALMONTONE,39.924
FROSINONE,ZAGAROLO,50.627
GAIBANELLA,ARGENTA,23.325
GAIBANELLA,RAVENNA,62.827
GALATI,CATANIA CENTRALE,84.592
GALLARATE,ALASSIO,247.919
GALLARATE,ARONA,25.628
GALLARATE,BESOZZO,23.596
GALLARATE,BOLOGNA CENTRALE,252.296
GALLARATE,BUSTO ARSIZIO,7.101
GALLARATE,BUSTO ARSIZIO NORD,9.74
GALLARATE,CASSANO D ADDA,66.252
GALLARATE,COMO S GIOVANNI,60.342
GALLARATE,DOMODOSSOLA,81.186
GALLARATE,FINALE LIGURE MARINA,223.78
GALLARATE,IMPERIA,265.623
GALLARATE,LAVENO MOMBELLO,31.233
GALLARATE,LUINO,45.798
GALLARATE,MILANO BOVISA,37.311
GALLARATE,MILANO CENTRALE,42.46
GALLARATE,MILANO CERTOSA,33.934
GALLARATE,MILANO LAMBRATE,42.906
GALLARATE,MILANO PORTA GARIBALDI,38.683
GALLARATE,MILANO ROGOREDO,47.18
GALLARATE,MORNAGO CIMBRO,9.517
GALLARATE,PARABIAGO,17.096
GALLARATE,PIOLTELLO LIMITO,51.41
GALLARATE,PORTO CERESIO,32.808
GALLARATE,PORTO VALTRAVAGLIA,38.959
GALLARATE,PREMOSELLO CHIOVENDA,65.644
GALLARATE,RESCALDINA,13.623
GALLARATE,RHO,26.111
GALLARATE,SAVONA,204.435
GALLARATE,TERNATE VARANO BORGHI,15.965
GALLARATE,TREVIGLIO,72.163
GALLARATE,VARESE,18.568
GALLARATE,VENTIMIGLIA,303.972
GALLITELLO,TRAPANI,100.827
GARBAGNATE MILANESE,GARBAGNATE PARCO DELLE GROANE,1.292
GARBAGNATE MILANESE,LOCATE TRIULZI,30.406
GARBAGNATE MILANESE,MILANO BOVISA,10.623
GARBAGNATE MILANESE,MILANO ROGOREDO,22.198
GARBAGNATE MILANESE,PAVIA,50.801
GARGAZZONE,BOLZANO,20.654
GARGAZZONE,BRENNERO,109.446
GARGAZZONE,MERANO,12.307
GARLASCO,MORTARA,16.915
GARLASCO,PAVIA,20.489
GARLASCO,VERCELLI,44.43
GAVORRANO,FIRENZE S MARIA NOVELLA,195.36
GAVORRANO,PISA CENTRALE,117.749
GAZZADA SCHIANNO MORAZZONE,VARESE,4.428
GAZZO BIGARELLO,MONSELICE,71.789
GAZZO PIEVE S GIACOMO,CREMONA,13.628
GAZZO PIEVE S GIACOMO,MILANO LAMBRATE,96.538
GELA,AVOLA,155.614
GELA,CALTANISSETTA CENTRALE,110.779
GELA,CALTANISSETTA XIRBI,117.113
GELA,CASSIBILE,164.702
GELA,DONNAFUGATA,50.585
GELA,ISPICA,128.007
GELA,MODICA,89.658
GELA,NOTO,149.115
GELA,RAGUSA,70.113
GELA,RAGUSA IBLA,78.894
GELA,ROSOLINI,133.617
GELA,SAMPIERI,109.643
GELA,SCICLI,99.366
GELA,SIRACUSA,181.356
GELA,VITTORIA,29.137
GEMONA DEL FRIULI,GORIZIA CENTRALE,59.591
GEMONA DEL FRIULI,PORDENONE,76.972
GEMONA DEL FRIULI,SACILE,89.811
GEMONA DEL FRIULI,TREVISO CENTRALE,133.864
GEMONA DEL FRIULI,TRIESTE CENTRALE,100.207
GEMONA DEL FRIULI,UDINE,28.199
GEMONA DEL FRIULI,VENEZIA S LUCIA,163.206
GENGA S VITTORE TERME,ANCONA,54.613
GENOVA ACQUASANTA,ACQUI TERME,40.094
GENOVA ACQUASANTA,GENOVA BRIGNOLE,20.405
GENOVA ACQUASANTA,GENOVA SAMPIERDARENA,14.697
GENOVA BOLZANETO,ARQUATA SCRIVIA,30.219
GENOVA BOLZANETO,BUSALLA,14.482
GENOVA BOLZANETO,GENOVA BRIGNOLE,9.0
GENOVA BOLZANETO,NOVI LIGURE,41.668
GENOVA BOLZANETO,PIACENZA,129.328
GENOVA BOLZANETO,RIMINI,387.889
GENOVA BORZOLI,ACQUI TERME,50.361
GENOVA BORZOLI,GENOVA BRIGNOLE,10.138
GENOVA BORZOLI,GENOVA PIAZZA PRINCIPE,7.499
GENOVA BORZOLI,PRASCO CREMOLINO,43.426
GENOVA BRIGNOLE,ACQUI TERME,60.499
GENOVA BRIGNOLE,ALASSIO,88.441
GENOVA BRIGNOLE,ALBENGA,82.308
GENOVA BRIGNOLE,ALESSANDRIA,71.482
GENOVA BRIGNOLE,ANDORA,94.537
GENOVA BRIGNOLE,ARQUATA SCRIVIA,38.426
GENOVA BRIGNOLE,ASTI,105.778
GENOVA BRIGNOLE,AULLA LUNIGIANA,104.884
GENOVA BRIGNOLE,BARDONECCHIA,244.341
GENOVA BRIGNOLE,BATTIPAGLIA,764.96
GENOVA BRIGNOLE,BOLOGNA CENTRALE,285.009
GENOVA BRIGNOLE,BUSALLA,23.482
GENOVA BRIGNOLE,CAMBIANO SANTENA,145.116
GENOVA BRIGNOLE,CAMPO LIGURE MASONE,31.686
GENOVA BRIGNOLE,CASERTA,685.446
GENOVA BRIGNOLE,CASTEL S PIETRO TERME,308.088
GENOVA BRIGNOLE,CHIAVARI,35.112
GENOVA BRIGNOLE,COGOLETO,27.247
GENOVA BRIGNOLE,CORNIGLIA,74.625
GENOVA BRIGNOLE,DEIVA MARINA,54.549
GENOVA BRIGNOLE,DIANO,101.275
GENOVA BRIGNOLE,FAENZA,334.116
GENOVA BRIGNOLE,FELIZZANO,86.01
GENOVA BRIGNOLE,FIDENZA,172.604
GENOVA BRIGNOLE,FINALE LIGURE MARINA,64.302
GENOVA BRIGNOLE,FIRENZE CAMPO MARTE,238.31
GENOVA BRIGNOLE,GENOVA ACQUASANTA,20.405
GENOVA BRIGNOLE,GENOVA BOLZANETO,9.0
GENOVA BRIGNOLE,GENOVA BORZOLI,10.138
GENOVA BRIGNOLE,GENOVA NERVI,8.249
GENOVA BRIGNOLE,GENOVA PIAZZA PRINCIPE,2.639
GENOVA BRIGNOLE,GENOVA PONTEDECIMO,13.062
GENOVA BRIGNOLE,GENOVA QUARTO DEI MILLE,4.569
GENOVA BRIGNOLE,GENOVA RIVAROLO,7.325
GENOVA BRIGNOLE,GENOVA SAMPIERDARENA,5.708
GENOVA BRIGNOLE,GENOVA SESTRI PONENTE AEROPORTO,9.204
GENOVA BRIGNOLE,GENOVA VOLTRI,16.922
GENOVA BRIGNOLE,IMOLA,319.11
GENOVA BRIGNOLE,IMPERIA,106.145
GENOVA BRIGNOLE,LA SPEZIA CENTRALE,84.042
GENOVA BRIGNOLE,LEVANTO,63.86
GENOVA BRIGNOLE,LIVORNO CENTRALE,176.568
GENOVA BRIGNOLE,LOANO,73.298
GENOVA BRIGNOLE,MIGNANEGO,19.146
GENOVA BRIGNOLE,MILANO CENTRALE,142.188
GENOVA BRIGNOLE,MILANO CERTOSA,145.848
GENOVA BRIGNOLE,MILANO GRECO PIRELLI,142.27
GENOVA BRIGNOLE,MILANO LAMBRATE,138.39
GENOVA BRIGNOLE,MILANO ROGOREDO,132.602
GENOVA BRIGNOLE,MILANO S CRISTOFORO,142.436
GENOVA BRIGNOLE,MODENA,248.077
GENOVA BRIGNOLE,MONTEROSSO,68.169
GENOVA BRIGNOLE,NOVI LIGURE,49.875
GENOVA BRIGNOLE,OVADA,45.656
GENOVA BRIGNOLE,PADOVA,337.385
GENOVA BRIGNOLE,PARMA,194.617
GENOVA BRIGNOLE,PAVIA,103.999
GENOVA BRIGNOLE,PIACENZA,137.535
GENOVA BRIGNOLE,PIANO ORIZZONTALE DEI GIOVI,17.464
GENOVA BRIGNOLE,PIETRA LIGURE,70.112
GENOVA BRIGNOLE,PISA CENTRALE,158.626
GENOVA BRIGNOLE,PONTREMOLI,124.895
GENOVA BRIGNOLE,PRASCO CREMOLINO,53.564
GENOVA BRIGNOLE,RECCO,17.48
GENOVA BRIGNOLE,REGGIO CALABRIA CENTRALE,1139.15
GENOVA BRIGNOLE,REGGIO EMILIA,222.923
GENOVA BRIGNOLE,RIMINI,396.096
GENOVA BRIGNOLE,ROMA OSTIENSE,481.225
GENOVA BRIGNOLE,ROMA TERMINI,487.917
GENOVA BRIGNOLE,RONCO SCRIVIA,27.942
GENOVA BRIGNOLE,ROSSIGLIONE,37.118
GENOVA BRIGNOLE,ROTTOFRENO,124.625
GENOVA BRIGNOLE,S MARGHERITA LIGURE PORTOFINO,24.276
GENOVA BRIGNOLE,S STEFANO MAGRA,95.85
GENOVA BRIGNOLE,SARZANA,99.009
GENOVA BRIGNOLE,SAVONA,44.957
GENOVA BRIGNOLE,SESTRI LEVANTE,42.576
GENOVA BRIGNOLE,SIRACUSA,1311.787
GENOVA BRIGNOLE,SPOTORNO NOLI,55.717
GENOVA BRIGNOLE,TAGGIA ARMA,122.121
GENOVA BRIGNOLE,TORINO LINGOTTO,157.239
GENOVA BRIGNOLE,TORINO PORTA NUOVA,161.557
GENOVA BRIGNOLE,TORTONA,62.937
GENOVA BRIGNOLE,TROFARELLO,148.527
GENOVA BRIGNOLE,VENEZIA MESTRE,365.884
GENOVA BRIGNOLE,VENEZIA S LUCIA,374.318
GENOVA BRIGNOLE,VENTIMIGLIA,144.494
GENOVA BRIGNOLE,VERONA PORTA NUOVA,267.409
GENOVA BRIGNOLE,VICENZA,317.882
GENOVA BRIGNOLE,VISONE,57.895
GENOVA BRIGNOLE,VOGHERA,79.14
GENOVA MARITTIMA S LIMBANIA,GENOVA BRIGNOLE,3.456
GENOVA MARITTIMA S LIMBANIA,GENOVA NERVI,11.705
GENOVA MARITTIMA S LIMBANIA,LA SPEZIA CENTRALE,87.498
GENOVA MARITTIMA S LIMBANIA,SESTRI LEVANTE,46.032
GENOVA NERVI,COGOLETO,35.496
GENOVA NERVI,GENOVA BRIGNOLE,8.249
GENOVA NERVI,GENOVA PIAZZA PRINCIPE,10.888
GENOVA NERVI,GENOVA QUARTO DEI MILLE,3.68
GENOVA NERVI,GENOVA SAMPIERDARENA,13.957
GENOVA NERVI,GENOVA SESTRI PONENTE AEROPORTO,17.453
GENOVA NERVI,GENOVA VOLTRI,25.171
GENOVA NERVI,LA SPEZIA CENTRALE,75.793
GENOVA NERVI,ROMA TERMINI,479.668
GENOVA NERVI,SAVONA,53.206
GENOVA PIAZZA PRINCIPE,ACQUI TERME,57.86
GENOVA PIAZZA PRINCIPE,ALASSIO,85.802
GENOVA PIAZZA PRINCIPE,ALBENGA,79.669
GENOVA PIAZZA PRINCIPE,ALESSANDRIA,68.843
GENOVA PIAZZA PRINCIPE,ARQUATA SCRIVIA,35.787
GENOVA PIAZZA PRINCIPE,ASTI,103.139
GENOVA PIAZZA PRINCIPE,BUSALLA,20.843
GENOVA PIAZZA PRINCIPE,CIVITAVECCHIA,412.995
GENOVA PIAZZA PRINCIPE,GENOVA BRIGNOLE,2.639
GENOVA PIAZZA PRINCIPE,GENOVA NERVI,10.888
GENOVA PIAZZA PRINCIPE,GENOVA PONTEDECIMO,10.423
GENOVA PIAZZA PRINCIPE,GENOVA QUARTO DEI MILLE,7.208
GENOVA PIAZZA PRINCIPE,GENOVA SESTRI PONENTE AEROPORTO,6.565
GENOVA PIAZZA PRINCIPE,GENOVA VOLTRI,14.283
GENOVA PIAZZA PRINCIPE,GROSSETO,306.029
GENOVA PIAZZA PRINCIPE,IMPERIA,103.506
GENOVA PIAZZA PRINCIPE,LA SPEZIA CENTRALE,86.681
GENOVA PIAZZA PRINCIPE,LIVORNO CENTRALE,179.207
GENOVA PIAZZA PRINCIPE,MILANO CENTRALE,139.549
GENOVA PIAZZA PRINCIPE,MILANO GRECO PIRELLI,139.631
GENOVA PIAZZA PRINCIPE,MILANO LAMBRATE,135.751
GENOVA PIAZZA PRINCIPE,MILANO PORTA GARIBALDI,141.439
GENOVA PIAZZA PRINCIPE,MILANO ROGOREDO,129.963
GENOVA PIAZZA PRINCIPE,NOVI LIGURE,47.236
GENOVA PIAZZA PRINCIPE,PIACENZA,134.896
GENOVA PIAZZA PRINCIPE,PIETRA LIGURE,67.473
GENOVA PIAZZA PRINCIPE,PISA CENTRALE,161.265
GENOVA PIAZZA PRINCIPE,RECCO,20.119
GENOVA PIAZZA PRINCIPE,RIMINI,393.457
GENOVA PIAZZA PRINCIPE,ROMA OSTIENSE,483.864
GENOVA PIAZZA PRINCIPE,ROMA TERMINI,490.556
GENOVA PIAZZA PRINCIPE,ROMA TIBURTINA,491.231
GENOVA PIAZZA PRINCIPE,RONCO SCRIVIA,25.303
GENOVA PIAZZA PRINCIPE,SARZANA,101.648
GENOVA PIAZZA PRINCIPE,SAVONA,42.318
GENOVA PIAZZA PRINCIPE,SESTRI LEVANTE,45.215
GENOVA PIAZZA PRINCIPE,TORINO LINGOTTO,154.6
GENOVA PIAZZA PRINCIPE,TORINO PORTA NUOVA,158.918
GENOVA PIAZZA PRINCIPE,TORTONA,60.298
GENOVA PIAZZA PRINCIPE,VENEZIA S LUCIA,371.679
GENOVA PIAZZA PRINCIPE,VENTIMIGLIA,141.855
GENOVA PIAZZA PRINCIPE,VIAREGGIO,139.053
GENOVA PIAZZA PRINCIPE,VOGHERA,76.501
GENOVA PIAZZA PRINCIPE SOTTERRANEA,GENOVA VOLTRI,14.247
GENOVA PIAZZA PRINCIPE SOTTERRANEA,SAVONA,42.282
GENOVA PONTEDECIMO,BUSALLA,10.42
GENOVA PONTEDECIMO,GENOVA BRIGNOLE,13.062
GENOVA PONTEDECIMO,GENOVA PIAZZA PRINCIPE,10.423
GENOVA PONTEDECIMO,GENOVA SAMPIERDARENA,9.529
GENOVA QUARTO DEI MILLE,GENOVA BRIGNOLE,4.569
GENOVA QUARTO DEI MILLE,GENOVA SAMPIERDARENA,10.277
GENOVA QUARTO DEI MILLE,GENOVA SESTRI PONENTE AEROPORTO,13.773
GENOVA QUARTO DEI MILLE,GENOVA VOLTRI,21.491
GENOVA QUARTO DEI MILLE,LA SPEZIA CENTRALE,79.473
GENOVA QUARTO DEI MILLE,PARMA,198.904
GENOVA QUARTO DEI MILLE,SAVONA,49.526
GENOVA QUARTO DEI MILLE,SESTRI LEVANTE,38.007
GENOVA QUINTO AL MARE,GENOVA VOLTRI,23.52
GENOVA RIVAROLO,ARQUATA SCRIVIA,32.998
GENOVA RIVAROLO,BUSALLA,17.261
GENOVA SAMPIERDARENA,ACQUI TERME,54.791
GENOVA SAMPIERDARENA,ALESSANDRIA,67.667
GENOVA SAMPIERDARENA,ARQUATA SCRIVIA,34.611
GENOVA SAMPIERDARENA,ASTI,100.256
GENOVA SAMPIERDARENA,BUSALLA,19.949
GENOVA SAMPIERDARENA,GENOVA BRIGNOLE,5.708
GENOVA SAMPIERDARENA,GENOVA NERVI,13.957
GENOVA SAMPIERDARENA,GENOVA PONTEDECIMO,9.529
GENOVA SAMPIERDARENA,GENOVA QUARTO DEI MILLE,10.277
GENOVA SAMPIERDARENA,LA SPEZIA CENTRALE,89.75
GENOVA SAMPIERDARENA,MILANO CENTRALE,138.373
GENOVA SAMPIERDARENA,MILANO GRECO PIRELLI,138.455
GENOVA SAMPIERDARENA,NOVI LIGURE,46.06
GENOVA SAMPIERDARENA,PRASCO CREMOLINO,47.856
GENOVA SAMPIERDARENA,RIMINI,392.281
GENOVA SAMPIERDARENA,SARZANA,104.717
GENOVA SAMPIERDARENA,SESTRI LEVANTE,48.284
GENOVA SAMPIERDARENA,TORINO LINGOTTO,151.717
GENOVA SAMPIERDARENA,TORINO PORTA NUOVA,156.035
GENOVA SESTRI PONENTE AEROPORTO,CHIAVARI,44.316
GENOVA SESTRI PONENTE AEROPORTO,GENOVA BRIGNOLE,9.204
GENOVA SESTRI PONENTE AEROPORTO,GENOVA NERVI,17.453
GENOVA SESTRI PONENTE AEROPORTO,GENOVA PIAZZA PRINCIPE,6.565
GENOVA SESTRI PONENTE AEROPORTO,GENOVA QUARTO DEI MILLE,13.773
GENOVA SESTRI PONENTE AEROPORTO,GENOVA VOLTRI,7.718
GENOVA SESTRI PONENTE AEROPORTO,LA SPEZIA CENTRALE,93.246
GENOVA SESTRI PONENTE AEROPORTO,PISA CENTRALE,167.83
GENOVA SESTRI PONENTE AEROPORTO,SAVONA,35.753
GENOVA SESTRI PONENTE AEROPORTO,SESTRI LEVANTE,51.78
GENOVA SESTRI PONENTE AEROPORTO,VENTIMIGLIA,135.29
GENOVA VOLTRI,ALBENGA,65.386
GENOVA VOLTRI,CHIAVARI,52.034
GENOVA VOLTRI,GENOVA BRIGNOLE,16.922
GENOVA VOLTRI,GENOVA NERVI,25.171
GENOVA VOLTRI,GENOVA PIAZZA PRINCIPE,14.283
GENOVA VOLTRI,GENOVA QUARTO DEI MILLE,21.491
GENOVA VOLTRI,GENOVA QUINTO AL MARE,23.52
GENOVA VOLTRI,GENOVA SAMPIERDARENA,11.214
GENOVA VOLTRI,GENOVA SESTRI PONENTE AEROPORTO,7.718
GENOVA VOLTRI,IMPERIA,89.223
GENOVA VOLTRI,LA SPEZIA CENTRALE,100.964
GENOVA VOLTRI,LA SPEZIA MIGLIARINA,103.765
GENOVA VOLTRI,LEVANTO,80.782
GENOVA VOLTRI,MILANO CENTRALE,148.416
GENOVA VOLTRI,PIEVE LIGURE,29.466
GENOVA VOLTRI,RECCO,34.402
GENOVA VOLTRI,SARZANA,115.931
GENOVA VOLTRI,SAVONA,28.035
GENOVA VOLTRI,SESTRI LEVANTE,59.498
GENOVA VOLTRI,VENTIMIGLIA,127.572
GENOVA VOLTRI,VEZZANO LIGURE,108.53
GERMAGNANO,ALBA,103.2
GERMAGNANO,BRA,85.71
GERMAGNANO,CARMAGNOLA,65.265
GERMAGNANO,CIRIE,12.363
GERMAGNANO,FOSSANO,100.307
GERMAGNANO,MATHI,6.752
GERMAGNANO,S VITTORIA,92.471
GERMAGNANO,TORINO LINGOTTO,41.184
GERMAGNANO,TORINO REBAUDENGO FOSSATA,31.825
GERMAGNANO,TROFARELLO,49.896
GHEDI,BRESCIA,16.44
GHEDI,PARMA,74.702
GIACHERY,FIERA,0.755
GIACHERY,PALERMO CENTRALE,10.039
GIACHERY,PALERMO NOTARBARTOLO,3.488
GIAMPILIERI,CATANIA CENTRALE,79.417
GIAMPILIERI,CONTESSE,10.892
GIAMPILIERI,GALATI,5.175
GIAMPILIERI,MESSINA CENTRALE,15.354
GIAROLE,ALESSANDRIA,20.905
GIARRE RIPOSTO,ACIREALE,16.757
GIARRE RIPOSTO,BICOCCA,37.238
GIARRE RIPOSTO,CATANIA AEROPORTO FONTANAROSSA,35.003
GIARRE RIPOSTO,CATANIA CENTRALE,29.811
GIARRE RIPOSTO,MESSINA CENTRALE,64.96
GIARRE RIPOSTO,SIRACUSA,112.765
GIARRE RIPOSTO,TAORMINA GIARDINI,17.951
GIOIA DEL COLLE,ACQUAVIVA DELLE FONTI,12.691
GIOIA DEL COLLE,BARI CENTRALE,49.729
GIOIA DEL COLLE,FOGGIA,168.307
GIOIA DEL COLLE,TARANTO,54.299
GIOIA TAURO,COSENZA,149.248
GIOIA TAURO,LAMEZIA TERME CENTRALE,69.703
GIOIA TAURO,MELITO PORTO SALVO,80.429
GIOIA TAURO,REGGIO CALABRIA CENTRALE,50.616
GIOIA TAURO,ROMA TERMINI,603.064
GIOIOSA JONICA,CATANZARO LIDO,73.069
GIOIOSA JONICA,LAMEZIA TERME CENTRALE,116.229
GIOIOSA JONICA,REGGIO CALABRIA CENTRALE,104.481
GIOIOSA JONICA,ROCCELLA JONICA,7.118
GIOVINAZZO,BARI CENTRALE,18.426
GIOVINAZZO,BARI TORRE A MARE,29.879
GIOVINAZZO,BARLETTA,36.271
GIOVINAZZO,FASANO,72.799
GIOVINAZZO,FOGGIA,104.163
GIULIANOVA,ANCONA,108.359
GIULIANOVA,CHIETI,52.756
GIULIANOVA,FANO,155.47
GIULIANOVA,MILANO CENTRALE,527.102
GIULIANOVA,PESCARA,37.614
GIULIANOVA,S BENEDETTO DEL TRONTO,23.866
GIULIANOVA,SULMONA,105.947
GIULIANOVA,TERAMO,25.077
GIULIANOVA,TERMOLI,127.082
GIULIANOVA,VASTO S SALVO,104.05
GOLFO ARANCI,CAGLIARI,297.768
GOLFO ARANCI,OLBIA,21.264
GONZAGA REGGIOLO,MANTOVA,26.697
GONZAGA REGGIOLO,MODENA,34.345
GORIZIA CENTRALE,CARNIA,71.061
GORIZIA CENTRALE,CASARSA,66.523
GORIZIA CENTRALE,FIRENZE RIFREDI,386.952
GORIZIA CENTRALE,FIRENZE S MARIA NOVELLA,389.719
GORIZIA CENTRALE,GEMONA DEL FRIULI,59.591
GORIZIA CENTRALE,MONFALCONE,22.295
GORIZIA CENTRALE,NAPOLI CENTRALE,858.153
GORIZIA CENTRALE,PORDENONE,81.635
GORIZIA CENTRALE,PORTOGRUARO CAORLE,75.223
GORIZIA CENTRALE,REDIPUGLIA,15.328
GORIZIA CENTRALE,ROMA TERMINI,648.702
GORIZIA CENTRALE,SACILE,94.474
GORIZIA CENTRALE,TARVISIO BOSCOVERDE,120.182
GORIZIA CENTRALE,TRIESTE CENTRALE,49.551
GORIZIA CENTRALE,UDINE,32.862
GORIZIA CENTRALE,VENEZIA S LUCIA,157.029
GOZZANO,NOVARA,36.71
GRAGNOLA,LUCCA,76.112
GRAGNOLA,PIAZZA AL SERCHIO,18.729
GRAGNOLA,PISA CENTRALE,91.328
GRAMMICHELE,BICOCCA,69.069
GRAMMICHELE,CATANIA CENTRALE,76.496
GRAMMICHELE,MILITELLO,25.228
GRANAIOLO,CERTALDO,14.32
GRANAIOLO,CHIUSI CHIANCIANO TERME,141.468
GRANAIOLO,EMPOLI,10.538
GRANAIOLO,POGGIBONSI S GIMIGNANO,27.331
GRANAIOLO,SIENA,52.472
GRANAROLO FAENTINO,BOLOGNA CENTRALE,58.022
GRANAROLO FAENTINO,FAENZA,8.915
GRANAROLO FAENTINO,RAVENNA,24.494
GRAVELLONA TOCE,NOVARA,59.746
GRECCIO,L AQUILA,76.89
GRECCIO,TERNI,26.338
GRICIGNANO TEVEROLA,AVERSA,3.66
GRICIGNANO TEVEROLA,NAPOLI CENTRALE,22.881
GRIGNO,TRENTO,58.189
GRISIGNANO ZOCCO,DOLO,30.829
GRISIGNANO ZOCCO,PADOVA,15.34
GRISIGNANO ZOCCO,VENEZIA MESTRE,43.839
GRISIGNANO ZOCCO,VENEZIA S LUCIA,52.273
GRISIGNANO ZOCCO,VERONA PORTA NUOVA,66.53
GRISIGNANO ZOCCO,VICENZA,14.93
GRIZZANA,BOLOGNA CENTRALE,35.467
GROSSETO,ALBINIA,31.223
GROSSETO,AREZZO,160.147
GROSSETO,BOLGHERI,86.074
GROSSETO,BOLOGNA CENTRALE,277.296
GROSSETO,BUONCONVENTO,71.861
GROSSETO,CAMPIGLIA MARITTIMA,59.108
GROSSETO,CANCELLO,392.573
GROSSETO,CASCINA,157.296
GROSSETO,CECINA,93.948
GROSSETO,CERTALDO,138.794
GROSSETO,CHIAVARI,268.278
GROSSETO,CIVITAVECCHIA,106.966
GROSSETO,EMPOLI,163.652
GROSSETO,FIRENZE CASTELLO,191.177
GROSSETO,FIRENZE RIFREDI,191.435
GROSSETO,FIRENZE S MARIA NOVELLA,194.202
GROSSETO,FOLLONICA,41.906
GROSSETO,GAVORRANO,27.015
GROSSETO,GENOVA PIAZZA PRINCIPE,306.029
GROSSETO,GRANAIOLO,153.114
GROSSETO,LA SPEZIA MIGLIARINA,216.547
GROSSETO,LADISPOLI CERVETERI,137.347
GROSSETO,LIVORNO CALAMBRONE,131.334
GROSSETO,LIVORNO CENTRALE,127.641
GROSSETO,MILANO CENTRALE,425.188
GROSSETO,MONTALTO CASTRO,71.703
GROSSETO,MONTE ANTICO,44.793
GROSSETO,MONTEPESCALI,11.766
GROSSETO,MONTERONI D ARBIA,84.414
GROSSETO,NOLA INTERPORTO,398.537
GROSSETO,ORBETELLO MONTE ARGENTARIO,37.721
GROSSETO,PISA CENTRALE,144.764
GROSSETO,PONTASSIEVE,211.908
GROSSETO,PONTE A ELSA,158.943
GROSSETO,PONTEDERA CASCIANA TERME,164.186
GROSSETO,ROCCASTRADA,28.632
GROSSETO,ROMA AURELIA,167.498
GROSSETO,ROMA OSTIENSE,177.835
GROSSETO,ROMA S PIETRO,172.997
GROSSETO,ROMA TERMINI,184.527
GROSSETO,ROMA TUSCOLANA,181.445
GROSSETO,ROSIGNANO,104.597
GROSSETO,S ROMANO MONTOPOLI S CROCE,176.292
GROSSETO,S VINCENZO,69.709
GROSSETO,SALERNO,441.867
GROSSETO,SCARLINO,35.039
GROSSETO,SESTRI LEVANTE,260.814
GROSSETO,SIENA,100.642
GROSSETO,VADA,99.875
GROSSETO,VENEZIA S LUCIA,436.482
GROSSETO,VENTIMIGLIA,447.884
GROSSETO,VEZZANO LIGURE,211.782
GROSSETO,ZAGAROLO,213.661
GROTTAGLIE,BRINDISI,50.686
GROTTAGLIE,TARANTO,18.483
GROTTE S STEFANO,ORTE,29.889
GROTTE S STEFANO,VITERBO PORTA FIORENTINA,22.763
GRUMELLO DEL MONTE,BRESCIA,31.494
GRUMELLO DEL MONTE,CREMONA,81.69
GRUMELLO DEL MONTE,FIDENZA,115.583
GRUMELLO DEL MONTE,PISA CENTRALE,293.381
GUALDO TADINO,ANCONA,92.271
GUALDO TADINO,FOLIGNO,35.922
GUALDO TADINO,ROMA TERMINI,199.199
GUASTALLA,BAGNOLO IN PIANO,20.742
GUASTALLA,NOVELLARA,10.541
GUASTALLA,PARMA,31.688
GUASTALLA,REGGIO EMILIA,28.573
GUASTALLA,REGGIO MEDIOPADANA,25.088
GUASTALLA,REGGIO S CROCE,27.246
GUASTALLA,REGGIO S LAZZARO,30.635
GUASTALLA,SUZZARA,12.083
GUIDONIA MONTECELIO S ANGELO,AVEZZANO,81.176
GUIDONIA MONTECELIO S ANGELO,CHIETI,199.224
GUIDONIA MONTECELIO S ANGELO,PESCARA,214.366
GUIDONIA MONTECELIO S ANGELO,ROMA PRENESTINA,21.648
GUIDONIA MONTECELIO S ANGELO,ROMA TERMINI,25.904
GUIDONIA MONTECELIO S ANGELO,ROMA TIBURTINA,24.589
GUIDONIA MONTECELIO S ANGELO,TIVOLI,13.669
GUIDONIA MONTECELIO S ANGELO,VALLE DELL ANIENE MANDELA SAMBUCI,27.747
IGEA MARINA,BOLOGNA CENTRALE,121.707
IGEA MARINA,CERVIA MILANO MARITTIMA,18.03
IGEA MARINA,IMOLA,87.606
IGEA MARINA,MILANO CENTRALE,336.409
IGEA MARINA,RAVENNA,39.22
IGLESIAS,CAGLIARI,53.908
IGLESIAS,CARBONIA SERBARIU,31.486
IGLESIAS,DECIMOMANNU,37.667
IGLESIAS,SILIQUA,24.184
IGLESIAS,VILLAMASSARGIA DOMUSNOVAS,9.115
IMOLA,ANCONA,169.94
IMOLA,BOLOGNA CENTRALE,34.101
IMOLA,CASTEL S PIETRO TERME,11.022
IMOLA,CASTELBOLOGNESE RIOLO TERME,7.776
IMOLA,CASTELMAGGIORE,43.5
IMOLA,CESENA,48.568
IMOLA,FAENZA,15.006
IMOLA,FERRARA,80.383
IMOLA,FIDENZA,146.506
IMOLA,FORLI,30.717
IMOLA,MILANO CENTRALE,248.803
IMOLA,MILANO LAMBRATE,245.005
IMOLA,MILANO PORTA GARIBALDI,250.693
IMOLA,PARMA,124.493
IMOLA,PESARO,110.366
IMOLA,PIACENZA,181.575
IMOLA,RAVENNA,48.415
IMOLA,RIMINI,76.986
IMOLA,RIMINI VISERBA,81.198
IMOLA,S GIORGIO PIANO,51.321
IMOLA,S PIETRO IN CASALE,57.432
IMOLA,SANTARCANGELO ROMAGNA,67.217
IMOLA,VILLA SELVA,35.454
IMPERIA,GALLARATE,265.623
IMPERIA,GENOVA BRIGNOLE,106.145
IMPERIA,GENOVA VOLTRI,89.223
IMPERIA,MILANO CENTRALE,237.639
IMPERIA,MILANO ROGOREDO,228.053
IMPERIA,REGGIO CALABRIA CENTRALE,1245.295
IMPERIA,ROMA TERMINI,594.062
IMPERIA,SAVONA,61.188
IMPERIA,TORINO PORTA NUOVA,208.431
IMPERIA,VENTIMIGLIA,38.349
IMPERIA,VOGHERA,174.591
INCISA,AREZZO,47.948
INCISA,FIRENZE S MARIA NOVELLA,31.636
INCISA,FOLIGNO,161.462
INCISA,PISTOIA,63.184
INCISA,PRATO CENTRALE,46.13
INCORONATA,BARI CENTRALE,112.307
ISEO,BORNATO CALINO,9.028
ISEO,BRENO,46.334
ISEO,EDOLO,76.996
ISEO,MARONE ZONE,12.027
ISEO,PADERNO FRANCIACORTA,13.661
ISEO,PASSIRANO,11.626
ISEO,PISOGNE,21.664
ISERNIA,AVERSA,105.106
ISERNIA,CAMPOBASSO,371.06
ISERNIA,CANCELLO,102.829
ISERNIA,CAPUA,79.922
ISERNIA,CARPINONE,10.633
ISERNIA,CASERTA,91.042
ISERNIA,CASSINO,49.134
ISERNIA,CIAMPINO,173.195
ISERNIA,COLLEFERRO SEGNI PALIANO,133.528
ISERNIA,FROSINONE,101.637
ISERNIA,NAPOLI CENTRALE,124.327
ISERNIA,ROCCA RAVINDOLA,17.519
ISERNIA,ROCCASECCA,66.123
ISERNIA,ROMA CASILINA,182.859
ISERNIA,ROMA TERMINI,184.871
ISERNIA,ROMA TIBURTINA,183.556
ISERNIA,S AGAPITO LONGANO,6.531
ISERNIA,S MARIA CAPUA VETERE,84.765
ISERNIA,VAIRANO CAIANELLO,45.247
ISERNIA,VENAFRO,25.01
ISERNIA,ZAGAROLO,152.264
ISOLA DELLA SCALA,BOLOGNA CENTRALE,94.175
ISOLA DELLA SCALA,ROVIGO,73.977
ISOLA DELLA SCALA,VENEZIA MESTRE,116.161
ISOLA DELLE FEMMINE,AGRIGENTO CENTRALE,152.074
ISOLA DELLE FEMMINE,CEFALU,82.232
ISOLA DELLE FEMMINE,PALERMO AEROPORTO,17.017
ISOLA DELLE FEMMINE,PALERMO CENTRALE,18.657
ISPICA,SIRACUSA,53.349
ISPICA,VITTORIA,98.87
ISTRANA,PADOVA,43.439
ISTRANA,VICENZA,48.734
IVREA,CALUSO,18.538
IVREA,CANDIA CANAVESE,15.04
IVREA,CHIVASSO,32.46
IVREA,LIVORNO FERRARIS,50.612
IVREA,MONTANARO,27.24
IVREA,NOVARA,104.149
IVREA,RODALLO,21.87
IVREA,SANTHIA,63.142
IVREA,STRAMBINO,9.077
IVREA,TORINO LINGOTTO,61.642
IVREA,TORINO PORTA NUOVA,60.827
IVREA,TORINO PORTA SUSA,55.792
IVREA,TORINO STURA,48.8
IVREA,VERCELLI,82.263
JESI,ANCONA,26.723
JESI,FABRIANO,43.538
JESI,FALCONARA MARITTIMA,18.026
JESI,FOLIGNO,101.47
JESI,LORETO,50.225
JESI,ROMA TERMINI,264.747
L AQUILA,ANTRODOCO BORGO VELINO,39.145
L AQUILA,ASSISI,173.217
L AQUILA,BEFFI,31.638
L AQUILA,CITTADUCALE,53.252
L AQUILA,FAGNANO CAMPANA,21.135
L AQUILA,GRECCIO,76.89
L AQUILA,MARMORE,88.013
L AQUILA,PAGANICA,7.56
L AQUILA,PESCARA,126.64
L AQUILA,POPOLI VITTORITO,73.531
L AQUILA,RAIANO,49.678
L AQUILA,RIETI,62.349
L AQUILA,S DEMETRIO DE VESTINI,15.6
L AQUILA,SASSA TORNIMPARTE,7.933
L AQUILA,SELLA CORNO,19.219
L AQUILA,SULMONA,60.27
L AQUILA,TERNI,103.228
LA SPEZIA CENTRALE,ALASSIO,172.483
LA SPEZIA CENTRALE,ALBENGA,166.35
LA SPEZIA CENTRALE,AULLA LUNIGIANA,20.842
LA SPEZIA CENTRALE,BERCETO,74.327
LA SPEZIA CENTRALE,BORGO VAL TARO,58.783
LA SPEZIA CENTRALE,BRENNERO,449.368
LA SPEZIA CENTRALE,CA BOSCHETTI,4.962
LA SPEZIA CENTRALE,CAMPIGLIA MARITTIMA,160.24
LA SPEZIA CENTRALE,CARNIA,474.662
LA SPEZIA CENTRALE,CASTELNUOVO GARFAGNANA,65.841
LA SPEZIA CENTRALE,CHIAVARI,48.93
LA SPEZIA CENTRALE,COGOLETO,111.289
LA SPEZIA CENTRALE,COLLECCHIO,107.66
LA SPEZIA CENTRALE,COMO S GIOVANNI,267.107
LA SPEZIA CENTRALE,CORNIGLIA,9.417
LA SPEZIA CENTRALE,DEIVA MARINA,29.493
LA SPEZIA CENTRALE,EMPOLI,121.645
LA SPEZIA CENTRALE,FILATTIERA,34.246
LA SPEZIA CENTRALE,FINALE LIGURE MARINA,148.344
LA SPEZIA CENTRALE,FIRENZE RIFREDI,149.428
LA SPEZIA CENTRALE,FIRENZE S MARIA NOVELLA,152.195
LA SPEZIA CENTRALE,FORNOVO,96.412
LA SPEZIA CENTRALE,FORTE DEI MARMI SERAVEZZA QUERCETA,39.363
LA SPEZIA CENTRALE,GENOVA BRIGNOLE,84.042
LA SPEZIA CENTRALE,GENOVA NERVI,75.793
LA SPEZIA CENTRALE,GENOVA PIAZZA PRINCIPE,86.681
LA SPEZIA CENTRALE,GENOVA QUARTO DEI MILLE,79.473
LA SPEZIA CENTRALE,GENOVA SAMPIERDARENA,89.75
LA SPEZIA CENTRALE,GENOVA SESTRI PONENTE AEROPORTO,93.246
LA SPEZIA CENTRALE,GENOVA VOLTRI,100.964
LA SPEZIA CENTRALE,GROSSETO,219.348
LA SPEZIA CENTRALE,LA SPEZIA MIGLIARINA,2.801
LA SPEZIA CENTRALE,LEVANTO,20.182
LA SPEZIA CENTRALE,LIVORNO CENTRALE,92.526
LA SPEZIA CENTRALE,LUCCA,75.382
LA SPEZIA CENTRALE,MASSA CENTRO,32.191
LA SPEZIA CENTRALE,MILANO CENTRALE,223.749
LA SPEZIA CENTRALE,MILANO CERTOSA,227.409
LA SPEZIA CENTRALE,MILANO GRECO PIRELLI,223.831
LA SPEZIA CENTRALE,MILANO LAMBRATE,219.951
LA SPEZIA CENTRALE,MILANO PORTA GARIBALDI,225.639
LA SPEZIA CENTRALE,MONTEROSSO,15.873
LA SPEZIA CENTRALE,MONZA,232.422
LA SPEZIA CENTRALE,NAPOLI CENTRALE,612.061
LA SPEZIA CENTRALE,NAVACCHIO,82.229
LA SPEZIA CENTRALE,OSTIA PARMENSE,65.935
LA SPEZIA CENTRALE,PADOVA,288.771
LA SPEZIA CENTRALE,PARMA,119.431
LA SPEZIA CENTRALE,PAVIA,188.041
LA SPEZIA CENTRALE,PIETRASANTA,42.816
LA SPEZIA CENTRALE,PISA CENTRALE,74.584
LA SPEZIA CENTRALE,PISA/BINARI PISA S ROSSORE,72.329
LA SPEZIA CENTRALE,PONTEDERA CASCIANA TERME,94.006
LA SPEZIA CENTRALE,PONTREMOLI,40.853
LA SPEZIA CENTRALE,RECCO,66.562
LA SPEZIA CENTRALE,RIOMAGGIORE,6.688
LA SPEZIA CENTRALE,ROMA TERMINI,403.875
LA SPEZIA CENTRALE,RONCO SCRIVIA,111.984
LA SPEZIA CENTRALE,S MARGHERITA LIGURE PORTOFINO,59.766
LA SPEZIA CENTRALE,S ROMANO MONTOPOLI S CROCE,106.112
LA SPEZIA CENTRALE,S STEFANO MAGRA,11.808
LA SPEZIA CENTRALE,SARZANA,14.967
LA SPEZIA CENTRALE,SAVONA,128.999
LA SPEZIA CENTRALE,SEREGNO,242.086
LA SPEZIA CENTRALE,SESTRI LEVANTE,41.466
LA SPEZIA CENTRALE,TAGGIA ARMA,206.163
LA SPEZIA CENTRALE,TARVISIO BOSCOVERDE,523.783
LA SPEZIA CENTRALE,TORINO LINGOTTO,241.281
LA SPEZIA CENTRALE,TORRE DEL LAGO PUCCINI,58.448
LA SPEZIA CENTRALE,VENTIMIGLIA,228.536
LA SPEZIA CENTRALE,VEZZANO LIGURE,7.566
LA SPEZIA CENTRALE,VIAREGGIO,52.372
LA SPEZIA CENTRALE,VILLA LITERNO,578.505
LA SPEZIA CENTRALE,VILLAFRANCA BAGNONE,29.816
LA SPEZIA CENTRALE,VOGHERA,163.182
LA SPEZIA MIGLIARINA,BOLOGNA CENTRALE,207.022
LA SPEZIA MIGLIARINA,CORNIGLIA,12.218
LA SPEZIA MIGLIARINA,FIRENZE S MARIA NOVELLA,149.394
LA SPEZIA MIGLIARINA,GENOVA BRIGNOLE,86.843
LA SPEZIA MIGLIARINA,LA SPEZIA CENTRALE,2.801
LA SPEZIA MIGLIARINA,LEVANTO,22.983
LA SPEZIA MIGLIARINA,MILANO CENTRALE,220.948
LA SPEZIA MIGLIARINA,MONTEROSSO,18.674
LA SPEZIA MIGLIARINA,PARMA,116.63
LA SPEZIA MIGLIARINA,PISA CENTRALE,71.783
LA SPEZIA MIGLIARINA,PONTREMOLI,38.052
LA SPEZIA MIGLIARINA,SARZANA,12.166
LA SPEZIA MIGLIARINA,SESTRI LEVANTE,44.267
LA STORTA,BRACCIANO,24.857
LA STORTA,CESANO ROMA,8.614
LA STORTA,MONTEROTONDO MENTANA,47.867
LA STORTA,ROMA OSTIENSE,19.582
LA STORTA,ROMA S FILIPPO NERI,7.564
LA STORTA,ROMA S PIETRO,14.744
LA STORTA,ROMA TIBURTINA,26.949
LA STORTA,ROMA TUSCOLANA,23.192
LA STORTA,VITERBO PORTA FIORENTINA,68.725
LA STORTA,VITERBO PORTA ROMANA,67.139
LADISPOLI CERVETERI,CIVITAVECCHIA,30.381
LADISPOLI CERVETERI,GROSSETO,137.347
LADISPOLI CERVETERI,MONTALTO CASTRO,65.644
LADISPOLI CERVETERI,PISA CENTRALE,282.111
LADISPOLI CERVETERI,PONTE GALERIA,28.077
LADISPOLI CERVETERI,ROMA AURELIA,30.151
LADISPOLI CERVETERI,ROMA OSTIENSE,40.488
LADISPOLI CERVETERI,ROMA S PIETRO,35.65
LADISPOLI CERVETERI,ROMA TERMINI,47.18
LADISPOLI CERVETERI,ROMA TIBURTINA,47.855
LADISPOLI CERVETERI,ROMA TUSCOLANA,44.098
LAMA,CHIOGGIA,42.824
LAMA,ROVIGO,12.968
LAMEZIA TERME CENTRALE,AMANTEA,31.52
LAMEZIA TERME CENTRALE,BAGNARA,88.513
LAMEZIA TERME CENTRALE,BARI CENTRALE,345.358
LAMEZIA TERME CENTRALE,BOTRICELLO,67.974
LAMEZIA TERME CENTRALE,BRIATICO,38.322
LAMEZIA TERME CENTRALE,CASTIGLIONE COSENTINO,75.21
LAMEZIA TERME CENTRALE,CATANZARO,35.63
LAMEZIA TERME CENTRALE,CATANZARO LIDO,43.16
LAMEZIA TERME CENTRALE,CAULONIA,103.298
LAMEZIA TERME CENTRALE,CONDOFURI,158.516
LAMEZIA TERME CENTRALE,COSENZA,79.545
LAMEZIA TERME CENTRALE,CROTONE,102.914
LAMEZIA TERME CENTRALE,GIOIA TAURO,69.703
LAMEZIA TERME CENTRALE,JOPPOLO,68.081
LAMEZIA TERME CENTRALE,LAMEZIA TERME NICASTRO,9.093
LAMEZIA TERME CENTRALE,LECCE,346.698
LAMEZIA TERME CENTRALE,LOCRI,125.7
LAMEZIA TERME CENTRALE,MARCELLINARA,24.86
LAMEZIA TERME CENTRALE,MELITO PORTO SALVO,150.132
LAMEZIA TERME CENTRALE,MONASTERACE STILO,89.176
LAMEZIA TERME CENTRALE,NICOTERA,68.269
LAMEZIA TERME CENTRALE,PAOLA,56.87
LAMEZIA TERME CENTRALE,PARGHELIA,49.223
LAMEZIA TERME CENTRALE,PIZZO,26.568
LAMEZIA TERME CENTRALE,PM ECCELLENTE,14.52
LAMEZIA TERME CENTRALE,PM FEROLETO ANTICO PIANOPOLI,14.79
LAMEZIA TERME CENTRALE,PRAJA AJETA TORTORA,124.59
LAMEZIA TERME CENTRALE,REGGIO CALABRIA CENTRALE,120.319
LAMEZIA TERME CENTRALE,REGGIO CALABRIA GALLICO,112.479
LAMEZIA TERME CENTRALE,REGGIO CALABRIA PELLARO,130.379
LAMEZIA TERME CENTRALE,RICADI CAPO VATICANO,59.754
LAMEZIA TERME CENTRALE,ROCCELLA JONICA,109.111
LAMEZIA TERME CENTRALE,ROMA S PIETRO,542.444
LAMEZIA TERME CENTRALE,ROMA TERMINI,533.361
LAMEZIA TERME CENTRALE,ROMA TIBURTINA,532.046
LAMEZIA TERME CENTRALE,ROSARNO,59.818
LAMEZIA TERME CENTRALE,S PIETRO A MAIDA MAIDA,6.81
LAMEZIA TERME CENTRALE,SAPRI,149.082
LAMEZIA TERME CENTRALE,SETTINGIANO,29.31
LAMEZIA TERME CENTRALE,SIBARI,129.227
LAMEZIA TERME CENTRALE,SOVERATO,61.37
LAMEZIA TERME CENTRALE,SQUILLACE,49.408
LAMEZIA TERME CENTRALE,TORINO PORTA NUOVA,1180.388
LAMEZIA TERME CENTRALE,TROPEA,52.304
LAMEZIA TERME CENTRALE,VAIRANO CAIANELLO,380.987
LAMEZIA TERME CENTRALE,VENEZIA S LUCIA,1037.201
LAMEZIA TERME CENTRALE,VIBO MARINA,29.687
LAMEZIA TERME CENTRALE,VIBO VALENTIA PIZZO,28.45
LAMEZIA TERME CENTRALE,VILLA S GIOVANNI,106.231
LAMEZIA TERME NICASTRO,CATANZARO LIDO,34.067
LAMEZIA TERME NICASTRO,CROTONE,93.821
LAMEZIA TERME NICASTRO,LAMEZIA TERME CENTRALE,9.093
LAMEZIA TERME NICASTRO,LOCRI,116.607
LAMEZIA TERME NICASTRO,ROCCELLA JONICA,100.018
LANA POSTAL,BOLZANO,24.468
LANA POSTAL,BRENNERO,113.26
LANUVIO,CIAMPINO,18.58
LANUVIO,ROMA TERMINI,32.501
LANUVIO,ROMA TIBURTINA,32.553
LANUVIO,VELLETRI,8.506
LATINA,CAMPOLEONE,27.518
LATINA,CISTERNA LATINA,11.238
LATINA,FORMIA GAETA,67.405
LATINA,MILANO CENTRALE,621.72
LATINA,NAPOLI CENTRALE,152.886
LATINA,POMEZIA S PALOMBA,37.068
LATINA,REGGIO CALABRIA CENTRALE,595.933
LATINA,ROMA TERMINI,61.018
LATINA,ROMA TIBURTINA,61.07
LATINA,ROMA TUSCOLANA,58.382
LATINA,SESTRI LEVANTE,500.641
LATINA,TORRICOLA,48.823
LATISANA LIGNANO BIBIONE,TRIESTE CENTRALE,71.713
LATISANA LIGNANO BIBIONE,VENEZIA MESTRE,87.319
LATISANA LIGNANO BIBIONE,VENEZIA S LUCIA,95.753
LAVENO MOMBELLO,GALLARATE,31.233
LAVENO MOMBELLO,LUINO,14.565
LAVENO MOMBELLO,MILANO CENTRALE,73.693
LAVENO MOMBELLO,MILANO PORTA GARIBALDI,69.916
LAVENO MOMBELLO,MORNAGO CIMBRO,21.716
LAVENO MOMBELLO LAGO,GERENZANO TURATE,47.788
LAVENO MOMBELLO LAGO,MILANO CADORNA,72.152
LAVENO MOMBELLO LAGO,MILANO QUARTO OGGIARO,65.813
LAVENO MOMBELLO LAGO,NOVATE MILANESE,63.99
LAVENO MOMBELLO LAGO,VARESE,22.285
LAVENO MOMBELLO LAGO,VARESE CASBENO,19.776
LAVEZZOLA,FAENZA,38.732
LAVEZZOLA,FERRARA,40.624
LAVEZZOLA,LUGO,22.196
LAVEZZOLA,RAVENNA,31.996
LAVEZZOLA,SUZZARA,122.024
LE CAVE,MERANO,88.704
LECCE,ALESSANDRIA,1039.387
LECCE,ANCONA,591.359
LECCE,ASTI,1073.683
LECCE,BARI CENTRALE,149.287
LECCE,BARI TORRE A MARE,137.834
LECCE,BARLETTA,203.984
LECCE,BOLOGNA CENTRALE,795.4
LECCE,BOLZANO,1051.188
LECCE,BRANCALEONE,506.448
LECCE,BRINDISI,38.364
LECCE,CASTEL S PIETRO TERME,772.321
LECCE,CASTELGUELFO,898.201
LECCE,CATANZARO LIDO,389.858
LECCE,CERIGNOLA CAMPAGNA,237.611
LECCE,CESENA,712.731
LECCE,CIVITANOVA MARCHE MONTEGRANARO,548.654
LECCE,FAENZA,746.293
LECCE,FASANO,94.914
LECCE,FIDENZA,907.805
LECCE,FIORENZUOLA,921.263
LECCE,FIRENZE CAMPO MARTE,845.78
LECCE,FOGGIA,271.876
LECCE,FORLI,730.582
LECCE,GIOIA DEL COLLE,149.533
LECCE,IMOLA,761.299
LECCE,INCORONATA,261.594
LECCE,LAMEZIA TERME CENTRALE,346.698
LECCE,LOCRI,472.398
LECCE,MELITO PORTO SALVO,496.83
LECCE,MESSINA CENTRALE,461.929
LECCE,METAPONTO,138.451
LECCE,MILANO CENTRALE,1010.102
LECCE,MILANO LAMBRATE,1006.304
LECCE,MILANO PORTA GARIBALDI,1011.992
LECCE,MILANO ROGOREDO,1000.516
LECCE,MODENA,832.332
LECCE,MONOPOLI,108.743
LECCE,MONTESILVANO,452.368
LECCE,NAPOLI CENTRALE,407.813
LECCE,OSTUNI,75.009
LECCE,PADOVA,882.518
LECCE,PEDASO,522.822
LECCE,PESARO,650.933
LECCE,PESCARA,445.386
LECCE,PIACENZA,942.874
LECCE,POLIGNANO A MARE,116.328
LECCE,PONTE CASALDUNI,379.968
LECCE,PORTO D ASCOLI,502.082
LECCE,PORTO S GIORGIO FERMO,533.06
LECCE,PORTO VASTO,390.383
LECCE,REGGIO CALABRIA CENTRALE,467.017
LECCE,RIMINI,684.313
LECCE,ROCCELLA JONICA,455.809
LECCE,ROMA TERMINI,616.314
LECCE,ROMA TIBURTINA,614.999
LECCE,ROMANO,1005.68
LECCE,S BENEDETTO DEL TRONTO,506.866
LECCE,S SEVERO,300.324
LECCE,S VITO DEI NORMANNI,50.067
LECCE,SIBARI,217.471
LECCE,SQUINZANO,14.6
LECCE,SURBO,3.571
LECCE,TARANTO,95.234
LECCE,TERMOLI,355.918
LECCE,TORINO LINGOTTO,1125.144
LECCE,TORINO PORTA NUOVA,1129.462
LECCE,TRANI,191.39
LECCE,TRENTO,995.749
LECCE,VASTO S SALVO,378.95
LECCE,VENEZIA MESTRE,911.017
LECCE,VENEZIA S LUCIA,919.451
LECCE,VENTIMIGLIA,1214.209
LECCE,VERONA PORTA NUOVA,909.407
LECCE,VILLANOVA D ASTI,1099.302
LECCO,ABBADIA LARIANA,6.988
LECCO,AMBIVERE MAPELLO,21.361
LECCO,ARCORE,30.236
LECCO,ARDENNO MASINO,61.921
LECCO,BELLANO TARTAVALLE TERME,24.847
LECCO,BERGAMO,32.933
LECCO,BESANA,25.358
LECCO,BRESCIA,81.66
LECCO,CALOLZIOCORTE OLGINATE,6.887
LECCO,CANTU,30.508
LECCO,CARATE CALO,29.881
LECCO,CARNATE USMATE,24.991
LECCO,CERNUSCO MERATE,19.925
LECCO,CHIAVENNA,65.261
LECCO,CISANO CAPRINO BERGAMASCO,14.977
LECCO,COLICO,38.979
LECCO,COMO S GIOVANNI,41.718
LECCO,COSIO TRAONA,50.953
LECCO,COSTA MASNAGA,17.401
LECCO,CREMONA,119.391
LECCO,DELEBIO,45.925
LECCO,DERVIO,29.491
LECCO,LECCO MAGGIANICO,3.22
LECCO,LIERNA,15.121
LECCO,MANDELLO DEL LARIO,9.441
LECCO,MERONE,20.012
LECCO,MILANO CENTRALE,48.736
LECCO,MILANO CERTOSA,52.393
LECCO,MILANO GRECO PIRELLI,45.385
LECCO,MILANO LAMBRATE,49.265
LECCO,MILANO PORTA GARIBALDI,49.369
LECCO,MILANO ROGOREDO,55.053
LECCO,MOLTENO,14.715
LECCO,MONZA,36.794
LECCO,MORBEGNO,54.374
LECCO,OGGIONO,11.716
LECCO,PONTE IN VALTELLINA,87.86
LECCO,PONTE S PIETRO,25.191
LECCO,S PIETRO BERBENNO,68.947
LECCO,SESTO S GIOVANNI,41.674
LECCO,SONDRIO,79.444
LECCO,TIRANO,105.401
LECCO,TRENTO,231.957
LECCO,TRESENDA APRICA TEGLIO,96.333
LECCO,TRIUGGIO PONTE ALBIATE,32.265
LECCO,VALMADRERA,3.735
LECCO,VARENNA ESINO,21.589
LECCO,VERONA PORTA NUOVA,146.298
LECCO,VILLASANTA PARCO,40.018
LECCO MAGGIANICO,LECCO,3.22
LECCO MAGGIANICO,MILANO CENTRALE,45.516
LECCO MAGGIANICO,MILANO PORTA GARIBALDI,46.149
LECCO MAGGIANICO,PONTE S PIETRO,21.971
LEGNAGO,ESTE,29.757
LEGNAGO,MANTOVA,45.891
LEGNAGO,MONSELICE,37.947
LEGNAGO,MONTAGNANA,13.733
LEGNAGO,PADOVA,60.749
LEGNAGO,ROVIGO,47.064
LEGNAGO,SALETTO,19.7
LEGNAGO,VENEZIA MESTRE,89.248
LEGNAGO,VENEZIA S LUCIA,97.682
LEGNAGO,VERONA PORTA NUOVA,47.577
LENDINARA,ROVIGO,18.704
LENDINARA,VERONA PORTA NUOVA,75.937
LENTINI,CATANIA CENTRALE,28.541
LENTINI,GIARRE RIPOSTO,58.352
LENTINI,MESSINA CENTRALE,123.312
LENTINI,SIRACUSA,54.413
LEONFORTE PIRATO,CALTANISSETTA CENTRALE,43.624
LEONFORTE PIRATO,CALTANISSETTA XIRBI,37.29
LEONFORTE PIRATO,PALERMO CENTRALE,163.037
LERCARA DIRAMAZIONE,CALTANISSETTA CENTRALE,55.343
LETOJANNI,BICOCCA,60.132
LETOJANNI,CALTAGIRONE,141.867
LETOJANNI,CATANIA CENTRALE,52.705
LETOJANNI,MESSINA CENTRALE,42.066
LETOJANNI,SIRACUSA,135.659
LEVANTO,COGOLETO,91.107
LEVANTO,CORNIGLIA,10.765
LEVANTO,GENOVA BRIGNOLE,63.86
LEVANTO,GENOVA VOLTRI,80.782
LEVANTO,LA SPEZIA CENTRALE,20.182
LEVANTO,LA SPEZIA MIGLIARINA,22.983
LEVANTO,MILANO CENTRALE,206.048
LEVANTO,MONTEROSSO,4.309
LEVANTO,PISA CENTRALE,94.766
LEVANTO,SARZANA,35.149
LEVANTO,SAVONA,108.817
LEVANTO,SESTRI LEVANTE,21.284
LEVANTO,VEZZANO LIGURE,27.748
LEVICO TERME,TRENTO,30.149
LIDO CLASSE LIDO SAVIO,BOLOGNA CENTRALE,96.097
LIDO CLASSE LIDO SAVIO,RAVENNA,13.581
LIDO CLASSE LIDO SAVIO,RIMINI,36.259
LIERNA,COLICO,23.858
LIERNA,LECCO,15.121
LIERNA,MILANO CENTRALE,63.857
LIERNA,MILANO ROGOREDO,70.174
LIERNA,SESTO S GIOVANNI,56.795
LIERNA,SONDRIO,64.323
LIERNA,TIRANO,90.28
LIMONE,BIVIO MADONNA DELL OLMO,31.59
LIMONE,CUNEO,28.328
LIMONE,FOSSANO,53.467
LIVORNO CALAMBRONE,FOGGIA,667.938
LIVORNO CENTRALE,ARQUATA SCRIVIA,214.994
LIVORNO CENTRALE,BORGO VAL TARO,133.4
LIVORNO CENTRALE,CAMPIGLIA MARITTIMA,68.533
LIVORNO CENTRALE,CASCINA,31.471
LIVORNO CENTRALE,CECINA,33.693
LIVORNO CENTRALE,EMPOLI,66.0
LIVORNO CENTRALE,FIDENZA,195.74
LIVORNO CENTRALE,FIORENTINA PIOMBINO,75.38
LIVORNO CENTRALE,FIRENZE RIFREDI,93.783
LIVORNO CENTRALE,FIRENZE S MARIA NOVELLA,96.55
LIVORNO CENTRALE,FOLLONICA,85.735
LIVORNO CENTRALE,FORNOVO,171.029
LIVORNO CENTRALE,GENOVA BRIGNOLE,176.568
LIVORNO CENTRALE,GENOVA PIAZZA PRINCIPE,179.207
LIVORNO CENTRALE,GROSSETO,127.641
LIVORNO CENTRALE,LA SPEZIA CENTRALE,92.526
LIVORNO CENTRALE,LA SPEZIA MIGLIARINA,89.725
LIVORNO CENTRALE,LIVORNO CALAMBRONE,3.693
LIVORNO CENTRALE,LUCCA,41.021
LIVORNO CENTRALE,MASSA CENTRO,60.335
LIVORNO CENTRALE,MILANO CENTRALE,298.366
LIVORNO CENTRALE,MILANO LAMBRATE,294.568
LIVORNO CENTRALE,MILANO PORTA GARIBALDI,300.256
LIVORNO CENTRALE,MILANO ROGOREDO,288.78
LIVORNO CENTRALE,NAPOLI CENTRALE,520.354
LIVORNO CENTRALE,NAVACCHIO,26.584
LIVORNO CENTRALE,ORBETELLO MONTE ARGENTARIO,165.362
LIVORNO CENTRALE,PADOVA,301.897
LIVORNO CENTRALE,PAVIA,280.567
LIVORNO CENTRALE,PIACENZA,230.809
LIVORNO CENTRALE,PIOMBINO,81.314
LIVORNO CENTRALE,PIOMBINO MARITTIMA,82.542
LIVORNO CENTRALE,PISA CENTRALE,18.939
LIVORNO CENTRALE,PISA/BINARI PISA S ROSSORE,20.197
LIVORNO CENTRALE,PONTEDERA CASCIANA TERME,38.361
LIVORNO CENTRALE,PONTREMOLI,115.47
LIVORNO CENTRALE,RECCO,159.088
LIVORNO CENTRALE,ROMA TERMINI,312.168
LIVORNO CENTRALE,ROMA TUSCOLANA,309.086
LIVORNO CENTRALE,ROSIGNANO,23.044
LIVORNO CENTRALE,S GIULIANO TERME,26.208
LIVORNO CENTRALE,S MARGHERITA LIGURE PORTOFINO,152.292
LIVORNO CENTRALE,S ROMANO MONTOPOLI S CROCE,50.467
LIVORNO CENTRALE,S STEFANO MAGRA,86.425
LIVORNO CENTRALE,S VINCENZO,57.932
LIVORNO CENTRALE,SARZANA,77.559
LIVORNO CENTRALE,SCARLINO,92.602
LIVORNO CENTRALE,SECUGNAGO,254.761
LIVORNO CENTRALE,SESTRI LEVANTE,133.992
LIVORNO CENTRALE,TARVISIO BOSCOVERDE,544.64
LIVORNO CENTRALE,TAVAZZANO,274.395
LIVORNO CENTRALE,TORINO LINGOTTO,333.807
LIVORNO CENTRALE,TORTONA,239.505
LIVORNO CENTRALE,VADA,27.766
LIVORNO CENTRALE,VEZZANO LIGURE,84.96
LIVORNO CENTRALE,VIAREGGIO,40.154
LIVORNO CENTRALE,VOGHERA,255.708
LIVORNO FERRARIS,CHIVASSO,18.152
LIVORNO FERRARIS,IVREA,50.612
LIVORNO FERRARIS,MILANO CENTRALE,105.517
LIVORNO FERRARIS,NOVARA,53.537
LIVORNO FERRARIS,SANTHIA,12.53
LOANO,GENOVA BRIGNOLE,73.298
LOANO,MILANO CENTRALE,204.792
LOANO,TORINO PORTA NUOVA,175.584
LOANO,VENTIMIGLIA,71.196
LOCRI,CATANZARO,90.07
LOCRI,CATANZARO LIDO,82.54
LOCRI,GIOIOSA JONICA,9.471
LOCRI,LAMEZIA TERME CENTRALE,125.7
LOCRI,LAMEZIA TERME NICASTRO,116.607
LOCRI,MONASTERACE STILO,36.524
LOCRI,MONTEPAONE MONTAURO,69.89
LOCRI,REGGIO CALABRIA CENTRALE,95.01
LOCRI,ROCCELLA JONICA,16.589
LOCRI,SIDERNO,5.329
LOCRI,SOVERATO,64.33
LOCRI,SQUILLACE,76.292
LODI,BOLOGNA CENTRALE,183.336
LODI,BOZZOLO,87.521
LODI,CASALPUSTERLENGO,18.853
LODI,MANTOVA,113.283
LODI,MELEGNANO,15.227
LODI,MILANO BOVISA,37.641
LODI,MILANO CENTRALE,35.652
LODI,MILANO CERTOSA,39.312
LODI,MILANO GRECO PIRELLI,35.734
LODI,MILANO LAMBRATE,31.854
LODI,MILANO LANCETTI,35.73
LODI,MILANO PORTA VITTORIA,29.904
LODI,MILANO ROGOREDO,26.066
LODI,PIACENZA,35.862
LODI,RIMINI,294.423
LODI,SARONNO,54.633
LODI,TAVAZZANO,7.724
LOMELLO,ALESSANDRIA,32.886
LOMELLO,MILANO CENTRALE,68.533
LOMELLO,PAVIA,30.344
LOMELLO,TORREBERETTI,12.715
LONATO,BRESCIA,23.546
LONATO,MILANO CENTRALE,106.3
LONATO,VENEZIA S LUCIA,158.791
LONATO,VERONA PORTA NUOVA,41.092
LONGARONE ZOLDO,BELLUNO,17.94
LONGARONE ZOLDO,CALALZO PIEVE CADORE CORTINA,25.92
LONGARONE ZOLDO,VICENZA,134.815
LOREO,CHIOGGIA,20.15
LOREO,LEGNAGO,82.706
LOREO,ROVIGO,35.642
LOREO,VERONA PORTA NUOVA,130.283
LORETO,ANCONA,23.502
LORETO,ASCOLI PICENO,93.573
LORETO,CIVITANOVA MARCHE MONTEGRANARO,19.203
LORETO,MACERATA,46.385
LORETO,MILANO CENTRALE,442.245
LORETO,ORTE,233.571
LORETO,PESCARA,122.471
LORETO,ROMA TERMINI,314.972
LORETO,ROMA TIBURTINA,310.467
LUCCA,ALTOPASCIO,13.971
LUCCA,AULLA LUNIGIANA,78.315
LUCCA,BAGNI LUCCA,23.305
LUCCA,BORGO A BUGGIANO,26.76
LUCCA,CAMPIGLIA MARITTIMA,108.735
LUCCA,CASTELNUOVO GARFAGNANA,44.924
LUCCA,DIECIMO PESCAGLIA,16.417
LUCCA,FIRENZE CASTELLO,71.923
LUCCA,FIRENZE RIFREDI,74.528
LUCCA,FIRENZE S MARIA NOVELLA,77.295
LUCCA,FORNACI BARGA,31.931
LUCCA,GRAGNOLA,76.112
LUCCA,LA SPEZIA CENTRALE,75.382
LUCCA,LIVORNO CENTRALE,41.021
LUCCA,MASSAROSA BOZZANO,14.231
LUCCA,MINUCCIANO PIEVE CASOLA,65.717
LUCCA,MONTECATINI TERME MONSUMMANO,30.88
LUCCA,NAVACCHIO,30.724
LUCCA,PESCIA,23.107
LUCCA,PIAZZA AL SERCHIO,57.383
LUCCA,PISA CENTRALE,23.079
LUCCA,PISTOIA,43.855
LUCCA,PONTEDERA CASCIANA TERME,42.501
LUCCA,PORCARI,9.118
LUCCA,PRATO CENTRALE,60.909
LUCCA,RIGOLI,11.698
LUCCA,S GIULIANO TERME,14.813
LUCCA,S PIETRO A VICO,5.233
LUCCA,SARZANA,60.415
LUCCA,VIAREGGIO,23.01
LUGO,BOLOGNA CENTRALE,55.845
LUGO,FAENZA,16.536
LUGO,MILANO CENTRALE,270.547
LUGO,RAVENNA,27.125
LUGO,RUSSI,10.768
LUINO,ASTI,166.87
LUINO,BESNATE,40.637
LUINO,BESOZZO,22.202
LUINO,BOLZANO,373.396
LUINO,BRESSANONE,411.84
LUINO,GALLARATE,45.798
LUINO,LAVENO MOMBELLO,14.565
LUINO,MILANO CENTRALE,88.258
LUINO,MILANO CERTOSA,79.732
LUINO,MILANO PORTA GARIBALDI,84.481
LUINO,MORNAGO CIMBRO,36.281
LUINO,PARABIAGO,62.894
LUINO,PORTO VALTRAVAGLIA,6.839
LUINO,RHO,71.909
LUINO,SESTO CALENDE,35.575
LUINO,TERNATE VARANO BORGHI,29.833
LUNGHEZZA,AVEZZANO,92.157
LUNGHEZZA,PONTE NONA,1.349
LUNGHEZZA,ROMA PRENESTINA,10.667
LUNGHEZZA,ROMA TERMINI,14.923
LUNGHEZZA,ROMA TIBURTINA,13.608
LUNGHEZZA,TIVOLI,24.65
LUNGHEZZA,TOR SAPIENZA,7.071
LUNGHEZZA,VAL D ALA,17.395
LUZZARA,PARMA,37.528
MACCARESE FREGENE,CIVITAVECCHIA,46.503
MACCARESE FREGENE,LADISPOLI CERVETERI,16.122
MACCARESE FREGENE,PISA CENTRALE,298.233
MACCARESE FREGENE,ROMA OSTIENSE,24.366
MACCARESE FREGENE,ROMA TERMINI,31.058
MACCARESE FREGENE,ROMA TIBURTINA,31.733
MACCARESE FREGENE,ROMA TUSCOLANA,27.976
MACERATA,ALBACINA,59.406
MACERATA,ANCONA,69.887
MACERATA,CIVITANOVA MARCHE MONTEGRANARO,27.182
MACERATA,FABRIANO,67.675
MACERATA,LORETO,46.385
MACERATA,MATELICA,47.064
MACERATA,MONTECOSARO,19.73
MACERATA,MORROVALLE MONTE S GIUSTO,14.371
MACERATA,TOLENTINO,18.423
MACOMER,ABBASANTA,23.663
MACOMER,CAGLIARI,152.737
MACOMER,DECIMOMANNU,136.496
MACOMER,OLBIA,123.767
MACOMER,OLBIA TERRANOVA,123.367
MACOMER,OZIERI CHILIVANI,53.261
MACOMER,PAULILATINO,30.411
MACOMER,PLOAGHE,70.739
MACOMER,PORTO TORRES MARITTIMA,117.128
MACOMER,S GAVINO,103.116
MACOMER,SASSARI,97.786
MACOMER,URAS MOGORO,85.306
MADDALENE,FOSSANO,6.756
MAERNE MARTELLAGO,BASSANO DEL GRAPPA,43.784
MAERNE MARTELLAGO,VENEZIA MESTRE,10.492
MAERNE MARTELLAGO,VENEZIA S LUCIA,18.926
MAGENTA,MILANO CENTRALE,30.499
MAGENTA,MILANO CERTOSA,21.973
MAGENTA,MILANO PORTA GARIBALDI,26.722
MAGENTA,NOVARA,21.481
MAGENTA,PIOLTELLO LIMITO,39.449
MAGENTA,RHO,14.15
MAGENTA,TORINO LINGOTTO,122.352
MAGENTA,TORINO PORTA NUOVA,121.537
MAGENTA,TREVIGLIO,60.202
MAGIONE,FOLIGNO,60.879
MAGIONE,PERUGIA,21.299
MALPENSA AEROPORTO T1,ALBIZZATE SOLBIATE ARNO,30.214
MALPENSA AEROPORTO T1,BUSTO ARSIZIO,15.485
MALPENSA AEROPORTO T1,CANTELLO GAGGIOLO,51.834
MALPENSA AEROPORTO T1,FERNO LONATE POZZOLO,4.894
MALPENSA AEROPORTO T1,GALLARATE,22.586
MALPENSA AEROPORTO T1,MILANO BOVISA,44.295
MALPENSA AEROPORTO T1,MILANO CADORNA,48.46
MALPENSA AEROPORTO T1,MILANO CENTRALE,50.844
MALPENSA AEROPORTO T1,MILANO PORTA GARIBALDI,47.067
MALPENSA AEROPORTO T1,NOVATE MILANESE,40.298
MALPENSA AEROPORTO T1,SARONNO,27.303
MALPENSA AEROPORTO T1,VARESE,41.154
MALPENSA AEROPORTO T2,ALBIZZATE SOLBIATE ARNO,33.679
MALPENSA AEROPORTO T2,BUSTO ARSIZIO,18.95
MALPENSA AEROPORTO T2,CANTELLO GAGGIOLO,55.299
MALPENSA AEROPORTO T2,MILANO BOVISA,47.76
MALPENSA AEROPORTO T2,MILANO CADORNA,51.925
MALPENSA AEROPORTO T2,MILANO CENTRALE,54.309
MALPENSA AEROPORTO T2,MILANO PORTA GARIBALDI,50.532
MALPENSA AEROPORTO T2,NOVATE MILANESE,43.763
MALPENSA AEROPORTO T2,SARONNO,30.768
MALPENSA AEROPORTO T2,SARONNO SUD,32.619
MALPENSA AEROPORTO T2,VARESE,44.619
MANDATORICCIO CAMPANA,CATANZARO LIDO,120.857
MANDELLO DEL LARIO,COLICO,29.538
MANDELLO DEL LARIO,MILANO CENTRALE,58.177
MANDELLO DEL LARIO,MILANO PORTA GARIBALDI,58.81
MANDELLO DEL LARIO,SONDRIO,70.003
MANDELLO DEL LARIO,TIRANO,95.96
MANERBIO,BRESCIA,21.979
MANERBIO,CREMONA,28.217
MANERBIO,OLMENETA,17.386
MANERBIO,S ZENO FOLZANO,16.318
MANFREDONIA,FOGGIA,35.684
MANIAGO,AVIANO,16.105
MANIAGO,BUDOIA POLCENIGO,21.798
MANIAGO,MONTEREALE VALCELLINA,4.986
MANIAGO,PORDENONE,45.056
MANIAGO,SACILE,32.217
MANIAGO,UDINE,93.829
MANOPPELLO,PESCARA,24.107
MANOPPELLO,SULMONA,44.226
MANTOVA,BEVILACQUA,54.655
MANTOVA,BOLOGNA CENTRALE,97.974
MANTOVA,BOLOGNA CENTRALE/AV,97.974
MANTOVA,BOZZOLO,25.762
MANTOVA,CARPI,45.617
MANTOVA,CASTEL D ARIO,18.554
MANTOVA,CASTELLUCCHIO,10.898
MANTOVA,CEREA,38.535
MANTOVA,CODOGNO,89.557
MANTOVA,CREMONA,62.227
MANTOVA,DOSSOBUONO,29.318
MANTOVA,ESTE,75.648
MANTOVA,FIRENZE S MARIA NOVELLA,189.452
MANTOVA,GAZZO PIEVE S GIACOMO,48.599
MANTOVA,GONZAGA REGGIOLO,26.697
MANTOVA,LEGNAGO,45.891
MANTOVA,LODI,113.283
MANTOVA,MILANO CENTRALE,148.935
MANTOVA,MILANO CERTOSA,152.595
MANTOVA,MILANO LAMBRATE,145.137
MANTOVA,MILANO PORTA GARIBALDI,150.825
MANTOVA,MILANO ROGOREDO,139.349
MANTOVA,MODENA,61.042
MANTOVA,MONSELICE,83.838
MANTOVA,MONTAGNANA,59.624
MANTOVA,MOZZECANE,17.113
MANTOVA,NOGARA,26.195
MANTOVA,OSPEDALETTO EUGANEO,71.204
MANTOVA,PADOVA,106.64
MANTOVA,PIADENA,34.271
MANTOVA,PIZZIGHETTONE,81.844
MANTOVA,ROLO NOVI FABBRICO,34.033
MANTOVA,ROMA TERMINI,448.435
MANTOVA,ROMA TIBURTINA,443.93
MANTOVA,ROMANORE,11.194
MANTOVA,ROVERBELLA,10.701
MANTOVA,S ANTONIO MANTOVANO,3.41
MANTOVA,SALETTO,65.591
MANTOVA,SANGUINETTO,33.059
MANTOVA,SECUGNAGO,101.373
MANTOVA,SOLIERA MODENESE,52.395
MANTOVA,SUZZARA,18.929
MANTOVA,TAVAZZANO,121.007
MANTOVA,TORRE DE PICENARDI,40.975
MANTOVA,VENEZIA MESTRE,135.139
MANTOVA,VENEZIA S LUCIA,143.573
MANTOVA,VERONA PORTA NUOVA,36.664
MANTOVA,VILLAFRANCA VERONA,22.314
MANTOVA FRASSINE,MONSELICE,77.527
MANTOVA FRASSINE,SALETTO,59.28
MANTOVA FRASSINE,VENEZIA MESTRE,128.828
MANZIANA CANALE MONTERANO,ROMA OSTIENSE,49.145
MARATEA,ACIREALE,333.715
MARATEA,PAOLA,79.897
MARATEA,ROMA OSTIENSE,400.839
MARATEA,TAORMINA GIARDINI,299.007
MARAUSA,CASTELVETRANO,60.677
MARAUSA,PIRAINETO,148.846
MARCARIA,CODOGNO,69.16
MARCARIA,CREMONA,41.83
MARCARIA,MILANO CENTRALE,128.538
MARCATOBIANCO,CALTANISSETTA CENTRALE,49.867
MARCATOBIANCO,CALTANISSETTA XIRBI,43.533
MARCELLINA PALOMBARA,AVEZZANO,73.401
MARCELLINA PALOMBARA,PESCARA,206.591
MARCELLINA PALOMBARA,ROMA TERMINI,33.679
MARCELLINA PALOMBARA,ROMA TIBURTINA,32.364
MARCELLINA PALOMBARA,TIVOLI,5.894
MARECHIARO,CAMPO CARNE,9.044
MARECHIARO,ROMA TERMINI,53.164
MARIANO COMENSE,MILANO BOVISA,23.197
MARIANO COMENSE,MILANO CADORNA,27.362
MARIANO COMENSE,MILANO ROGOREDO,34.772
MARIANO COMENSE,SEVESO,6.154
MARIANOPOLI,CALTANISSETTA CENTRALE,26.826
MARINO LAZIALE,ALBANO LAZIALE,5.877
MARINO LAZIALE,CIAMPINO,8.616
MARINO LAZIALE,ROMA TERMINI,22.537
MARMORE,L AQUILA,88.013
MARMORE,TERNI,15.215
MARONE ZONE,ISEO,12.027
MARONE ZONE,PILZONE,8.855
MAROTTA MONDOLFO,ANCONA,34.885
MAROTTA MONDOLFO,PIACENZA,316.63
MAROTTA MONDOLFO,RIMINI,58.069
MARRADI PALAZZUOLO SUL SENIO,BORGO S LORENZO,32.004
MARRADI PALAZZUOLO SUL SENIO,BRISIGHELLA,21.316
MARRADI PALAZZUOLO SUL SENIO,FAENZA,34.33
MARRADI PALAZZUOLO SUL SENIO,FIRENZE S MARIA NOVELLA,66.334
MARRUBIU TERRALBA ARBOREA,CAGLIARI,75.762
MARSALA,ALCAMO DIRAMAZIONE,85.461
MARSALA,CAMPOBELLO MAZARA,35.24
MARSALA,CASTELLAMMARE DEL GOLFO,91.518
MARSALA,CASTELVETRANO,43.706
MARSALA,GALLITELLO,70.17
MARSALA,MAZARA DEL VALLO,21.03
MARSALA,PARTINICO,111.765
MARSALA,PETROSINO STRASATTI,9.656
MARSALA,PIRAINETO,131.875
MARSALA,SALEMI GIBELLINA,59.729
MARSALA,TRAPANI,30.657
MARSALA,TRAPPETO,103.682
MARTINA FRANCA,CRISPIANO,17.693
MARTINA FRANCA,STATTE,23.579
MARTINA FRANCA,TARANTO,34.85
MARTINA FRANCA,TARANTO GALESE,33.248
MARZABOTTO,BOLOGNA CENTRALE,26.545
MARZABOTTO,BOLOGNA S RUFFILLO,32.919
MARZABOTTO,CASALECCHIO GARIBALDI,17.817
MARZABOTTO,PIANORO,42.707
MARZABOTTO,PORRETTA TERME,31.922
MARZABOTTO,SASSO MARCONI,7.524
MASI TORELLO,FERRARA,18.508
MASSA CENTRO,FIRENZE S MARIA NOVELLA,120.004
MASSA CENTRO,LA SPEZIA CENTRALE,32.191
MASSA CENTRO,MILANO CENTRALE,238.031
MASSA CENTRO,MILANO PORTA GARIBALDI,239.921
MASSA CENTRO,NAPOLI CENTRALE,579.87
MASSA CENTRO,PISA CENTRALE,42.393
MASSA CENTRO,PONTREMOLI,55.135
MASSA CENTRO,SARZANA,17.224
MASSA ZONA INDUSTRIALE,MASSA CENTRO,3.168
MASSA ZONA INDUSTRIALE,PISA CENTRALE,45.561
MASSAFISCAGLIA,FERRARA,43.356
MASSALOMBARDA,FAENZA,24.718
MASSAROSA BOZZANO,FIRENZE S MARIA NOVELLA,91.526
MASSAROSA BOZZANO,LUCCA,14.231
MATELICA,ANCONA,74.334
MATHI,ALBA,96.448
MATHI,FOSSANO,93.555
MAZARA DEL VALLO,ALCAMO DIRAMAZIONE,64.431
MAZARA DEL VALLO,CASTELVETRANO,22.676
MAZARA DEL VALLO,PALERMO CENTRALE,142.522
MAZARA DEL VALLO,PIRAINETO,110.845
MAZARA DEL VALLO,TRAPANI,51.687
MEDA,ASSO,26.959
MEDA,ERBA,19.879
MEDA,MERONE,15.883
MEDA,MILANO BOVISA,19.288
MEDA,MILANO ROGOREDO,30.863
MELEGNANO,LODI,15.227
MELEGNANO,MILANO BOVISA,22.414
MELEGNANO,MILANO CENTRALE,20.425
MELEGNANO,MILANO CERTOSA,24.085
MELEGNANO,MILANO GRECO PIRELLI,20.507
MELEGNANO,MILANO LANCETTI,20.503
MELEGNANO,MILANO PORTA VENEZIA,17.145
MELEGNANO,MILANO PORTA VITTORIA,14.677
MELEGNANO,MILANO ROGOREDO,10.839
MELEGNANO,SARONNO,39.406
MELFI,AVIGLIANO LUCANIA,38.863
MELFI,BARILE,6.656
MELFI,FOGGIA,65.457
MELFI,POTENZA CENTRALE,52.872
MELITO PORTO SALVO,AMANTEA,181.652
MELITO PORTO SALVO,BAGNARA,61.619
MELITO PORTO SALVO,CASTIGLIONE COSENTINO,225.342
MELITO PORTO SALVO,CATANZARO LIDO,147.737
MELITO PORTO SALVO,COSENZA,229.677
MELITO PORTO SALVO,GIOIA TAURO,80.429
MELITO PORTO SALVO,LAMEZIA TERME CENTRALE,150.132
MELITO PORTO SALVO,PALMI,72.058
MELITO PORTO SALVO,PAOLA,207.002
MELITO PORTO SALVO,PIZZO,145.565
MELITO PORTO SALVO,REGGIO CALABRIA CENTRALE,29.813
MELITO PORTO SALVO,REGGIO CALABRIA GALLICO,37.653
MELITO PORTO SALVO,REGGIO CALABRIA PELLARO,19.753
MELITO PORTO SALVO,REGGIO CALABRIA S GREGORIO,23.899
MELITO PORTO SALVO,ROCCELLA JONICA,81.786
MELITO PORTO SALVO,ROSARNO,90.314
MELITO PORTO SALVO,SALINE REGGIO,6.804
MELITO PORTO SALVO,SCILLA,52.525
MELITO PORTO SALVO,TROPEA,119.829
MELITO PORTO SALVO,VIBO MARINA,142.446
MELITO PORTO SALVO,VILLA S GIOVANNI,43.901
MELZO SCALO,BERGAMO,34.64
MELZO SCALO,NAPOLI CENTRALE,782.707
MERANO,BOLZANO,32.961
MERANO,BRENNERO,121.753
MERANO,BRESSANONE,71.405
MERANO,COLLE ISARCO,106.199
MERANO,FORTEZZA,81.582
MERANO,GARGAZZONE,12.307
MERANO,LANA POSTAL,8.493
MERANO,LE CAVE,88.704
MERANO,MERANO MAIA BASSA,2.115
MERANO,PONTE D ADIGE,26.204
MERANO,PONTE GARDENA LAION,55.474
MERANO,TERLANO ANDRIANO,19.366
MERANO,VILPIANO NALLES,15.542
MERANO,VIPITENO VAL VIZZE,100.4
MERANO MAIA BASSA,BOLZANO,30.846
MERANO MAIA BASSA,BRENNERO,119.638
MERCATELLO,ARECHI,2.225
MERCATELLO,SALERNO,3.438
MERCATO S SEVERINO,BARONISSI,5.421
MERCATO S SEVERINO,FISCIANO,3.674
MERCATO S SEVERINO,FRATTE,14.207
MERCATO S SEVERINO,MONTORO FORINO,4.454
MERCATO S SEVERINO,NOCERA INFERIORE,12.457
MERCATO S SEVERINO,PELLEZZANO,8.171
MERCATO S SEVERINO,SALERNO,17.627
MERONE,COMO S GIOVANNI,21.706
MERONE,LECCO,20.012
MERONE,MEDA,15.883
MERONE,MILANO CADORNA,39.336
MERONE,MOLTENO,5.297
MESAGNE,TARANTO,54.652
MESSINA CENTRALE,ACIREALE,81.717
MESSINA CENTRALE,ACQUEDOLCI S FRATELLO,103.496
MESSINA CENTRALE,ALCANTARA,51.329
MESSINA CENTRALE,ALI TERME,23.81
MESSINA CENTRALE,ALTAVILLA MILICIA,202.804
MESSINA CENTRALE,AUGUSTA,150.809
MESSINA CENTRALE,BAGHERIA,209.966
MESSINA CENTRALE,BARCELLONA CASTROREALE,39.517
MESSINA CENTRALE,BICOCCA,102.198
MESSINA CENTRALE,BROLO FICARRA,77.265
MESSINA CENTRALE,CAMPOFELICE,170.379
MESSINA CENTRALE,CAPO D ORLANDO NASO,85.123
MESSINA CENTRALE,CARONIA,116.933
MESSINA CENTRALE,CATANIA AEROPORTO FONTANAROSSA,99.963
MESSINA CENTRALE,CATANIA CENTRALE,94.771
MESSINA CENTRALE,CEFALU,156.97
MESSINA CENTRALE,CONTESSE,4.462
MESSINA CENTRALE,FIUMEFREDDO SICILIA,56.738
MESSINA CENTRALE,FIUMETORTO,179.953
MESSINA CENTRALE,GIAMPILIERI,15.354
MESSINA CENTRALE,GIARRE RIPOSTO,64.96
MESSINA CENTRALE,GIOJOSA MAREA,71.134
MESSINA CENTRALE,LENTINI,123.312
MESSINA CENTRALE,LETOJANNI,42.066
MESSINA CENTRALE,MILANO CENTRALE,1207.927
MESSINA CENTRALE,MILAZZO,31.578
MESSINA CENTRALE,NOVARA MONTALBANO FURNARI,46.858
MESSINA CENTRALE,OLIVERI TINDARI,54.24
MESSINA CENTRALE,PACE DEL MELA,26.691
MESSINA CENTRALE,PALERMO AEROPORTO,256.219
MESSINA CENTRALE,PALERMO BRANCACCIO,220.269
MESSINA CENTRALE,PALERMO CENTRALE,223.172
MESSINA CENTRALE,PATTI S PIERO PATTI,61.418
MESSINA CENTRALE,PIACENZA,1140.707
MESSINA CENTRALE,POLLINA S MAURO CASTELVERDE,141.994
MESSINA CENTRALE,PRIOLO MELILLI,164.092
MESSINA CENTRALE,ROCCALUMERA MANDANICI,28.453
MESSINA CENTRALE,ROMA TERMINI,648.592
MESSINA CENTRALE,ROMETTA MESSINESE,17.752
MESSINA CENTRALE,S AGATA MILITELLO,98.486
MESSINA CENTRALE,S STEFANO CAMASTRA MISTRETTA,125.751
MESSINA CENTRALE,S TERESA RIVA,32.193
MESSINA CENTRALE,SIRACUSA,177.725
MESSINA CENTRALE,TAORMINA GIARDINI,47.009
MESSINA CENTRALE,TARGIA,171.129
MESSINA CENTRALE,TERME VIGLIATORE,42.729
MESSINA CENTRALE,TERMINI IMERESE,186.757
MESSINA CENTRALE,TREMESTIERI,6.0
MESSINA CENTRALE,TUSA,134.499
MESSINA CENTRALE,ZAPPULLA,91.042
METAPONTO,BARI CENTRALE,137.111
METAPONTO,CASTIGLIONE COSENTINO,138.565
METAPONTO,COSENZA,142.9
METAPONTO,MILANO CENTRALE,963.663
METAPONTO,NAPOLI CENTRALE,269.362
METAPONTO,POTENZA CENTRALE,107.108
METAPONTO,REGGIO CALABRIA CENTRALE,328.566
METAPONTO,ROMA TERMINI,477.863
METAPONTO,SIBARI,79.02
METAPONTO,TORANO LATTARICO,122.06
METAPONTO,TORINO PORTA NUOVA,1083.023
MEZZANO,FERRARA,62.03
MEZZANO,SUZZARA,143.43
MEZZOCORONA,ALA,56.941
MEZZOCORONA,BOLOGNA CENTRALE,218.013
MEZZOCORONA,BOLZANO,38.607
MEZZOCORONA,NAPOLI CENTRALE,777.938
MEZZOCORONA,TRENTO,16.832
MEZZOCORONA,VERONA PORTA NUOVA,107.515
MIGLIARINO,FERRARA,34.652
MILANO AFFORI,CAMNAGO LENTATE,24.105
MILANO AFFORI,CESANO MADERNO,12.802
MILANO AFFORI,SEVESO,14.766
MILANO BOVISA,BUSTO ARSIZIO NORD,31.449
MILANO BOVISA,CAMNAGO LENTATE,26.382
MILANO BOVISA,CASTELLANZA,29.51
MILANO BOVISA,CERTOSA PAVIA,32.44
MILANO BOVISA,GALLARATE,37.311
MILANO BOVISA,GARBAGNATE MILANESE,10.623
MILANO BOVISA,GARBAGNATE PARCO DELLE GROANE,9.331
MILANO BOVISA,LODI,37.641
MILANO BOVISA,MALPENSA AEROPORTO T1,44.295
MILANO BOVISA,MALPENSA AEROPORTO T2,47.76
MILANO BOVISA,MEDA,19.288
MILANO BOVISA,MELEGNANO,22.414
MILANO BOVISA,MILANO BRUZZANO PARCO NORD,3.68
MILANO BOVISA,MILANO CENTRALE,12.446
MILANO BOVISA,MILANO DATEO,6.582
MILANO BOVISA,MILANO QUARTO OGGIARO,2.174
MILANO BOVISA,MILANO ROGOREDO,11.575
MILANO BOVISA,NOVATE MILANESE,3.997
MILANO BOVISA,PADERNO DUGNANO,7.448
MILANO BOVISA,PALAZZOLO MILANESE,9.302
MILANO BOVISA,PAVIA,40.178
MILANO BOVISA,S GIULIANO MILANESE,17.716
MILANO BOVISA,SARONNO,16.992
MILANO BOVISA,SEVESO,17.043
MILANO BOVISA,TAVAZZANO,29.917
MILANO BOVISA,VOGHERA,65.037
MILANO CADORNA,ABBIATE GUAZZONE,33.375
MILANO CADORNA,AROSIO,31.049
MILANO CADORNA,ASSO,50.412
MILANO CADORNA,BUSTO ARSIZIO NORD,35.614
MILANO CADORNA,CABIATE,25.151
MILANO CADORNA,CADORAGO,33.748
MILANO CADORNA,CAMNAGO LENTATE,30.547
MILANO CADORNA,CARONNO PERTUSELLA,17.448
MILANO CADORNA,CASTANO PRIMO,44.281
MILANO CADORNA,CASTELLANZA,33.675
MILANO CADORNA,CESANO MADERNO,19.244
MILANO CADORNA,COCQUIO TREVISAGO,63.625
MILANO CADORNA,COMO BORGHI,44.935
MILANO CADORNA,COMO CAMERLATA,41.964
MILANO CADORNA,COMO LAGO,46.088
MILANO CADORNA,CORMANO CUSANO MILANINO,9.227
MILANO CADORNA,ERBA,43.332
MILANO CADORNA,FERNO LONATE POZZOLO,43.566
MILANO CADORNA,GALLIATE PARCO DEL TICINO,51.419
MILANO CADORNA,GARBAGNATE MILANESE,14.788
MILANO CADORNA,GARBAGNATE PARCO DELLE GROANE,13.496
MILANO CADORNA,GAVIRATE,61.106
MILANO CADORNA,GAVIRATE VERBANO,62.0
MILANO CADORNA,GEMONIO,66.052
MILANO CADORNA,GRANDATE BRECCIA,39.998
MILANO CADORNA,LAMBRUGO LURAGO D ERBA,36.905
MILANO CADORNA,LAVENO MOMBELLO LAGO,72.152
MILANO CADORNA,MALNATE,45.079
MILANO CADORNA,MALPENSA AEROPORTO T1,48.46
MILANO CADORNA,MALPENSA AEROPORTO T2,51.925
MILANO CADORNA,MARIANO COMENSE,27.362
MILANO CADORNA,MERONE,39.336
MILANO CADORNA,MILANO AFFORI,6.442
MILANO CADORNA,MILANO BOVISA,4.165
MILANO CADORNA,MILANO BRUZZANO PARCO NORD,7.845
MILANO CADORNA,MILANO DOMODOSSOLA,1.72
MILANO CADORNA,MILANO QUARTO OGGIARO,6.339
MILANO CADORNA,MOROSOLO CASCIAGO,55.682
MILANO CADORNA,NOVARA NORD,53.452
MILANO CADORNA,NOVATE MILANESE,8.162
MILANO CADORNA,PADERNO DUGNANO,11.613
MILANO CADORNA,PALAZZOLO MILANESE,13.467
MILANO CADORNA,SACCONAGO,38.379
MILANO CADORNA,SARONNO,21.157
MILANO CADORNA,SARONNO SUD,19.306
MILANO CADORNA,SEVESO,21.208
MILANO CADORNA,TRADATE,34.719
MILANO CADORNA,VANZAGHELLO MAGNAGO,41.627
MILANO CADORNA,VARESE,49.867
MILANO CADORNA,VARESE CASBENO,52.376
MILANO CADORNA,VEDANO OLONA,42.57
MILANO CENTRALE,ABANO TERME,235.16
MILANO CENTRALE,ABBADIA LARIANA,55.724
MILANO CENTRALE,ACIREALE,1289.644
MILANO CENTRALE,ACQUANEGRA CREMONESE,75.973
MILANO CENTRALE,ALASSIO,219.935
MILANO CENTRALE,ALBENGA,213.802
MILANO CENTRALE,ALBINIA,456.411
MILANO CENTRALE,ALESSANDRIA,99.967
MILANO CENTRALE,ANCONA,418.743
MILANO CENTRALE,ARDENNO MASINO,110.657
MILANO CENTRALE,ARONA,68.088
MILANO CENTRALE,ARQUATA SCRIVIA,103.762
MILANO CENTRALE,ASTI,132.953
MILANO CENTRALE,AUGUSTA,1358.736
MILANO CENTRALE,AULLA LUNIGIANA,202.907
MILANO CENTRALE,AVERSA,755.385
MILANO CENTRALE,BARI CENTRALE,860.815
MILANO CENTRALE,BARLETTA,806.118
MILANO CENTRALE,BATTIPAGLIA,838.825
MILANO CENTRALE,BELLANO TARTAVALLE TERME,73.583
MILANO CENTRALE,BERCETO,149.422
MILANO CENTRALE,BERGAMO,49.407
MILANO CENTRALE,BOLOGNA CENTRALE,214.702
MILANO CENTRALE,BOLZANO,288.49
MILANO CENTRALE,BORDIGHERA,271.229
MILANO CENTRALE,BORGO VAL TARO,164.966
MILANO CENTRALE,BOZZOLO,123.173
MILANO CENTRALE,BRENNERO,377.282
MILANO CENTRALE,BRESCIA,82.754
MILANO CENTRALE,BRESSANONE,326.934
MILANO CENTRALE,BRINDISI,971.738
MILANO CENTRALE,BUSTO ARSIZIO,35.359
MILANO CENTRALE,BUSTO ARSIZIO NORD,37.998
MILANO CENTRALE,CALOLZIOCORTE OLGINATE,41.849
MILANO CENTRALE,CAMNAGO LENTATE,27.91
MILANO CENTRALE,CAMPIGLIA MARITTIMA,366.08
MILANO CENTRALE,CANCELLO,769.291
MILANO CENTRALE,CARIMATE,31.772
MILANO CENTRALE,CARNATE USMATE,23.745
MILANO CENTRALE,CARRARA AVENZA,231.305
MILANO CENTRALE,CASALPUSTERLENGO,54.505
MILANO CENTRALE,CASERTA,757.504
MILANO CENTRALE,CASSINO,695.072
MILANO CENTRALE,CASTAGNOLE DELLE LANZE,153.081
MILANO CENTRALE,CASTEL S PIETRO TERME,237.781
MILANO CENTRALE,CASTELFRANCO EMILIA,190.023
MILANO CENTRALE,CASTELGUELFO,112.23
MILANO CENTRALE,CASTELLUCCHIO,138.037
MILANO CENTRALE,CASTIONE ANDEVENNO,123.007
MILANO CENTRALE,CATANIA CENTRALE,1302.698
MILANO CENTRALE,CATTOLICA S GIOVANNI GABICCE,344.068
MILANO CENTRALE,CAVA TIGOZZI,81.537
MILANO CENTRALE,CECINA,331.24
MILANO CENTRALE,CERTOSA PAVIA,30.451
MILANO CENTRALE,CERVIA MILANO MARITTIMA,318.408
MILANO CENTRALE,CESENA,297.371
MILANO CENTRALE,CESENATICO,325.827
MILANO CENTRALE,CHIAVARI,177.3
MILANO CENTRALE,CHIAVENNA,113.997
MILANO CENTRALE,CHIVASSO,123.669
MILANO CENTRALE,CIVITANOVA MARCHE MONTEGRANARO,461.448
MILANO CENTRALE,CIVITAVECCHIA,532.154
MILANO CENTRALE,CODOGNO,59.378
MILANO CENTRALE,COGOLETO,158.741
MILANO CENTRALE,COLICO,87.715
MILANO CENTRALE,COMO S GIOVANNI,46.627
MILANO CENTRALE,CREMONA,86.708
MILANO CENTRALE,DELEBIO,94.661
MILANO CENTRALE,DERVIO,78.227
MILANO CENTRALE,DESENZANO DEL GARDA SIRMIONE,110.65
MILANO CENTRALE,DESIO,18.444
MILANO CENTRALE,DIANO,232.769
MILANO CENTRALE,DOMODOSSOLA,123.646
MILANO CENTRALE,EMPOLI,327.485
MILANO CENTRALE,FAENZA,263.809
MILANO CENTRALE,FANO,371.632
MILANO CENTRALE,FERRARA,244.871
MILANO CENTRALE,FIDENZA,102.626
MILANO CENTRALE,FINALE LIGURE MARINA,195.796
MILANO CENTRALE,FIORENZUOLA,90.664
MILANO CENTRALE,FIRENZE CAMPO MARTE,308.245
MILANO CENTRALE,FIRENZE RIFREDI,303.405
MILANO CENTRALE,FIRENZE S MARIA NOVELLA,306.172
MILANO CENTRALE,FOGGIA,738.226
MILANO CENTRALE,FOLIGNO,486.532
MILANO CENTRALE,FOLLONICA,383.282
MILANO CENTRALE,FORLI,279.52
MILANO CENTRALE,FORMIA GAETA,689.125
MILANO CENTRALE,FORNOVO,127.337
MILANO CENTRALE,FORTEZZA,337.111
MILANO CENTRALE,FOSSACESIA TORINO SANGRO,603.126
MILANO CENTRALE,FROSINONE,642.569
MILANO CENTRALE,GALLARATE,42.46
MILANO CENTRALE,GENOVA BRIGNOLE,142.188
MILANO CENTRALE,GENOVA NERVI,150.437
MILANO CENTRALE,GENOVA PIAZZA PRINCIPE,139.549
MILANO CENTRALE,GENOVA QUARTO DEI MILLE,146.757
MILANO CENTRALE,GENOVA SAMPIERDARENA,138.373
MILANO CENTRALE,GENOVA SESTRI PONENTE AEROPORTO,141.187
MILANO CENTRALE,GENOVA VOLTRI,148.416
MILANO CENTRALE,GIOVINAZZO,842.389
MILANO CENTRALE,GIULIANOVA,527.102
MILANO CENTRALE,GROSSETO,425.188
MILANO CENTRALE,GROTTAGLIE,979.315
MILANO CENTRALE,IGEA MARINA,336.409
MILANO CENTRALE,IMOLA,248.803
MILANO CENTRALE,IMPERIA,237.639
MILANO CENTRALE,ISOLA DELLA SCALA,162.901
MILANO CENTRALE,LA SPEZIA CENTRALE,223.749
MILANO CENTRALE,LA SPEZIA MIGLIARINA,220.948
MILANO CENTRALE,LAMEZIA TERME CENTRALE,1092.696
MILANO CENTRALE,LATINA,621.72
MILANO CENTRALE,LAVENO MOMBELLO,73.693
MILANO CENTRALE,LECCE,1010.102
MILANO CENTRALE,LECCO,48.736
MILANO CENTRALE,LECCO MAGGIANICO,45.516
MILANO CENTRALE,LEGNANO,30.791
MILANO CENTRALE,LENTINI,1331.239
MILANO CENTRALE,LEVANTO,206.048
MILANO CENTRALE,LIERNA,63.857
MILANO CENTRALE,LIVORNO CENTRALE,298.366
MILANO CENTRALE,LIVORNO FERRARIS,105.517
MILANO CENTRALE,LOANO,204.792
MILANO CENTRALE,LODI,35.652
MILANO CENTRALE,LOMELLO,68.533
MILANO CENTRALE,LONATO,106.3
MILANO CENTRALE,LORETO,442.245
MILANO CENTRALE,LUGO,270.547
MILANO CENTRALE,LUINO,88.258
MILANO CENTRALE,MAGENTA,30.499
MILANO CENTRALE,MALPENSA AEROPORTO T1,50.844
MILANO CENTRALE,MALPENSA AEROPORTO T2,54.309
MILANO CENTRALE,MANDELLO DEL LARIO,58.177
MILANO CENTRALE,MANTOVA,148.935
MILANO CENTRALE,MARCARIA,128.538
MILANO CENTRALE,MAROTTA MONDOLFO,383.858
MILANO CENTRALE,MASSA CENTRO,238.031
MILANO CENTRALE,MELEGNANO,20.425
MILANO CENTRALE,MELZO,19.592
MILANO CENTRALE,MESSINA CENTRALE,1207.927
MILANO CENTRALE,METAPONTO,963.663
MILANO CENTRALE,MILANO BOVISA,12.446
MILANO CENTRALE,MILANO CERTOSA,8.526
MILANO CENTRALE,MILANO GRECO PIRELLI,3.351
MILANO CENTRALE,MILANO LAMBRATE,3.798
MILANO CENTRALE,MILANO PORTA GARIBALDI,5.722
MILANO CENTRALE,MILANO PORTA GENOVA,19.992
MILANO CENTRALE,MILANO ROGOREDO,9.586
MILANO CENTRALE,MODENA,178.099
MILANO CENTRALE,MOLFETTA,836.074
MILANO CENTRALE,MONFALCONE,368.816
MILANO CENTRALE,MONTALTO CASTRO,496.891
MILANO CENTRALE,MONTEMARCIANO,405.309
MILANO CENTRALE,MONTEROSSO,210.357
MILANO CENTRALE,MONZA,11.942
MILANO CENTRALE,MORBEGNO,103.11
MILANO CENTRALE,MORTARA,57.621
MILANO CENTRALE,NAPOLI AFRAGOLA,769.32
MILANO CENTRALE,NAPOLI CENTRALE,774.606
MILANO CENTRALE,NOVARA,51.98
MILANO CENTRALE,NOVI LIGURE,97.61
MILANO CENTRALE,ORTE,498.404
MILANO CENTRALE,ORTONA,586.63
MILANO CENTRALE,OSTUNI,935.093
MILANO CENTRALE,PADOVA,228.158
MILANO CENTRALE,PALAZZOLO SULL OGLIO,70.997
MILANO CENTRALE,PALERMO CENTRALE,1431.099
MILANO CENTRALE,PARABIAGO,25.364
MILANO CENTRALE,PARATICO SARNICO,80.426
MILANO CENTRALE,PARMA,124.639
MILANO CENTRALE,PAVIA,38.189
MILANO CENTRALE,PC CAPENA,533.541
MILANO CENTRALE,PC MARCALLO,32.384
MILANO CENTRALE,PERUGIA,446.952
MILANO CENTRALE,PESARO,359.169
MILANO CENTRALE,PESCARA,564.716
MILANO CENTRALE,PESCHIERA DEL GARDA,124.852
MILANO CENTRALE,PIACENZA,69.053
MILANO CENTRALE,PIADENA,114.664
MILANO CENTRALE,PIETRASANTA,248.656
MILANO CENTRALE,PIOLTELLO LIMITO,12.302
MILANO CENTRALE,PISA CENTRALE,280.424
MILANO CENTRALE,PM CAMPEGINE,141.834
MILANO CENTRALE,PM PIACENZA OVEST,65.155
MILANO CENTRALE,PONTE IN VALTELLINA,136.596
MILANO CENTRALE,PONTREMOLI,182.896
MILANO CENTRALE,PORTO CERESIO,75.268
MILANO CENTRALE,PORTO D ASCOLI,508.02
MILANO CENTRALE,PORTO S GIORGIO FERMO,477.042
MILANO CENTRALE,PORTOGRUARO CAORLE,310.412
MILANO CENTRALE,POTENZA CENTRALE,856.555
MILANO CENTRALE,PREMOSELLO CHIOVENDA,108.104
MILANO CENTRALE,PRIVERNO FOSSANOVA,646.093
MILANO CENTRALE,RAVENNA,297.218
MILANO CENTRALE,REGGIO CALABRIA CENTRALE,1213.015
MILANO CENTRALE,REGGIO EMILIA,152.945
MILANO CENTRALE,REGGIO EMILIA AV MEDIOPADANA,151.213
MILANO CENTRALE,RHO,16.349
MILANO CENTRALE,RIMINI,325.789
MILANO CENTRALE,ROBBIO,69.609
MILANO CENTRALE,ROMA AURELIA,578.354
MILANO CENTRALE,ROMA CASILINA,564.959
MILANO CENTRALE,ROMA OSTIENSE,568.017
MILANO CENTRALE,ROMA S PIETRO,572.855
MILANO CENTRALE,ROMA TERMINI,565.155
MILANO CENTRALE,ROMA TIBURTINA,560.65
MILANO CENTRALE,ROMANO,45.964
MILANO CENTRALE,RONCO SCRIVIA,114.246
MILANO CENTRALE,ROVATO,65.739
MILANO CENTRALE,ROVERETO,209.478
MILANO CENTRALE,S BENEDETTO DEL TRONTO,503.236
MILANO CENTRALE,S ILARIO D ENZA,135.502
MILANO CENTRALE,S MARGHERITA LIGURE PORTOFINO,166.464
MILANO CENTRALE,S PIETRO BERBENNO,117.683
MILANO CENTRALE,S SEVERO,709.778
MILANO CENTRALE,S STEFANO MAGRA,211.941
MILANO CENTRALE,S VINCENZO,355.479
MILANO CENTRALE,S VITO LANCIANO,592.884
MILANO CENTRALE,SALERNO,819.122
MILANO CENTRALE,SANTHIA,92.987
MILANO CENTRALE,SAPRI,943.614
MILANO CENTRALE,SARONNO,29.438
MILANO CENTRALE,SARZANA,220.807
MILANO CENTRALE,SAVONA,176.451
MILANO CENTRALE,SECUGNAGO,47.562
MILANO CENTRALE,SENIGALLIA,392.905
MILANO CENTRALE,SEREGNO,21.606
MILANO CENTRALE,SESTO CALENDE,59.455
MILANO CENTRALE,SESTO S GIOVANNI,7.062
MILANO CENTRALE,SESTRI LEVANTE,184.764
MILANO CENTRALE,SIRACUSA,1385.652
MILANO CENTRALE,SOMMA LOMBARDO,49.948
MILANO CENTRALE,SONDRIO,128.18
MILANO CENTRALE,STRADELLA,67.211
MILANO CENTRALE,STRESA,85.427
MILANO CENTRALE,TAGGIA ARMA,253.615
MILANO CENTRALE,TARANTO,960.832
MILANO CENTRALE,TARVISIO BOSCOVERDE,452.403
MILANO CENTRALE,TAVAZZANO,27.928
MILANO CENTRALE,TERMOLI,654.184
MILANO CENTRALE,TERNI,525.93
MILANO CENTRALE,TIRANO,154.137
MILANO CENTRALE,TORINO LINGOTTO,149.153
MILANO CENTRALE,TORINO PORTA NUOVA,148.338
MILANO CENTRALE,TORINO PORTA SUSA,143.303
MILANO CENTRALE,TORINO STURA,136.311
MILANO CENTRALE,TORRE DE PICENARDI,107.96
MILANO CENTRALE,TORRE DEL LAGO PUCCINI,264.288
MILANO CENTRALE,TORTONA,79.251
MILANO CENTRALE,TRENTO,233.051
MILANO CENTRALE,TRESENDA APRICA TEGLIO,145.069
MILANO CENTRALE,TREVIGLIO,33.055
MILANO CENTRALE,TREVIGLIO OVEST,32.844
MILANO CENTRALE,TRIESTE CENTRALE,396.072
MILANO CENTRALE,UDINE,363.613
MILANO CENTRALE,VALLECROSIA,273.826
MILANO CENTRALE,VARENNA ESINO,70.325
MILANO CENTRALE,VASTO S SALVO,631.152
MILANO CENTRALE,VENEZIA MESTRE,256.657
MILANO CENTRALE,VENEZIA S LUCIA,265.091
MILANO CENTRALE,VENTIMIGLIA,275.988
MILANO CENTRALE,VERCELLI,73.866
MILANO CENTRALE,VERDELLO DALMINE,42.675
MILANO CENTRALE,VERNIO MONTEPIANO CANTAGALLO,274.674
MILANO CENTRALE,VERONA PORTA NUOVA,147.392
MILANO CENTRALE,VERONA PORTA VESCOVO,149.665
MILANO CENTRALE,VIAREGGIO,258.212
MILANO CENTRALE,VICENZA,197.888
MILANO CENTRALE,VILLA LITERNO,741.05
MILANO CENTRALE,VILLA S GIOVANNI,1198.927
MILANO CENTRALE,VITTUONE ARLUNO,24.714
MILANO CENTRALE,VOGHERA,63.048
MILANO CENTRALE,ZOAGLI,172.45
MILANO CERTOSA,ALBENGA,217.462
MILANO CERTOSA,ALESSANDRIA,104.588
MILANO CERTOSA,AREZZO,376.678
MILANO CERTOSA,ARONA,59.562
MILANO CERTOSA,ARQUATA SCRIVIA,107.422
MILANO CERTOSA,ASTI,137.574
MILANO CERTOSA,BERGAMO,53.064
MILANO CERTOSA,BOLOGNA CENTRALE,218.362
MILANO CERTOSA,BOLZANO,293.664
MILANO CERTOSA,BUSTO ARSIZIO,26.833
MILANO CERTOSA,CALOLZIOCORTE OLGINATE,45.506
MILANO CERTOSA,CAMNAGO LENTATE,31.567
MILANO CERTOSA,CARIMATE,35.429
MILANO CERTOSA,CASERTA,761.164
MILANO CERTOSA,CASSANO D ADDA,32.318
MILANO CERTOSA,CODOGNO,63.038
MILANO CERTOSA,COMO S GIOVANNI,50.284
MILANO CERTOSA,CREMONA,90.368
MILANO CERTOSA,DOMODOSSOLA,115.12
MILANO CERTOSA,FOLIGNO,490.192
MILANO CERTOSA,GALLARATE,33.934
MILANO CERTOSA,GENOVA BRIGNOLE,145.848
MILANO CERTOSA,GROSSETO,428.848
MILANO CERTOSA,LA SPEZIA CENTRALE,227.409
MILANO CERTOSA,LECCO,52.393
MILANO CERTOSA,LODI,39.312
MILANO CERTOSA,LUINO,79.732
MILANO CERTOSA,MAGENTA,21.973
MILANO CERTOSA,MELEGNANO,24.085
MILANO CERTOSA,MILANO CENTRALE,8.526
MILANO CERTOSA,MILANO LAMBRATE,8.972
MILANO CERTOSA,MILANO LANCETTI,3.582
MILANO CERTOSA,MILANO PORTA GARIBALDI,4.749
MILANO CERTOSA,MILANO PORTA GARIBALDI SOTTERRANEA,4.906
MILANO CERTOSA,MILANO PORTA VITTORIA,9.408
MILANO CERTOSA,MILANO ROGOREDO,13.246
MILANO CERTOSA,NOVARA,43.454
MILANO CERTOSA,PAVIA,41.849
MILANO CERTOSA,PIACENZA,72.713
MILANO CERTOSA,PIEDIMONTE VILLA S LUCIA AQUINO,689.738
MILANO CERTOSA,PIOLTELLO LIMITO,17.476
MILANO CERTOSA,PONTASSIEVE,327.538
MILANO CERTOSA,PORTO CERESIO,66.742
MILANO CERTOSA,RHO,7.823
MILANO CERTOSA,ROVATO,70.913
MILANO CERTOSA,SEREGNO,25.263
MILANO CERTOSA,SESTO CALENDE,50.929
MILANO CERTOSA,SESTRI LEVANTE,188.424
MILANO CERTOSA,SONDRIO,131.837
MILANO CERTOSA,STRADELLA,70.871
MILANO CERTOSA,TERNO,41.265
MILANO CERTOSA,TORINO PORTA NUOVA,139.812
MILANO CERTOSA,TORTONA,82.911
MILANO CERTOSA,TRECATE,33.93
MILANO CERTOSA,TREVIGLIO,38.229
MILANO CERTOSA,VARESE,51.195
MILANO CERTOSA,VENTIMIGLIA,279.648
MILANO CERTOSA,VERONA PORTA NUOVA,152.566
MILANO GRECO PIRELLI,ALBAIRATE VERMEZZO,31.158
MILANO GRECO PIRELLI,ASTI,133.035
MILANO GRECO PIRELLI,BERGAMO,46.056
MILANO GRECO PIRELLI,BRESCIA,82.836
MILANO GRECO PIRELLI,BRESSANA BOTTARONE,50.546
MILANO GRECO PIRELLI,BRONI,63.498
MILANO GRECO PIRELLI,CALOLZIOCORTE OLGINATE,38.498
MILANO GRECO PIRELLI,CAMNAGO LENTATE,24.559
MILANO GRECO PIRELLI,CARIMATE,28.421
MILANO GRECO PIRELLI,CARNATE USMATE,20.394
MILANO GRECO PIRELLI,CASALPUSTERLENGO,54.587
MILANO GRECO PIRELLI,CASTEL S GIOVANNI,78.638
MILANO GRECO PIRELLI,CODOGNO,59.46
MILANO GRECO PIRELLI,COLICO,84.364
MILANO GRECO PIRELLI,COMO S GIOVANNI,43.276
MILANO GRECO PIRELLI,GENOVA BRIGNOLE,142.27
MILANO GRECO PIRELLI,GENOVA PIAZZA PRINCIPE,139.631
MILANO GRECO PIRELLI,GENOVA SAMPIERDARENA,138.455
MILANO GRECO PIRELLI,LECCO,45.385
MILANO GRECO PIRELLI,LODI,35.734
MILANO GRECO PIRELLI,MELEGNANO,20.507
MILANO GRECO PIRELLI,MELZO SCALO,18.824
MILANO GRECO PIRELLI,MILANO CERTOSA,7.008
MILANO GRECO PIRELLI,MILANO LAMBRATE,3.88
MILANO GRECO PIRELLI,MILANO PORTA GARIBALDI,3.984
MILANO GRECO PIRELLI,MILANO ROGOREDO,9.668
MILANO GRECO PIRELLI,MILANO S CRISTOFORO,16.698
MILANO GRECO PIRELLI,MONZA,8.591
MILANO GRECO PIRELLI,MORBEGNO,99.759
MILANO GRECO PIRELLI,NOVI LIGURE,97.692
MILANO GRECO PIRELLI,OSPITALETTO TRAVAGLIATO,71.647
MILANO GRECO PIRELLI,PADERNO ROBBIATE,26.468
MILANO GRECO PIRELLI,PAVIA,38.271
MILANO GRECO PIRELLI,PIACENZA,69.135
MILANO GRECO PIRELLI,PINAROLO PO,56.146
MILANO GRECO PIRELLI,PIOLTELLO LIMITO,12.384
MILANO GRECO PIRELLI,PONTE S PIETRO,38.314
MILANO GRECO PIRELLI,RHO,14.831
MILANO GRECO PIRELLI,ROMANO,46.046
MILANO GRECO PIRELLI,ROVATO,65.821
MILANO GRECO PIRELLI,SARONNO,27.92
MILANO GRECO PIRELLI,SECUGNAGO,47.644
MILANO GRECO PIRELLI,SEREGNO,18.255
MILANO GRECO PIRELLI,SESTRI LEVANTE,184.846
MILANO GRECO PIRELLI,SONDRIO,124.829
MILANO GRECO PIRELLI,STRADELLA,67.293
MILANO GRECO PIRELLI,TAVAZZANO,28.01
MILANO GRECO PIRELLI,TIRANO,150.786
MILANO GRECO PIRELLI,TORTONA,79.333
MILANO GRECO PIRELLI,TREVIGLIO,33.137
MILANO GRECO PIRELLI,VOGHERA,63.13
MILANO LAMBRATE,ALBAIRATE VERMEZZO,27.278
MILANO LAMBRATE,ALESSANDRIA,96.169
MILANO LAMBRATE,ARQUATA SCRIVIA,99.964
MILANO LAMBRATE,ASTI,129.155
MILANO LAMBRATE,BERGAMO,49.584
MILANO LAMBRATE,BOLOGNA CENTRALE,210.904
MILANO LAMBRATE,BOLZANO,284.692
MILANO LAMBRATE,BOZZOLO,119.375
MILANO LAMBRATE,BRESCIA,78.956
MILANO LAMBRATE,BRESSANA BOTTARONE,46.666
MILANO LAMBRATE,BRONI,59.618
MILANO LAMBRATE,BUSTO ARSIZIO,35.805
MILANO LAMBRATE,CALOLZIOCORTE OLGINATE,42.378
MILANO LAMBRATE,CASALPUSTERLENGO,50.707
MILANO LAMBRATE,CATTOLICA S GIOVANNI GABICCE,340.27
MILANO LAMBRATE,CAVA TIGOZZI,77.739
MILANO LAMBRATE,CERTOSA PAVIA,26.653
MILANO LAMBRATE,CODOGNO,55.58
MILANO LAMBRATE,COMO S GIOVANNI,47.156
MILANO LAMBRATE,CREMONA,82.91
MILANO LAMBRATE,GALLARATE,42.906
MILANO LAMBRATE,GENOVA BRIGNOLE,138.39
MILANO LAMBRATE,GENOVA PIAZZA PRINCIPE,135.751
MILANO LAMBRATE,LECCO,49.265
MILANO LAMBRATE,LIVORNO CENTRALE,294.568
MILANO LAMBRATE,LODI,31.854
MILANO LAMBRATE,MANTOVA,145.137
MILANO LAMBRATE,MILANO CENTRALE,3.798
MILANO LAMBRATE,MILANO CERTOSA,8.972
MILANO LAMBRATE,MILANO GRECO PIRELLI,3.88
MILANO LAMBRATE,MILANO PORTA GARIBALDI,5.688
MILANO LAMBRATE,MILANO S CRISTOFORO,12.818
MILANO LAMBRATE,MODENA,174.301
MILANO LAMBRATE,MONZA,12.471
MILANO LAMBRATE,MORTARA,53.823
MILANO LAMBRATE,NOVI LIGURE,93.812
MILANO LAMBRATE,PADOVA,224.36
MILANO LAMBRATE,PARABIAGO,25.81
MILANO LAMBRATE,PARMA,120.841
MILANO LAMBRATE,PAVIA,34.391
MILANO LAMBRATE,PIACENZA,65.255
MILANO LAMBRATE,PIADENA,110.866
MILANO LAMBRATE,PISA CENTRALE,276.626
MILANO LAMBRATE,RIMINI,321.991
MILANO LAMBRATE,ROMANO,42.166
MILANO LAMBRATE,ROVATO,61.941
MILANO LAMBRATE,SARONNO,28.55
MILANO LAMBRATE,SEREGNO,22.135
MILANO LAMBRATE,SESTO S GIOVANNI,7.591
MILANO LAMBRATE,SESTRI LEVANTE,180.966
MILANO LAMBRATE,SONDRIO,128.709
MILANO LAMBRATE,STRADELLA,63.413
MILANO LAMBRATE,TARVISIO BOSCOVERDE,448.605
MILANO LAMBRATE,TORTONA,75.453
MILANO LAMBRATE,TREVIGLIO,29.257
MILANO LAMBRATE,VARESE,57.26
MILANO LAMBRATE,VENEZIA S LUCIA,261.293
MILANO LAMBRATE,VENTIMIGLIA,272.19
MILANO LAMBRATE,VERDELLO DALMINE,38.877
MILANO LAMBRATE,VERONA PORTA NUOVA,143.594
MILANO LAMBRATE,VOGHERA,59.25
MILANO LANCETTI,CERTOSA PAVIA,30.529
MILANO LANCETTI,LODI,35.73
MILANO LANCETTI,MELEGNANO,20.503
MILANO LANCETTI,MILANO ROGOREDO,9.664
MILANO LANCETTI,PAVIA,38.267
MILANO LANCETTI,TREVIGLIO,35.853
MILANO PORTA GARIBALDI,AIRUNO,36.759
MILANO PORTA GARIBALDI,ALBAIRATE VERMEZZO,32.966
MILANO PORTA GARIBALDI,ALBENGA,215.692
MILANO PORTA GARIBALDI,ALBIZZATE SOLBIATE ARNO,46.311
MILANO PORTA GARIBALDI,ALESSANDRIA,101.857
MILANO PORTA GARIBALDI,ANCONA,420.633
MILANO PORTA GARIBALDI,ARCORE,19.133
MILANO PORTA GARIBALDI,ARONA,64.311
MILANO PORTA GARIBALDI,ARQUATA SCRIVIA,105.652
MILANO PORTA GARIBALDI,ASTI,134.843
MILANO PORTA GARIBALDI,AULLA LUNIGIANA,204.797
MILANO PORTA GARIBALDI,BARI CENTRALE,862.705
MILANO PORTA GARIBALDI,BARI TORRE A MARE,874.158
MILANO PORTA GARIBALDI,BELGIRATE,75.471
MILANO PORTA GARIBALDI,BERGAMO,50.04
MILANO PORTA GARIBALDI,BESANA,31.146
MILANO PORTA GARIBALDI,BESOZZO,62.279
MILANO PORTA GARIBALDI,BIASSONO LESMO PARCO,20.207
MILANO PORTA GARIBALDI,BOLOGNA CENTRALE,216.592
MILANO PORTA GARIBALDI,BOLZANO,290.38
MILANO PORTA GARIBALDI,BOZZOLO,125.063
MILANO PORTA GARIBALDI,BRESCIA,84.644
MILANO PORTA GARIBALDI,BRESSANA BOTTARONE,52.354
MILANO PORTA GARIBALDI,BRONI,65.306
MILANO PORTA GARIBALDI,BUSTO ARSIZIO,31.582
MILANO PORTA GARIBALDI,CALOLZIOCORTE OLGINATE,42.482
MILANO PORTA GARIBALDI,CALUSCO,33.114
MILANO PORTA GARIBALDI,CAMNAGO LENTATE,28.543
MILANO PORTA GARIBALDI,CANEGRATE,24.02
MILANO PORTA GARIBALDI,CARIMATE,32.405
MILANO PORTA GARIBALDI,CARNATE USMATE,24.378
MILANO PORTA GARIBALDI,CASALBUTTANO,82.382
MILANO PORTA GARIBALDI,CASALE MONFERRATO,87.952
MILANO PORTA GARIBALDI,CASALETTO VAPRIO,49.676
MILANO PORTA GARIBALDI,CASTEL S GIOVANNI,80.446
MILANO PORTA GARIBALDI,CASTELLEONE,66.016
MILANO PORTA GARIBALDI,CATTOLICA S GIOVANNI GABICCE,345.958
MILANO PORTA GARIBALDI,CERNUSCO MERATE,29.444
MILANO PORTA GARIBALDI,CHIAVENNA,114.63
MILANO PORTA GARIBALDI,CHIVASSO,119.892
MILANO PORTA GARIBALDI,CODOGNO,61.268
MILANO PORTA GARIBALDI,COLICO,88.348
MILANO PORTA GARIBALDI,COMO S GIOVANNI,47.26
MILANO PORTA GARIBALDI,COSTA MASNAGA,39.103
MILANO PORTA GARIBALDI,CREMA,56.63
MILANO PORTA GARIBALDI,CREMONA,88.598
MILANO PORTA GARIBALDI,CUCCIAGO,37.975
MILANO PORTA GARIBALDI,DESIO,19.077
MILANO PORTA GARIBALDI,DOMODOSSOLA,119.869
MILANO PORTA GARIBALDI,FAENZA,265.699
MILANO PORTA GARIBALDI,FANO,373.522
MILANO PORTA GARIBALDI,FIDENZA,104.516
MILANO PORTA GARIBALDI,FIRENZE S MARIA NOVELLA,308.062
MILANO PORTA GARIBALDI,FOGGIA,740.116
MILANO PORTA GARIBALDI,FOLIGNO,488.422
MILANO PORTA GARIBALDI,FORNOVO,129.227
MILANO PORTA GARIBALDI,GALLARATE,38.683
MILANO PORTA GARIBALDI,GENOVA BRIGNOLE,144.078
MILANO PORTA GARIBALDI,GENOVA PIAZZA PRINCIPE,141.439
MILANO PORTA GARIBALDI,GIULIANOVA,528.992
MILANO PORTA GARIBALDI,IMPERIA,239.529
MILANO PORTA GARIBALDI,LA SPEZIA CENTRALE,225.639
MILANO PORTA GARIBALDI,LA SPEZIA MIGLIARINA,222.838
MILANO PORTA GARIBALDI,LAVENO MOMBELLO,69.916
MILANO PORTA GARIBALDI,LECCE,1011.992
MILANO PORTA GARIBALDI,LECCO,49.369
MILANO PORTA GARIBALDI,LECCO MAGGIANICO,46.149
MILANO PORTA GARIBALDI,LISSONE MUGGIO,16.989
MILANO PORTA GARIBALDI,LIVORNO CENTRALE,300.256
MILANO PORTA GARIBALDI,LIVORNO FERRARIS,101.74
MILANO PORTA GARIBALDI,LODI,37.542
MILANO PORTA GARIBALDI,LUINO,84.481
MILANO PORTA GARIBALDI,MAGENTA,26.722
MILANO PORTA GARIBALDI,MALPENSA AEROPORTO T1,47.067
MILANO PORTA GARIBALDI,MALPENSA AEROPORTO T2,50.532
MILANO PORTA GARIBALDI,MANDELLO DEL LARIO,58.81
MILANO PORTA GARIBALDI,MELZO SCALO,20.632
MILANO PORTA GARIBALDI,MERGOZZO,93.602
MILANO PORTA GARIBALDI,MILANO BOVISA,7.682
MILANO PORTA GARIBALDI,MILANO CENTRALE,5.722
MILANO PORTA GARIBALDI,MILANO CERTOSA,4.749
MILANO PORTA GARIBALDI,MILANO GRECO PIRELLI,3.984
MILANO PORTA GARIBALDI,MILANO LAMBRATE,5.688
MILANO PORTA GARIBALDI,MILANO ROGOREDO,11.476
MILANO PORTA GARIBALDI,MILANO S CRISTOFORO,18.506
MILANO PORTA GARIBALDI,MODENA,179.989
MILANO PORTA GARIBALDI,MOLTENO,41.789
MILANO PORTA GARIBALDI,MONTENERO PETACCIATO,643.671
MILANO PORTA GARIBALDI,MONZA,12.575
MILANO PORTA GARIBALDI,MORBEGNO,103.743
MILANO PORTA GARIBALDI,NAPOLI CENTRALE,776.496
MILANO PORTA GARIBALDI,NOVARA,48.203
MILANO PORTA GARIBALDI,NOVI LIGURE,99.5
MILANO PORTA GARIBALDI,OGGIONO,44.788
MILANO PORTA GARIBALDI,OLMENETA,88.69
MILANO PORTA GARIBALDI,PADERNO ROBBIATE,30.452
MILANO PORTA GARIBALDI,PADOVA,230.048
MILANO PORTA GARIBALDI,PARABIAGO,21.587
MILANO PORTA GARIBALDI,PARMA,126.529
MILANO PORTA GARIBALDI,PAVIA,40.079
MILANO PORTA GARIBALDI,PESARO,361.059
MILANO PORTA GARIBALDI,PESCARA,566.606
MILANO PORTA GARIBALDI,PIACENZA,70.943
MILANO PORTA GARIBALDI,PIADENA,116.554
MILANO PORTA GARIBALDI,PINAROLO PO,57.954
MILANO PORTA GARIBALDI,PINETO ATRI,547.367
MILANO PORTA GARIBALDI,PIOLTELLO LIMITO,14.192
MILANO PORTA GARIBALDI,PISA CENTRALE,282.314
MILANO PORTA GARIBALDI,PONTE S PIETRO,42.298
MILANO PORTA GARIBALDI,PONTREMOLI,184.786
MILANO PORTA GARIBALDI,PORTO CERESIO,71.491
MILANO PORTA GARIBALDI,PREMOSELLO CHIOVENDA,104.327
MILANO PORTA GARIBALDI,REGGIO EMILIA,154.835
MILANO PORTA GARIBALDI,RHO,12.572
MILANO PORTA GARIBALDI,RHO FIERA,8.843
MILANO PORTA GARIBALDI,RIMINI,327.679
MILANO PORTA GARIBALDI,ROMA TERMINI,567.045
MILANO PORTA GARIBALDI,S NICOLO,79.335
MILANO PORTA GARIBALDI,S SEVERO,711.668
MILANO PORTA GARIBALDI,SALERNO,821.012
MILANO PORTA GARIBALDI,SANTHIA,89.21
MILANO PORTA GARIBALDI,SARONNO,24.674
MILANO PORTA GARIBALDI,SENIGALLIA,394.795
MILANO PORTA GARIBALDI,SEREGNO,22.239
MILANO PORTA GARIBALDI,SESTO CALENDE,55.678
MILANO PORTA GARIBALDI,SESTO S GIOVANNI,7.695
MILANO PORTA GARIBALDI,SESTRI LEVANTE,186.654
MILANO PORTA GARIBALDI,SOMMA LOMBARDO,46.171
MILANO PORTA GARIBALDI,SONDRIO,128.813
MILANO PORTA GARIBALDI,SORESINA,73.535
MILANO PORTA GARIBALDI,STRADELLA,69.101
MILANO PORTA GARIBALDI,STRESA,81.65
MILANO PORTA GARIBALDI,TAGGIA ARMA,255.505
MILANO PORTA GARIBALDI,TARVISIO BOSCOVERDE,454.293
MILANO PORTA GARIBALDI,TERNATE VARANO BORGHI,54.648
MILANO PORTA GARIBALDI,TERNO,38.241
MILANO PORTA GARIBALDI,TIRANO,154.77
MILANO PORTA GARIBALDI,TORINO LINGOTTO,145.376
MILANO PORTA GARIBALDI,TORINO PORTA NUOVA,144.561
MILANO PORTA GARIBALDI,TORINO STURA,132.534
MILANO PORTA GARIBALDI,TORTONA,81.141
MILANO PORTA GARIBALDI,TRECATE,38.679
MILANO PORTA GARIBALDI,TRENTO,234.941
MILANO PORTA GARIBALDI,TREVIGLIO,34.945
MILANO PORTA GARIBALDI,TREVIGLIO OVEST,34.734
MILANO PORTA GARIBALDI,TRIESTE CENTRALE,397.962
MILANO PORTA GARIBALDI,TRIUGGIO PONTE ALBIATE,24.239
MILANO PORTA GARIBALDI,VALMADRERA,52.769
MILANO PORTA GARIBALDI,VARESE,53.384
MILANO PORTA GARIBALDI,VENEZIA MESTRE,258.547
MILANO PORTA GARIBALDI,VENEZIA S LUCIA,266.981
MILANO PORTA GARIBALDI,VENTIMIGLIA,277.878
MILANO PORTA GARIBALDI,VERCELLI,70.089
MILANO PORTA GARIBALDI,VERDELLO DALMINE,44.565
MILANO PORTA GARIBALDI,VERONA PORTA NUOVA,149.282
MILANO PORTA GARIBALDI,VIAREGGIO,260.102
MILANO PORTA GARIBALDI,VILLASANTA PARCO,16.486
MILANO PORTA GARIBALDI,VITTUONE ARLUNO,20.937
MILANO PORTA GARIBALDI,VOGHERA,64.938
MILANO PORTA GENOVA,ABBIATEGRASSO,21.099
MILANO PORTA GENOVA,ALBAIRATE VERMEZZO,17.836
MILANO PORTA GENOVA,ALESSANDRIA,86.727
MILANO PORTA GENOVA,CESANO BOSCONE,6.694
MILANO PORTA GENOVA,MILANO S CRISTOFORO,3.376
MILANO PORTA GENOVA,MORTARA,44.381
MILANO PORTA GENOVA,PARONA LOMELLINA,39.111
MILANO PORTA GENOVA,TORREBERETTI,66.556
MILANO PORTA GENOVA,VALENZA,72.782
MILANO PORTA GENOVA,VIGEVANO,31.684
MILANO PORTA VITTORIA,MILANO BOVISA,7.737
MILANO PORTA VITTORIA,NOVARA,52.862
MILANO PORTA VITTORIA,PAVIA,32.441
MILANO PORTA VITTORIA,ROVATO,62.711
MILANO PORTA VITTORIA,VARESE,53.439
MILANO ROGOREDO,ABBIATEGRASSO,27.557
MILANO ROGOREDO,ALASSIO,210.349
MILANO ROGOREDO,ALBAIRATE VERMEZZO,24.294
MILANO ROGOREDO,ALBENGA,204.216
MILANO ROGOREDO,ALESSANDRIA,91.58
MILANO ROGOREDO,ARQUATA SCRIVIA,94.176
MILANO ROGOREDO,ASTI,124.819
MILANO ROGOREDO,BOLOGNA CENTRALE,205.116
MILANO ROGOREDO,BOZZOLO,113.587
MILANO ROGOREDO,CALOLZIOCORTE OLGINATE,48.166
MILANO ROGOREDO,CARNATE USMATE,30.062
MILANO ROGOREDO,CAVA TIGOZZI,71.951
MILANO ROGOREDO,CESANO MADERNO,26.654
MILANO ROGOREDO,CREMONA,77.122
MILANO ROGOREDO,GARBAGNATE MILANESE,22.198
MILANO ROGOREDO,GENOVA BRIGNOLE,132.602
MILANO ROGOREDO,GENOVA PIAZZA PRINCIPE,129.963
MILANO ROGOREDO,LECCE,1000.516
MILANO ROGOREDO,LECCO,55.053
MILANO ROGOREDO,LECCO MAGGIANICO,51.833
MILANO ROGOREDO,LIVORNO CENTRALE,288.78
MILANO ROGOREDO,LODI,26.066
MILANO ROGOREDO,MANTOVA,139.349
MILANO ROGOREDO,MASSA CENTRO,228.445
MILANO ROGOREDO,MEDA,30.863
MILANO ROGOREDO,MELEGNANO,10.839
MILANO ROGOREDO,MILANO AFFORI,13.852
MILANO ROGOREDO,MILANO BOVISA,11.575
MILANO ROGOREDO,MILANO CENTRALE,9.586
MILANO ROGOREDO,MILANO CERTOSA,13.246
MILANO ROGOREDO,MILANO GRECO PIRELLI,9.668
MILANO ROGOREDO,MILANO LAMBRATE,5.788
MILANO ROGOREDO,MILANO LANCETTI,9.664
MILANO ROGOREDO,MILANO PORTA GARIBALDI,11.476
MILANO ROGOREDO,MILANO PORTA VITTORIA,3.838
MILANO ROGOREDO,MILANO S CRISTOFORO,9.834
MILANO ROGOREDO,MONZA,18.259
MILANO ROGOREDO,MORTARA,50.839
MILANO ROGOREDO,NAPOLI CENTRALE,765.02
MILANO ROGOREDO,NOVARA,56.7
MILANO ROGOREDO,NOVI LIGURE,88.024
MILANO ROGOREDO,PARMA,115.053
MILANO ROGOREDO,PARONA LOMELLINA,45.569
MILANO ROGOREDO,PAVIA,28.603
MILANO ROGOREDO,PESCARA,555.13
MILANO ROGOREDO,PIACENZA,59.467
MILANO ROGOREDO,PIADENA,105.078
MILANO ROGOREDO,PISA CENTRALE,270.838
MILANO ROGOREDO,RIMINI,316.203
MILANO ROGOREDO,ROMA TERMINI,555.569
MILANO ROGOREDO,ROMA TIBURTINA,551.064
MILANO ROGOREDO,SALERNO,809.536
MILANO ROGOREDO,SARONNO,28.567
MILANO ROGOREDO,SARZANA,211.221
MILANO ROGOREDO,SAVONA,166.865
MILANO ROGOREDO,SEREGNO,27.923
MILANO ROGOREDO,SESTO S GIOVANNI,13.379
MILANO ROGOREDO,SEVESO,28.618
MILANO ROGOREDO,SONDRIO,134.497
MILANO ROGOREDO,STRADELLA,57.625
MILANO ROGOREDO,TARANTO,951.246
MILANO ROGOREDO,TAVAZZANO,18.342
MILANO ROGOREDO,TORTONA,69.665
MILANO ROGOREDO,VARESE,57.277
MILANO ROGOREDO,VENEZIA MESTRE,255.602
MILANO ROGOREDO,VIGEVANO,38.142
MILANO ROGOREDO,VOGHERA,53.462
MILANO S CRISTOFORO,ABBIATEGRASSO,17.723
MILANO S CRISTOFORO,ALBAIRATE VERMEZZO,14.46
MILANO S CRISTOFORO,ALESSANDRIA,83.351
MILANO S CRISTOFORO,DESIO,31.791
MILANO S CRISTOFORO,GENOVA BRIGNOLE,142.436
MILANO S CRISTOFORO,MILANO GRECO PIRELLI,16.698
MILANO S CRISTOFORO,MILANO LAMBRATE,12.818
MILANO S CRISTOFORO,MILANO PORTA GARIBALDI,18.506
MILANO S CRISTOFORO,MILANO PORTA GENOVA,3.376
MILANO S CRISTOFORO,MILANO ROGOREDO,9.834
MILANO S CRISTOFORO,MONZA,25.289
MILANO S CRISTOFORO,MORTARA,41.005
MILANO S CRISTOFORO,PARONA LOMELLINA,35.735
MILANO S CRISTOFORO,SARONNO,36.558
MILANO S CRISTOFORO,SEREGNO,34.953
MILANO S CRISTOFORO,SESTO S GIOVANNI,20.409
MILANO S CRISTOFORO,VALENZA,69.406
MILANO VILLAPIZZONE,VARESE,49.915
MILAZZO,BAGHERIA,178.388
MILAZZO,MARATEA,283.576
MILAZZO,MESSINA CENTRALE,31.578
MILAZZO,PACE DEL MELA,4.887
MILAZZO,PALERMO AEROPORTO,224.641
MILAZZO,PALERMO CENTRALE,191.594
MILAZZO,PALERMO NOTARBARTOLO,195.518
MILAZZO,PATTI S PIERO PATTI,29.84
MILITELLO,BICOCCA,43.841
MILITELLO,CATANIA CENTRALE,51.268
MINTURNO SCAURI,CAMPOLEONE,104.978
MINTURNO SCAURI,CISTERNA LATINA,88.698
MINTURNO SCAURI,FORMIA GAETA,10.055
MINTURNO SCAURI,MONTE S BIAGIO TERRACINA MARE,35.577
MINTURNO SCAURI,NAPOLI CENTRALE,75.426
MINTURNO SCAURI,POMEZIA S PALOMBA,114.528
MINTURNO SCAURI,PRIVERNO FOSSANOVA,53.087
MINTURNO SCAURI,ROMA TERMINI,138.478
MINTURNO SCAURI,ROMA TIBURTINA,138.53
MINTURNO SCAURI,S MARCELLINO FRIGNANO,51.426
MINTURNO SCAURI,TORRICOLA,126.283
MINUCCIANO PIEVE CASOLA,AULLA LUNIGIANA,24.206
MINUCCIANO PIEVE CASOLA,CASTELNUOVO GARFAGNANA,20.793
MINUCCIANO PIEVE CASOLA,DIECIMO PESCAGLIA,49.3
MINUCCIANO PIEVE CASOLA,LUCCA,65.717
MINUCCIANO PIEVE CASOLA,PIAZZA AL SERCHIO,8.334
MINUCCIANO PIEVE CASOLA,PISA CENTRALE,88.796
MINUCCIANO PIEVE CASOLA,RIGOLI,77.415
MINUCCIANO PIEVE CASOLA,S GIULIANO TERME,80.53
MINUCCIANO PIEVE CASOLA,VIAREGGIO,79.511
MIRAMARE,PORTOGRUARO CAORLE,78.627
MODENA,ANCONA,240.973
MODENA,BATTIPAGLIA,661.063
MODENA,BOLOGNA CENTRALE,36.932
MODENA,CARPI,15.425
MODENA,FORMIGINE,13.191
MODENA,GENOVA BRIGNOLE,248.077
MODENA,GONZAGA REGGIOLO,34.345
MODENA,MANTOVA,61.042
MODENA,MILANO CENTRALE,178.099
MODENA,MILANO PORTA GARIBALDI,179.989
MODENA,MODENA PIAZZA MANZONI,3.446
MODENA,PARMA,53.46
MODENA,PIACENZA,110.542
MODENA,QUATTRO VILLE,5.1
MODENA,REGGIO EMILIA,25.154
MODENA,ROLO NOVI FABBRICO,27.009
MODENA,ROMA TERMINI,387.393
MODENA,ROMANORE,49.848
MODENA,SASSUOLO TERMINAL,19.303
MODENA,SOLIERA MODENESE,8.647
MODENA,SUZZARA,42.113
MODENA,TORINO PORTA NUOVA,297.13
MODENA,VOGHERA,168.937
MODENA PIAZZA MANZONI,MODENA,3.446
MODICA,AUGUSTA,118.614
MODICA,AVOLA,65.956
MODICA,CALTANISSETTA CENTRALE,200.437
MODICA,CALTANISSETTA XIRBI,206.771
MODICA,CAMPOBELLO RAVANUSA,154.976
MODICA,CANICATTI,171.536
MODICA,CASSIBILE,75.044
MODICA,CATANIA CENTRALE,174.652
MODICA,COMISO,52.71
MODICA,GELA,89.658
MODICA,ISPICA,38.349
MODICA,NOTO,59.457
MODICA,POZZALLO,29.94
MODICA,PRIOLO MELILLI,105.331
MODICA,RAGUSA,19.545
MODICA,RAGUSA IBLA,10.764
MODICA,ROSOLINI,43.959
MODICA,SAMPIERI,19.985
MODICA,SCICLI,9.708
MODICA,SIRACUSA,91.698
MODICA,VITTORIA,60.521
MOGLIANO VENETO,VENEZIA MESTRE,9.273
MOGLIANO VENETO,VENEZIA S LUCIA,17.707
MOLA BARI,BARI CENTRALE,19.155
MOLA BARI,BARLETTA,73.852
MOLFETTA,BARI CENTRALE,24.741
MOLFETTA,BARLETTA,29.956
MOLFETTA,FASANO,79.114
MOLFETTA,MILANO CENTRALE,836.074
MOLINA CASTELVECCHIO SUBEQUO,L AQUILA,41.459
MOLINA CASTELVECCHIO SUBEQUO,SULMONA,18.811
MOLINELLA,BOLOGNA CENTRALE,84.953
MOLTENO,BESANA,10.643
MOLTENO,CANTU,15.793
MOLTENO,COMO S GIOVANNI,27.003
MOLTENO,LECCO,14.715
MOLTENO,MERONE,5.297
MOLTENO,MILANO PORTA GARIBALDI,41.789
MOLTENO,MONZA,29.214
MOLTENO,SESTO S GIOVANNI,34.094
MOMBALDONE ROCCAVERANO,ALESSANDRIA,55.306
MOMBARUZZO,ASTI,32.3
MONASTERACE STILO,CATANZARO LIDO,46.016
MONASTERACE STILO,REGGIO CALABRIA CENTRALE,131.534
MONCALIERI,ALBA,58.324
MONCALIERI,ASTI,47.769
MONCALIERI,FOSSANO,55.431
MONCALIERI,TORINO STURA,16.534
MONCALIERI SANGONE,CHIVASSO,32.469
MONDOVI,FOSSANO,18.985
MONDOVI,S GIUSEPPE CAIRO,44.524
MONDOVI,SAVONA,64.817
MONDOVI,TORINO PORTA NUOVA,82.426
MONFALCONE,CARNIA,84.421
MONFALCONE,CASARSA,78.413
MONFALCONE,CERVIGNANO AQUILEIA GRADO,16.408
MONFALCONE,GORIZIA CENTRALE,22.295
MONFALCONE,MILANO CENTRALE,368.816
MONFALCONE,PORTOGRUARO CAORLE,58.404
MONFALCONE,ROMA TERMINI,631.883
MONFALCONE,S GIOVANNI AL NATISONE,39.822
MONFALCONE,SACILE,106.364
MONFALCONE,TARVISIO BOSCOVERDE,133.542
MONFALCONE,TORINO PORTA NUOVA,513.802
MONFALCONE,TRIESTE CENTRALE,27.256
MONFALCONE,UDINE,44.752
MONFALCONE,VENEZIA MESTRE,131.776
MONFALCONE,VENEZIA S LUCIA,140.21
MONGRASSANO CERVICATI,SIBARI,37.85
MONGUELFO VALLE CASIES,FORTEZZA,50.868
MONGUELFO VALLE CASIES,ROMA TERMINI,706.583
MONGUELFO VALLE CASIES,S CANDIDO,13.613
MONOPOLI,BARLETTA,95.241
MONSELICE,BOLOGNA CENTRALE,99.773
MONSELICE,CASTEL D ARIO,65.284
MONSELICE,CEREA,45.303
MONSELICE,ESTE,8.19
MONSELICE,FERRARA,52.943
MONSELICE,GAZZO BIGARELLO,71.789
MONSELICE,LEGNAGO,37.947
MONSELICE,MANTOVA,83.838
MONSELICE,MANTOVA FRASSINE,77.527
MONSELICE,MONTAGNANA,24.214
MONSELICE,NOGARA,57.643
MONSELICE,PADOVA,22.802
MONSELICE,ROVIGO,20.947
MONSELICE,SALERNO,703.892
MONSELICE,SALETTO,18.247
MONSELICE,SANGUINETTO,50.779
MONSELICE,VENEZIA MESTRE,51.301
MONSELICE,VENEZIA S LUCIA,59.735
MONTAGNANA,LEGNAGO,13.733
MONTAGNANA,MANTOVA,59.624
MONTAGNANA,MONSELICE,24.214
MONTAGNANA,VENEZIA MESTRE,75.515
MONTALE AGLIANA,FIRENZE S MARIA NOVELLA,25.556
MONTALTO CASTRO,CIVITAVECCHIA,35.263
MONTALTO CASTRO,LADISPOLI CERVETERI,65.644
MONTALTO CASTRO,PISA CENTRALE,216.467
MONTALTO CASTRO,ROMA AURELIA,95.795
MONTALTO CASTRO,ROMA OSTIENSE,106.132
MONTALTO CASTRO,ROMA TERMINI,112.824
MONTALTO CASTRO,ROMA TUSCOLANA,109.742
MONTALTO CASTRO,TARQUINIA,15.366
MONTANARO,IVREA,27.24
MONTANARO,NOVARA,76.909
MONTANARO,TORINO PORTA NUOVA,33.587
MONTE ANTICO,GROSSETO,44.793
MONTE ANTICO,ROMA OSTIENSE,222.628
MONTE ANTICO,SIENA,55.849
MONTE S BIAGIO TERRACINA MARE,NAPOLI CENTRALE,111.003
MONTE S BIAGIO TERRACINA MARE,ROMA TERMINI,102.901
MONTEBELLUNA,BELLUNO,65.029
MONTEBELLUNA,CALALZO PIEVE CADORE CORTINA,108.889
MONTEBELLUNA,CAMPOSAMPIERO,28.372
MONTEBELLUNA,CASTELFRANCO VENETO,16.315
MONTEBELLUNA,FANZOLO,9.618
MONTEBELLUNA,FELTRE,34.496
MONTEBELLUNA,PADOVA,46.551
MONTEBELLUNA,POSTIOMA,9.974
MONTEBELLUNA,SEDICO BRIBANO,52.961
MONTEBELLUNA,TREVISO CENTRALE,20.064
MONTEBELLUNA,VIGODARZERE,41.599
MONTECARLO S SALVATORE,FIRENZE S MARIA NOVELLA,58.67
MONTECATINI TERME MONSUMMANO,FIRENZE CAMPO MARTE,48.488
MONTECATINI TERME MONSUMMANO,FIRENZE CASTELLO,41.043
MONTECATINI TERME MONSUMMANO,FIRENZE RIFREDI,43.648
MONTECATINI TERME MONSUMMANO,FIRENZE S MARIA NOVELLA,46.415
MONTECATINI TERME MONSUMMANO,LUCCA,30.88
MONTECATINI TERME MONSUMMANO,MONTEVARCHI TERRANUOVA,87.139
MONTECATINI TERME MONSUMMANO,PISA CENTRALE,53.959
MONTECATINI TERME MONSUMMANO,PISTOIA,12.975
MONTECATINI TERME MONSUMMANO,PORCARI,21.762
MONTECATINI TERME MONSUMMANO,PRATO CENTRALE,30.029
MONTECATINI TERME MONSUMMANO,VIAREGGIO,53.89
MONTECOSARO,MACERATA,19.73
MONTEFIASCONE,ROMA S PIETRO,95.857
MONTEGROSSO,ACQUI TERME,33.358
MONTELLO GORLAGO,BERGAMO,11.224
MONTELLO GORLAGO,BRESCIA,37.503
MONTELLO GORLAGO,CREMONA,87.699
MONTELLO GORLAGO,GRUMELLO DEL MONTE,6.009
MONTELLO GORLAGO,OLMENETA,76.868
MONTEMARCIANO,RIMINI,79.52
MONTENERO PETACCIATO,PESCARA,77.065
MONTEPESCALI,FIRENZE S MARIA NOVELLA,182.436
MONTEPESCALI,GROSSETO,11.766
MONTEPESCALI,LIVORNO CENTRALE,115.875
MONTEPESCALI,PISA CENTRALE,132.998
MONTEPESCALI,S VINCENZO,57.943
MONTEPULCIANO,CHIUSI CHIANCIANO TERME,18.819
MONTEPULCIANO,EMPOLI,133.187
MONTEPULCIANO,GRANAIOLO,122.649
MONTEPULCIANO,SIENA,70.177
MONTEREALE VALCELLINA,MANIAGO,4.986
MONTEREALE VALCELLINA,SACILE,27.231
MONTEREALE VALCELLINA,UDINE,88.843
MONTERONI D ARBIA,BUONCONVENTO,12.553
MONTERONI D ARBIA,EMPOLI,79.238
MONTERONI D ARBIA,FIRENZE S MARIA NOVELLA,109.788
MONTERONI D ARBIA,GROSSETO,84.414
MONTERONI D ARBIA,SIENA,16.228
MONTEROSSO,GENOVA BRIGNOLE,68.169
MONTEROSSO,LA SPEZIA CENTRALE,15.873
MONTEROSSO,LA SPEZIA MIGLIARINA,18.674
MONTEROSSO,MILANO CENTRALE,210.357
MONTEROSSO,MILANO PORTA GARIBALDI,212.247
MONTEROSSO,SARZANA,30.84
MONTEROSSO,SESTRI LEVANTE,25.593
MONTEROTONDO MENTANA,ANGUILLARA,59.526
MONTEROTONDO MENTANA,BRACCIANO,72.724
MONTEROTONDO MENTANA,CESANO ROMA,56.481
MONTEROTONDO MENTANA,FARA SABINA MONTELIBRETTI,11.548
MONTEROTONDO MENTANA,FIUMICINO AEROPORTO,52.999
MONTEROTONDO MENTANA,LA STORTA,47.867
MONTEROTONDO MENTANA,ORIOLO,82.367
MONTEROTONDO MENTANA,ORTE,74.185
MONTEROTONDO MENTANA,POGGIO MIRTETO,22.939
MONTEROTONDO MENTANA,ROMA OSTIENSE,28.285
MONTEROTONDO MENTANA,ROMA S PIETRO,33.123
MONTEROTONDO MENTANA,ROMA TIBURTINA,20.918
MONTEROTONDO MENTANA,ROMA TUSCOLANA,24.675
MONTEROTONDO MENTANA,VETRALLA,101.922
MONTEROTONDO MENTANA,VITERBO PORTA ROMANA,115.006
MONTESANTO,FERRARA,16.986
MONTESANTO,RAVENNA,55.634
MONTESILVANO,ANCONA,138.991
MONTESILVANO,GIULIANOVA,30.632
MONTESILVANO,MILANO CENTRALE,557.734
MONTESILVANO,PESCARA,6.982
MONTESILVANO,SULMONA,75.315
MONTESILVANO,TERAMO,55.709
MONTEVARCHI TERRANUOVA,AREZZO,31.029
MONTEVARCHI TERRANUOVA,COMPIOBBI,39.14
MONTEVARCHI TERRANUOVA,FIGLINE VALDARNO,12.962
MONTEVARCHI TERRANUOVA,FIRENZE CAMPO MARTE,38.651
MONTEVARCHI TERRANUOVA,FIRENZE CASTELLO,46.096
MONTEVARCHI TERRANUOVA,FIRENZE RIFREDI,43.491
MONTEVARCHI TERRANUOVA,FIRENZE S MARIA NOVELLA,42.616
MONTEVARCHI TERRANUOVA,FOLIGNO,144.543
MONTEVARCHI TERRANUOVA,INCISA,17.31
MONTEVARCHI TERRANUOVA,MONTECATINI TERME MONSUMMANO,87.139
MONTEVARCHI TERRANUOVA,PISTOIA,74.164
MONTEVARCHI TERRANUOVA,PONTASSIEVE,33.063
MONTEVARCHI TERRANUOVA,PRATO CENTRALE,57.11
MONTEVARCHI TERRANUOVA,S GIOVANNI VALDARNO,5.428
MONTEVARCHI TERRANUOVA,VAIANO,67.238
MONTEVARCHI TERRANUOVA,VERNIO MONTEPIANO CANTAGALLO,77.616
MONTI TELTI,CAGLIARI,254.328
MONTI TELTI,OZIERI CHILIVANI,48.33
MONTI TELTI,SASSARI,94.918
MONTIRONE,PARMA,80.414
MONTORO FORINO,MERCATO S SEVERINO,4.454
MONTORO FORINO,SALERNO,22.081
MONZA,ALBAIRATE VERMEZZO,39.749
MONZA,BERGAMO,37.465
MONZA,BESANA,18.571
MONZA,CALOLZIOCORTE OLGINATE,29.907
MONZA,CAMNAGO LENTATE,15.968
MONZA,CARIMATE,19.83
MONZA,CARNATE USMATE,11.803
MONZA,COLICO,75.773
MONZA,COMO S GIOVANNI,34.685
MONZA,COSTA MASNAGA,26.528
MONZA,DESIO,6.502
MONZA,FIRENZE CAMPO MARTE,316.918
MONZA,LECCO,36.794
MONZA,MILANO CENTRALE,11.942
MONZA,MILANO LAMBRATE,12.471
MONZA,MILANO PORTA GARIBALDI,12.575
MONZA,MILANO ROGOREDO,18.259
MONZA,MILANO S CRISTOFORO,25.289
MONZA,MOLTENO,29.214
MONZA,MORBEGNO,91.168
MONZA,OGGIONO,32.213
MONZA,PADERNO ROBBIATE,17.877
MONZA,PONTE S PIETRO,29.723
MONZA,RHO,23.422
MONZA,SARONNO,24.666
MONZA,SEREGNO,9.664
MONZA,SESTO S GIOVANNI,4.88
MONZA,SESTRI LEVANTE,193.437
MONZA,SONDRIO,116.238
MONZA,TIRANO,142.195
MONZA,TRIUGGIO PONTE ALBIATE,11.664
MONZA,VALMADRERA,40.194
MONZA,VILLASANTA PARCO,3.911
MONZUNO VADO,BOLOGNA CENTRALE,25.321
MONZUNO VADO,PRATO CENTRALE,55.157
MORANO SUL PO,ALESSANDRIA,42.624
MORBEGNO,CARNATE USMATE,79.365
MORBEGNO,COLICO,15.395
MORBEGNO,LECCO,54.374
MORBEGNO,MILANO CENTRALE,103.11
MORBEGNO,MILANO GRECO PIRELLI,99.759
MORBEGNO,MILANO PORTA GARIBALDI,103.743
MORBEGNO,MONZA,91.168
MORBEGNO,SESTO S GIOVANNI,96.048
MORBEGNO,TIRANO,51.027
MORNAGO CIMBRO,LUINO,36.281
MORNAGO CIMBRO,MILANO CERTOSA,43.451
MOROLO,CASSINO,65.836
MOROLO,ROMA TERMINI,69.901
MORTARA,ABBIATEGRASSO,23.282
MORTARA,ALBAIRATE VERMEZZO,26.545
MORTARA,ALESSANDRIA,42.346
MORTARA,CANDIA LOMELLINA,13.93
MORTARA,CASALE MONFERRATO,28.441
MORTARA,CAVA CARBONARA,29.905
MORTARA,GARLASCO,16.915
MORTARA,MILANO CENTRALE,57.621
MORTARA,MILANO CERTOSA,62.242
MORTARA,MILANO LAMBRATE,53.823
MORTARA,MILANO PORTA GARIBALDI,59.511
MORTARA,MILANO PORTA GENOVA,44.381
MORTARA,MILANO ROGOREDO,50.839
MORTARA,MILANO S CRISTOFORO,41.005
MORTARA,NOVARA,24.235
MORTARA,PARONA LOMELLINA,5.27
MORTARA,PAVIA,37.404
MORTARA,ROBBIO,11.988
MORTARA,VALENZA,28.401
MORTARA,VERCELLI,27.515
MORTARA,VIGEVANO,12.697
MOTTA LIVENZA,TREVISO CENTRALE,34.73
MOTTA S DAMIANO,CODOGNO,39.822
MOTTA S DAMIANO,PAVIA,6.656
MOZIA BIRGI,CASTELVETRANO,55.662
MOZIA BIRGI,PIRAINETO,143.831
MOZIA BIRGI,TRAPANI,18.701
MOZZECANE,MANTOVA,17.113
MOZZECANE,VERONA PORTA NUOVA,19.551
NAPOLI AFRAGOLA,MILANO CENTRALE,769.32
NAPOLI AFRAGOLA,ROMA TERMINI,209.985
NAPOLI AFRAGOLA,ROMA TIBURTINA,208.67
NAPOLI AFRAGOLA,VENEZIA S LUCIA,713.825
NAPOLI CAMPI FLEGREI,ANGRI,40.057
NAPOLI CAMPI FLEGREI,BAGNOLI AGNANO TERME,2.465
NAPOLI CAMPI FLEGREI,CANCELLO,50.868
NAPOLI CAMPI FLEGREI,CAPUA,55.82
NAPOLI CAMPI FLEGREI,CASERTA,44.7
NAPOLI CAMPI FLEGREI,CASTELLAMMARE STABIA,36.346
NAPOLI CAMPI FLEGREI,CAVA DEI TIRRENI,53.789
NAPOLI CAMPI FLEGREI,CAVALLEGGERI AOSTA,0.633
NAPOLI CAMPI FLEGREI,GIUGLIANO QUALIANO,18.766
NAPOLI CAMPI FLEGREI,NAPOLI GIANTURCO,9.854
NAPOLI CAMPI FLEGREI,NAPOLI MERGELLINA,2.444
NAPOLI CAMPI FLEGREI,NAPOLI MONTESANTO,5.602
NAPOLI CAMPI FLEGREI,NAPOLI PIAZZA GARIBALDI,8.523
NAPOLI CAMPI FLEGREI,NAPOLI PIAZZA LEOPARDI,0.45
NAPOLI CAMPI FLEGREI,NAPOLI S GIOVANNI BARRA,13.435
NAPOLI CAMPI FLEGREI,NOCERA INFERIORE,45.204
NAPOLI CAMPI FLEGREI,NOCERA SUPERIORE,48.278
NAPOLI CAMPI FLEGREI,PAGANI,43.573
NAPOLI CAMPI FLEGREI,POMPEI,33.808
NAPOLI CAMPI FLEGREI,PORTICI ERCOLANO,16.807
NAPOLI CAMPI FLEGREI,POZZUOLI SOLFATARA,6.109
NAPOLI CAMPI FLEGREI,S MARCELLINO FRIGNANO,34.559
NAPOLI CAMPI FLEGREI,S MARIA CAPUA VETERE,50.977
NAPOLI CAMPI FLEGREI,S MARIA LA BRUNA,25.455
NAPOLI CAMPI FLEGREI,SALERNO,60.015
NAPOLI CAMPI FLEGREI,SAPRI,184.507
NAPOLI CAMPI FLEGREI,SCAFATI,35.639
NAPOLI CAMPI FLEGREI,TORRE ANNUNZIATA CENTRALE,30.64
NAPOLI CAMPI FLEGREI,TORRE DEL GRECO,20.28
NAPOLI CAMPI FLEGREI,VILLA LITERNO,27.1
NAPOLI CENTRALE,AGROPOLI CASTELLABATE,100.675
NAPOLI CENTRALE,ALBANOVA,27.696
NAPOLI CENTRALE,AMOROSI MELIZZANO,62.837
NAPOLI CENTRALE,AREZZO,408.006
NAPOLI CENTRALE,ASCEA,131.686
NAPOLI CENTRALE,AVERSA,19.221
NAPOLI CENTRALE,BARDONECCHIA,940.444
NAPOLI CENTRALE,BARI CENTRALE,314.579
NAPOLI CENTRALE,BATTIPAGLIA,70.989
NAPOLI CENTRALE,BERGAMO,782.974
NAPOLI CENTRALE,BOIANO,152.415
NAPOLI CENTRALE,BOLOGNA CENTRALE,559.925
NAPOLI CENTRALE,BOLZANO,816.545
NAPOLI CENTRALE,BRESCIA,734.247
NAPOLI CENTRALE,BUTTAPIETRA,662.089
NAPOLI CENTRALE,CAMPOBASSO,367.728
NAPOLI CENTRALE,CAMPOLEONE,180.404
NAPOLI CENTRALE,CANCELLO,40.309
NAPOLI CENTRALE,CAPACCIO ROCCADASPIDE,88.668
NAPOLI CENTRALE,CAPO BONIFATI,240.823
NAPOLI CENTRALE,CAPUA,45.261
NAPOLI CENTRALE,CARPINONE,134.96
NAPOLI CENTRALE,CASERTA,34.141
NAPOLI CENTRALE,CASORIA AFRAGOLA,8.99
NAPOLI CENTRALE,CASSINO,93.109
NAPOLI CENTRALE,CASTIGLIONE COSENTINO,289.541
NAPOLI CENTRALE,CATANIA CENTRALE,534.862
NAPOLI CENTRALE,CECINA,486.661
NAPOLI CENTRALE,CELLE BULGHERIA ROCCAGLORIOSA,154.333
NAPOLI CENTRALE,CETRARO,248.884
NAPOLI CENTRALE,CISTERNA LATINA,164.124
NAPOLI CENTRALE,CONTURSI TERME,95.498
NAPOLI CENTRALE,COSENZA,293.876
NAPOLI CENTRALE,DIAMANTE BUONVICINO,226.65
NAPOLI CENTRALE,EBOLI,77.228
NAPOLI CENTRALE,FERRARA,606.433
NAPOLI CENTRALE,FIRENZE CAMPO MARTE,466.361
NAPOLI CENTRALE,FIRENZE CASTELLO,473.806
NAPOLI CENTRALE,FIRENZE S MARIA NOVELLA,470.326
NAPOLI CENTRALE,FIUMICINO AEROPORTO,239.592
NAPOLI CENTRALE,FOGGIA,196.48
NAPOLI CENTRALE,FONDI SPERLONGA,104.288
NAPOLI CENTRALE,FORMIA GAETA,85.481
NAPOLI CENTRALE,GORIZIA CENTRALE,858.153
NAPOLI CENTRALE,GRICIGNANO TEVEROLA,22.881
NAPOLI CENTRALE,ISERNIA,124.327
NAPOLI CENTRALE,ISOLA DELLA SCALA,654.1
NAPOLI CENTRALE,ITRI,91.402
NAPOLI CENTRALE,LA SPEZIA CENTRALE,612.061
NAPOLI CENTRALE,LATINA,152.886
NAPOLI CENTRALE,LECCE,407.813
NAPOLI CENTRALE,LIVORNO CENTRALE,520.354
NAPOLI CENTRALE,MADDALONI INFERIORE,39.901
NAPOLI CENTRALE,METAPONTO,269.362
NAPOLI CENTRALE,MEZZOCORONA,777.938
NAPOLI CENTRALE,MILANO CENTRALE,774.606
NAPOLI CENTRALE,MILANO LAMBRATE,770.808
NAPOLI CENTRALE,MILANO PORTA GARIBALDI,776.496
NAPOLI CENTRALE,MILANO ROGOREDO,765.02
NAPOLI CENTRALE,MODENA,596.844
NAPOLI CENTRALE,MONTE S BIAGIO TERRACINA MARE,111.003
NAPOLI CENTRALE,MONTECORVINO,67.706
NAPOLI CENTRALE,NAPOLI AFRAGOLA,12.41
NAPOLI CENTRALE,NAPOLI CAMPI FLEGREI,10.559
NAPOLI CENTRALE,NOCERA INFERIORE,36.475
NAPOLI CENTRALE,OMIGNANO SALENTO,117.764
NAPOLI CENTRALE,PADOVA,682.178
NAPOLI CENTRALE,PAOLA,267.99
NAPOLI CENTRALE,PC VESUVIO,20.383
NAPOLI CENTRALE,PIACENZA,707.386
NAPOLI CENTRALE,PICERNO,145.177
NAPOLI CENTRALE,PIGNATARO MAGGIORE,54.531
NAPOLI CENTRALE,PISA CENTRALE,537.477
NAPOLI CENTRALE,PISCIOTTA PALINURO,140.408
NAPOLI CENTRALE,POMEZIA S PALOMBA,189.954
NAPOLI CENTRALE,POMPEI,25.079
NAPOLI CENTRALE,PONTE CASALDUNI,83.898
NAPOLI CENTRALE,PONTECAGNANO,60.902
NAPOLI CENTRALE,PORDENONE,787.358
NAPOLI CENTRALE,PORTICI ERCOLANO,8.078
NAPOLI CENTRALE,POTENZA CENTRALE,162.254
NAPOLI CENTRALE,PRAJA AJETA TORTORA,200.27
NAPOLI CENTRALE,PRATO CENTRALE,484.82
NAPOLI CENTRALE,PRIVERNO FOSSANOVA,128.513
NAPOLI CENTRALE,REGGIO CALABRIA CENTRALE,445.179
NAPOLI CENTRALE,ROCCA RAVINDOLA,106.808
NAPOLI CENTRALE,ROMA CASILINA,209.647
NAPOLI CENTRALE,ROMA OSTIENSE,214.878
NAPOLI CENTRALE,ROMA PRENESTINA,216.897
NAPOLI CENTRALE,ROMA S PIETRO,219.716
NAPOLI CENTRALE,ROMA TERMINI,213.904
NAPOLI CENTRALE,ROMA TIBURTINA,213.956
NAPOLI CENTRALE,ROMA TUSCOLANA,211.268
NAPOLI CENTRALE,ROVIGO,638.429
NAPOLI CENTRALE,S AGAPITO LONGANO,117.796
NAPOLI CENTRALE,S ANTIMO S ARPINO,15.427
NAPOLI CENTRALE,S LORENZO MAGGIORE,79.645
NAPOLI CENTRALE,S MARCELLINO FRIGNANO,24.0
NAPOLI CENTRALE,S MARIA CAPUA VETERE,40.418
NAPOLI CENTRALE,S MARIA LA BRUNA,16.726
NAPOLI CENTRALE,SALERNO,51.286
NAPOLI CENTRALE,SAPRI,175.778
NAPOLI CENTRALE,SESSA AURUNCA ROCCAMONFINA,60.448
NAPOLI CENTRALE,SESTRI LEVANTE,653.527
NAPOLI CENTRALE,SIBARI,343.558
NAPOLI CENTRALE,SOLOPACA,71.812
NAPOLI CENTRALE,SPARANISE,60.565
NAPOLI CENTRALE,TARANTO,312.579
NAPOLI CENTRALE,TELESE CERRETO,67.672
NAPOLI CENTRALE,TORINO PORTA NUOVA,857.66
NAPOLI CENTRALE,TORINO PORTA SUSA,859.192
NAPOLI CENTRALE,TORINO STURA,865.051
NAPOLI CENTRALE,TORRE ANNUNZIATA CENTRALE,21.911
NAPOLI CENTRALE,TORRICOLA,201.709
NAPOLI CENTRALE,TRENTO,761.106
NAPOLI CENTRALE,TRIESTE CENTRALE,868.59
NAPOLI CENTRALE,UDINE,836.131
NAPOLI CENTRALE,VAIRANO CAIANELLO,79.936
NAPOLI CENTRALE,VALLE MADDALONI,48.352
NAPOLI CENTRALE,VALLO DELLA LUCANIA CASTELNUOVO,121.058
NAPOLI CENTRALE,VENAFRO,99.317
NAPOLI CENTRALE,VENEZIA MESTRE,710.677
NAPOLI CENTRALE,VENEZIA S LUCIA,719.111
NAPOLI CENTRALE,VERONA PORTA NUOVA,674.764
NAPOLI CENTRALE,VERONA PORTA VESCOVO,677.014
NAPOLI CENTRALE,VILLA LITERNO,33.556
NAPOLI CENTRALE,VILLA S GIOVANNI,431.091
NAPOLI CENTRALE,ZAGAROLO,196.239
NAPOLI GIANTURCO,CASTELLAMMARE STABIA,26.492
NAPOLI GIANTURCO,NAPOLI CAMPI FLEGREI,9.854
NAPOLI GIANTURCO,NAPOLI S GIOVANNI BARRA,3.581
NAPOLI GIANTURCO,POZZUOLI SOLFATARA,15.963
NAPOLI GIANTURCO,ROMA TERMINI,215.029
NAPOLI GIANTURCO,SALERNO,50.161
NAPOLI PIAZZA AMEDEO,NAPOLI CAMPI FLEGREI,4.102
NAPOLI PIAZZA GARIBALDI,NAPOLI CAMPI FLEGREI,8.523
NAPOLI PIAZZA GARIBALDI,POZZUOLI SOLFATARA,14.632
NAPOLI S GIOVANNI BARRA,CASTELLAMMARE STABIA,22.911
NAPOLI S GIOVANNI BARRA,CAVALLEGGERI AOSTA,14.068
NAPOLI S GIOVANNI BARRA,NAPOLI CAMPI FLEGREI,13.435
NAPOLI S GIOVANNI BARRA,NAPOLI GIANTURCO,3.581
NAPOLI S GIOVANNI BARRA,NAPOLI PIAZZA AMEDEO,9.333
NAPOLI S GIOVANNI BARRA,NAPOLI PIAZZA CAVOUR,6.513
NAPOLI S GIOVANNI BARRA,NOCERA INFERIORE,31.769
NAPOLI S GIOVANNI BARRA,PAOLA,263.284
NAPOLI S GIOVANNI BARRA,POZZUOLI SOLFATARA,19.544
NAPOLI S GIOVANNI BARRA,S MARIA LA BRUNA,12.02
NAPOLI S GIOVANNI BARRA,SALERNO,46.58
NAPOLI S GIOVANNI BARRA,TORRE ANNUNZIATA CENTRALE,17.205
NAVACCHIO,FIRENZE S MARIA NOVELLA,69.966
NAVACCHIO,PISA CENTRALE,7.645
NETTUNO,ANZIO,2.928
NETTUNO,APRILIA,19.543
NETTUNO,CAMPO CARNE,15.0
NETTUNO,CAMPOLEONE,25.62
NETTUNO,MARECHIARO,5.956
NETTUNO,PADIGLIONE,10.691
NETTUNO,POMEZIA S PALOMBA,35.17
NETTUNO,ROMA OSTIENSE,60.094
NETTUNO,ROMA TERMINI,59.12
NETTUNO,ROMA TIBURTINA,59.172
NETTUNO,ROMA TUSCOLANA,56.484
NETTUNO,TORRICOLA,46.925
NICORVO,MORTARA,5.822
NICOTERA,LAMEZIA TERME CENTRALE,68.269
NIZZA MONFERRATO,ACQUI TERME,20.51
NIZZA MONFERRATO,ASTI,24.955
NIZZA MONFERRATO,ROMA OSTIENSE,562.234
NIZZA MONFERRATO,TORINO PORTA NUOVA,80.734
NOALE SCORZE,BASSANO DEL GRAPPA,36.446
NOALE SCORZE,CASTELFRANCO VENETO,17.298
NOALE SCORZE,VENEZIA MESTRE,17.83
NOALE SCORZE,VENEZIA S LUCIA,26.264
NOCERA INFERIORE,BARONISSI,17.878
NOCERA INFERIORE,BATTIPAGLIA,34.514
NOCERA INFERIORE,BUCCINO S GREGORIO MAGNO,72.946
NOCERA INFERIORE,CAMPAGNA SERRE PERSANO,46.719
NOCERA INFERIORE,CODOLA,4.195
NOCERA INFERIORE,CONTURSI TERME,59.023
NOCERA INFERIORE,EBOLI,40.753
NOCERA INFERIORE,FISCIANO,16.131
NOCERA INFERIORE,FRATTE,18.231
NOCERA INFERIORE,MERCATO S SEVERINO,12.457
NOCERA INFERIORE,NAPOLI CAMPI FLEGREI,45.204
NOCERA INFERIORE,NAPOLI CENTRALE,36.475
NOCERA INFERIORE,NAPOLI GIANTURCO,35.35
NOCERA INFERIORE,NAPOLI S GIOVANNI BARRA,31.769
NOCERA INFERIORE,NOCERA SUPERIORE,3.074
NOCERA INFERIORE,POMPEI,11.396
NOCERA INFERIORE,PONTECAGNANO,24.427
NOCERA INFERIORE,S MARIA LA BRUNA,19.749
NOCERA INFERIORE,SALERNO,14.811
NOCERA INFERIORE,SCAFATI,9.565
NOCERA INFERIORE,SICIGNANO DEGLI ALBURNI,65.324
NOCERA INFERIORE,TARANTO,276.104
NOCERA INFERIORE,TORRE ANNUNZIATA CENTRALE,14.564
NOCERA UMBRA,ANCONA,109.563
NOCERA UMBRA,ORTE,100.506
NOCERA UMBRA,ROMA TERMINI,181.907
NOGARA,BOLOGNA CENTRALE,83.046
NOGARA,BRESCIA,91.276
NOGARA,MONSELICE,57.643
NOGARA,VERONA PORTA NUOVA,31.793
NOLA,BATTIPAGLIA,57.278
NOLA,CANCELLO,12.256
NOLA,CASERTA,24.043
NOLA,SALERNO,37.575
NOLA INTERPORTO,FOLIGNO,373.377
NOLA INTERPORTO,GROSSETO,398.537
NOLA INTERPORTO,VILLA LITERNO,39.38
NONE,CANDIOLO,5.377
NONE,CHIVASSO,44.929
NONE,PINEROLO,17.28
NONE,TORINO LINGOTTO,15.747
NONE,TORINO STURA,28.589
NOTO,DONNAFUGATA,98.53
NOTO,RAGUSA,79.002
NOTO,SIRACUSA,32.241
NOTO,VITTORIA,119.978
NOVARA,ALESSANDRIA,66.581
NOVARA,AREZZO,420.132
NOVARA,ARONA,35.741
NOVARA,BIELLA S PAOLO,50.766
NOVARA,BORGO TICINO,27.512
NOVARA,BORGOMANERO,31.403
NOVARA,CALTIGNAGA,7.966
NOVARA,CALUSO,85.611
NOVARA,CANDIA CANAVESE,89.109
NOVARA,CASALE MONFERRATO,52.676
NOVARA,CASALEGGIO,12.083
NOVARA,CASSANO D ADDA,75.772
NOVARA,CHIVASSO,71.689
NOVARA,COSSATO,40.347
NOVARA,CRESSA FONTANETO,24.865
NOVARA,DOMODOSSOLA,87.934
NOVARA,GARBAGNA,8.218
NOVARA,GOZZANO,36.71
NOVARA,GRAVELLONA TOCE,59.746
NOVARA,IVREA,104.149
NOVARA,LIVORNO FERRARIS,53.537
NOVARA,MAGENTA,21.481
NOVARA,MILANO CENTRALE,51.98
NOVARA,MILANO CERTOSA,43.454
NOVARA,MILANO LAMBRATE,52.426
NOVARA,MILANO LANCETTI,47.036
NOVARA,MILANO PORTA GARIBALDI,48.203
NOVARA,MILANO PORTA VITTORIA,52.862
NOVARA,MILANO ROGOREDO,56.7
NOVARA,MONTANARO,76.909
NOVARA,MORTARA,24.235
NOVARA,OLEGGIO,16.588
NOVARA,OMEGNA,52.406
NOVARA,ORTA MIASINO,42.905
NOVARA,PAVIA,61.639
NOVARA,PIEVE VERGONTE,76.519
NOVARA,PIOLTELLO LIMITO,60.93
NOVARA,PONZANA,10.003
NOVARA,PREMOSELLO CHIOVENDA,72.392
NOVARA,RHO,35.631
NOVARA,RODALLO,82.279
NOVARA,ROMAGNANO SESIA,29.004
NOVARA,ROVASENDA,27.537
NOVARA,SANTHIA,41.007
NOVARA,STRAMBINO,95.072
NOVARA,TORINO LINGOTTO,100.871
NOVARA,TORINO PORTA NUOVA,100.056
NOVARA,TORINO STURA,88.029
NOVARA,TORREBERETTI,46.41
NOVARA,TRECATE,9.524
NOVARA,TREVIGLIO,81.683
NOVARA,VALENZA,52.636
NOVARA,VENEZIA MESTRE,305.285
NOVARA,VERCELLI,21.886
NOVARA,VESPOLATE,12.032
NOVARA,VIGNALE,3.275
NOVARA,VILLADOSSOLA,83.075
NOVARA,VITTUONE ARLUNO,27.266
NOVARA MONTALBANO FURNARI,MESSINA CENTRALE,46.858
NOVARA NORD,BUSTO ARSIZIO NORD,25.562
NOVARA NORD,CASTANO PRIMO,16.895
NOVARA NORD,CESATE,44.768
NOVARA NORD,MILANO CADORNA,53.452
NOVARA NORD,MILANO QUARTO OGGIARO,51.461
NOVARA NORD,NOVATE MILANESE,53.014
NOVARA NORD,RESCALDINA,33.323
NOVARA NORD,SACCONAGO,22.797
NOVARA NORD,SARONNO,40.019
NOVATE MEZZOLA,CHIAVENNA,13.687
NOVATE MEZZOLA,COLICO,12.595
NOVATE MILANESE,COMO LAGO,37.926
NOVATE MILANESE,MALPENSA AEROPORTO T1,40.298
NOVATE MILANESE,MALPENSA AEROPORTO T2,43.763
NOVATE MILANESE,MILANO BOVISA,3.997
NOVATE MILANESE,MILANO CADORNA,8.162
NOVATE MILANESE,PAVIA,44.175
NOVATE MILANESE,SARONNO,12.995
NOVELLARA,GUASTALLA,10.541
NOVELLARA,REGGIO EMILIA,18.032
NOVI LIGURE,ALESSANDRIA,21.607
NOVI LIGURE,ARQUATA SCRIVIA,11.449
NOVI LIGURE,ASTI,55.903
NOVI LIGURE,BARDONECCHIA,194.466
NOVI LIGURE,GENOVA BOLZANETO,41.668
NOVI LIGURE,GENOVA BRIGNOLE,49.875
NOVI LIGURE,GENOVA PIAZZA PRINCIPE,47.236
NOVI LIGURE,GENOVA RIVAROLO,44.447
NOVI LIGURE,GENOVA SAMPIERDARENA,46.06
NOVI LIGURE,ISOLA DEL CANTONE,21.522
NOVI LIGURE,MILANO CENTRALE,97.61
NOVI LIGURE,MILANO CERTOSA,101.27
NOVI LIGURE,MILANO GRECO PIRELLI,97.692
NOVI LIGURE,MILANO LAMBRATE,93.812
NOVI LIGURE,MILANO PORTA GARIBALDI,99.5
NOVI LIGURE,MILANO ROGOREDO,88.024
NOVI LIGURE,PAVIA,59.421
NOVI LIGURE,RONCO SCRIVIA,21.933
NOVI LIGURE,TORINO PORTA NUOVA,111.682
NOVI LIGURE,TORTONA,18.359
NOVI LIGURE,TROFARELLO,98.652
NOVI LIGURE,VOGHERA,34.562
ODERZO,TREVISO CENTRALE,25.47
OFFIDA CASTEL LAMA,ANCONA,105.091
OFFIDA CASTEL LAMA,ASCOLI PICENO,11.984
OFFIDA CASTEL LAMA,S BENEDETTO DEL TRONTO,20.598
OGGIONO,MILANO PORTA GARIBALDI,44.788
OGGIONO,MONZA,32.213
OLBIA,BERCHIDDA,38.51
OLBIA,BONORVA,104.457
OLBIA,CAGLIARI,276.504
OLBIA,DECIMOMANNU,260.263
OLBIA,ENAS,9.978
OLBIA,GOLFO ARANCI,21.264
OLBIA,MACOMER,123.767
OLBIA,MONTI TELTI,22.176
OLBIA,OLBIA TERRANOVA,0.4
OLBIA,ORISTANO,183.474
OLBIA,OSCHIRI,48.508
OLBIA,OZIERI CHILIVANI,70.506
OLBIA,S GAVINO,226.883
OLBIA,SASSARI,117.094
OLBIA,TORRALBA,91.601
OLBIA TERRANOVA,BONORVA,104.057
OLBIA TERRANOVA,CAGLIARI,276.104
OLBIA TERRANOVA,DECIMOMANNU,259.863
OLBIA TERRANOVA,ENAS,9.578
OLBIA TERRANOVA,MACOMER,123.367
OLBIA TERRANOVA,ORISTANO,183.074
OLBIA TERRANOVA,OZIERI CHILIVANI,70.106
OLBIA TERRANOVA,SASSARI,116.694
OLEGGIO,ARONA,19.153
OLEGGIO,NOVARA,16.588
OLIVERI TINDARI,MESSINA CENTRALE,54.24
OLMENETA,BERGAMO,75.627
OLMENETA,BRESCIA,39.365
OLMENETA,CASALETTO VAPRIO,39.014
OLMENETA,CREMA,32.06
OLMENETA,CREMONA,10.831
OLMENETA,MANERBIO,17.386
OLMENETA,MILANO CERTOSA,91.974
OLMENETA,MILANO PORTA GARIBALDI,88.69
OLMENETA,S ZENO FOLZANO,33.704
OLMENETA,TREVIGLIO,53.745
OMEGNA,DOMODOSSOLA,35.528
OMEGNA,NOVARA,52.406
ORA,FIRENZE CAMPO MARTE,334.129
ORBETELLO MONTE ARGENTARIO,ALBINIA,6.498
ORBETELLO MONTE ARGENTARIO,CAMPIGLIA MARITTIMA,96.829
ORBETELLO MONTE ARGENTARIO,CECINA,131.669
ORBETELLO MONTE ARGENTARIO,GROSSETO,37.721
ORBETELLO MONTE ARGENTARIO,LIVORNO CENTRALE,165.362
ORBETELLO MONTE ARGENTARIO,PISA CENTRALE,182.485
ORBETELLO MONTE ARGENTARIO,ROMA TERMINI,146.806
ORBETELLO MONTE ARGENTARIO,S VINCENZO,107.43
ORIA,TARANTO,38.989
ORIOLO,ROMA OSTIENSE,54.082
ORIOLO,ROMA TIBURTINA,61.449
ORISTANO,CAGLIARI,93.03
ORISTANO,CAGLIARI ELMAS,85.102
ORISTANO,DECIMOMANNU,76.789
ORISTANO,MARRUBIU TERRALBA ARBOREA,17.268
ORISTANO,OLBIA,183.474
ORISTANO,PORTO TORRES MARITTIMA,176.835
ORISTANO,S GAVINO,43.409
ORISTANO,SAMASSI SERRENTI,55.816
ORISTANO,SASSARI,157.493
ORISTANO,SERRAMANNA NURAMINIS,62.321
ORISTANO,URAS MOGORO,25.599
ORTA MIASINO,NOVARA,42.905
ORTANOVA,BARI CENTRALE,102.955
ORTE,ANCONA,210.069
ORTE,AREZZO,131.804
ORTE,ATTIGLIANO BOMARZO,13.59
ORTE,CASTELPLANIO CUPRAMONTANA,168.6
ORTE,CHIUSI CHIANCIANO TERME,76.229
ORTE,CIVITA CASTELLANA MAGLIANO,30.03
ORTE,CONTIGLIANO,59.797
ORTE,FABRO FICULLE,63.689
ORTE,FARA SABINA MONTELIBRETTI,62.637
ORTE,FIGLINE VALDARNO,169.377
ORTE,FIRENZE CAMPO MARTE,190.159
ORTE,FIRENZE S MARIA NOVELLA,194.124
ORTE,FIUMICINO AEROPORTO,108.977
ORTE,FOLIGNO,81.876
ORTE,GALLESE IN TEVERINA,25.93
ORTE,GROTTE S STEFANO,29.889
ORTE,LORETO,233.571
ORTE,MILANO CENTRALE,498.404
ORTE,MONTEROTONDO MENTANA,74.185
ORTE,NUOVO SALARIO,71.467
ORTE,ORVIETO,41.249
ORTE,PERUGIA,121.456
ORTE,POGGIO MIRTETO,51.246
ORTE,PONTE GALERIA,99.791
ORTE,RIETI,68.405
ORTE,ROMA OSTIENSE,84.263
ORTE,ROMA TERMINI,81.401
ORTE,ROMA TIBURTINA,76.896
ORTE,ROMA TUSCOLANA,80.653
ORTE,SIPICCIANO,18.998
ORTE,SPOLETO,56.756
ORTE,STIMIGLIANO,42.983
ORTE,TARVISIO BOSCOVERDE,648.719
ORTE,TERNI,27.526
ORTE,TERONTOLA CORTONA,104.758
ORTE,TRIESTE CENTRALE,592.388
ORTE,VITERBO PORTA FIORENTINA,52.652
ORTONA,PESCARA,21.914
ORTONA,TERMOLI,67.554
ORTONA,VASTO S SALVO,44.522
ORVIETO,FIRENZE S MARIA NOVELLA,153.002
ORVIETO,FOLIGNO,123.125
ORVIETO,MAGIONE,84.957
ORVIETO,ORTE,41.249
ORVIETO,PERUGIA,106.256
ORVIETO,ROMA TERMINI,108.0
ORVIETO,TERNI,68.775
OSOPPO,PORDENONE,81.745
OSOPPO,SACILE,94.584
OSOPPO,TRIESTE CENTRALE,104.98
OSPEDALETTO LODIGIANO,BELGIOIOSO,20.447
OSPEDALETTO LODIGIANO,CREMONA,38.928
OSPEDALETTO LODIGIANO,PAVIA,34.88
OSPITALETTO TRAVAGLIATO,BERGAMO,37.538
OSPITALETTO TRAVAGLIATO,BRESCIA,11.189
OSPITALETTO TRAVAGLIATO,MILANO GRECO PIRELLI,71.647
OSTIA PARMENSE,LA SPEZIA CENTRALE,65.935
OSTIA PARMENSE,PARMA,53.496
OSTUNI,BARI CENTRALE,74.278
OSTUNI,BOLOGNA CENTRALE,720.391
OULX CESANA CLAVIERE SESTRIERE,TORINO PORTA NUOVA,75.116
OVADA,ACQUI TERME,14.843
OVADA,GENOVA BRIGNOLE,45.656
OZIERI CHILIVANI,CAGLIARI,205.998
OZIERI CHILIVANI,OLBIA,70.506
OZIERI CHILIVANI,OLBIA TERRANOVA,70.106
OZIERI CHILIVANI,ORISTANO,112.968
OZIERI CHILIVANI,PLOAGHE,19.541
OZIERI CHILIVANI,PORTO TORRES MARITTIMA,65.93
OZIERI CHILIVANI,SASSARI,46.588
OZIERI CHILIVANI,SCALA GIOCCA,32.76
PABILLONIS,CAGLIARI,57.556
PACECO,CASTELVETRANO,69.777
PACECO,PIRAINETO,157.946
PADERNO ROBBIATE,CARNATE USMATE,6.074
PADERNO ROBBIATE,MILANO CENTRALE,29.819
PADERNO ROBBIATE,MILANO CERTOSA,33.476
PADERNO ROBBIATE,MILANO GRECO PIRELLI,26.468
PADERNO ROBBIATE,MILANO PORTA GARIBALDI,30.452
PADERNO ROBBIATE,MONZA,17.877
PADERNO ROBBIATE,PONTE S PIETRO,11.846
PADERNO ROBBIATE,SESTO S GIOVANNI,22.757
PADIGLIONE,APRILIA,8.852
PADIGLIONE,CAMPO CARNE,4.309
PADIGLIONE,CAMPOLEONE,14.929
PADIGLIONE,ROMA TERMINI,48.429
PADIGLIONE,ROMA TIBURTINA,48.481
PADOVA,ALANO FENER VALDOBBIADENE,63.891
PADOVA,BASSANO DEL GRAPPA,47.294
PADOVA,BELLUNO,111.58
PADOVA,BOLOGNA CENTRALE,122.575
PADOVA,BRESCIA,145.404
PADOVA,BUSCHE LENTIAI MEL,88.126
PADOVA,CALALZO PIEVE CADORE CORTINA,151.426
PADOVA,CAMPOSAMPIERO,18.179
PADOVA,CASTELFRANCO VENETO,30.236
PADOVA,CITTADELLA,32.676
PADOVA,DOLO,15.489
PADOVA,DOMODOSSOLA,348.452
PADOVA,FANZOLO,36.933
PADOVA,FELTRE,81.047
PADOVA,FERRARA,75.745
PADOVA,GRISIGNANO ZOCCO,15.34
PADOVA,ISTRANA,43.439
PADOVA,LA SPEZIA CENTRALE,288.771
PADOVA,LEGNAGO,60.749
PADOVA,LIVORNO CENTRALE,301.897
PADOVA,MANTOVA,106.64
PADOVA,MILANO CENTRALE,228.158
PADOVA,MILANO LAMBRATE,224.36
PADOVA,MILANO PORTA GARIBALDI,230.048
PADOVA,MONSELICE,22.802
PADOVA,MONTAGNANA,47.016
PADOVA,MONTEBELLUNA,46.551
PADOVA,NAPOLI CENTRALE,682.178
PADOVA,QUERO VAS,69.395
PADOVA,ROMA TERMINI,472.727
PADOVA,ROVIGO,43.749
PADOVA,S GIUSTINA CESIO,95.247
PADOVA,S PIETRO IN CASALE,98.696
PADOVA,SALERNO,726.694
PADOVA,SALETTO,41.049
PADOVA,SEDICO BRIBANO,99.512
PADOVA,TORINO PORTA NUOVA,373.144
PADOVA,TORTONA,274.448
PADOVA,TREVISO CENTRALE,48.288
PADOVA,VENEZIA MESTRE,28.499
PADOVA,VENEZIA S LUCIA,36.933
PADOVA,VENTIMIGLIA,471.185
PADOVA,VERONA PORTA NUOVA,81.87
PADOVA,VICENZA,30.27
PADOVA,VIGODARZERE,4.952
PAESTUM,NAPOLI CENTRALE,92.311
PAESTUM,PARMA,735.845
PAGANICA,SULMONA,52.71
PALAZZO REALE ORLEANS,PALERMO AEROPORTO,31.911
PALAZZOLO DELLO STELLA,TRIESTE CENTRALE,64.405
PALAZZOLO DELLO STELLA,UDINE,46.555
PALAZZOLO MILANESE,MILANO AFFORI,7.025
PALAZZOLO MILANESE,MILANO BOVISA,9.302
PALAZZOLO MILANESE,MILANO CADORNA,13.467
PALAZZOLO MILANESE,MILANO ROGOREDO,20.877
PALAZZOLO MILANESE,PADERNO DUGNANO,1.854
PALAZZOLO SULL OGLIO,BERGAMO,21.59
PALAZZOLO SULL OGLIO,BRESCIA,27.137
PALAZZOLO SULL OGLIO,MILANO CENTRALE,70.997
PALAZZOLO SULL OGLIO,PISA CENTRALE,289.024
PALAZZOLO SULL OGLIO,ROMA TERMINI,551.933
PALERMO AEROPORTO,ACQUAVIVA CASTELTERMINI,131.15
PALERMO AEROPORTO,AGRIGENTO CENTRALE,169.091
PALERMO AEROPORTO,ALTAVILLA MILICIA,53.415
PALERMO AEROPORTO,ARAGONA CALDARE,156.477
PALERMO AEROPORTO,BAGHERIA,46.253
PALERMO AEROPORTO,CAMMARATA S GIOVANNI GEMINI,120.627
PALERMO AEROPORTO,CAMPOFELICE,85.84
PALERMO AEROPORTO,CAMPOFRANCO,138.735
PALERMO AEROPORTO,CARINI,9.085
PALERMO AEROPORTO,CEFALU,99.249
PALERMO AEROPORTO,ISOLA DELLE FEMMINE,17.017
PALERMO AEROPORTO,MESSINA CENTRALE,256.219
PALERMO AEROPORTO,MILAZZO,224.641
PALERMO AEROPORTO,MONTEMAGGIORE BELSITO,93.57
PALERMO AEROPORTO,PALERMO BRANCACCIO,35.95
PALERMO AEROPORTO,PALERMO CENTRALE,35.674
PALERMO AEROPORTO,PALERMO NOTARBARTOLO,29.123
PALERMO AEROPORTO,ROCCAPALUMBA ALIA,102.221
PALERMO AEROPORTO,TERMINI IMERESE,69.462
PALERMO BRANCACCIO,PALERMO AEROPORTO,35.95
PALERMO BRANCACCIO,TERMINI IMERESE,33.512
PALERMO CENTRALE,ACQUEDOLCI S FRATELLO,119.676
PALERMO CENTRALE,AGRIGENTO BASSA,133.074
PALERMO CENTRALE,AGRIGENTO CENTRALE,136.044
PALERMO CENTRALE,ALCAMO DIRAMAZIONE,78.091
PALERMO CENTRALE,ALTAVILLA MILICIA,20.368
PALERMO CENTRALE,ARAGONA CALDARE,123.43
PALERMO CENTRALE,AVERSA,680.352
PALERMO CENTRALE,BAGHERIA,13.206
PALERMO CENTRALE,BICOCCA,233.106
PALERMO CENTRALE,CALTANISSETTA CENTRALE,132.081
PALERMO CENTRALE,CALTANISSETTA XIRBI,125.747
PALERMO CENTRALE,CAMMARATA S GIOVANNI GEMINI,87.58
PALERMO CENTRALE,CAMPOFELICE,52.793
PALERMO CENTRALE,CAMPOFRANCO,105.688
PALERMO CENTRALE,CAMPOLEONE,841.535
PALERMO CENTRALE,CAPACCIO ROCCADASPIDE,574.595
PALERMO CENTRALE,CAPO D ORLANDO NASO,138.049
PALERMO CENTRALE,CARINI,26.589
PALERMO CENTRALE,CARONIA,106.239
PALERMO CENTRALE,CASTELVETRANO,119.846
PALERMO CENTRALE,CATANIA ACQUICELLA,237.651
PALERMO CENTRALE,CATANIA CENTRALE,240.533
PALERMO CENTRALE,CEFALU,66.202
PALERMO CENTRALE,CERDA,45.039
PALERMO CENTRALE,COMITINI,117.207
PALERMO CENTRALE,DITTAINO,172.507
PALERMO CENTRALE,ENNA,151.927
PALERMO CENTRALE,FIUMETORTO,43.219
PALERMO CENTRALE,FORMIA GAETA,746.612
PALERMO CENTRALE,GIACHERY,10.039
PALERMO CENTRALE,GIOJOSA MAREA,152.038
PALERMO CENTRALE,ISOLA DELLE FEMMINE,18.657
PALERMO CENTRALE,LATINA,814.017
PALERMO CENTRALE,LEONFORTE PIRATO,163.037
PALERMO CENTRALE,MARIANOPOLI,105.255
PALERMO CENTRALE,MAZARA DEL VALLO,142.522
PALERMO CENTRALE,MESSINA CENTRALE,223.172
PALERMO CENTRALE,MILAZZO,191.594
PALERMO CENTRALE,MIMIANI S CATALDO,116.285
PALERMO CENTRALE,MONTEMAGGIORE BELSITO,60.523
PALERMO CENTRALE,NAPOLI CENTRALE,663.263
PALERMO CENTRALE,PACE DEL MELA,196.481
PALERMO CENTRALE,PALAZZO REALE ORLEANS,3.763
PALERMO CENTRALE,PALERMO AEROPORTO,35.674
PALERMO CENTRALE,PALERMO BRANCACCIO,2.903
PALERMO CENTRALE,PALERMO CARDILLO,12.702
PALERMO CENTRALE,PALERMO LA MALFA,11.377
PALERMO CENTRALE,PALERMO NOTARBARTOLO,6.551
PALERMO CENTRALE,PAOLA,395.273
PALERMO CENTRALE,PATTI S PIERO PATTI,161.754
PALERMO CENTRALE,PIRAINETO,31.677
PALERMO CENTRALE,POLLINA S MAURO CASTELVERDE,81.178
PALERMO CENTRALE,PORTO EMPEDOCLE,142.418
PALERMO CENTRALE,PORTO EMPEDOCLE SUCCURSALE,143.159
PALERMO CENTRALE,ROCCALUMERA MANDANICI,248.663
PALERMO CENTRALE,ROCCAPALUMBA ALIA,69.174
PALERMO CENTRALE,ROCCELLA,4.369
PALERMO CENTRALE,ROMA TERMINI,871.764
PALERMO CENTRALE,ROMETTA MESSINESE,205.42
PALERMO CENTRALE,S AGATA MILITELLO,124.686
PALERMO CENTRALE,S STEFANO CAMASTRA MISTRETTA,97.421
PALERMO CENTRALE,SALEMI GIBELLINA,103.823
PALERMO CENTRALE,SAPRI,487.485
PALERMO CENTRALE,SIRACUSA,308.633
PALERMO CENTRALE,TAORMINA GIARDINI,267.219
PALERMO CENTRALE,TERMINI IMERESE,36.415
PALERMO CENTRALE,TUSA,88.673
PALERMO CENTRALE,VALLELUNGA,94.882
PALERMO CENTRALE,VENTIMIGLIA,1501.728
PALERMO CENTRALE,VILLA LITERNO,694.687
PALERMO CENTRALE,VILLA S GIOVANNI,232.172
PALERMO CENTRALE,VILLAROSA,141.034
PALERMO CENTRALE,ZAPPULLA,132.13
PALERMO NOTARBARTOLO,AGRIGENTO CENTRALE,139.968
PALERMO NOTARBARTOLO,BAGHERIA,17.13
PALERMO NOTARBARTOLO,CEFALU,70.126
PALERMO NOTARBARTOLO,FIERA,2.733
PALERMO NOTARBARTOLO,GIACHERY,3.488
PALERMO NOTARBARTOLO,ISOLA DELLE FEMMINE,12.106
PALERMO NOTARBARTOLO,PALERMO AEROPORTO,29.123
PALERMO NOTARBARTOLO,PALERMO CENTRALE,6.551
PALERMO NOTARBARTOLO,PALERMO SAMPOLO,2.948
PALERMO NOTARBARTOLO,TERMINI IMERESE,40.339
PALERMO SAMPOLO,PALERMO NOTARBARTOLO,2.948
PALIZZI,ROCCELLA JONICA,63.29
PALMA S GENNARO,CASERTA,30.771
PALMANOVA,CARNIA,57.612
PALMANOVA,PORDENONE,66.716
PALMANOVA,PORTOGRUARO CAORLE,49.867
PALMANOVA,TREVISO CENTRALE,102.331
PALMANOVA,TRIESTE CENTRALE,54.065
PALMANOVA,UDINE,17.943
PALMI,MELITO PORTO SALVO,72.058
PALMI,REGGIO CALABRIA CENTRALE,42.245
PAOLA,AGROPOLI CASTELLABATE,167.315
PAOLA,AMANTEA,25.35
PAOLA,BAGNARA,145.383
PAOLA,BATTIPAGLIA,197.001
PAOLA,BOLZANO,1077.765
PAOLA,CAPACCIO ROCCADASPIDE,179.322
PAOLA,CAPO BONIFATI,27.167
PAOLA,CASTIGLIONE COSENTINO,21.551
PAOLA,CATANIA CENTRALE,266.872
PAOLA,CELLE BULGHERIA ROCCAGLORIOSA,113.657
PAOLA,CETRARO,19.106
PAOLA,COSENZA,25.886
PAOLA,DIAMANTE BUONVICINO,41.34
PAOLA,GIOIA TAURO,126.573
PAOLA,LAMEZIA TERME CENTRALE,56.87
PAOLA,MARATEA,79.897
PAOLA,MELITO PORTO SALVO,207.002
PAOLA,MILETO,103.791
PAOLA,NAPOLI CENTRALE,267.99
PAOLA,NOCERA INFERIORE,231.515
PAOLA,POLICASTRO BUSSENTINO,100.96
PAOLA,PRAJA AJETA TORTORA,67.72
PAOLA,REGGIO CALABRIA CENTRALE,177.189
PAOLA,ROMA OSTIENSE,480.736
PAOLA,ROMA TERMINI,476.491
PAOLA,ROSARNO,116.688
PAOLA,SALERNO,216.704
PAOLA,SAPRI,92.212
PAOLA,SCALEA S DOMENICA TALAO,56.832
PAOLA,SIBARI,75.568
PAOLA,TAORMINA GIARDINI,219.11
PAOLA,VIBO VALENTIA PIZZO,85.32
PAOLA,VILLA S GIOVANNI,163.101
PARABIAGO,ARONA,42.724
PARABIAGO,DOMODOSSOLA,98.282
PARABIAGO,MILANO CENTRALE,25.364
PARABIAGO,MILANO CERTOSA,16.838
PARABIAGO,MILANO LAMBRATE,25.81
PARABIAGO,MILANO PORTA GARIBALDI,21.587
PARABIAGO,PIOLTELLO LIMITO,34.314
PARABIAGO,PORTO CERESIO,49.904
PARABIAGO,TREVIGLIO,55.067
PARABIAGO,VARESE,35.664
PARATICO SARNICO,MILANO CENTRALE,80.426
PARGHELIA,ROSARNO,32.596
PARMA,ANCONA,294.433
PARMA,ASOLA,51.054
PARMA,AULLA LUNIGIANA,98.589
PARMA,BERCETO,45.104
PARMA,BOLOGNA CENTRALE,90.392
PARMA,BORETTO,22.501
PARMA,BORGO VAL TARO,60.648
PARMA,BRESCELLO VIADANA,19.7
PARMA,BRESCIA,91.142
PARMA,BUSSETO,34.684
PARMA,CANNETO SULL OGLIO,42.829
PARMA,CASALMAGGIORE,23.625
PARMA,CASALPUSTERLENGO,74.091
PARMA,CASTELFRANCO EMILIA,65.384
PARMA,CASTELGUELFO,12.409
PARMA,CODOGNO,69.218
PARMA,COLLECCHIO,11.771
PARMA,COLORNO,15.136
PARMA,CREMONA,55.906
PARMA,DEIVA MARINA,148.924
PARMA,FIDENZA,22.013
PARMA,FILATTIERA,85.185
PARMA,FIORENZUOLA,35.471
PARMA,FIRENZE CAMPO MARTE,183.943
PARMA,FORNOVO,23.019
PARMA,GENOVA BRIGNOLE,194.617
PARMA,GENOVA NERVI,195.224
PARMA,GENOVA PIAZZA PRINCIPE,191.978
PARMA,GHEDI,74.702
PARMA,GUASTALLA,31.688
PARMA,LA SPEZIA CENTRALE,119.431
PARMA,LA SPEZIA MIGLIARINA,116.63
PARMA,LECCE,885.792
PARMA,LODI,92.944
PARMA,LUZZARA,37.528
PARMA,MEZZANI RONDANI,19.681
PARMA,MILANO CENTRALE,124.639
PARMA,MILANO LAMBRATE,120.841
PARMA,MILANO PORTA GARIBALDI,126.529
PARMA,MILANO ROGOREDO,115.053
PARMA,MODENA,53.46
PARMA,MONTIRONE,80.414
PARMA,OSTIA PARMENSE,53.496
PARMA,PESARO,234.859
PARMA,PESCARA,440.406
PARMA,PIACENZA,57.082
PARMA,PIADENA,39.738
PARMA,PONTREMOLI,78.578
PARMA,RAVENNA,172.908
PARMA,REGGIO EMILIA,28.306
PARMA,REMEDELLO SOPRA,57.769
PARMA,RIMINI,201.479
PARMA,RUBIERA,40.156
PARMA,S BENEDETTO DEL TRONTO,378.926
PARMA,S GIOVANNI IN CROCE,33.578
PARMA,S STEFANO MAGRA,107.623
PARMA,S ZENO FOLZANO,85.481
PARMA,SALSOMAGGIORE TERME,31.043
PARMA,SESTRI LEVANTE,160.897
PARMA,STRADELLA,90.305
PARMA,SUZZARA,43.771
PARMA,TORINO PORTA SUSA,245.202
PARMA,TORRILE S POLO,10.125
PARMA,VEZZANO LIGURE,111.865
PARMA,VIADANA BRESCIANA,69.015
PARMA,VICOFERTILE,7.304
PARMA,VILLAFRANCA BAGNONE,89.615
PARMA,VILLANOVA D ARDA,41.774
PARMA,VISANO,62.042
PARMA,VOGHERA,115.477
PARONA LOMELLINA,MILANO PORTA GENOVA,39.111
PARONA LOMELLINA,MILANO ROGOREDO,45.569
PARONA LOMELLINA,MILANO S CRISTOFORO,35.735
PARONA LOMELLINA,MORTARA,5.27
PARTINICO,CASTELVETRANO,68.059
PARTINICO,MARSALA,111.765
PARTINICO,TRAPANI,142.422
PASSIGNANO SUL TRASIMENO,FIRENZE S MARIA NOVELLA,112.045
PASSIGNANO SUL TRASIMENO,FOLIGNO,70.207
PASSIGNANO SUL TRASIMENO,PERUGIA,30.627
PATTI S PIERO PATTI,MESSINA CENTRALE,61.418
PATTI S PIERO PATTI,NOVARA MONTALBANO FURNARI,15.999
PATTI S PIERO PATTI,OLIVERI TINDARI,8.617
PATTI S PIERO PATTI,PALERMO CENTRALE,161.754
PATTI S PIERO PATTI,ROMETTA MESSINESE,43.666
PATTI S PIERO PATTI,TERME VIGLIATORE,18.689
PAVIA,ACQUANEGRA CREMONESE,63.073
PAVIA,ALBENGA,175.613
PAVIA,ALESSANDRIA,62.977
PAVIA,ASTI,96.216
PAVIA,BELGIOIOSO,14.433
PAVIA,BUSTO ARSIZIO,68.682
PAVIA,CASALPUSTERLENGO,41.605
PAVIA,CAVA CARBONARA,7.499
PAVIA,CAVA TIGOZZI,68.637
PAVIA,CERTOSA PAVIA,7.738
PAVIA,CHIGNOLO PO,28.447
PAVIA,CODOGNO,46.478
PAVIA,CORTEOLONA,19.094
PAVIA,CREMONA,73.808
PAVIA,GARBAGNATE MILANESE,50.801
PAVIA,GARLASCO,20.489
PAVIA,GENOVA BRIGNOLE,103.999
PAVIA,GENOVA PIAZZA PRINCIPE,101.36
PAVIA,LOCATE TRIULZI,20.395
PAVIA,LOMELLO,30.344
PAVIA,MILANO BOVISA,40.178
PAVIA,MILANO CENTRALE,38.189
PAVIA,MILANO CERTOSA,41.849
PAVIA,MILANO GRECO PIRELLI,38.271
PAVIA,MILANO LAMBRATE,34.391
PAVIA,MILANO LANCETTI,38.267
PAVIA,MILANO PORTA GARIBALDI,40.079
PAVIA,MILANO PORTA VITTORIA,32.441
PAVIA,MILANO REPUBBLICA,35.855
PAVIA,MILANO ROGOREDO,28.603
PAVIA,MORTARA,37.404
PAVIA,MOTTA S DAMIANO,6.656
PAVIA,NICORVO,43.226
PAVIA,NOVARA,61.639
PAVIA,NOVI LIGURE,59.421
PAVIA,OSPEDALETTO LODIGIANO,34.88
PAVIA,PAVIA PORTA GARIBALDI,2.407
PAVIA,PIACENZA,58.614
PAVIA,ROBBIO,49.392
PAVIA,SANNAZZARO,21.445
PAVIA,STRADELLA,29.022
PAVIA,TORREBERETTI,43.059
PAVIA,TORTONA,41.062
PAVIA,VALENZA,49.285
PAVIA,VENTIMIGLIA,237.799
PAVIA,VERCELLI,64.919
PAVIA,VILLAMAGGIORE,15.396
PAVIA,VOGHERA,24.859
PAVONA,CIAMPINO,9.458
PAVONA,ROMA TERMINI,23.379
PAVONA,ROMA TIBURTINA,23.431
PAVONA,VELLETRI,17.628
PC CAPENA,ROMA TIBURTINA,27.109
PC CIVITELLA AGLIANO,ROMA TERMINI,93.018
PEDASO,ANCONA,68.537
PEDASO,MILANO CENTRALE,487.28
PEGOGNAGA,FERRARA,73.049
PEGOGNAGA,RIMINI,195.509
PEGOGNAGA,SERMIDE,40.478
PELLEZZANO,MERCATO S SEVERINO,8.171
PELLEZZANO,SALERNO,9.456
PERAROLO CADORE,CALALZO PIEVE CADORE CORTINA,10.461
PERGINE,BASSANO DEL GRAPPA,78.26
PERGINE,BORGO VALSUGANA EST,27.093
PERGINE,TRENTO,17.451
PERGOLA,ANCONA,101.866
PERGOLA,FABRIANO,31.605
PERI,BOLZANO,109.87
PERUGIA,AREZZO,77.252
PERUGIA,ASSISI,23.941
PERUGIA,BASTIA,20.554
PERUGIA,FIGLINE VALDARNO,117.925
PERUGIA,FIRENZE CAMPO MARTE,138.707
PERUGIA,FIRENZE S MARIA NOVELLA,142.672
PERUGIA,FOLIGNO,39.58
PERUGIA,L AQUILA,197.158
PERUGIA,MAGIONE,21.299
PERUGIA,MILANO CENTRALE,446.952
PERUGIA,ORTE,121.456
PERUGIA,ORVIETO,106.256
PERUGIA,PASSIGNANO SUL TRASIMENO,30.627
PERUGIA,PERUGIA PONTE S GIOVANNI,11.247
PERUGIA,ROMA OSTIENSE,205.719
PERUGIA,ROMA TERMINI,202.857
PERUGIA,ROMA TIBURTINA,198.352
PERUGIA,SPELLO,34.676
PERUGIA,SPOLETO,64.7
PERUGIA,TERNI,93.93
PERUGIA,TERONTOLA CORTONA,42.62
PERUGIA,TORINO PORTA NUOVA,538.574
PERUGIA,TORINO PORTA SUSA,540.106
PERUGIA CAPITINI,PERUGIA,4.183
PERUGIA PONTE S GIOVANNI,FOLIGNO,28.333
PERUGIA PONTE S GIOVANNI,ORTE,110.209
PERUGIA PONTE S GIOVANNI,ROMA TERMINI,191.61
PERUGIA PONTE S GIOVANNI,SPOLETO,53.453
PERUGIA PONTE S GIOVANNI,TERNI,82.683
PERUGIA PONTE S GIOVANNI,TERONTOLA CORTONA,53.867
PESARO,ANCONA,59.574
PESARO,ASTI,422.75
PESARO,BERGAMO,366.684
PESARO,BOLOGNA CENTRALE,144.467
PESARO,BRESCIA,317.957
PESARO,CASTEL S PIETRO TERME,121.388
PESARO,CERVIA MILANO MARITTIMA,62.03
PESARO,CESENATICO,54.611
PESARO,FAENZA,95.36
PESARO,FANO,12.463
PESARO,FERRARA,155.84
PESARO,FIDENZA,256.872
PESARO,FIORENZUOLA,270.33
PESARO,FOLIGNO,170.373
PESARO,FORLI,79.649
PESARO,IMOLA,110.366
PESARO,LECCE,650.933
PESARO,LIDO CLASSE LIDO SAVIO,69.639
PESARO,LODI,327.803
PESARO,MAROTTA MONDOLFO,24.689
PESARO,MILANO CENTRALE,359.169
PESARO,MILANO LAMBRATE,355.371
PESARO,MILANO PORTA GARIBALDI,361.059
PESARO,MILANO ROGOREDO,349.583
PESARO,MONTEMARCIANO,46.14
PESARO,PARMA,234.859
PESARO,PESCARA,205.547
PESARO,PIACENZA,291.941
PESARO,PORTO D ASCOLI,148.851
PESARO,RAVENNA,83.22
PESARO,REGGIO EMILIA,206.553
PESARO,RIMINI,33.38
PESARO,ROMA S PIETRO,341.35
PESARO,ROMA TERMINI,333.65
PESARO,S BENEDETTO DEL TRONTO,144.067
PESARO,SENIGALLIA,33.736
PESARO,TORINO PORTA NUOVA,478.529
PESARO,VENEZIA S LUCIA,268.518
PESCARA,ANCONA,145.973
PESCARA,ANVERSA VILLALAGO SCANNO,78.386
PESCARA,AVEZZANO,133.19
PESCARA,BARI CENTRALE,296.099
PESCARA,BOLOGNA CENTRALE,350.014
PESCARA,BOLZANO,605.802
PESCARA,BUSSI,49.833
PESCARA,CASTELLALTO CANZANO,55.171
PESCARA,CELANO OVINDOLI,122.557
PESCARA,CHIETI,15.142
PESCARA,CIVITANOVA MARCHE MONTEGRANARO,103.268
PESCARA,COCULLO,97.896
PESCARA,COLLARMELE,113.468
PESCARA,FAENZA,300.907
PESCARA,FIDENZA,462.419
PESCARA,FORLI,285.196
PESCARA,FOSSACESIA TORINO SANGRO,38.41
PESCARA,FRANCAVILLA AL MARE,9.128
PESCARA,GIULIANOVA,37.614
PESCARA,GUIDONIA MONTECELIO S ANGELO,214.366
PESCARA,L AQUILA,126.64
PESCARA,LECCE,445.386
PESCARA,LORETO,122.471
PESCARA,LUNGHEZZA,225.347
PESCARA,MANOPPELLO,24.107
PESCARA,MARCELLINA PALOMBARA,206.591
PESCARA,MILANO CENTRALE,564.716
PESCARA,MILANO ROGOREDO,555.13
PESCARA,MODENA,386.946
PESCARA,MONTESILVANO,6.982
PESCARA,ORTONA,21.914
PESCARA,PARMA,440.406
PESCARA,PESARO,205.547
PESCARA,PESCARA PORTA NUOVA,1.34
PESCARA,PIACENZA,497.488
PESCARA,PINETO ATRI,19.239
PESCARA,POPOLI VITTORITO,53.109
PESCARA,PORTO D ASCOLI,56.696
PESCARA,PORTO RECANATI,118.16
PESCARA,PORTO S GIORGIO FERMO,87.674
PESCARA,PORTO VASTO,55.003
PESCARA,POTENZA PICENA MONTELUPONE,109.378
PESCARA,PRATOLA PELIGNA,62.758
PESCARA,REGGIO EMILIA,412.1
PESCARA,RIMINI,238.927
PESCARA,ROMA PRENESTINA,236.014
PESCARA,ROMA TERMINI,240.27
PESCARA,ROMA TIBURTINA,238.955
PESCARA,ROSETO DEGLI ABRUZZI,28.309
PESCARA,S BENEDETTO DEL TRONTO,61.48
PESCARA,S DEMETRIO DE VESTINI,111.04
PESCARA,S VITO LANCIANO,28.168
PESCARA,SCAFA S VALENTINO CARAMANICO TERME,31.785
PESCARA,SULMONA,68.333
PESCARA,TARANTO,396.116
PESCARA,TERAMO,62.691
PESCARA,TERMOLI,89.468
PESCARA,TIVOLI,200.697
PESCARA,TORINO PORTA NUOVA,684.076
PESCARA,TORRE DEI PASSERI,38.653
PESCARA,VALLE DELL ANIENE MANDELA SAMBUCI,186.619
PESCARA,VARANO,140.469
PESCARA,VASTO S SALVO,66.436
PESCARA,VENEZIA S LUCIA,474.065
PESCARA PORTA NUOVA,L AQUILA,125.3
PESCARA PORTA NUOVA,PESCARA,1.34
PESCARA PORTA NUOVA,SULMONA,66.993
PESCARA PORTA NUOVA,TORRE DEI PASSERI,37.313
PESCHIERA DEL GARDA,BRESCIA,42.098
PESCHIERA DEL GARDA,EMPOLI,245.868
PESCHIERA DEL GARDA,MILANO CENTRALE,124.852
PESCHIERA DEL GARDA,PIOLTELLO LIMITO,112.55
PESCHIERA DEL GARDA,ROMA TERMINI,482.698
PESCHIERA DEL GARDA,VENEZIA S LUCIA,140.239
PESCHIERA DEL GARDA,VERONA PORTA NUOVA,22.54
PESCIA,FIRENZE RIFREDI,51.421
PESCIA,FIRENZE S MARIA NOVELLA,54.188
PESCIA,LUCCA,23.107
PESCIA,PISA CENTRALE,46.186
PESCIA,PISTOIA,20.748
PESCIA,PRATO CENTRALE,37.802
PESCIA,VIAREGGIO,46.117
PETROSINO STRASATTI,CASTELVETRANO,34.05
PETROSINO STRASATTI,PIRAINETO,122.219
PETROSINO STRASATTI,TRAPANI,40.313
PIACENZA,ANCONA,351.515
PIACENZA,ARENA PO,28.526
PIACENZA,ARQUATA SCRIVIA,99.109
PIACENZA,BARBIANELLO,41.555
PIACENZA,BOLOGNA CENTRALE,147.474
PIACENZA,BORGOLOMBARDO,57.72
PIACENZA,BRESSANA BOTTARONE,49.97
PIACENZA,BRONI,37.018
PIACENZA,BUSALLA,114.846
PIACENZA,CASALPUSTERLENGO,17.009
PIACENZA,CASTEL S GIOVANNI,21.878
PIACENZA,CASTEL S PIETRO TERME,170.553
PIACENZA,CASTELGUELFO,44.673
PIACENZA,CATTOLICA S GIOVANNI GABICCE,276.84
PIACENZA,CERTOSA PAVIA,66.352
PIACENZA,CESENA,230.143
PIACENZA,CODOGNO,12.136
PIACENZA,FAENZA,196.581
PIACENZA,FALCONARA MARITTIMA,342.818
PIACENZA,FANO,304.404
PIACENZA,FIDENZA,35.069
PIACENZA,FIORENZUOLA,21.611
PIACENZA,FIRENZE CAMPO MARTE,241.025
PIACENZA,FORLI,212.292
PIACENZA,GENOVA BOLZANETO,129.328
PIACENZA,GENOVA BRIGNOLE,137.535
PIACENZA,GENOVA PIAZZA PRINCIPE,134.896
PIACENZA,GENOVA PONTEDECIMO,125.266
PIACENZA,GENOVA SAMPIERDARENA,133.72
PIACENZA,IMOLA,181.575
PIACENZA,LECCE,942.874
PIACENZA,LIVORNO CENTRALE,230.809
PIACENZA,LODI,35.862
PIACENZA,MAROTTA MONDOLFO,316.63
PIACENZA,MILANO CENTRALE,69.053
PIACENZA,MILANO CERTOSA,72.713
PIACENZA,MILANO GRECO PIRELLI,69.135
PIACENZA,MILANO LAMBRATE,65.255
PIACENZA,MILANO PORTA GARIBALDI,70.943
PIACENZA,MILANO ROGOREDO,59.467
PIACENZA,MODENA,110.542
PIACENZA,MONTEMARCIANO,338.081
PIACENZA,PARMA,57.082
PIACENZA,PAVIA,58.614
PIACENZA,PESARO,291.941
PIACENZA,PESCARA,497.488
PIACENZA,PINAROLO PO,44.37
PIACENZA,RAVENNA,229.99
PIACENZA,REGGIO EMILIA,85.388
PIACENZA,RIMINI,258.561
PIACENZA,ROMA TERMINI,497.935
PIACENZA,RONCO SCRIVIA,109.593
PIACENZA,ROTTOFRENO,12.91
PIACENZA,RUBIERA,97.238
PIACENZA,S BENEDETTO DEL TRONTO,436.008
PIACENZA,S NICOLO,8.392
PIACENZA,S ZENONE AL LAMBRO,47.093
PIACENZA,SECUGNAGO,23.952
PIACENZA,SENIGALLIA,325.677
PIACENZA,STRADELLA,33.223
PIACENZA,TARANTO,893.604
PIACENZA,TAVAZZANO,43.586
PIACENZA,TERNI,458.71
PIACENZA,VOGHERA,58.395
PIADENA,BRESCIA,51.404
PIADENA,CASALMAGGIORE,16.113
PIADENA,CODOGNO,55.286
PIADENA,COLORNO,24.602
PIADENA,CREMONA,27.956
PIADENA,MANTOVA,34.271
PIADENA,MILANO CENTRALE,114.664
PIADENA,MILANO LAMBRATE,110.866
PIADENA,PARMA,39.738
PIADENA,S GIOVANNI IN CROCE,6.16
PIADENA,TORRILE S POLO,29.613
PIANA,ALESSANDRIA,67.433
PIANORO,BOLOGNA CENTRALE,16.162
PIANORO,BOLOGNA S RUFFILLO,9.788
PIANORO,CASALECCHIO GARIBALDI,24.89
PIANORO,MARZABOTTO,42.707
PIANORO,PIOPPE SALVARO,48.925
PIANORO,PORRETTA TERME,74.629
PIANORO,PRATO CENTRALE,64.316
PIANORO,RIOLA,62.964
PIANORO,S BENEDETTO SAMBRO CASTIGLIONE PEPOLI,24.414
PIANORO,SASSO MARCONI,35.183
PIANORO,VERGATO,54.564
PIAZZA AL SERCHIO,AULLA LUNIGIANA,32.54
PIAZZA AL SERCHIO,BAGNI LUCCA,34.078
PIAZZA AL SERCHIO,CASTELNUOVO GARFAGNANA,12.459
PIAZZA AL SERCHIO,DIECIMO PESCAGLIA,40.966
PIAZZA AL SERCHIO,FORNACI BARGA,25.452
PIAZZA AL SERCHIO,GRAGNOLA,18.729
PIAZZA AL SERCHIO,LUCCA,57.383
PIAZZA AL SERCHIO,MINUCCIANO PIEVE CASOLA,8.334
PIAZZA AL SERCHIO,PISA CENTRALE,80.462
PIAZZA AL SERCHIO,RIGOLI,69.081
PIAZZA AL SERCHIO,S GIULIANO TERME,72.196
PIAZZA AL SERCHIO,S PIETRO A VICO,52.15
PIAZZA AL SERCHIO,VIAREGGIO,80.393
PICERNO,POTENZA CENTRALE,17.077
PICERNO,SALERNO,93.891
PIEDIMONTE VILLA S LUCIA AQUINO,AVEZZANO,87.45
PIEDIMONTE VILLA S LUCIA AQUINO,FALCONARA MARITTIMA,375.31
PIEDIMONTE VILLA S LUCIA AQUINO,REGGIO CALABRIA CENTRALE,533.677
PIETRA LIGURE,MILANO CENTRALE,201.606
PIETRA LIGURE,VENTIMIGLIA,74.382
PIETRARSA S GIORGIO A CREMANO,ROMA TERMINI,218.047
PIETRASANTA,FIRENZE S MARIA NOVELLA,109.379
PIETRASANTA,PISA CENTRALE,31.768
PIEVE LIGURE,GENOVA BRIGNOLE,12.544
PIEVE VERGONTE,NOVARA,76.519
PINAROLO PO,MILANO GRECO PIRELLI,56.146
PINAROLO PO,MILANO PORTA GARIBALDI,57.954
PINAROLO PO,MILANO ROGOREDO,46.478
PINAROLO PO,PIACENZA,44.37
PINAROLO PO,STRADELLA,11.147
PINEROLO,AIRASCA,12.651
PINEROLO,CANDIOLO,22.657
PINEROLO,CHIVASSO,62.209
PINEROLO,MONCALIERI SANGONE,29.74
PINEROLO,NONE,17.28
PINEROLO,PISCINA PINEROLO,8.019
PINEROLO,TORINO LINGOTTO,33.027
PINEROLO,TORINO REBAUDENGO FOSSATA,42.386
PINEROLO,TORINO STURA,45.869
PINETO ATRI,ANCONA,126.734
PINETO ATRI,PESCARA,19.239
PINETO ATRI,TERAMO,43.452
PIOLTELLO LIMITO,ALBIZZATE SOLBIATE ARNO,59.038
PIOLTELLO LIMITO,BERGAMO,41.08
PIOLTELLO LIMITO,BRESCIA,70.452
PIOLTELLO LIMITO,BUSTO ARSIZIO,44.309
PIOLTELLO LIMITO,CASSANO D ADDA,14.842
PIOLTELLO LIMITO,CREMONA,85.329
PIOLTELLO LIMITO,GALLARATE,51.41
PIOLTELLO LIMITO,MAGENTA,39.449
PIOLTELLO LIMITO,MILANO CENTRALE,12.302
PIOLTELLO LIMITO,MILANO CERTOSA,17.476
PIOLTELLO LIMITO,MILANO GRECO PIRELLI,12.384
PIOLTELLO LIMITO,MILANO PORTA GARIBALDI,14.192
PIOLTELLO LIMITO,MILANO PORTA VITTORIA,9.274
PIOLTELLO LIMITO,MILANO REPUBBLICA,12.688
PIOLTELLO LIMITO,NOVARA,60.93
PIOLTELLO LIMITO,PARABIAGO,34.314
PIOLTELLO LIMITO,PESCHIERA DEL GARDA,112.55
PIOLTELLO LIMITO,RHO,25.299
PIOLTELLO LIMITO,TRECATE,51.406
PIOLTELLO LIMITO,TREVIGLIO,20.753
PIOLTELLO LIMITO,VARESE,62.713
PIOLTELLO LIMITO,VERONA PORTA NUOVA,135.09
PIOLTELLO LIMITO,VITTUONE ARLUNO,33.664
PIOMBINO,CAMPIGLIA MARITTIMA,13.848
PIOMBINO,FIRENZE S MARIA NOVELLA,176.048
PIOMBINO,PISA CENTRALE,98.437
PIOMBINO DESE,VENEZIA MESTRE,26.305
PIOMBINO DESE,VENEZIA S LUCIA,34.739
PIOMBINO MARITTIMA,CAMPIGLIA MARITTIMA,15.076
PIOMBINO MARITTIMA,EMPOLI,146.726
PIOMBINO MARITTIMA,FIRENZE S MARIA NOVELLA,177.276
PIOMBINO MARITTIMA,LIVORNO CENTRALE,82.542
PIOMBINO MARITTIMA,PISA CENTRALE,99.665
PIONA,SONDRIO,42.906
PIOPPE SALVARO,BOLOGNA CENTRALE,32.763
PIOPPE SALVARO,BOLOGNA S RUFFILLO,39.137
PIOPPE SALVARO,PIANORO,48.925
PIRAINETO,ALCAMO DIRAMAZIONE,46.414
PIRAINETO,CAMPOBELLO MAZARA,96.635
PIRAINETO,CASTELLAMMARE DEL GOLFO,40.357
PIRAINETO,CASTELVETRANO,88.169
PIRAINETO,CINISI TERRASINI,6.304
PIRAINETO,MARAUSA,148.846
PIRAINETO,MARSALA,131.875
PIRAINETO,MAZARA DEL VALLO,110.845
PIRAINETO,PALERMO CENTRALE,31.677
PIRAINETO,PARTINICO,20.11
PIRAINETO,PETROSINO STRASATTI,122.219
PIRAINETO,SALEMI GIBELLINA,72.146
PIRAINETO,TRAPANI,162.532
PISA BINARI FM CAMPALDO,S GIUSEPPE CAIRO,220.824
PISA CENTRALE,ALESSANDRIA,230.108
PISA CENTRALE,ALTOPASCIO,37.05
PISA CENTRALE,ANCONA,333.209
PISA CENTRALE,AREZZO,144.457
PISA CENTRALE,AULLA LUNIGIANA,77.517
PISA CENTRALE,BAGNI LUCCA,46.384
PISA CENTRALE,BERGAMO,298.149
PISA CENTRALE,BIVIO/PC ARCOLA,64.843
PISA CENTRALE,BOLGHERI,58.69
PISA CENTRALE,BORGO A BUGGIANO,49.839
PISA CENTRALE,BORGO VAL TARO,115.458
PISA CENTRALE,BRESCIA,261.887
PISA CENTRALE,CAMPIGLIA MARITTIMA,85.656
PISA CENTRALE,CAPALBIO,194.763
PISA CENTRALE,CASCINA,12.532
PISA CENTRALE,CASTELNUOVO GARFAGNANA,68.003
PISA CENTRALE,CECINA,50.816
PISA CENTRALE,CIVITAVECCHIA,251.73
PISA CENTRALE,CREMONA,211.691
PISA CENTRALE,DIECIMO PESCAGLIA,39.496
PISA CENTRALE,EMPOLI,47.061
PISA CENTRALE,EQUI TERME,93.16
PISA CENTRALE,FIDENZA,177.798
PISA CENTRALE,FILATTIERA,90.921
PISA CENTRALE,FIRENZE CAMPO MARTE,79.684
PISA CENTRALE,FIRENZE CASTELLO,74.586
PISA CENTRALE,FIRENZE RIFREDI,74.844
PISA CENTRALE,FIRENZE S MARIA NOVELLA,77.611
PISA CENTRALE,FOLLONICA,102.858
PISA CENTRALE,FORNACI BARGA,55.01
PISA CENTRALE,FORNOVO,153.087
PISA CENTRALE,FORTE DEI MARMI SERAVEZZA QUERCETA,35.221
PISA CENTRALE,GAVORRANO,117.749
PISA CENTRALE,GENOVA BRIGNOLE,158.626
PISA CENTRALE,GENOVA PIAZZA PRINCIPE,161.265
PISA CENTRALE,GRAGNOLA,91.328
PISA CENTRALE,GROSSETO,144.764
PISA CENTRALE,LA SPEZIA CENTRALE,74.584
PISA CENTRALE,LA SPEZIA MIGLIARINA,71.783
PISA CENTRALE,LADISPOLI CERVETERI,282.111
PISA CENTRALE,LIVORNO CENTRALE,18.939
PISA CENTRALE,LUCCA,23.079
PISA CENTRALE,MACCARESE FREGENE,298.233
PISA CENTRALE,MASSA CENTRO,42.393
PISA CENTRALE,MASSA ZONA INDUSTRIALE,45.561
PISA CENTRALE,MILANO CENTRALE,280.424
PISA CENTRALE,MILANO LAMBRATE,276.626
PISA CENTRALE,MILANO PORTA GARIBALDI,282.314
PISA CENTRALE,MILANO ROGOREDO,270.838
PISA CENTRALE,MINUCCIANO PIEVE CASOLA,88.796
PISA CENTRALE,MONTALTO CASTRO,216.467
PISA CENTRALE,MONTECATINI CENTRO,53.132
PISA CENTRALE,MONTECATINI TERME MONSUMMANO,53.959
PISA CENTRALE,MONTEPESCALI,132.998
PISA CENTRALE,NAPOLI CENTRALE,537.477
PISA CENTRALE,NAVACCHIO,7.645
PISA CENTRALE,ORBETELLO MONTE ARGENTARIO,182.485
PISA CENTRALE,PALAZZOLO SULL OGLIO,289.024
PISA CENTRALE,PESCIA,46.186
PISA CENTRALE,PIAZZA AL SERCHIO,80.462
PISA CENTRALE,PIETRASANTA,31.768
PISA CENTRALE,PIOMBINO,98.437
PISA CENTRALE,PIOMBINO MARITTIMA,99.665
PISA CENTRALE,PISA/BINARI PISA S ROSSORE,2.255
PISA CENTRALE,PISTOIA,66.934
PISA CENTRALE,POGGIO CAREGGINE VAGLI,74.35
PISA CENTRALE,PONTEDERA CASCIANA TERME,19.422
PISA CENTRALE,PONTREMOLI,97.528
PISA CENTRALE,PORCARI,32.197
PISA CENTRALE,PRATO CENTRALE,83.988
PISA CENTRALE,RIGOLI,11.381
PISA CENTRALE,ROMA AURELIA,312.262
PISA CENTRALE,ROMA OSTIENSE,322.599
PISA CENTRALE,ROMA S PIETRO,317.761
PISA CENTRALE,ROMA TERMINI,329.291
PISA CENTRALE,ROMA TIBURTINA,329.966
PISA CENTRALE,ROMA TUSCOLANA,326.209
PISA CENTRALE,ROSIGNANO,41.983
PISA CENTRALE,S GIULIANO TERME,8.266
PISA CENTRALE,S PIETRO A VICO,28.312
PISA CENTRALE,S ROMANO MONTOPOLI S CROCE,31.528
PISA CENTRALE,S STEFANO MAGRA,68.483
PISA CENTRALE,S VINCENZO,75.055
PISA CENTRALE,SARZANA,59.617
PISA CENTRALE,SERIATE,302.308
PISA CENTRALE,TARQUINIA,231.833
PISA CENTRALE,TORINO PORTA SUSA,321.715
PISA CENTRALE,TORRE DEL LAGO PUCCINI,16.136
PISA CENTRALE,VADA,44.889
PISA CENTRALE,VENEZIA S LUCIA,319.891
PISA CENTRALE,VEROLANUOVA,234.629
PISA CENTRALE,VEZZANO LIGURE,67.018
PISA CENTRALE,VIAREGGIO,22.212
PISA CENTRALE,VOLTERRA SALINE POMARANCE,80.3
PISA/BINARI PISA S ROSSORE,FIRENZE S MARIA NOVELLA,79.866
PISA/BINARI PISA S ROSSORE,LA SPEZIA CENTRALE,72.329
PISA/BINARI PISA S ROSSORE,LUCCA,20.824
PISA/BINARI PISA S ROSSORE,PISA CENTRALE,2.255
PISCINA PINEROLO,CHIVASSO,54.19
PISCINA PINEROLO,TORINO LINGOTTO,25.008
PISCIOTTA PALINURO,BATTIPAGLIA,69.419
PISCIOTTA PALINURO,MILANO CENTRALE,908.244
PISCIOTTA PALINURO,NAPOLI CENTRALE,140.408
PISCIOTTA PALINURO,SALERNO,89.122
PISOGNE,ISEO,21.664
PISOGNE,PILZONE,18.492
PISTOIA,ALTOPASCIO,29.884
PISTOIA,ANCONA,289.038
PISTOIA,AREZZO,100.286
PISTOIA,COMPIOBBI,43.536
PISTOIA,CORBEZZI,17.504
PISTOIA,FABRIANO,271.732
PISTOIA,FIGLINE VALDARNO,61.202
PISTOIA,FIRENZE CAMPO MARTE,35.513
PISTOIA,FIRENZE CASTELLO,28.068
PISTOIA,FIRENZE RIFREDI,30.673
PISTOIA,FIRENZE S MARIA NOVELLA,33.44
PISTOIA,FIRENZE STATUTO,32.699
PISTOIA,INCISA,63.184
PISTOIA,LIVORNO CENTRALE,84.876
PISTOIA,LUCCA,43.855
PISTOIA,MONTECATINI TERME MONSUMMANO,12.975
PISTOIA,MONTEVARCHI TERRANUOVA,74.164
PISTOIA,PESCIA,20.748
PISTOIA,PISA CENTRALE,66.934
PISTOIA,PITECCIO,11.523
PISTOIA,PONTASSIEVE,51.146
PISTOIA,PORRETTA TERME,39.794
PISTOIA,PRACCHIA,25.023
PISTOIA,PRATO CENTRALE,17.054
PISTOIA,S GIOVANNI VALDARNO,68.736
PISTOIA,SESTO FIORENTINO,25.448
PISTOIA,VALDIBRANA,5.228
PISTOIA,VIAREGGIO,66.865
PITECCIO,PISTOIA,11.523
PITECCIO,PORRETTA TERME,28.271
PIZZIGHETTONE,BOZZOLO,56.082
PIZZIGHETTONE,CREMONA,19.617
PIZZIGHETTONE,MANTOVA,81.844
PIZZO,REGGIO CALABRIA CENTRALE,115.752
PLOAGHE,CAGLIARI,223.476
PLOAGHE,OZIERI CHILIVANI,19.541
PLOAGHE,SASSARI,27.047
PM ALBATE,VARESE,63.793
PM BIVIO ADDA,GALLARATE,69.425
PM ECCELLENTE,REGGIO CALABRIA CENTRALE,105.799
PM MONTALTO ROSE,COSENZA,10.118
PM PIACENZA OVEST,BOLOGNA CENTRALE,151.372
PM ROVEZZANO,CHIUSI CHIANCIANO TERME,111.01
PM S LEONARDO CUTRO,LAMEZIA TERME CENTRALE,77.823
PM STRONCONE,ROMA TIBURTINA,111.025
PM TAVERNELLE EMILIA,VENEZIA MESTRE,155.286
PM TAVERNELLE EMILIA,VERONA PORTA NUOVA,102.898
PM/PDE S PELLEGRINO,FIRENZE RIFREDI,41.067
PM/PDE S PELLEGRINO,FIRENZE S MARIA NOVELLA,43.834
POGGIBONSI S GIMIGNANO,EMPOLI,37.869
POGGIBONSI S GIMIGNANO,FIRENZE S MARIA NOVELLA,68.419
POGGIBONSI S GIMIGNANO,PONTE A ELSA,33.16
POGGIBONSI S GIMIGNANO,SIENA,25.141
POGGIO MIRTETO,FARA SABINA MONTELIBRETTI,11.391
POGGIO MIRTETO,FIUMICINO AEROPORTO,75.938
POGGIO MIRTETO,MONTEROTONDO MENTANA,22.939
POGGIO MIRTETO,PONTE GALERIA,66.752
POGGIO MIRTETO,ROMA OSTIENSE,51.224
POGGIO MIRTETO,ROMA TIBURTINA,43.857
POGGIO MIRTETO,ROMA TUSCOLANA,47.614
POGGIO RENATICO,BOLOGNA CENTRALE,33.879
POGGIO RENATICO,FERRARA,12.951
POGGIO RUSCO,BOLOGNA CENTRALE,59.43
POGGIO RUSCO,BRENNERO,285.982
POGGIO RUSCO,CREVALCORE,29.849
POGGIO RUSCO,FERRARA,47.225
POGGIO RUSCO,PESARO,203.065
POGGIO RUSCO,PM TAVERNELLE EMILIA,47.489
POGGIO RUSCO,RIMINI,169.685
POGGIO RUSCO,S FELICE SUL PANARO,16.926
POGGIO RUSCO,S GIOVANNI IN PERSICETO,38.795
POGGIO RUSCO,SERMIDE,14.654
POGGIO RUSCO,SUZZARA,34.175
POGGIO RUSCO,VERONA PORTA NUOVA,55.409
POLESELLA,VENEZIA S LUCIA,94.259
POLICORO TURSI,REGGIO CALABRIA CENTRALE,307.18
POLIGNANO A MARE,BARI CENTRALE,32.959
POLIGNANO A MARE,BARLETTA,87.656
POMEZIA S PALOMBA,BATTIPAGLIA,258.811
POMEZIA S PALOMBA,LATINA,37.068
POMEZIA S PALOMBA,NAPOLI CENTRALE,189.954
POMEZIA S PALOMBA,NETTUNO,35.17
POMEZIA S PALOMBA,ROMA TERMINI,23.95
POMPEI,FIRENZE CAMPO MARTE,489.308
POMPEI,FIRENZE S MARIA NOVELLA,493.273
POMPEI,NAPOLI CAMPI FLEGREI,33.808
POMPEI,ROMA TERMINI,236.851
PONTASSIEVE,AREZZO,63.701
PONTASSIEVE,BORGO S LORENZO,32.683
PONTASSIEVE,CANCELLO,459.974
PONTASSIEVE,CHIUSI CHIANCIANO TERME,113.705
PONTASSIEVE,CONTEA LONDA,14.645
PONTASSIEVE,DICOMANO,18.092
PONTASSIEVE,FIRENZE CAMPO MARTE,15.633
PONTASSIEVE,FIRENZE RIFREDI,20.473
PONTASSIEVE,FIRENZE S MARIA NOVELLA,19.598
PONTASSIEVE,FIRENZE STATUTO,18.447
PONTASSIEVE,FOLIGNO,177.215
PONTASSIEVE,MILANO CERTOSA,327.538
PONTASSIEVE,MONTECATINI TERME MONSUMMANO,64.121
PONTASSIEVE,MONTEVARCHI TERRANUOVA,33.063
PONTASSIEVE,NOLA INTERPORTO,465.938
PONTASSIEVE,PISTOIA,51.146
PONTASSIEVE,PRATO CENTRALE,34.092
PONTASSIEVE,ROMA OSTIENSE,258.7
PONTASSIEVE,ROMA TIBURTINA,251.333
PONTASSIEVE,RUFINA,7.508
PONTASSIEVE,VERNIO MONTEPIANO CANTAGALLO,54.598
PONTASSIEVE,VICCHIO,25.637
PONTE A ELSA,SIENA,58.301
PONTE CASALDUNI,CASERTA,49.757
PONTE CASALDUNI,NAPOLI CENTRALE,83.898
PONTE D ADIGE,BOLZANO,6.757
PONTE D ADIGE,MERANO,26.204
PONTE D ADIGE,TERLANO ANDRIANO,6.838
PONTE GALERIA,FARA SABINA MONTELIBRETTI,55.361
PONTE GALERIA,FIUMICINO AEROPORTO,9.186
PONTE GALERIA,LADISPOLI CERVETERI,28.077
PONTE GALERIA,MACCARESE FREGENE,11.955
PONTE GALERIA,MONTEROTONDO MENTANA,43.813
PONTE GALERIA,NAPOLI CENTRALE,230.406
PONTE GALERIA,ORTE,99.791
PONTE GALERIA,POGGIO MIRTETO,66.752
PONTE GALERIA,ROMA OSTIENSE,15.528
PONTE GALERIA,ROMA TERMINI,22.22
PONTE GALERIA,ROMA TIBURTINA,22.895
PONTE GARDENA LAION,BOLZANO,22.513
PONTE GARDENA LAION,BRENNERO,66.279
PONTE IN VALTELLINA,LECCO,87.86
PONTE IN VALTELLINA,MILANO CENTRALE,136.596
PONTE IN VALTELLINA,SONDRIO,8.416
PONTE NELLE ALPI POLPET,BELLUNO,7.622
PONTE NELLE ALPI POLPET,CALALZO PIEVE CADORE CORTINA,36.238
PONTE NELLE ALPI POLPET,CONEGLIANO,39.947
PONTE NELLE ALPI POLPET,TREVISO CENTRALE,66.9
PONTE NELLE ALPI POLPET,VENEZIA S LUCIA,96.242
PONTE PIAVE,PORTOGRUARO CAORLE,33.819
PONTE S PIETRO,ARCORE,23.165
PONTE S PIETRO,BERGAMO,7.742
PONTE S PIETRO,CALOLZIOCORTE OLGINATE,18.304
PONTE S PIETRO,CALUSCO,9.184
PONTE S PIETRO,CARNATE USMATE,17.92
PONTE S PIETRO,CISANO CAPRINO BERGAMASCO,10.214
PONTE S PIETRO,LECCO,25.191
PONTE S PIETRO,LECCO MAGGIANICO,21.971
PONTE S PIETRO,MILANO CENTRALE,41.665
PONTE S PIETRO,MILANO CERTOSA,45.322
PONTE S PIETRO,MILANO GRECO PIRELLI,38.314
PONTE S PIETRO,MILANO LAMBRATE,42.194
PONTE S PIETRO,MILANO PORTA GARIBALDI,42.298
PONTE S PIETRO,MONZA,29.723
PONTE S PIETRO,PADERNO ROBBIATE,11.846
PONTE S PIETRO,SESTO S GIOVANNI,34.603
PONTE S PIETRO,TERNO,4.057
PONTEBBA,LA SPEZIA CENTRALE,497.569
PONTEBBA,TRIESTE CENTRALE,134.584
PONTEBBA,UDINE,62.576
PONTECAGNANO,CASERTA,71.234
PONTECAGNANO,NAPOLI CENTRALE,60.902
PONTECAGNANO,ROMA TERMINI,269.403
PONTECAGNANO,SALERNO,9.616
PONTEDERA CASCIANA TERME,CAMPIGLIA MARITTIMA,105.078
PONTEDERA CASCIANA TERME,CASCINA,6.89
PONTEDERA CASCIANA TERME,EMPOLI,27.639
PONTEDERA CASCIANA TERME,FIRENZE RIFREDI,55.422
PONTEDERA CASCIANA TERME,FIRENZE S MARIA NOVELLA,58.189
PONTEDERA CASCIANA TERME,FOLLONICA,122.28
PONTEDERA CASCIANA TERME,GROSSETO,164.186
PONTEDERA CASCIANA TERME,LA SPEZIA CENTRALE,94.006
PONTEDERA CASCIANA TERME,LIVORNO CENTRALE,38.361
PONTEDERA CASCIANA TERME,LUCCA,42.501
PONTEDERA CASCIANA TERME,MASSA CENTRO,61.815
PONTEDERA CASCIANA TERME,NAVACCHIO,11.777
PONTEDERA CASCIANA TERME,ORBETELLO MONTE ARGENTARIO,201.907
PONTEDERA CASCIANA TERME,PIOMBINO MARITTIMA,119.087
PONTEDERA CASCIANA TERME,PISA CENTRALE,19.422
PONTEDERA CASCIANA TERME,SARZANA,79.039
PONTEDERA CASCIANA TERME,VIAREGGIO,41.634
PONTICINO,FIRENZE S MARIA NOVELLA,60.512
PONTICINO,FOLIGNO,132.982
PONTICINO,PRATO CENTRALE,75.006
PONTREMOLI,AULLA LUNIGIANA,20.011
PONTREMOLI,BORGO VAL TARO,17.93
PONTREMOLI,COLLECCHIO,66.807
PONTREMOLI,EMPOLI,144.589
PONTREMOLI,FILATTIERA,6.607
PONTREMOLI,FIRENZE RIFREDI,172.372
PONTREMOLI,FIRENZE S MARIA NOVELLA,175.139
PONTREMOLI,FORNOVO,55.559
PONTREMOLI,FORTE DEI MARMI SERAVEZZA QUERCETA,62.307
PONTREMOLI,GENOVA BRIGNOLE,124.895
PONTREMOLI,LA SPEZIA CENTRALE,40.853
PONTREMOLI,LA SPEZIA MIGLIARINA,38.052
PONTREMOLI,LIVORNO CENTRALE,115.47
PONTREMOLI,MASSA CENTRO,55.135
PONTREMOLI,MILANO CENTRALE,182.896
PONTREMOLI,MILANO PORTA GARIBALDI,184.786
PONTREMOLI,OSTIA PARMENSE,25.082
PONTREMOLI,PARMA,78.578
PONTREMOLI,PISA CENTRALE,97.528
PONTREMOLI,PONTEDERA CASCIANA TERME,116.95
PONTREMOLI,S ROMANO MONTOPOLI S CROCE,129.056
PONTREMOLI,S STEFANO MAGRA,29.045
PONTREMOLI,SARZANA,37.911
PONTREMOLI,SIGNA,162.45
PONTREMOLI,VEZZANO LIGURE,33.287
PONTREMOLI,VIAREGGIO,75.316
PONTREMOLI,VICOFERTILE,71.274
PONTREMOLI,VILLAFRANCA BAGNONE,11.037
POPOLI VITTORITO,AVEZZANO,80.081
POPOLI VITTORITO,PESCARA,53.109
POPOLI VITTORITO,SULMONA,15.224
POPOLI VITTORITO,TERAMO,115.8
PORCARI,FIRENZE S MARIA NOVELLA,68.177
PORCARI,MONTECATINI TERME MONSUMMANO,21.762
PORCARI,PISTOIA,34.737
PORCARI,VIAREGGIO,32.128
PORDENONE,GEMONA DEL FRIULI,76.972
PORDENONE,GORIZIA CENTRALE,81.635
PORDENONE,MANIAGO,45.056
PORDENONE,MILANO CENTRALE,314.84
PORDENONE,MONFALCONE,93.525
PORDENONE,OSOPPO,81.745
PORDENONE,PALMANOVA,66.716
PORDENONE,TREVISO CENTRALE,56.892
PORDENONE,TRIESTE CENTRALE,120.781
PORDENONE,UDINE,48.773
PORDENONE,VENEZIA MESTRE,77.8
PORDENONE,VENEZIA S LUCIA,86.234
PORRETTA TERME,BOLOGNA CENTRALE,58.467
PORRETTA TERME,BOLOGNA S RUFFILLO,64.841
PORRETTA TERME,CASALECCHIO GARIBALDI,49.739
PORRETTA TERME,CORBEZZI,22.29
PORRETTA TERME,FIRENZE S MARIA NOVELLA,73.234
PORRETTA TERME,MARZABOTTO,31.922
PORRETTA TERME,PIANORO,74.629
PORRETTA TERME,PIOPPE SALVARO,25.704
PORRETTA TERME,PISTOIA,39.794
PORRETTA TERME,PISTOIA OVEST,38.037
PORRETTA TERME,PITECCIO,28.271
PORRETTA TERME,PRACCHIA,14.771
PORRETTA TERME,RIOLA,11.665
PORRETTA TERME,SASSO MARCONI,39.446
PORRETTA TERME,VERGATO,20.065
PORTICI ERCOLANO,NAPOLI CENTRALE,8.078
PORTICI ERCOLANO,NAPOLI S GIOVANNI BARRA,3.372
PORTICI ERCOLANO,ROMA OSTIENSE,220.824
PORTO CERESIO,ALBIZZATE SOLBIATE ARNO,25.18
PORTO CERESIO,BUSTO ARSIZIO,39.909
PORTO CERESIO,CAVARIA OGGIONA IERAGO,28.061
PORTO CERESIO,GALLARATE,32.808
PORTO CERESIO,GAZZADA SCHIANNO MORAZZONE,18.668
PORTO CERESIO,MILANO CENTRALE,75.268
PORTO CERESIO,MILANO CERTOSA,66.742
PORTO CERESIO,MILANO PORTA GARIBALDI,71.491
PORTO CERESIO,PARABIAGO,49.904
PORTO CERESIO,RHO,58.919
PORTO CERESIO,VARESE,14.24
PORTO D ASCOLI,ANCONA,89.277
PORTO D ASCOLI,ASCOLI PICENO,27.798
PORTO D ASCOLI,S BENEDETTO DEL TRONTO,4.784
PORTO EMPEDOCLE,PALERMO CENTRALE,142.418
PORTO EMPEDOCLE SUCCURSALE,PALERMO CENTRALE,143.159
PORTO S GIORGIO FERMO,ANCONA,58.299
PORTO S GIORGIO FERMO,ASCOLI PICENO,58.776
PORTO TORRES,SASSARI,18.763
PORTO TORRES MARITTIMA,CAGLIARI,269.865
PORTO TORRES MARITTIMA,DECIMOMANNU,253.624
PORTO TORRES MARITTIMA,MACOMER,117.128
PORTO TORRES MARITTIMA,OLBIA,136.436
PORTO TORRES MARITTIMA,ORISTANO,176.835
PORTO TORRES MARITTIMA,OZIERI CHILIVANI,65.93
PORTO TORRES MARITTIMA,S GAVINO,220.244
PORTO TORRES MARITTIMA,SASSARI,19.342
PORTO TORRES MARITTIMA,VILLASOR,244.379
PORTO VALTRAVAGLIA,GALLARATE,38.959
PORTO VALTRAVAGLIA,MILANO PORTA GARIBALDI,77.642
PORTO VASTO,PESCARA,55.003
PORTOGRUARO CAORLE,BIVIO D AURISINA,71.121
PORTOGRUARO CAORLE,CASARSA,21.116
PORTOGRUARO CAORLE,CERVIGNANO AQUILEIA GRADO,41.996
PORTOGRUARO CAORLE,CORDOVADO SESTO,8.672
PORTOGRUARO CAORLE,LATISANA LIGNANO BIBIONE,13.947
PORTOGRUARO CAORLE,MILANO CENTRALE,310.412
PORTOGRUARO CAORLE,MONFALCONE,58.404
PORTOGRUARO CAORLE,MOTTA LIVENZA,17.734
PORTOGRUARO CAORLE,ODERZO,26.994
PORTOGRUARO CAORLE,PALMANOVA,49.867
PORTOGRUARO CAORLE,PONTE PIAVE,33.819
PORTOGRUARO CAORLE,PRAMAGGIORE,9.078
PORTOGRUARO CAORLE,QUARTO D ALTINO,43.56
PORTOGRUARO CAORLE,S BIAGIO CALLALTA,41.463
PORTOGRUARO CAORLE,S DONA PIAVE JESOLO,26.556
PORTOGRUARO CAORLE,S GIORGIO NOGARO,31.62
PORTOGRUARO CAORLE,S STINO LIVENZA,13.387
PORTOGRUARO CAORLE,S VITO AL TAGLIAMENTO,15.991
PORTOGRUARO CAORLE,TREVISO CENTRALE,52.464
PORTOGRUARO CAORLE,TRIESTE CENTRALE,85.66
PORTOGRUARO CAORLE,VENEZIA MESTRE,73.372
PORTOGRUARO CAORLE,VENEZIA S LUCIA,81.806
PORTOMAGGIORE,BOLOGNA CENTRALE,70.243
PORTOMAGGIORE,BOLOGNA ROVERI,41.758
PORTOMAGGIORE,BOLOGNA S VITALE,72.916
PORTOMAGGIORE,BUDRIO,30.988
PORTOMAGGIORE,CASTENASO,36.708
PORTOMAGGIORE,FERRARA,23.413
PORTOMAGGIORE,MEZZOLARA,23.924
PORTOMAGGIORE,MOLINELLA,14.71
PORTOMAGGIORE,RAVENNA,49.207
PORTOMAGGIORE,RIMINI,99.047
PORTOMAGGIORE,SUZZARA,104.813
POSTIOMA,BELLUNO,75.003
POSTIOMA,MONTEBELLUNA,9.974
POSTIOMA,TREVISO CENTRALE,10.09
POTENZA CENTRALE,AVIGLIANO LUCANIA,14.009
POTENZA CENTRALE,BARAGIANO RUOTI,29.06
POTENZA CENTRALE,BARI CENTRALE,236.428
POTENZA CENTRALE,BATTIPAGLIA,91.265
POTENZA CENTRALE,BELLA MURO,31.458
POTENZA CENTRALE,BUCCINO S GREGORIO MAGNO,52.833
POTENZA CENTRALE,CASTEL LAGOPESOLE,23.86
POTENZA CENTRALE,CONTURSI TERME,66.756
POTENZA CENTRALE,EBOLI,85.026
POTENZA CENTRALE,FERRANDINA SCALO MATERA,69.607
POTENZA CENTRALE,FOGGIA,118.329
POTENZA CENTRALE,FORENZA,35.285
POTENZA CENTRALE,FORMIA GAETA,245.603
POTENZA CENTRALE,MELFI,52.872
POTENZA CENTRALE,METAPONTO,107.108
POTENZA CENTRALE,NAPOLI CENTRALE,162.254
POTENZA CENTRALE,PICERNO,17.077
POTENZA CENTRALE,PONTECAGNANO,101.352
POTENZA CENTRALE,POTENZA SUPERIORE,3.809
POTENZA CENTRALE,RIONERO ATELLA RIPACANDIDA,43.611
POTENZA CENTRALE,ROMA TERMINI,370.755
POTENZA CENTRALE,ROMAGNANO VIETRI SALVITELLE,45.603
POTENZA CENTRALE,SALERNO,110.968
POTENZA CENTRALE,SAPRI,196.054
POTENZA CENTRALE,SICIGNANO DEGLI ALBURNI,60.455
POTENZA CENTRALE,TARANTO,150.325
POTENZA CENTRALE,TITO,10.286
POTENZA CENTRALE,TORINO PORTA NUOVA,975.915
POTENZA CENTRALE,TRIVIGNO,22.019
POTENZA SUPERIORE,POTENZA CENTRALE,3.809
POZZALLO,SIRACUSA,61.758
POZZOLO FORMIGARO,VOGHERA,30.292
POZZUOLI SOLFATARA,BAGNOLI AGNANO TERME,3.644
POZZUOLI SOLFATARA,CASERTA,48.239
POZZUOLI SOLFATARA,CAVALLEGGERI AOSTA,5.476
POZZUOLI SOLFATARA,NAPOLI CAMPI FLEGREI,6.109
POZZUOLI SOLFATARA,NAPOLI GIANTURCO,15.963
POZZUOLI SOLFATARA,NAPOLI MERGELLINA,8.553
POZZUOLI SOLFATARA,NAPOLI MONTESANTO,11.711
POZZUOLI SOLFATARA,NAPOLI PIAZZA GARIBALDI,14.632
POZZUOLI SOLFATARA,NAPOLI PIAZZA LEOPARDI,6.559
POZZUOLI SOLFATARA,NAPOLI S GIOVANNI BARRA,19.544
POZZUOLI SOLFATARA,S MARIA LA BRUNA,31.564
POZZUOLI SOLFATARA,VILLA LITERNO,20.991
PRACCHIA,PISTOIA,25.023
PRACCHIA,PITECCIO,13.5
PRACCHIA,PORRETTA TERME,14.771
PRAJA AJETA TORTORA,LAMEZIA TERME CENTRALE,124.59
PRAJA AJETA TORTORA,PAOLA,67.72
PRAMAGGIORE,TREVISO CENTRALE,43.386
PRASCO CREMOLINO,GENOVA BORZOLI,43.426
PRASCO CREMOLINO,GENOVA BRIGNOLE,53.564
PRATO CENTRALE,AREZZO,83.232
PRATO CENTRALE,BOLOGNA CENTRALE,80.478
PRATO CENTRALE,BOLOGNA S RUFFILLO,74.104
PRATO CENTRALE,CHIUSI CHIANCIANO TERME,133.236
PRATO CENTRALE,COMPIOBBI,26.482
PRATO CENTRALE,FIGLINE VALDARNO,44.148
PRATO CENTRALE,FIRENZE CAMPO MARTE,18.459
PRATO CENTRALE,FIRENZE CASTELLO,11.014
PRATO CENTRALE,FIRENZE RIFREDI,13.619
PRATO CENTRALE,FIRENZE S MARIA NOVELLA,16.386
PRATO CENTRALE,FORMIA GAETA,399.339
PRATO CENTRALE,GRIZZANA,45.011
PRATO CENTRALE,INCISA,46.13
PRATO CENTRALE,LUCCA,60.909
PRATO CENTRALE,MONTECATINI TERME MONSUMMANO,30.029
PRATO CENTRALE,MONTEVARCHI TERRANUOVA,57.11
PRATO CENTRALE,MONZUNO VADO,55.157
PRATO CENTRALE,NAPOLI CENTRALE,484.82
PRATO CENTRALE,PESCIA,37.802
PRATO CENTRALE,PIANORO,64.316
PRATO CENTRALE,PISA CENTRALE,83.988
PRATO CENTRALE,PISTOIA,17.054
PRATO CENTRALE,PONTASSIEVE,34.092
PRATO CENTRALE,RIGNANO SULL ARNO REGGELLO,42.293
PRATO CENTRALE,ROMA TERMINI,275.369
PRATO CENTRALE,ROMA TIBURTINA,270.864
PRATO CENTRALE,S BENEDETTO SAMBRO CASTIGLIONE PEPOLI,39.902
PRATO CENTRALE,S GIOVANNI VALDARNO,51.682
PRATO CENTRALE,TARVISIO BOSCOVERDE,445.474
PRATO CENTRALE,TERNI,236.144
PRATO CENTRALE,TORRICOLA,283.111
PRATO CENTRALE,TRIESTE CENTRALE,389.143
PRATO CENTRALE,VAIANO,10.128
PRATO CENTRALE,VAIRANO CAIANELLO,437.189
PRATO CENTRALE,VERNIO MONTEPIANO CANTAGALLO,20.506
PRATO CENTRALE,VIAREGGIO,83.919
PRATOLA PELIGNA,L AQUILA,63.882
PRATOLA PELIGNA,PESCARA,62.758
PRATOLA PELIGNA,TERAMO,125.449
PREMOSELLO CHIOVENDA,ARONA,40.016
PREMOSELLO CHIOVENDA,GALLARATE,65.644
PREMOSELLO CHIOVENDA,MILANO CENTRALE,108.104
PREMOSELLO CHIOVENDA,MILANO PORTA GARIBALDI,104.327
PREMOSELLO CHIOVENDA,NOVARA,72.392
PRIMOLANO,BASSANO DEL GRAPPA,28.719
PRIMOLANO,CALDONAZZO,40.231
PRIMOLANO,PERGINE,49.541
PRIMOLANO,RONCEGNO BAGNI MARTER,28.023
PRIMOLANO,TRENTO,66.992
PRIOLO MELILLI,CATANIA CENTRALE,69.321
PRIOLO MELILLI,RAGUSA,124.876
PRIOLO MELILLI,SIRACUSA,13.633
PRIVERNO FOSSANOVA,FORMIA GAETA,43.032
PRIVERNO FOSSANOVA,NAPOLI CENTRALE,128.513
PRIVERNO FOSSANOVA,ROMA TERMINI,85.391
PRIVERNO FOSSANOVA,ROMA TIBURTINA,85.443
QUARTESANA,FERRARA,13.802
QUARTO D ALTINO,PORTOGRUARO CAORLE,43.56
QUARTO D ALTINO,TRIESTE CENTRALE,129.22
QUARTO D ALTINO,VENEZIA MESTRE,116.932
QUARTO D ALTINO,VENEZIA S LUCIA,125.366
QUATTRO VILLE,CARPI,10.325
QUATTRO VILLE,MANTOVA,55.942
QUATTRO VILLE,MODENA,5.1
QUISTELLO,FERRARA,59.262
QUISTELLO,RIMINI,181.722
RACCONIGI,CUNEO,51.101
RACCONIGI,TORINO STURA,46.003
RAGUSA,AVOLA,85.501
RAGUSA,MODICA,19.545
RAGUSA,NOTO,79.002
RAGUSA,RAGUSA IBLA,8.781
RAGUSA,SIRACUSA,111.243
RAIANO,L AQUILA,49.678
RAPOLANO TERME,EMPOLI,100.964
RAPOLANO TERME,SIENA,37.954
RAVENNA,ALFONSINE,17.742
RAVENNA,ARGENTA,39.502
RAVENNA,ARQUATA SCRIVIA,329.099
RAVENNA,BAGNACAVALLO,22.714
RAVENNA,BIVIO RIVANA,70.176
RAVENNA,BOLOGNA CENTRALE,82.516
RAVENNA,BUSALLA,344.836
RAVENNA,CASTEL S PIETRO TERME,59.437
RAVENNA,CASTELBOLOGNESE RIOLO TERME,40.639
RAVENNA,CATTOLICA S GIOVANNI GABICCE,68.119
RAVENNA,CERVIA MILANO MARITTIMA,21.19
RAVENNA,CESENATICO,28.609
RAVENNA,FABRIANO,195.661
RAVENNA,FAENZA,33.409
RAVENNA,FERRARA,72.62
RAVENNA,FIDENZA,194.921
RAVENNA,FIORENZUOLA,208.379
RAVENNA,FIRENZE S MARIA NOVELLA,134.073
RAVENNA,FOLIGNO,253.593
RAVENNA,GAIBANELLA,62.827
RAVENNA,GENOVA BOLZANETO,359.318
RAVENNA,GENOVA BRIGNOLE,367.525
RAVENNA,GENOVA PIAZZA PRINCIPE,364.886
RAVENNA,GENOVA SAMPIERDARENA,363.71
RAVENNA,GRANAROLO FAENTINO,24.494
RAVENNA,IGEA MARINA,39.22
RAVENNA,IMOLA,48.415
RAVENNA,LAVEZZOLA,31.996
RAVENNA,LIDO CLASSE LIDO SAVIO,13.581
RAVENNA,LUGO,27.125
RAVENNA,MILANO CENTRALE,297.218
RAVENNA,MONTESANTO,55.634
RAVENNA,PARMA,172.908
RAVENNA,PESARO,83.22
RAVENNA,PIACENZA,229.99
RAVENNA,PISTOIA,167.513
RAVENNA,PORTOMAGGIORE,49.207
RAVENNA,REGGIO EMILIA,144.602
RAVENNA,RIMINI,49.84
RAVENNA,RIMINI VISERBA,45.628
RAVENNA,ROMA TERMINI,388.264
RAVENNA,RONCO SCRIVIA,339.583
RAVENNA,RUSSI,16.357
RAVENNA,SOLAROLO,35.576
RAVENNA,STRADELLA,263.213
RAVENNA,SUZZARA,154.02
RAVENNA,VOGHERA,288.385
RECCO,GENOVA BRIGNOLE,17.48
RECCO,GENOVA NERVI,9.231
RECCO,GENOVA PRA,31.512
RECCO,GENOVA SAMPIERDARENA,23.188
RECCO,GENOVA SESTRI PONENTE AEROPORTO,26.684
RECCO,GENOVA VOLTRI,34.402
RECCO,LA SPEZIA CENTRALE,66.562
RECCO,MILANO CENTRALE,159.668
RECCO,ROMA OSTIENSE,463.745
RECCO,SARZANA,81.529
RECCO,SAVONA,62.437
RECCO,SESTRI LEVANTE,25.096
RECCO,VENTIMIGLIA,161.974
REDIPUGLIA,TRIESTE CENTRALE,34.223
REDIPUGLIA,UDINE,46.243
REDIPUGLIA,VENEZIA S LUCIA,141.701
REGGIO CALABRIA CENTRALE,AGROPOLI CASTELLABATE,344.504
REGGIO CALABRIA CENTRALE,ALESSANDRIA,1210.632
REGGIO CALABRIA CENTRALE,AMANTEA,151.839
REGGIO CALABRIA CENTRALE,ASTI,1244.928
REGGIO CALABRIA CENTRALE,AVERSA,462.268
REGGIO CALABRIA CENTRALE,BADOLATO,146.67
REGGIO CALABRIA CENTRALE,BAGNARA,31.806
REGGIO CALABRIA CENTRALE,BARI CENTRALE,465.677
REGGIO CALABRIA CENTRALE,BATTIPAGLIA,374.19
REGGIO CALABRIA CENTRALE,BIANCO,75.697
REGGIO CALABRIA CENTRALE,BOVALINO,83.103
REGGIO CALABRIA CENTRALE,BRANCALEONE,60.96
REGGIO CALABRIA CENTRALE,BRIATICO,103.998
REGGIO CALABRIA CENTRALE,BRINDISI,440.952
REGGIO CALABRIA CENTRALE,CALOPEZZATI,292.249
REGGIO CALABRIA CENTRALE,CAMPOLEONE,623.451
REGGIO CALABRIA CENTRALE,CARIATI,278.295
REGGIO CALABRIA CENTRALE,CASTELLANETA MARINA,346.442
REGGIO CALABRIA CENTRALE,CASTIGLIONE COSENTINO,195.529
REGGIO CALABRIA CENTRALE,CATANZARO LIDO,163.479
REGGIO CALABRIA CENTRALE,CISTERNA LATINA,607.171
REGGIO CALABRIA CENTRALE,CONDOFURI,38.197
REGGIO CALABRIA CENTRALE,CORIGLIANO CALABRO,264.252
REGGIO CALABRIA CENTRALE,COSENZA,199.864
REGGIO CALABRIA CENTRALE,CROTONE,223.233
REGGIO CALABRIA CENTRALE,FERRUZZANO,67.251
REGGIO CALABRIA CENTRALE,FIRENZE CAMPO MARTE,904.77
REGGIO CALABRIA CENTRALE,FIRENZE RIFREDI,909.61
REGGIO CALABRIA CENTRALE,FIRENZE S MARIA NOVELLA,908.735
REGGIO CALABRIA CENTRALE,FORMIA GAETA,528.528
REGGIO CALABRIA CENTRALE,GENOVA BRIGNOLE,1139.15
REGGIO CALABRIA CENTRALE,GIOIA TAURO,50.616
REGGIO CALABRIA CENTRALE,GIOIOSA JONICA,104.481
REGGIO CALABRIA CENTRALE,GROSSETO,835.76
REGGIO CALABRIA CENTRALE,LAMEZIA TERME CENTRALE,120.319
REGGIO CALABRIA CENTRALE,LATINA,595.933
REGGIO CALABRIA CENTRALE,LECCE,467.017
REGGIO CALABRIA CENTRALE,LOCRI,95.01
REGGIO CALABRIA CENTRALE,LONGOBARDI,160.448
REGGIO CALABRIA CENTRALE,MELITO PORTO SALVO,29.813
REGGIO CALABRIA CENTRALE,METAPONTO,328.566
REGGIO CALABRIA CENTRALE,MILANO CENTRALE,1213.015
REGGIO CALABRIA CENTRALE,MILANO PORTA GARIBALDI,1214.905
REGGIO CALABRIA CENTRALE,MILETO,73.398
REGGIO CALABRIA CENTRALE,MODENA,1035.253
REGGIO CALABRIA CENTRALE,MONASTERACE STILO,131.534
REGGIO CALABRIA CENTRALE,MONTEPAONE MONTAURO,164.9
REGGIO CALABRIA CENTRALE,MOTTA S GIOVANNI LAZZARO,16.581
REGGIO CALABRIA CENTRALE,NAPOLI CENTRALE,445.179
REGGIO CALABRIA CENTRALE,NICOTERA,68.952
REGGIO CALABRIA CENTRALE,NOCERA SUPERIORE,407.87
REGGIO CALABRIA CENTRALE,NOCERA TIRINESE,137.759
REGGIO CALABRIA CENTRALE,NOVARA,1260.129
REGGIO CALABRIA CENTRALE,PALAGIANO CHIATONA,355.397
REGGIO CALABRIA CENTRALE,PALIZZI,48.309
REGGIO CALABRIA CENTRALE,PALMI,42.245
REGGIO CALABRIA CENTRALE,PAOLA,177.189
REGGIO CALABRIA CENTRALE,PARGHELIA,93.097
REGGIO CALABRIA CENTRALE,PIEDIMONTE VILLA S LUCIA AQUINO,533.677
REGGIO CALABRIA CENTRALE,PIZZO,115.752
REGGIO CALABRIA CENTRALE,POLESELLA,1063.261
REGGIO CALABRIA CENTRALE,POLICORO TURSI,307.18
REGGIO CALABRIA CENTRALE,POMEZIA S PALOMBA,633.001
REGGIO CALABRIA CENTRALE,PRAJA AJETA TORTORA,244.909
REGGIO CALABRIA CENTRALE,PRATO CENTRALE,923.229
REGGIO CALABRIA CENTRALE,PRIVERNO FOSSANOVA,571.56
REGGIO CALABRIA CENTRALE,REGGIO CALABRIA GALLICO,7.84
REGGIO CALABRIA CENTRALE,REGGIO CALABRIA PELLARO,10.06
REGGIO CALABRIA CENTRALE,REGGIO CALABRIA S CATERINA,3.187
REGGIO CALABRIA CENTRALE,RIACE,124.75
REGGIO CALABRIA CENTRALE,RICADI CAPO VATICANO,82.566
REGGIO CALABRIA CENTRALE,ROCCA IMPERIALE,293.495
REGGIO CALABRIA CENTRALE,ROCCASECCA,541.672
REGGIO CALABRIA CENTRALE,ROCCELLA JONICA,111.599
REGGIO CALABRIA CENTRALE,ROMA OSTIENSE,657.925
REGGIO CALABRIA CENTRALE,ROMA TERMINI,653.68
REGGIO CALABRIA CENTRALE,ROMA TIBURTINA,652.365
REGGIO CALABRIA CENTRALE,ROMA TUSCOLANA,654.315
REGGIO CALABRIA CENTRALE,ROSARNO,60.501
REGGIO CALABRIA CENTRALE,S LUCIDO MARINA,171.922
REGGIO CALABRIA CENTRALE,SALERNO,393.893
REGGIO CALABRIA CENTRALE,SALINE REGGIO,23.009
REGGIO CALABRIA CENTRALE,SAPRI,269.401
REGGIO CALABRIA CENTRALE,SAVONA,1184.107
REGGIO CALABRIA CENTRALE,SCALEA S DOMENICA TALAO,234.021
REGGIO CALABRIA CENTRALE,SCILLA,22.712
REGGIO CALABRIA CENTRALE,SESTRI LEVANTE,1096.574
REGGIO CALABRIA CENTRALE,SIBARI,249.546
REGGIO CALABRIA CENTRALE,SIDERNO,100.339
REGGIO CALABRIA CENTRALE,SIMERI CRICHI,174.753
REGGIO CALABRIA CENTRALE,SOVERATO,159.34
REGGIO CALABRIA CENTRALE,TARANTO,371.783
REGGIO CALABRIA CENTRALE,TERONTOLA CORTONA,819.369
REGGIO CALABRIA CENTRALE,TORINO LINGOTTO,1296.389
REGGIO CALABRIA CENTRALE,TORINO PORTA NUOVA,1300.707
REGGIO CALABRIA CENTRALE,TORINO PORTA SUSA,1302.239
REGGIO CALABRIA CENTRALE,TORRICOLA,644.756
REGGIO CALABRIA CENTRALE,TREBISACCE,264.082
REGGIO CALABRIA CENTRALE,TROPEA,90.016
REGGIO CALABRIA CENTRALE,VENEZIA MESTRE,1149.086
REGGIO CALABRIA CENTRALE,VENEZIA S LUCIA,1157.52
REGGIO CALABRIA CENTRALE,VENTIMIGLIA,1283.644
REGGIO CALABRIA CENTRALE,VERCELLI,1269.328
REGGIO CALABRIA CENTRALE,VIBO MARINA,112.633
REGGIO CALABRIA CENTRALE,VIBO VALENTIA PIZZO,91.869
REGGIO CALABRIA CENTRALE,VILLA LITERNO,476.603
REGGIO CALABRIA CENTRALE,VILLA S GIOVANNI,14.088
REGGIO CALABRIA CENTRALE,VILLA S GIOVANNI CANNITELLO,17.152
REGGIO CALABRIA CENTRALE,ZAMBRONE,99.055
REGGIO CALABRIA GALLICO,LAMEZIA TERME CENTRALE,112.479
REGGIO CALABRIA GALLICO,MELITO PORTO SALVO,37.653
REGGIO CALABRIA GALLICO,REGGIO CALABRIA CENTRALE,7.84
REGGIO CALABRIA PELLARO,CATANZARO LIDO,167.49
REGGIO CALABRIA PELLARO,COSENZA,209.924
REGGIO CALABRIA PELLARO,MELITO PORTO SALVO,19.753
REGGIO CALABRIA PELLARO,PAOLA,187.249
REGGIO CALABRIA PELLARO,VILLA S GIOVANNI,24.148
REGGIO CALABRIA S GREGORIO,ROCCELLA JONICA,105.685
REGGIO EMILIA,ANCONA,266.127
REGGIO EMILIA,BAGNOLO IN PIANO,7.831
REGGIO EMILIA,BARCO,13.108
REGGIO EMILIA,BOLOGNA CENTRALE,62.086
REGGIO EMILIA,BOLOGNA FIERE,65.149
REGGIO EMILIA,CASALGRANDE,16.225
REGGIO EMILIA,CIANO D ENZA,26.031
REGGIO EMILIA,GUASTALLA,28.573
REGGIO EMILIA,MILANO CENTRALE,152.945
REGGIO EMILIA,MODENA,25.154
REGGIO EMILIA,NOVELLARA,18.032
REGGIO EMILIA,PESARO,206.553
REGGIO EMILIA,PESCARA,412.1
REGGIO EMILIA,PIACENZA,85.388
REGGIO EMILIA,REGGIO MEDIOPADANA,3.485
REGGIO EMILIA,REGGIO S CROCE,1.327
REGGIO EMILIA,REGGIO S STEFANO,2.038
REGGIO EMILIA,RIMINI,173.173
REGGIO EMILIA,ROMA TERMINI,412.547
REGGIO EMILIA,S BENEDETTO DEL TRONTO,350.62
REGGIO EMILIA,SALERNO,666.514
REGGIO EMILIA,SASSUOLO RADICI,22.494
REGGIO EMILIA,SCANDIANO,12.463
REGGIO EMILIA,TORINO PORTA NUOVA,271.976
REGGIO EMILIA AV MEDIOPADANA,FIRENZE CAMPO MARTE,157.032
REGGIO MEDIOPADANA,GUASTALLA,25.088
REGGIO S CROCE,GUASTALLA,27.246
REGGIO S CROCE,NOVELLARA,16.705
REGGIO S LAZZARO,BAGNOLO IN PIANO,9.893
REGGIO S LAZZARO,GUASTALLA,30.635
REGGIO S LAZZARO,NOVELLARA,20.094
REGGIO S LAZZARO,REGGIO EMILIA,2.624
REGGIO S LAZZARO,REGGIO MEDIOPADANA,5.547
REGGIO S LAZZARO,REGGIO S CROCE,3.389
REGGIO S STEFANO,CIANO D ENZA,23.993
REGGIO S STEFANO,REGGIO EMILIA,2.038
REMEDELLO SOPRA,BRESCIA,33.373
REZZATO,VENEZIA S LUCIA,173.763
REZZATO,VERONA PORTA NUOVA,56.064
RHO,ARONA,51.739
RHO,BOLOGNA CENTRALE,226.185
RHO,CAMNAGO LENTATE,39.39
RHO,CARIMATE,43.252
RHO,CASSANO D ADDA,40.141
RHO,COMO S GIOVANNI,58.107
RHO,CUCCIAGO,48.822
RHO,DOMODOSSOLA,107.297
RHO,FIRENZE CAMPO MARTE,319.728
RHO,FIRENZE S MARIA NOVELLA,317.655
RHO,GALLARATE,26.111
RHO,LA SPEZIA CENTRALE,235.232
RHO,MAGENTA,14.15
RHO,MILANO CENTRALE,16.349
RHO,MILANO CERTOSA,7.823
RHO,MILANO GRECO PIRELLI,14.831
RHO,MILANO PORTA GARIBALDI,12.572
RHO,MILANO PORTA VITTORIA,17.231
RHO,MILANO ROGOREDO,21.069
RHO,MODENA,189.582
RHO,MONZA,23.422
RHO,NOVARA,35.631
RHO,PIOLTELLO LIMITO,25.299
RHO,PORTO CERESIO,58.919
RHO,PREGNANA MILANESE,3.534
RHO,ROMA S PIETRO,584.338
RHO,SEREGNO,33.086
RHO,SESTO S GIOVANNI,18.542
RHO,TORTONA,90.734
RHO,TRECATE,26.107
RHO,TREVIGLIO,46.052
RHO,VARESE,44.679
RHO,VENTIMIGLIA,287.471
RHO FIERA,BOLOGNA CENTRALE,222.456
RHO FIERA,FIRENZE CAMPO MARTE,315.999
RHO FIERA,PARMA,132.393
RHO FIERA,ROMA TERMINI,572.909
RHO FIERA,VERONA PORTA NUOVA,156.66
RICADI CAPO VATICANO,LAMEZIA TERME CENTRALE,59.754
RICADI CAPO VATICANO,REGGIO CALABRIA CENTRALE,82.566
RICCIONE,FIRENZE CAMPO MARTE,171.46
RIETI,L AQUILA,62.349
RIETI,ORTE,68.405
RIETI,ROMA TERMINI,149.806
RIETI,ROMA TIBURTINA,145.301
RIETI,TERNI,40.879
RIGNANO SULL ARNO REGGELLO,PISTOIA,59.347
RIGOLI,AULLA LUNIGIANA,77.193
RIGOLI,FIRENZE S MARIA NOVELLA,88.992
RIGOLI,FORNACI BARGA,43.629
RIGOLI,LUCCA,11.698
RIGOLI,PISA CENTRALE,11.381
RIMINI,ANCONA,92.954
RIMINI,ARGENTA,89.342
RIMINI,ASTI,389.37
RIMINI,BAGNACAVALLO,72.554
RIMINI,BARI CENTRALE,535.026
RIMINI,BERGAMO,333.304
RIMINI,BOLOGNA CENTRALE,111.087
RIMINI,BOLZANO,366.875
RIMINI,BRENNERO,455.667
RIMINI,BRESCIA,284.577
RIMINI,BRISIGHELLA,74.994
RIMINI,CASALPUSTERLENGO,275.57
RIMINI,CASTEL S PIETRO TERME,88.008
RIMINI,CASTELBOLOGNESE RIOLO TERME,69.21
RIMINI,CASTELMAGGIORE,120.486
RIMINI,CASTELPLANIO CUPRAMONTANA,117.029
RIMINI,CATTOLICA S GIOVANNI GABICCE,18.279
RIMINI,CERVIA MILANO MARITTIMA,28.65
RIMINI,CESENA,28.418
RIMINI,CESENATICO,21.231
RIMINI,CODOGNO,270.697
RIMINI,DICOMANO,142.905
RIMINI,FABRIANO,145.821
RIMINI,FAENZA,61.98
RIMINI,FALCONARA MARITTIMA,84.257
RIMINI,FANO,45.843
RIMINI,FERRARA,122.46
RIMINI,FIDENZA,223.492
RIMINI,FIORENZUOLA,236.95
RIMINI,FIRENZE S MARIA NOVELLA,162.644
RIMINI,FOLIGNO,203.753
RIMINI,FORLI,46.269
RIMINI,GIULIANOVA,201.313
RIMINI,IGEA MARINA,10.62
RIMINI,IMOLA,76.986
RIMINI,LECCE,684.313
RIMINI,LIDO CLASSE LIDO SAVIO,36.259
RIMINI,LUGO,76.965
RIMINI,MAROTTA MONDOLFO,58.069
RIMINI,MILANO CENTRALE,325.789
RIMINI,MILANO LAMBRATE,321.991
RIMINI,MILANO PORTA GARIBALDI,327.679
RIMINI,MILANO ROGOREDO,316.203
RIMINI,MODENA,148.019
RIMINI,MONTEMARCIANO,79.52
RIMINI,MONTESANTO,105.474
RIMINI,PARMA,201.479
RIMINI,PESARO,33.38
RIMINI,PESCARA,238.927
RIMINI,PIACENZA,258.561
RIMINI,POGGIO RUSCO,169.685
RIMINI,PORTOMAGGIORE,99.047
RIMINI,RAVENNA,49.84
RIMINI,REGGIO EMILIA,173.173
RIMINI,RIMINI VISERBA,4.212
RIMINI,ROMA TERMINI,367.03
RIMINI,RUSSI,66.197
RIMINI,S BENEDETTO DEL TRONTO,177.447
RIMINI,S GIORGIO PIANO,128.307
RIMINI,S PIETRO IN CASALE,134.418
RIMINI,SANTARCANGELO ROMAGNA,9.769
RIMINI,SENIGALLIA,67.116
RIMINI,SOLAROLO,74.727
RIMINI,SUZZARA,190.132
RIMINI,TARANTO,635.043
RIMINI,TORINO PORTA NUOVA,445.149
RIMINI,TRENTO,311.436
RIMINI,VENEZIA S LUCIA,235.138
RIMINI,VERONA PORTA NUOVA,225.094
RIMINI,VILLA SELVA,41.532
RIMINI VISERBA,BOLOGNA CENTRALE,115.299
RIMINI VISERBA,RAVENNA,45.628
RIO PUSTERIA,BRUNICO,24.342
RIO PUSTERIA,S CANDIDO,56.409
RIOLA,BOLOGNA CENTRALE,46.802
RIOLA,BOLOGNA S RUFFILLO,53.176
RIOLA,PIANORO,62.964
RIONERO ATELLA RIPACANDIDA,POTENZA CENTRALE,43.611
ROBBIO,MILANO CENTRALE,69.609
ROBBIO,MORTARA,11.988
ROBBIO,PAVIA,49.392
ROBECCO PONTEVICO,BRESCIA,33.812
ROBECCO PONTEVICO,CREMONA,16.384
ROBILANTE,CUNEO,13.077
ROBILANTE,FOSSANO,38.216
ROCCA CORNO,TERNI,78.88
ROCCA D EVANDRO S VITTORE,CASERTA,60.866
ROCCA D EVANDRO S VITTORE,NAPOLI CENTRALE,84.803
ROCCA FONDI,TERNI,72.794
ROCCA RAVINDOLA,CANCELLO,85.31
ROCCA RAVINDOLA,CASERTA,73.523
ROCCA RAVINDOLA,COLLEFERRO SEGNI PALIANO,116.009
ROCCA RAVINDOLA,NAPOLI CENTRALE,106.808
ROCCA RAVINDOLA,ROMA TERMINI,167.352
ROCCA RAVINDOLA,ROMA TIBURTINA,166.037
ROCCA RAVINDOLA,VENAFRO,7.491
ROCCALUMERA MANDANICI,MESSINA CENTRALE,28.453
ROCCAPALUMBA ALIA,AGRIGENTO CENTRALE,66.87
ROCCAPALUMBA ALIA,BAGHERIA,55.968
ROCCAPALUMBA ALIA,CALTANISSETTA CENTRALE,62.907
ROCCAPALUMBA ALIA,CALTANISSETTA XIRBI,56.573
ROCCAPALUMBA ALIA,DITTAINO,103.333
ROCCAPALUMBA ALIA,LERCARA DIRAMAZIONE,7.564
ROCCAPALUMBA ALIA,MIMIANI S CATALDO,47.111
ROCCAPALUMBA ALIA,PALERMO CENTRALE,69.174
ROCCAPALUMBA ALIA,SIRACUSA,239.459
ROCCAPALUMBA ALIA,TERMINI IMERESE,32.759
ROCCAPALUMBA ALIA,VALLELUNGA,25.708
ROCCARASO,SULMONA,52.31
ROCCASECCA,AVEZZANO,79.455
ROCCASECCA,CASERTA,86.161
ROCCASECCA,CASSINO,16.989
ROCCASECCA,CIVITA D ANTINO MORINO,53.742
ROCCASECCA,FROSINONE,35.514
ROCCASECCA,ISERNIA,66.123
ROCCASECCA,ROMA TERMINI,118.748
ROCCASTRADA,EMPOLI,135.02
ROCCASTRADA,GROSSETO,28.632
ROCCASTRADA,SIENA,72.01
ROCCELLA JONICA,ARDORE,24.717
ROCCELLA JONICA,BADOLATO,35.071
ROCCELLA JONICA,BIANCO,35.902
ROCCELLA JONICA,BOVA MARINA,69.059
ROCCELLA JONICA,BOVALINO,28.496
ROCCELLA JONICA,BRANCALEONE,50.639
ROCCELLA JONICA,CAPO SPARTIVENTO,56.75
ROCCELLA JONICA,CATANZARO LIDO,65.951
ROCCELLA JONICA,CONDOFURI,73.402
ROCCELLA JONICA,FERRUZZANO,44.348
ROCCELLA JONICA,GIOIOSA JONICA,7.118
ROCCELLA JONICA,LAMEZIA TERME CENTRALE,109.111
ROCCELLA JONICA,LECCE,455.809
ROCCELLA JONICA,LOCRI,16.589
ROCCELLA JONICA,MELITO PORTO SALVO,81.786
ROCCELLA JONICA,MONASTERACE STILO,19.935
ROCCELLA JONICA,PALIZZI,63.29
ROCCELLA JONICA,REGGIO CALABRIA CENTRALE,111.599
ROCCELLA JONICA,REGGIO CALABRIA PELLARO,101.539
ROCCELLA JONICA,REGGIO CALABRIA S GREGORIO,105.685
ROCCELLA JONICA,S CATERINA DELLO JONIO,30.389
ROCCELLA JONICA,SIDERNO,11.26
ROCCELLA JONICA,SOVERATO,47.741
ROCCHETTA S ANTONIO LACEDONIA,FOGGIA,49.294
RODALLO,TORINO PORTA NUOVA,38.957
ROLO NOVI FABBRICO,MANTOVA,34.033
ROLO NOVI FABBRICO,MODENA,27.009
ROLO NOVI FABBRICO,SUZZARA,15.104
ROMA AURELIA,CIVITAVECCHIA,60.532
ROMA AURELIA,GROSSETO,167.498
ROMA AURELIA,LADISPOLI CERVETERI,30.151
ROMA AURELIA,MONTALTO CASTRO,95.795
ROMA AURELIA,PISA CENTRALE,312.262
ROMA AURELIA,ROMA TERMINI,17.029
ROMA AURELIA,ROMA TIBURTINA,17.704
ROMA AURELIA,ROMA TUSCOLANA,13.947
ROMA AURELIA,VENEZIA S LUCIA,522.859
ROMA CASILINA,CANCELLO,209.507
ROMA CASILINA,CASSINO,133.725
ROMA CASILINA,CIAMPINO,9.664
ROMA CASILINA,NAPOLI CENTRALE,209.647
ROMA CASILINA,ROMA TIBURTINA,4.309
ROMA OSTIENSE,ALBANO LAZIALE,29.388
ROMA OSTIENSE,ANCONA,294.332
ROMA OSTIENSE,ANGUILLARA,31.241
ROMA OSTIENSE,ASCIANO,203.167
ROMA OSTIENSE,BARI CENTRALE,484.659
ROMA OSTIENSE,BOLGHERI,263.909
ROMA OSTIENSE,BRACCIANO,44.439
ROMA OSTIENSE,CAMPIGLIA MARITTIMA,236.943
ROMA OSTIENSE,CAPRANICA SUTRI,63.354
ROMA OSTIENSE,CASERTA,204.221
ROMA OSTIENSE,CASSINO,138.956
ROMA OSTIENSE,CESANO ROMA,28.196
ROMA OSTIENSE,CIAMPINO,14.895
ROMA OSTIENSE,CIVITAVECCHIA,70.869
ROMA OSTIENSE,FARA SABINA MONTELIBRETTI,39.833
ROMA OSTIENSE,FIRENZE S MARIA NOVELLA,263.737
ROMA OSTIENSE,FIUMICINO AEROPORTO,24.714
ROMA OSTIENSE,FRASCATI,24.558
ROMA OSTIENSE,FROSINONE,86.453
ROMA OSTIENSE,GENOVA BRIGNOLE,481.225
ROMA OSTIENSE,GENOVA PIAZZA PRINCIPE,483.864
ROMA OSTIENSE,GROSSETO,177.835
ROMA OSTIENSE,LA STORTA,19.582
ROMA OSTIENSE,LADISPOLI CERVETERI,40.488
ROMA OSTIENSE,LATINA,61.992
ROMA OSTIENSE,LECCE,620.559
ROMA OSTIENSE,LIVORNO CENTRALE,305.476
ROMA OSTIENSE,MANZIANA CANALE MONTERANO,49.145
ROMA OSTIENSE,MARATEA,400.839
ROMA OSTIENSE,MESSINA CENTRALE,652.837
ROMA OSTIENSE,MILANO CENTRALE,568.017
ROMA OSTIENSE,MONTALTO CASTRO,106.132
ROMA OSTIENSE,MONTEROTONDO MENTANA,28.285
ROMA OSTIENSE,NAPOLI CENTRALE,214.878
ROMA OSTIENSE,NETTUNO,60.094
ROMA OSTIENSE,NIZZA MONFERRATO,562.234
ROMA OSTIENSE,ORIOLO,54.082
ROMA OSTIENSE,ORTE,84.263
ROMA OSTIENSE,ORVIETO,110.862
ROMA OSTIENSE,PAOLA,480.736
ROMA OSTIENSE,PISA CENTRALE,322.599
ROMA OSTIENSE,POGGIO MIRTETO,51.224
ROMA OSTIENSE,PONTE GALERIA,15.528
ROMA OSTIENSE,PORTICI ERCOLANO,220.824
ROMA OSTIENSE,REGGIO CALABRIA CENTRALE,657.925
ROMA OSTIENSE,ROMA AURELIA,10.337
ROMA OSTIENSE,ROMA S FILIPPO NERI,12.018
ROMA OSTIENSE,ROMA S PIETRO,4.838
ROMA OSTIENSE,ROMA TERMINI,6.692
ROMA OSTIENSE,ROMA TIBURTINA,7.367
ROMA OSTIENSE,ROMA TUSCOLANA,3.61
ROMA OSTIENSE,S ANGELO CINIGIANO,228.996
ROMA OSTIENSE,S MARGHERITA LIGURE PORTOFINO,456.949
ROMA OSTIENSE,S VINCENZO,247.544
ROMA OSTIENSE,SALERNO,264.032
ROMA OSTIENSE,SESTRI LEVANTE,438.649
ROMA OSTIENSE,SIENA,234.838
ROMA OSTIENSE,SIRACUSA,830.562
ROMA OSTIENSE,TORINO PORTA NUOVA,642.782
ROMA OSTIENSE,TORRE ANNUNZIATA CENTRALE,234.657
ROMA OSTIENSE,VENEZIA MESTRE,504.088
ROMA OSTIENSE,VENEZIA S LUCIA,512.522
ROMA OSTIENSE,VENTIMIGLIA,625.719
ROMA OSTIENSE,VERONA PORTA VESCOVO,470.425
ROMA OSTIENSE,VETRALLA,73.637
ROMA OSTIENSE,VIGNA CLARA PES,13.394
ROMA OSTIENSE,VITERBO PORTA FIORENTINA,88.307
ROMA OSTIENSE,VITERBO PORTA ROMANA,86.721
ROMA PRENESTINA,AVEZZANO,102.824
ROMA PRENESTINA,GUIDONIA MONTECELIO S ANGELO,21.648
ROMA PRENESTINA,NAPOLI CENTRALE,216.897
ROMA PRENESTINA,PESCARA,236.014
ROMA PRENESTINA,ROMA TERMINI,4.256
ROMA PRENESTINA,TIVOLI,35.317
ROMA S FILIPPO NERI,ROMA TIBURTINA,19.385
ROMA S PIETRO,ALBANO LAZIALE,34.226
ROMA S PIETRO,ANCONA,299.17
ROMA S PIETRO,ASSISI,186.616
ROMA S PIETRO,AVERSA,200.495
ROMA S PIETRO,BATTIPAGLIA,288.573
ROMA S PIETRO,BOLOGNA CENTRALE,358.174
ROMA S PIETRO,BRACCIANO,39.601
ROMA S PIETRO,CESANO ROMA,23.358
ROMA S PIETRO,CIVITAVECCHIA,66.031
ROMA S PIETRO,FASANO,543.87
ROMA S PIETRO,FIRENZE CAMPO MARTE,264.61
ROMA S PIETRO,FIRENZE S MARIA NOVELLA,268.575
ROMA S PIETRO,GROSSETO,172.997
ROMA S PIETRO,LA STORTA,14.744
ROMA S PIETRO,MILANO CENTRALE,572.855
ROMA S PIETRO,MONTALTO CASTRO,101.294
ROMA S PIETRO,MONTEPESCALI,184.763
ROMA S PIETRO,MONTEROTONDO MENTANA,33.123
ROMA S PIETRO,PESARO,341.35
ROMA S PIETRO,PISA CENTRALE,317.761
ROMA S PIETRO,RHO,584.338
ROMA S PIETRO,ROMA OSTIENSE,4.838
ROMA S PIETRO,ROMA TERMINI,11.53
ROMA S PIETRO,ROMA TIBURTINA,12.205
ROMA S PIETRO,SALERNO,268.87
ROMA S PIETRO,SPOLETO,145.857
ROMA S PIETRO,TORINO PORTA NUOVA,637.944
ROMA S PIETRO,TORRE ANNUNZIATA CENTRALE,239.495
ROMA S PIETRO,TREVIGLIO,569.035
ROMA S PIETRO,VIAREGGIO,339.973
ROMA S PIETRO,VICENZA,508.032
ROMA S PIETRO,VIGNA CLARA PES,8.556
ROMA S PIETRO,VITERBO PORTA FIORENTINA,83.469
ROMA S PIETRO,VITERBO PORTA ROMANA,81.883
ROMA TERMINI,ACIREALE,730.309
ROMA TERMINI,AGROPOLI CASTELLABATE,309.176
ROMA TERMINI,ALASSIO,576.358
ROMA TERMINI,ALBA,627.253
ROMA TERMINI,ALBANO LAZIALE,28.414
ROMA TERMINI,ALBINIA,153.304
ROMA TERMINI,ALESSANDRIA,559.399
ROMA TERMINI,ALI TERME,672.402
ROMA TERMINI,ALTAVILLA MILICIA,851.396
ROMA TERMINI,ANAGNI FIUGGI,62.506
ROMA TERMINI,ANCONA,291.47
ROMA TERMINI,APRILIA,39.577
ROMA TERMINI,AREZZO,198.555
ROMA TERMINI,ARIANO IRPINO,298.17
ROMA TERMINI,ARQUATA SCRIVIA,526.343
ROMA TERMINI,ASSISI,178.916
ROMA TERMINI,ASTI,593.695
ROMA TERMINI,ATTIGLIANO BOMARZO,83.469
ROMA TERMINI,AUGUSTA,799.401
ROMA TERMINI,AVERSA,194.683
ROMA TERMINI,AVEZZANO,107.08
ROMA TERMINI,BAGHERIA,858.558
ROMA TERMINI,BAIANO SPOLETO,131.375
ROMA TERMINI,BARDONECCHIA,732.258
ROMA TERMINI,BARI CENTRALE,478.607
ROMA TERMINI,BARLETTA,423.91
ROMA TERMINI,BASTIA,182.303
ROMA TERMINI,BATTIPAGLIA,279.49
ROMA TERMINI,BELLA MURO,339.297
ROMA TERMINI,BERGAMO,573.523
ROMA TERMINI,BIVIO D AURISINA,644.6
ROMA TERMINI,BOIANO,212.959
ROMA TERMINI,BOLOGNA CENTRALE,350.474
ROMA TERMINI,BOLOGNA CENTRALE/AV,350.461
ROMA TERMINI,BOLZANO,607.094
ROMA TERMINI,BRENNERO,695.886
ROMA TERMINI,BRESCIA,524.796
ROMA TERMINI,BRINDISI,589.53
ROMA TERMINI,CALALZO PIEVE CADORE CORTINA,624.153
ROMA TERMINI,CAMPIGLIA MARITTIMA,243.635
ROMA TERMINI,CAMPO CARNE,44.12
ROMA TERMINI,CAMPOBASSO,414.264
ROMA TERMINI,CAMPOLEONE,33.5
ROMA TERMINI,CANCELLO,209.956
ROMA TERMINI,CAPUA,187.049
ROMA TERMINI,CARSOLI,74.531
ROMA TERMINI,CASABIANCA,15.965
ROMA TERMINI,CASARSA,593.019
ROMA TERMINI,CASERTA,198.169
ROMA TERMINI,CASSINO,135.737
ROMA TERMINI,CASTEL GANDOLFO,25.813
ROMA TERMINI,CASTELPLANIO CUPRAMONTANA,250.001
ROMA TERMINI,CATANIA CENTRALE,743.363
ROMA TERMINI,CATTOLICA S GIOVANNI GABICCE,348.751
ROMA TERMINI,CECCHINA,28.311
ROMA TERMINI,CECINA,278.475
ROMA TERMINI,CEFALU,805.562
ROMA TERMINI,CELANO OVINDOLI,117.713
ROMA TERMINI,CEPRANO FALVATERRA,108.35
ROMA TERMINI,CERVIGNANO AQUILEIA GRADO,615.475
ROMA TERMINI,CETRARO,457.385
ROMA TERMINI,CHIAVARI,452.805
ROMA TERMINI,CHIETI,225.128
ROMA TERMINI,CHIUSI CHIANCIANO TERME,142.98
ROMA TERMINI,CIAMPINO,13.921
ROMA TERMINI,CISTERNA LATINA,49.78
ROMA TERMINI,CIVITA CASTELLANA MAGLIANO,69.578
ROMA TERMINI,CIVITAVECCHIA,77.561
ROMA TERMINI,COLLE MATTIA,25.715
ROMA TERMINI,COLLEFERRO SEGNI PALIANO,53.588
ROMA TERMINI,COLONNA GALLERIA,28.258
ROMA TERMINI,DOBBIACO,716.404
ROMA TERMINI,EMPOLI,289.533
ROMA TERMINI,FABRIANO,221.209
ROMA TERMINI,FALCONARA MARITTIMA,282.773
ROMA TERMINI,FERRARA,396.982
ROMA TERMINI,FIGLINE VALDARNO,236.128
ROMA TERMINI,FIRENZE CAMPO MARTE,256.91
ROMA TERMINI,FIRENZE RIFREDI,261.75
ROMA TERMINI,FIRENZE S MARIA NOVELLA,260.875
ROMA TERMINI,FIUMICINO AEROPORTO,31.406
ROMA TERMINI,FOGGIA,360.508
ROMA TERMINI,FOLIGNO,163.277
ROMA TERMINI,FOLLONICA,226.433
ROMA TERMINI,FONDI SPERLONGA,109.616
ROMA TERMINI,FORMIA GAETA,128.423
ROMA TERMINI,FORTEZZA,655.715
ROMA TERMINI,FOSSATO VICO GUBBIO,205.035
ROMA TERMINI,FRANCIOSA,348.595
ROMA TERMINI,FRASCATI,23.584
ROMA TERMINI,FROSINONE,83.234
ROMA TERMINI,FUSCALDO,470.594
ROMA TERMINI,GAIFANA,192.102
ROMA TERMINI,GENOVA BRIGNOLE,487.917
ROMA TERMINI,GENOVA NERVI,479.668
ROMA TERMINI,GENOVA PIAZZA PRINCIPE,490.556
ROMA TERMINI,GIOIA TAURO,603.064
ROMA TERMINI,GIOVINAZZO,460.181
ROMA TERMINI,GIUNCANO,121.039
ROMA TERMINI,GROSSETO,184.527
ROMA TERMINI,GUALDO TADINO,199.199
ROMA TERMINI,GUIDONIA MONTECELIO S ANGELO,25.904
ROMA TERMINI,IMPERIA,594.062
ROMA TERMINI,ISERNIA,184.871
ROMA TERMINI,JESI,264.747
ROMA TERMINI,LA SPEZIA CENTRALE,403.875
ROMA TERMINI,LADISPOLI CERVETERI,47.18
ROMA TERMINI,LAMEZIA TERME CENTRALE,533.361
ROMA TERMINI,LANUVIO,32.501
ROMA TERMINI,LATINA,61.018
ROMA TERMINI,LECCE,616.314
ROMA TERMINI,LENTINI,771.904
ROMA TERMINI,LIVORNO CENTRALE,312.168
ROMA TERMINI,LORETO,314.972
ROMA TERMINI,LUNGHEZZA,14.923
ROMA TERMINI,MACCARESE FREGENE,31.058
ROMA TERMINI,MAGLIANA,14.433
ROMA TERMINI,MANTOVA,448.435
ROMA TERMINI,MARCELLINA PALOMBARA,33.679
ROMA TERMINI,MARECHIARO,53.164
ROMA TERMINI,MARINO LAZIALE,22.537
ROMA TERMINI,MASSA CENTRO,371.684
ROMA TERMINI,MESSINA CENTRALE,648.592
ROMA TERMINI,MESSINA MARITTIMA,648.992
ROMA TERMINI,METAPONTO,477.863
ROMA TERMINI,MEZZOCORONA,568.487
ROMA TERMINI,MILANO CENTRALE,565.155
ROMA TERMINI,MILANO PORTA GARIBALDI,567.045
ROMA TERMINI,MILANO ROGOREDO,555.569
ROMA TERMINI,MILAZZO,680.17
ROMA TERMINI,MINTURNO SCAURI,138.478
ROMA TERMINI,MODENA,387.393
ROMA TERMINI,MONFALCONE,631.883
ROMA TERMINI,MONSELICE,449.925
ROMA TERMINI,MONTALTO CASTRO,112.824
ROMA TERMINI,MONTE S BIAGIO TERRACINA MARE,102.901
ROMA TERMINI,MONTEFIASCONE,107.387
ROMA TERMINI,MONTEPESCALI,196.293
ROMA TERMINI,MONTEVARCHI TERRANUOVA,223.166
ROMA TERMINI,MOROLO,69.901
ROMA TERMINI,NAPOLI AFRAGOLA,209.985
ROMA TERMINI,NAPOLI CENTRALE,213.904
ROMA TERMINI,NETTUNO,59.12
ROMA TERMINI,NICOTERA,601.63
ROMA TERMINI,NOCERA UMBRA,181.907
ROMA TERMINI,ORBETELLO MONTE ARGENTARIO,146.806
ROMA TERMINI,ORTE,81.401
ROMA TERMINI,ORVIETO,108.0
ROMA TERMINI,OSPITALETTO TRAVAGLIATO,535.985
ROMA TERMINI,PADIGLIONE,48.429
ROMA TERMINI,PADOVA,472.727
ROMA TERMINI,PALAZZOLO SULL OGLIO,551.933
ROMA TERMINI,PALERMO CENTRALE,871.764
ROMA TERMINI,PAOLA,476.491
ROMA TERMINI,PATTI S PIERO PATTI,710.01
ROMA TERMINI,PAVIA,556.549
ROMA TERMINI,PAVONA,23.379
ROMA TERMINI,PC CAPENA,31.614
ROMA TERMINI,PC CIVITELLA AGLIANO,93.018
ROMA TERMINI,PERUGIA,202.857
ROMA TERMINI,PERUGIA PONTE S GIOVANNI,191.61
ROMA TERMINI,PESCARA,240.27
ROMA TERMINI,PESCARA PORTA NUOVA,238.93
ROMA TERMINI,PIACENZA,497.935
ROMA TERMINI,PICERNO,353.678
ROMA TERMINI,PIEDIMONTE VILLA S LUCIA AQUINO,126.743
ROMA TERMINI,PIETRARSA S GIORGIO A CREMANO,218.047
ROMA TERMINI,PIGNATARO MAGGIORE,187.989
ROMA TERMINI,PISA CENTRALE,329.291
ROMA TERMINI,PISCIOTTA PALINURO,348.909
ROMA TERMINI,PIZZO,559.929
ROMA TERMINI,PM TAVERNELLE EMILIA,362.415
ROMA TERMINI,POGGIO MIRTETO,48.362
ROMA TERMINI,POMEZIA S PALOMBA,23.95
ROMA TERMINI,POMPEI,236.851
ROMA TERMINI,PONTASSIEVE,255.838
ROMA TERMINI,PONTE CASALDUNI,247.926
ROMA TERMINI,PONTE GALERIA,22.22
ROMA TERMINI,PONTICINO,213.619
ROMA TERMINI,POPOLI VITTORITO,187.161
ROMA TERMINI,POTENZA CENTRALE,370.755
ROMA TERMINI,PRATO CENTRALE,275.369
ROMA TERMINI,PRIVERNO FOSSANOVA,85.391
ROMA TERMINI,QUARTO D ALTINO,617.039
ROMA TERMINI,RAVENNA,388.264
ROMA TERMINI,RECALE,200.489
ROMA TERMINI,REGGIO CALABRIA CENTRALE,653.68
ROMA TERMINI,REGGIO EMILIA,412.547
ROMA TERMINI,RHO FIERA,572.909
ROMA TERMINI,RICADI CAPO VATICANO,593.115
ROMA TERMINI,RIMINI,367.03
ROMA TERMINI,ROCCA RAVINDOLA,167.352
ROMA TERMINI,ROCCASECCA,118.748
ROMA TERMINI,ROMA AURELIA,17.029
ROMA TERMINI,ROMA CASILINA,4.257
ROMA TERMINI,ROMA OSTIENSE,6.692
ROMA TERMINI,ROMA PRENESTINA,4.256
ROMA TERMINI,ROMA S PIETRO,11.53
ROMA TERMINI,ROMA TIBURTINA,4.505
ROMA TERMINI,ROMA TRASTEVERE,8.221
ROMA TERMINI,ROMA TUSCOLANA,3.082
ROMA TERMINI,ROSARNO,593.179
ROMA TERMINI,ROSIGNANO,289.124
ROMA TERMINI,ROVIANO,61.801
ROMA TERMINI,ROVIGO,428.978
ROMA TERMINI,S AGAPITO LONGANO,178.34
ROMA TERMINI,S BENEDETTO DEL TRONTO,301.75
ROMA TERMINI,S CANDIDO,720.196
ROMA TERMINI,S GENNARO,35.9
ROMA TERMINI,S GIORGIO NOGARO,605.099
ROMA TERMINI,S GIOVANNI VALDARNO,228.594
ROMA TERMINI,S LORENZO MAGGIORE,243.673
ROMA TERMINI,S MARCELLINO FRIGNANO,189.904
ROMA TERMINI,S MARIA CAPUA VETERE,191.892
ROMA TERMINI,S MARINELLA,68.662
ROMA TERMINI,S SEVERA,59.195
ROMA TERMINI,S VINCENZO,254.236
ROMA TERMINI,SACILE,565.068
ROMA TERMINI,SALERNO,259.787
ROMA TERMINI,SAPRI,384.279
ROMA TERMINI,SAVONA,532.874
ROMA TERMINI,SCALEA S DOMENICA TALAO,419.659
ROMA TERMINI,SESSA AURUNCA ROCCAMONFINA,153.456
ROMA TERMINI,SESTRI LEVANTE,445.341
ROMA TERMINI,SEZZE ROMANO,70.221
ROMA TERMINI,SGURGOLA,66.201
ROMA TERMINI,SIBARI,552.059
ROMA TERMINI,SICIGNANO DEGLI ALBURNI,310.3
ROMA TERMINI,SIENA,231.976
ROMA TERMINI,SIRACUSA,826.317
ROMA TERMINI,SOLOPACA,235.84
ROMA TERMINI,SPELLO,168.181
ROMA TERMINI,SPOLETO,138.157
ROMA TERMINI,SULMONA,171.937
ROMA TERMINI,TAGGIA ARMA,610.038
ROMA TERMINI,TAGLIACOZZO,91.167
ROMA TERMINI,TARANTO,521.08
ROMA TERMINI,TARQUINIA,97.458
ROMA TERMINI,TARVISIO BOSCOVERDE,715.47
ROMA TERMINI,TELESE CERRETO,231.7
ROMA TERMINI,TERMINI IMERESE,835.349
ROMA TERMINI,TERNI,108.927
ROMA TERMINI,TERONTOLA CORTONA,171.509
ROMA TERMINI,TITO,360.469
ROMA TERMINI,TIVOLI,39.573
ROMA TERMINI,TORINO LINGOTTO,645.156
ROMA TERMINI,TORINO PORTA NUOVA,649.474
ROMA TERMINI,TORINO PORTA SUSA,651.006
ROMA TERMINI,TORINO STURA,656.865
ROMA TERMINI,TORRE ANNUNZIATA CENTRALE,233.683
ROMA TERMINI,TORRICOLA,12.195
ROMA TERMINI,TRENTO,551.655
ROMA TERMINI,TREVIGLIO,561.335
ROMA TERMINI,TRIESTE CENTRALE,659.139
ROMA TERMINI,TRINITAPOLI S FERDINANDO PUGLIA,407.683
ROMA TERMINI,UDINE,626.68
ROMA TERMINI,VAIRANO CAIANELLO,167.64
ROMA TERMINI,VALLE DELL ANIENE MANDELA SAMBUCI,53.651
ROMA TERMINI,VALLE MADDALONI,212.38
ROMA TERMINI,VELLETRI,41.007
ROMA TERMINI,VENAFRO,159.861
ROMA TERMINI,VENEZIA MESTRE,501.226
ROMA TERMINI,VENEZIA S LUCIA,509.66
ROMA TERMINI,VENTIMIGLIA,632.411
ROMA TERMINI,VERNIO MONTEPIANO CANTAGALLO,295.875
ROMA TERMINI,VERONA PORTA NUOVA,465.313
ROMA TERMINI,VERONA PORTA VESCOVO,467.563
ROMA TERMINI,VEZZANO LIGURE,396.309
ROMA TERMINI,VIAREGGIO,351.503
ROMA TERMINI,VIBO MARINA,563.048
ROMA TERMINI,VIBO VALENTIA PIZZO,561.811
ROMA TERMINI,VICENZA,500.332
ROMA TERMINI,VILLA LITERNO,180.348
ROMA TERMINI,VILLA S GIOVANNI,639.592
ROMA TERMINI,VILLA S GIOVANNI MARE,640.092
ROMA TERMINI,VITERBO PORTA FIORENTINA,94.999
ROMA TERMINI,ZAGAROLO,34.852
ROMA TIBURTINA,ALBANO LAZIALE,28.466
ROMA TIBURTINA,ALCANTARA,698.606
ROMA TIBURTINA,ANCONA,286.965
ROMA TIBURTINA,ANGUILLARA,38.608
ROMA TIBURTINA,ANVERSA VILLALAGO SCANNO,160.569
ROMA TIBURTINA,AREZZO,194.05
ROMA TIBURTINA,AVERSA,194.735
ROMA TIBURTINA,AVEZZANO,105.765
ROMA TIBURTINA,BASSANO ROMANO,66.841
ROMA TIBURTINA,BOIANO,211.644
ROMA TIBURTINA,BOLOGNA CENTRALE,345.969
ROMA TIBURTINA,BOLZANO,602.589
ROMA TIBURTINA,BRACCIANO,51.806
ROMA TIBURTINA,CAMPOBASSO,412.949
ROMA TIBURTINA,CAMPOLEONE,33.552
ROMA TIBURTINA,CANCELLO,208.641
ROMA TIBURTINA,CAPRANICA SUTRI,70.721
ROMA TIBURTINA,CARSOLI,73.216
ROMA TIBURTINA,CASERTA,196.854
ROMA TIBURTINA,CASSINO,134.422
ROMA TIBURTINA,CASTEL MADAMA,45.988
ROMA TIBURTINA,CASTELFRANCO VENETO,496.508
ROMA TIBURTINA,CECCHINA,28.363
ROMA TIBURTINA,CESANO ROMA,35.563
ROMA TIBURTINA,CHIUSI CHIANCIANO TERME,138.475
ROMA TIBURTINA,CIAMPINO,13.973
ROMA TIBURTINA,CISTERNA LATINA,49.832
ROMA TIBURTINA,CIVITA CASTELLANA MAGLIANO,65.073
ROMA TIBURTINA,CIVITAVECCHIA,78.236
ROMA TIBURTINA,COLLEFERRO SEGNI PALIANO,53.64
ROMA TIBURTINA,CONTIGLIANO,136.693
ROMA TIBURTINA,CROCICCHIE,43.845
ROMA TIBURTINA,FABRIANO,216.704
ROMA TIBURTINA,FARA SABINA MONTELIBRETTI,32.466
ROMA TIBURTINA,FIGLINE VALDARNO,231.623
ROMA TIBURTINA,FIRENZE CAMPO MARTE,252.405
ROMA TIBURTINA,FIRENZE RIFREDI,257.245
ROMA TIBURTINA,FIRENZE S MARIA NOVELLA,256.37
ROMA TIBURTINA,FIUMICINO AEROPORTO,32.081
ROMA TIBURTINA,FOLIGNO,158.772
ROMA TIBURTINA,FORMIA GAETA,128.475
ROMA TIBURTINA,FRASCATI,23.636
ROMA TIBURTINA,FROSINONE,81.919
ROMA TIBURTINA,GUIDONIA MONTECELIO S ANGELO,24.589
ROMA TIBURTINA,ISERNIA,183.556
ROMA TIBURTINA,JESI,260.242
ROMA TIBURTINA,LA GIUSTINIANA,24.065
ROMA TIBURTINA,LA STORTA,26.949
ROMA TIBURTINA,LADISPOLI CERVETERI,47.855
ROMA TIBURTINA,LANUVIO,32.553
ROMA TIBURTINA,LATINA,61.07
ROMA TIBURTINA,LECCE,614.999
ROMA TIBURTINA,LORETO,310.467
ROMA TIBURTINA,LUNGHEZZA,13.608
ROMA TIBURTINA,MANZIANA CANALE MONTERANO,56.512
ROMA TIBURTINA,MARCELLINA PALOMBARA,32.364
ROMA TIBURTINA,MESSINA CENTRALE,647.277
ROMA TIBURTINA,MILANO CENTRALE,560.65
ROMA TIBURTINA,MILANO ROGOREDO,551.064
ROMA TIBURTINA,MINTURNO SCAURI,138.53
ROMA TIBURTINA,MONTE S BIAGIO TERRACINA MARE,102.953
ROMA TIBURTINA,MONTEROTONDO MENTANA,20.918
ROMA TIBURTINA,NAPOLI AFRAGOLA,208.67
ROMA TIBURTINA,NAPOLI CENTRALE,213.956
ROMA TIBURTINA,NETTUNO,59.172
ROMA TIBURTINA,ORIOLO,61.449
ROMA TIBURTINA,ORTE,76.896
ROMA TIBURTINA,PAVONA,23.431
ROMA TIBURTINA,PC CAPENA,27.109
ROMA TIBURTINA,PERUGIA,198.352
ROMA TIBURTINA,PESCARA,238.955
ROMA TIBURTINA,POGGIO MIRTETO,43.857
ROMA TIBURTINA,PONTE GALERIA,22.895
ROMA TIBURTINA,POPOLI VITTORITO,185.846
ROMA TIBURTINA,PRATO CENTRALE,270.864
ROMA TIBURTINA,PRIVERNO FOSSANOVA,85.443
ROMA TIBURTINA,QUATTRO VENTI,10.151
ROMA TIBURTINA,REGGIO CALABRIA CENTRALE,652.365
ROMA TIBURTINA,RIETI,145.301
ROMA TIBURTINA,ROCCA RAVINDOLA,166.037
ROMA TIBURTINA,ROMA MONTE MARIO,18.442
ROMA TIBURTINA,ROMA OSTIENSE,7.367
ROMA TIBURTINA,ROMA PRENESTINA,2.941
ROMA TIBURTINA,ROMA S FILIPPO NERI,19.385
ROMA TIBURTINA,ROMA S PIETRO,12.205
ROMA TIBURTINA,ROMA TERMINI,4.505
ROMA TIBURTINA,ROMA TRASTEVERE,8.896
ROMA TIBURTINA,ROMA TUSCOLANA,3.757
ROMA TIBURTINA,ROVIANO,60.486
ROMA TIBURTINA,S AGAPITO LONGANO,177.025
ROMA TIBURTINA,S GENNARO,35.952
ROMA TIBURTINA,S GIOVANNI VALDARNO,224.089
ROMA TIBURTINA,SAVONA,533.549
ROMA TIBURTINA,SERENISSIMA,3.973
ROMA TIBURTINA,SESTRI LEVANTE,446.016
ROMA TIBURTINA,SIRACUSA,825.002
ROMA TIBURTINA,SULMONA,170.622
ROMA TIBURTINA,TAGLIACOZZO,89.852
ROMA TIBURTINA,TARVISIO BOSCOVERDE,710.965
ROMA TIBURTINA,TERNI,104.422
ROMA TIBURTINA,TERONTOLA CORTONA,167.004
ROMA TIBURTINA,TIVOLI,38.258
ROMA TIBURTINA,TORANO LATTARICO,507.704
ROMA TIBURTINA,TORINO PORTA NUOVA,650.149
ROMA TIBURTINA,TRIESTE CENTRALE,654.634
ROMA TIBURTINA,UDINE,622.175
ROMA TIBURTINA,VAL D ALA,3.787
ROMA TIBURTINA,VALLE DELL ANIENE MANDELA SAMBUCI,52.336
ROMA TIBURTINA,VELLETRI,41.059
ROMA TIBURTINA,VENAFRO,158.546
ROMA TIBURTINA,VENEZIA MESTRE,496.721
ROMA TIBURTINA,VENEZIA S LUCIA,505.155
ROMA TIBURTINA,VERONA PORTA NUOVA,460.808
ROMA TIBURTINA,VETRALLA,81.004
ROMA TIBURTINA,VILLA LITERNO,180.4
ROMA TIBURTINA,VITERBO PORTA FIORENTINA,95.674
ROMA TIBURTINA,VITERBO PORTA ROMANA,94.088
ROMA TIBURTINA,ZAGAROLO,34.904
ROMA TUSCOLANA,ALBANO LAZIALE,25.778
ROMA TUSCOLANA,BRACCIANO,48.049
ROMA TUSCOLANA,CAMPO CARNE,41.484
ROMA TUSCOLANA,CAMPOLEONE,30.864
ROMA TUSCOLANA,CASSINO,135.346
ROMA TUSCOLANA,CECCHINA,25.675
ROMA TUSCOLANA,CESANO ROMA,31.806
ROMA TUSCOLANA,CIAMPINO,11.285
ROMA TUSCOLANA,CIVITAVECCHIA,74.479
ROMA TUSCOLANA,FARA SABINA MONTELIBRETTI,36.223
ROMA TUSCOLANA,FIUMICINO AEROPORTO,28.324
ROMA TUSCOLANA,FORMIA GAETA,125.787
ROMA TUSCOLANA,FRASCATI,20.948
ROMA TUSCOLANA,FROSINONE,82.843
ROMA TUSCOLANA,GROSSETO,181.445
ROMA TUSCOLANA,LA STORTA,23.192
ROMA TUSCOLANA,LADISPOLI CERVETERI,44.098
ROMA TUSCOLANA,LANUVIO,29.865
ROMA TUSCOLANA,MARECHIARO,50.528
ROMA TUSCOLANA,METAPONTO,478.498
ROMA TUSCOLANA,MILANO CENTRALE,564.407
ROMA TUSCOLANA,MONTEROTONDO MENTANA,24.675
ROMA TUSCOLANA,NAPOLI CENTRALE,211.268
ROMA TUSCOLANA,NETTUNO,56.484
ROMA TUSCOLANA,ORTE,80.653
ROMA TUSCOLANA,PADIGLIONE,45.793
ROMA TUSCOLANA,PALERMO CENTRALE,872.399
ROMA TUSCOLANA,PAVONA,20.743
ROMA TUSCOLANA,PISA CENTRALE,326.209
ROMA TUSCOLANA,POGGIO MIRTETO,47.614
ROMA TUSCOLANA,POMEZIA S PALOMBA,21.314
ROMA TUSCOLANA,ROMA AURELIA,13.947
ROMA TUSCOLANA,ROMA OSTIENSE,3.61
ROMA TUSCOLANA,ROMA TERMINI,3.082
ROMA TUSCOLANA,ROMA TIBURTINA,3.757
ROMA TUSCOLANA,S SEVERA,56.113
ROMA TUSCOLANA,SALERNO,260.422
ROMA TUSCOLANA,TARANTO,521.715
ROMA TUSCOLANA,VELLETRI,38.371
ROMA TUSCOLANA,VITERBO PORTA FIORENTINA,91.917
ROMA TUSCOLANA,VITERBO PORTA ROMANA,90.331
ROMAGNANO SESIA,NOVARA,29.004
ROMANO,BRESCIA,36.79
ROMANO,MILANO CENTRALE,45.964
ROMANO,MILANO GRECO PIRELLI,46.046
ROMANO,VERONA PORTA NUOVA,101.428
ROMANORE,BOLOGNA CENTRALE,86.78
ROMANORE,MANTOVA,11.194
ROMANORE,MODENA,49.848
ROMETTA MESSINESE,PALERMO CENTRALE,205.42
ROMETTA MESSINESE,PATTI S PIERO PATTI,43.666
ROMETTA MESSINESE,S AGATA MILITELLO,80.734
RONCEGNO BAGNI MARTER,PRIMOLANO,28.023
RONCEGNO BAGNI MARTER,TRENTO,38.969
RONCHI DEI LEGIONARI NORD,CARNIA,82.867
RONCHI DEI LEGIONARI NORD,UDINE,43.198
RONCHI DEI LEGIONARI NORD,VENEZIA S LUCIA,138.656
RONCHI DEI LEGIONARI SUD,UDINE,41.086
RONCO SCRIVIA,GENOVA BRIGNOLE,27.942
RONCO SCRIVIA,GENOVA PIAZZA PRINCIPE,25.303
RONCO SCRIVIA,MILANO CENTRALE,114.246
RONCO SCRIVIA,PIACENZA,109.593
RONCO SCRIVIA,RIMINI,368.154
RONCO SCRIVIA,TORINO PORTA NUOVA,133.615
RONCO SCRIVIA,VOGHERA,51.198
RONTA,FIRENZE S MARIA NOVELLA,43.153
ROSARNO,BAGNARA,28.695
ROSARNO,COSENZA,139.363
ROSARNO,GIOIA TAURO,9.885
ROSARNO,LAMEZIA TERME CENTRALE,59.818
ROSARNO,MELITO PORTO SALVO,90.314
ROSARNO,NICOTERA,8.451
ROSARNO,PALMI,18.256
ROSARNO,PAOLA,116.688
ROSARNO,PARGHELIA,32.596
ROSARNO,REGGIO CALABRIA CENTRALE,60.501
ROSARNO,REGGIO CALABRIA GALLICO,52.661
ROSARNO,ROMA TERMINI,593.179
ROSARNO,TROPEA,29.515
ROSARNO,VILLA S GIOVANNI,46.413
ROSARNO,ZAMBRONE,38.554
ROSETO DEGLI ABRUZZI,ANCONA,117.664
ROSIGNANO,CAMPIGLIA MARITTIMA,45.489
ROSIGNANO,FIRENZE S MARIA NOVELLA,119.594
ROSIGNANO,ROMA TERMINI,289.124
ROSOLINI,AVOLA,21.997
ROSOLINI,CASSIBILE,31.085
ROSOLINI,GELA,133.617
ROSOLINI,NOTO,15.498
ROSOLINI,SIRACUSA,47.739
ROSSANO,CATANZARO LIDO,146.504
ROSSIGLIONE,ACQUI TERME,23.381
ROVASENDA,BIELLA S PAOLO,23.229
ROVASENDA,NOVARA,27.537
ROVATO,BERGAMO,31.712
ROVATO,BRESCIA,17.015
ROVATO,CREMONA,67.211
ROVATO,MILANO CENTRALE,65.739
ROVATO,MILANO GRECO PIRELLI,65.821
ROVATO,MILANO LAMBRATE,61.941
ROVATO,SERIATE,27.553
ROVATO,VERONA PORTA NUOVA,81.653
ROVERBELLA,VERONA PORTA NUOVA,25.963
ROVERETO,ALA,16.536
ROVERETO,BOLOGNA CENTRALE,177.608
ROVERETO,BOLZANO,79.012
ROVERETO,BRENNERO,167.804
ROVERETO,BRONZOLO,68.075
ROVERETO,EGNA TERMENO,57.18
ROVERETO,MEZZOCORONA,40.405
ROVERETO,TRENTO,23.573
ROVERETO,VERONA PORTA NUOVA,67.11
ROVIANO,AVEZZANO,45.279
ROVIANO,ROMA TERMINI,61.801
ROVIGO,ADRIA,24.557
ROVIGO,BADIA POLESINE,28.477
ROVIGO,BOLOGNA CENTRALE,78.826
ROVIGO,BOVOLONE,64.254
ROVIGO,BUTTAPIETRA,81.966
ROVIGO,CASTAGNARO,35.823
ROVIGO,CEREA,54.42
ROVIGO,CHIOGGIA,55.792
ROVIGO,COSTA,7.924
ROVIGO,FERRARA,31.996
ROVIGO,FRATTA,12.346
ROVIGO,ISOLA DELLA SCALA,73.977
ROVIGO,LAMA,12.968
ROVIGO,LEGNAGO,47.064
ROVIGO,LENDINARA,18.704
ROVIGO,LIVORNO CENTRALE,258.148
ROVIGO,LOREO,35.642
ROVIGO,MONSELICE,20.947
ROVIGO,PADOVA,43.749
ROVIGO,S PIETRO IN CASALE,54.947
ROVIGO,TERME EUGANEE ABANO MONTEGROTTO,30.755
ROVIGO,VENEZIA MESTRE,72.248
ROVIGO,VENEZIA S LUCIA,80.682
ROVIGO,VERONA PORTA NUOVA,94.641
RUBIERA,ANCONA,254.277
RUBIERA,BOLOGNA CENTRALE,50.236
RUFINA,BORGO S LORENZO,25.175
RUFINA,FIRENZE RIFREDI,27.981
RUFINA,FIRENZE S MARIA NOVELLA,27.106
RUFINA,PONTASSIEVE,7.508
RUSSI,BOLOGNA CENTRALE,66.159
RUSSI,FAENZA,17.052
RUSSI,GENOVA BRIGNOLE,351.168
RUSSI,RAVENNA,16.357
S AGAPITO LONGANO,CASSINO,42.603
S AGAPITO LONGANO,NAPOLI CENTRALE,117.796
S AGAPITO LONGANO,ROMA TERMINI,178.34
S AGATA MILITELLO,BAGHERIA,111.48
S AGATA MILITELLO,CAMPOFELICE,71.893
S AGATA MILITELLO,CEFALU,58.484
S AGATA MILITELLO,GIOJOSA MAREA,27.352
S AGATA MILITELLO,MARATEA,350.484
S AGATA MILITELLO,MESSINA CENTRALE,98.486
S AGATA MILITELLO,MILAZZO,66.908
S AGATA MILITELLO,PALERMO CENTRALE,124.686
S AGATA MILITELLO,PATTI S PIERO PATTI,37.068
S AGATA MILITELLO,POLLINA S MAURO CASTELVERDE,43.508
S AGATA MILITELLO,ROMETTA MESSINESE,80.734
S AGATA MILITELLO,TERMINI IMERESE,88.271
S AGATA MILITELLO,TUSA,36.013
S ANTONIO MANTOVANO,VERONA PORTA NUOVA,33.254
S BENEDETTO DEL TRONTO,ANCONA,84.493
S BENEDETTO DEL TRONTO,ASCOLI PICENO,32.582
S BENEDETTO DEL TRONTO,BOLOGNA CENTRALE,288.534
S BENEDETTO DEL TRONTO,CIVITANOVA MARCHE MONTEGRANARO,41.788
S BENEDETTO DEL TRONTO,FAENZA,239.427
S BENEDETTO DEL TRONTO,FOLIGNO,194.577
S BENEDETTO DEL TRONTO,FORLI,223.716
S BENEDETTO DEL TRONTO,LORETO,60.991
S BENEDETTO DEL TRONTO,MANOPPELLO,85.587
S BENEDETTO DEL TRONTO,MILANO CENTRALE,503.236
S BENEDETTO DEL TRONTO,OFFIDA CASTEL LAMA,20.598
S BENEDETTO DEL TRONTO,ORTE,276.453
S BENEDETTO DEL TRONTO,PARMA,378.926
S BENEDETTO DEL TRONTO,PESARO,144.067
S BENEDETTO DEL TRONTO,PESCARA,61.48
S BENEDETTO DEL TRONTO,PIACENZA,436.008
S BENEDETTO DEL TRONTO,POPOLI VITTORITO,114.589
S BENEDETTO DEL TRONTO,PORTO D ASCOLI,4.784
S BENEDETTO DEL TRONTO,PORTO S GIORGIO FERMO,26.194
S BENEDETTO DEL TRONTO,PRATOLA PELIGNA,124.238
S BENEDETTO DEL TRONTO,REGGIO EMILIA,350.62
S BENEDETTO DEL TRONTO,RIMINI,177.447
S BENEDETTO DEL TRONTO,ROMA TERMINI,301.75
S BENEDETTO DEL TRONTO,S VITO LANCIANO,89.648
S BENEDETTO DEL TRONTO,SULMONA,129.813
S BENEDETTO DEL TRONTO,TORRE DEI PASSERI,100.133
S BENEDETTO PO,FERRARA,65.764
S BENEDETTO PO,PORTOMAGGIORE,89.177
S BENEDETTO PO,RAVENNA,138.384
S BENEDETTO PO,SERMIDE,33.193
S BENEDETTO SAMBRO CASTIGLIONE PEPOLI,BOLOGNA CENTRALE,40.576
S BENEDETTO SAMBRO CASTIGLIONE PEPOLI,BOLOGNA S RUFFILLO,34.202
S BENEDETTO SAMBRO CASTIGLIONE PEPOLI,GROSSETO,242.093
S BENEDETTO SAMBRO CASTIGLIONE PEPOLI,PIANORO,24.414
S BENEDETTO SAMBRO CASTIGLIONE PEPOLI,PRATO CENTRALE,39.902
S BENIGNO,CHIERI,43.131
S BENIGNO,TROFARELLO,34.567
S BIAGIO CALLALTA,PORTOGRUARO CAORLE,41.463
S BONIFACIO,VENEZIA MESTRE,86.278
S BONIFACIO,VENEZIA S LUCIA,94.712
S BONIFACIO,VERONA PORTA NUOVA,24.091
S CANDIDO,BOLZANO,113.102
S CANDIDO,BRUNICO,32.067
S CANDIDO,CASTELDARNE,40.81
S CANDIDO,DOBBIACO,3.792
S CANDIDO,FORTEZZA,64.481
S CANDIDO,MERANO,146.063
S CANDIDO,MERANO MAIA BASSA,143.948
S CANDIDO,MONGUELFO VALLE CASIES,13.613
S CANDIDO,RIO PUSTERIA,56.409
S CANDIDO,ROMA TERMINI,720.196
S CANDIDO,S LORENZO,35.141
S CANDIDO,VALDAORA ANTERSELVA,20.565
S CANDIDO,VANDOIES,51.034
S CASSIANO,BORGO S LORENZO,41.33
S CASSIANO,FIRENZE S MARIA NOVELLA,75.66
S CATERINA DELLO JONIO,REGGIO CALABRIA CENTRALE,141.988
S CROCE DEL LAGO,BELLUNO,20.202
S CROCE DEL LAGO,CONEGLIANO,27.367
S CROCE DEL LAGO,PONTE NELLE ALPI POLPET,12.58
S CROCE DEL LAGO,VENEZIA S LUCIA,83.662
S DEMETRIO DE VESTINI,SULMONA,44.67
S DONA PIAVE JESOLO,PORTOGRUARO CAORLE,26.556
S DONA PIAVE JESOLO,TRIESTE CENTRALE,112.216
S DONA PIAVE JESOLO,VENEZIA MESTRE,99.928
S DONA PIAVE JESOLO,VENEZIA S LUCIA,108.362
S ELENA ESTE,VENEZIA S LUCIA,65.628
S FELICE SUL PANARO,BOLOGNA CENTRALE,42.504
S FELICE SUL PANARO,POGGIO RUSCO,16.926
S GAVINO,CAGLIARI,49.621
S GAVINO,DECIMOMANNU,33.38
S GAVINO,MACOMER,103.116
S GAVINO,OLBIA,226.883
S GAVINO,OLBIA TERRANOVA,226.483
S GAVINO,OZIERI CHILIVANI,156.377
S GAVINO,PORTO TORRES MARITTIMA,220.244
S GAVINO,SAMASSI SERRENTI,12.407
S GAVINO,SASSARI,200.902
S GAVINO,SERRAMANNA NURAMINIS,18.912
S GAVINO,VILLASOR,24.135
S GIORGIO NOGARO,TRIESTE CENTRALE,54.04
S GIORGIO NOGARO,VENEZIA MESTRE,104.992
S GIORGIO PIANO,BOLOGNA CENTRALE,17.768
S GIORGIO PIANO,IMOLA,51.321
S GIORGIO PIANO,VENEZIA S LUCIA,141.74
S GIOVANNI AL NATISONE,TRIESTE CENTRALE,67.078
S GIOVANNI IN CROCE,BRESCIA,57.564
S GIOVANNI IN CROCE,PARMA,33.578
S GIOVANNI IN PERSICETO,POGGIO RUSCO,38.795
S GIOVANNI VALDARNO,AREZZO,36.457
S GIOVANNI VALDARNO,CHIUSI CHIANCIANO TERME,86.461
S GIOVANNI VALDARNO,FIRENZE CAMPO MARTE,33.223
S GIOVANNI VALDARNO,FIRENZE CASTELLO,40.668
S GIOVANNI VALDARNO,FIRENZE S MARIA NOVELLA,37.188
S GIOVANNI VALDARNO,FOLIGNO,149.971
S GIOVANNI VALDARNO,MONTECATINI TERME MONSUMMANO,81.711
S GIOVANNI VALDARNO,MONTEVARCHI TERRANUOVA,5.428
S GIOVANNI VALDARNO,PISTOIA,68.736
S GIOVANNI VALDARNO,PRATO CENTRALE,51.682
S GIOVANNI VALDARNO,ROMA TERMINI,228.594
S GIOVANNI VALDARNO,TERONTOLA CORTONA,67.771
S GIOVANNI VALDARNO,VERNIO MONTEPIANO CANTAGALLO,72.188
S GIULIANO TERME,AULLA LUNIGIANA,80.308
S GIULIANO TERME,FIRENZE S MARIA NOVELLA,85.877
S GIULIANO TERME,FORNACI BARGA,46.744
S GIULIANO TERME,LUCCA,14.813
S GIULIANO TERME,PISA CENTRALE,8.266
S GIUSEPPE CAIRO,ACQUI TERME,48.01
S GIUSEPPE CAIRO,ALESSANDRIA,81.919
S GIUSEPPE CAIRO,CENGIO,8.752
S GIUSEPPE CAIRO,CEVA,25.353
S GIUSEPPE CAIRO,FOSSANO,63.509
S GIUSEPPE CAIRO,MAGLIANO CRAVA MOROZZO,50.616
S GIUSEPPE CAIRO,MONDOVI,44.524
S GIUSEPPE CAIRO,SAVONA,20.293
S GIUSEPPE CAIRO,TORINO PORTA NUOVA,126.95
S GIUSTINA CESIO,BELLUNO,16.333
S ILARIO D ENZA,BOLOGNA CENTRALE,79.529
S LORENZO MAGGIORE,CASERTA,45.504
S LORENZO MAGGIORE,NAPOLI CENTRALE,79.645
S MARCELLINO FRIGNANO,NAPOLI CENTRALE,24.0
S MARCO ROGGIANO,PAOLA,46.198
S MARCO ROGGIANO,SIBARI,29.37
S MARGHERITA LIGURE PORTOFINO,CHIUSI CHIANCIANO TERME,328.811
S MARGHERITA LIGURE PORTOFINO,GENOVA BRIGNOLE,24.276
S MARGHERITA LIGURE PORTOFINO,GENOVA VOLTRI,41.198
S MARGHERITA LIGURE PORTOFINO,LA SPEZIA CENTRALE,59.766
S MARGHERITA LIGURE PORTOFINO,ORBETELLO MONTE ARGENTARIO,316.835
S MARGHERITA LIGURE PORTOFINO,ROMA OSTIENSE,456.949
S MARGHERITA LIGURE PORTOFINO,SAVONA,69.233
S MARGHERITA LIGURE PORTOFINO,SESTRI LEVANTE,18.3
S MARGHERITA LIGURE PORTOFINO,VENEZIA S LUCIA,385.47
S MARIA CAPUA VETERE,NAPOLI CAMPI FLEGREI,50.977
S MARIA CAPUA VETERE,NAPOLI CENTRALE,40.418
S MARIA LA BRUNA,NAPOLI CAMPI FLEGREI,25.455
S MARIA LA BRUNA,NAPOLI CENTRALE,16.726
S MARIA LA BRUNA,NAPOLI GIANTURCO,15.601
S MARIA LA BRUNA,NAPOLI S GIOVANNI BARRA,12.02
S MARIA LA BRUNA,NOCERA INFERIORE,19.749
S MARIA LA BRUNA,ROMA TERMINI,228.498
S MARIA LA BRUNA,SALERNO,34.56
S MARIA LA BRUNA,VILLA LITERNO,48.15
S MAURIZIO CANAVESE,ALBA,88.167
S MAURIZIO CANAVESE,CARMAGNOLA,50.232
S MAURIZIO CANAVESE,FOSSANO,85.274
S NICOLO,RIMINI,266.953
S PAOLO,SIRACUSA,40.47
S PIERO A SIEVE,BORGO S LORENZO,4.762
S PIERO A SIEVE,FIRENZE CAMPO MARTE,28.391
S PIERO A SIEVE,FIRENZE S MARIA NOVELLA,29.568
S PIETRO A VICO,AULLA LUNIGIANA,83.548
S PIETRO A VICO,CASTELNUOVO GARFAGNANA,39.691
S PIETRO A VICO,LUCCA,5.233
S PIETRO A VICO,MINUCCIANO PIEVE CASOLA,60.484
S PIETRO A VICO,PIAZZA AL SERCHIO,52.15
S PIETRO A VICO,PISA CENTRALE,28.312
S PIETRO BERBENNO,LECCO,68.947
S PIETRO BERBENNO,SONDRIO,10.497
S PIETRO IN CASALE,BOLOGNA CENTRALE,23.879
S PIETRO IN CASALE,CASTEL S PIETRO TERME,46.41
S PIETRO IN CASALE,CASTELMAGGIORE,13.932
S PIETRO IN CASALE,FERRARA,22.951
S PIETRO IN CASALE,IMOLA,57.432
S PIETRO IN CASALE,PADOVA,98.696
S PIETRO IN CASALE,RIMINI,134.418
S PIETRO IN CASALE,ROVIGO,54.947
S PIETRO IN CASALE,VENEZIA MESTRE,127.195
S PIETRO IN CASALE,VENEZIA S LUCIA,135.629
S PIETRO IN GU,TREVISO CENTRALE,46.866
S PIETRO IN GU,VICENZA,13.194
S ROMANO MONTOPOLI S CROCE,CAMPIGLIA MARITTIMA,117.184
S ROMANO MONTOPOLI S CROCE,FIRENZE S MARIA NOVELLA,46.083
S ROMANO MONTOPOLI S CROCE,PISA CENTRALE,31.528
S ROMANO MONTOPOLI S CROCE,VIAREGGIO,53.74
S SEVERA,CIVITAVECCHIA,18.366
S SEVERA,GROSSETO,125.332
S SEVERA,MILANO CENTRALE,550.52
S SEVERA,MONTALTO CASTRO,53.629
S SEVERA,PISA CENTRALE,270.096
S SEVERA,ROMA OSTIENSE,52.503
S SEVERA,ROMA TERMINI,59.195
S SEVERO,BARI CENTRALE,151.037
S SEVERO,BARI S SPIRITO,139.495
S SEVERO,BARLETTA,96.34
S SEVERO,BOLOGNA CENTRALE,495.076
S SEVERO,FASANO,205.41
S SEVERO,FOGGIA,28.448
S SEVERO,INCORONATA,38.73
S SEVERO,LECCE,300.324
S SEVERO,MILANO CENTRALE,709.778
S SEVERO,TARANTO,251.054
S STEFANO CAMASTRA MISTRETTA,MESSINA CENTRALE,125.751
S STEFANO MAGRA,FIRENZE S MARIA NOVELLA,146.094
S STEFANO MAGRA,GENOVA BRIGNOLE,95.85
S STEFANO MAGRA,LA SPEZIA CENTRALE,11.808
S STEFANO MAGRA,LIVORNO CENTRALE,86.425
S STEFANO MAGRA,MASSA CENTRO,26.09
S STEFANO MAGRA,MILANO PORTA GARIBALDI,213.831
S STEFANO MAGRA,PARMA,107.623
S STEFANO MAGRA,PISA CENTRALE,68.483
S STEFANO MAGRA,PONTREMOLI,29.045
S STEFANO MAGRA,SARZANA,8.866
S STINO LIVENZA,VENEZIA S LUCIA,95.193
S TERESA RIVA,CATANIA CENTRALE,62.578
S TERESA RIVA,MESSINA CENTRALE,32.193
S TERESA RIVA,SIRACUSA,145.532
S VINCENZO,FIRENZE S MARIA NOVELLA,152.666
S VINCENZO,GROSSETO,69.709
S VINCENZO,LIVORNO CENTRALE,57.932
S VINCENZO,PISA CENTRALE,75.055
S VINCENZO,ROMA TERMINI,254.236
S VITO AL TAGLIAMENTO,CASARSA,5.125
S VITO AL TAGLIAMENTO,PORTOGRUARO CAORLE,15.991
S VITO AL TAGLIAMENTO,UDINE,38.786
S VITO LANCIANO,GIULIANOVA,65.782
S VITO LANCIANO,PESCARA,28.168
S VITO LANCIANO,TERAMO,90.859
S VITTORIA,CIRIE,80.108
S VITTORIA,GERMAGNANO,92.471
S VITTORIA,TORINO STURA,64.129
S ZENO FOLZANO,BERGAMO,54.388
S ZENO FOLZANO,CASALMAGGIORE,61.856
S ZENO FOLZANO,CREMONA,44.535
S ZENO FOLZANO,OLMENETA,33.704
S ZENO FOLZANO,PARMA,85.481
S ZENO FOLZANO,PIADENA,45.743
S ZENO FOLZANO,TORRILE S POLO,75.356
SACILE,AVIANO,16.112
SACILE,BASILIANO,50.242
SACILE,BUDOIA POLCENIGO,10.419
SACILE,CASARSA,27.951
SACILE,CONEGLIANO,17.1
SACILE,GEMONA DEL FRIULI,89.811
SACILE,GORIZIA CENTRALE,94.474
SACILE,MANIAGO,32.217
SACILE,MONFALCONE,106.364
SACILE,MONTEREALE VALCELLINA,27.231
SACILE,OSOPPO,94.584
SACILE,SPRESIANO,30.227
SACILE,TREVISO CENTRALE,44.053
SACILE,TRIESTE CENTRALE,133.62
SACILE,UDINE,61.612
SACILE,VENEZIA MESTRE,64.961
SACILE,VENEZIA S LUCIA,73.395
SALBERTRAND,AVIGLIANA,45.073
SALBERTRAND,BUSSOLENO,23.643
SALBERTRAND,TORINO PORTA NUOVA,69.177
SALE MARASINO,ISEO,8.641
SALEMI GIBELLINA,CASTELVETRANO,16.023
SALEMI GIBELLINA,MARSALA,59.729
SALEMI GIBELLINA,PALERMO CENTRALE,103.823
SALEMI GIBELLINA,TRAPANI,90.386
SALERNO,AGROPOLI CASTELLABATE,49.389
SALERNO,ALESSANDRIA,816.739
SALERNO,ANGRI,19.958
SALERNO,ARBOSTELLA,4.599
SALERNO,ARECHI,5.663
SALERNO,ARQUATA SCRIVIA,783.683
SALERNO,ASTI,851.035
SALERNO,AVERSA,68.375
SALERNO,BARAGIANO RUOTI,81.908
SALERNO,BARONISSI,12.206
SALERNO,BATTIPAGLIA,19.703
SALERNO,BELLA MURO,79.51
SALERNO,BIVIO NOLA,45.649
SALERNO,BIVIO SARNO,15.677
SALERNO,BOLOGNA CENTRALE,604.441
SALERNO,BOLOGNA CENTRALE/AV,604.428
SALERNO,BOLZANO,861.061
SALERNO,BUCCINO S GREGORIO MAGNO,58.135
SALERNO,CAMOGLI S FRUTTUOSO,726.055
SALERNO,CAMPAGNA SERRE PERSANO,31.908
SALERNO,CANCELLO,49.831
SALERNO,CAPACCIO ROCCADASPIDE,37.382
SALERNO,CAPO BONIFATI,189.537
SALERNO,CASERTA,61.618
SALERNO,CASTEL S GIORGIO ROCCAPIEMONTE,21.52
SALERNO,CAVA DEI TIRRENI,8.466
SALERNO,CECINA,535.815
SALERNO,CETRARO,197.598
SALERNO,CHIVASSO,897.865
SALERNO,CIVITAVECCHIA,334.901
SALERNO,CODOLA,19.006
SALERNO,CONTURSI TERME,44.212
SALERNO,COSENZA,242.59
SALERNO,DIAMANTE BUONVICINO,175.364
SALERNO,EBOLI,25.942
SALERNO,EMPOLI,543.5
SALERNO,FIDENZA,716.833
SALERNO,FIRENZE CAMPO MARTE,510.877
SALERNO,FIRENZE S MARIA NOVELLA,514.842
SALERNO,FISCIANO,13.953
SALERNO,FONDI SPERLONGA,153.442
SALERNO,FORMIA GAETA,134.635
SALERNO,FRATTE,3.42
SALERNO,GENOVA BRIGNOLE,745.257
SALERNO,LATINA,202.04
SALERNO,LODI,787.764
SALERNO,MERCATELLO,3.438
SALERNO,MERCATO S SEVERINO,17.627
SALERNO,MILANO CENTRALE,819.122
SALERNO,MILANO PORTA GARIBALDI,821.012
SALERNO,MODENA,641.36
SALERNO,MONCALIERI,898.804
SALERNO,MONTORO FORINO,22.081
SALERNO,NAPOLI CAMPI FLEGREI,60.015
SALERNO,NAPOLI CENTRALE,51.286
SALERNO,NAPOLI GIANTURCO,50.161
SALERNO,NAPOLI MERGELLINA,57.571
SALERNO,NAPOLI MONTESANTO,54.413
SALERNO,NAPOLI PIAZZA AMEDEO,55.913
SALERNO,NAPOLI PIAZZA LEOPARDI,59.565
SALERNO,NAPOLI S GIOVANNI BARRA,46.58
SALERNO,NOCERA INFERIORE,14.811
SALERNO,NOLA,37.575
SALERNO,NOVARA,866.236
SALERNO,ORTE,335.368
SALERNO,PAGANI,16.442
SALERNO,PALMA S GENNARO,30.847
SALERNO,PAOLA,216.704
SALERNO,PELLEZZANO,9.456
SALERNO,PIACENZA,751.902
SALERNO,PICERNO,93.891
SALERNO,PISA CENTRALE,586.631
SALERNO,PISCIOTTA PALINURO,89.122
SALERNO,PONTECAGNANO,9.616
SALERNO,PORTICI ERCOLANO,43.208
SALERNO,POTENZA CENTRALE,110.968
SALERNO,PRIVERNO FOSSANOVA,177.667
SALERNO,ROMA AURELIA,274.369
SALERNO,ROMA OSTIENSE,264.032
SALERNO,ROMA S PIETRO,268.87
SALERNO,ROMA TERMINI,259.787
SALERNO,S MARIA LA BRUNA,34.56
SALERNO,SALERNO IRNO,1.407
SALERNO,SAPRI,124.492
SALERNO,SARNO,22.206
SALERNO,SCAFATI,24.376
SALERNO,SCALEA S DOMENICA TALAO,159.872
SALERNO,SECUGNAGO,775.854
SALERNO,SESTRI LEVANTE,702.681
SALERNO,SICIGNANO DEGLI ALBURNI,50.513
SALERNO,SIRACUSA,566.53
SALERNO,TARANTO,261.293
SALERNO,TERNI,362.894
SALERNO,TITO,100.682
SALERNO,TORINO LINGOTTO,902.496
SALERNO,TORINO PORTA NUOVA,906.814
SALERNO,TORINO STURA,914.205
SALERNO,TORRE ANNUNZIATA CENTRALE,29.375
SALERNO,TORRE ANNUNZIATA CITTA,30.899
SALERNO,TORRE DEL GRECO,39.735
SALERNO,TROFARELLO,893.784
SALERNO,VADA,541.742
SALERNO,VALLE MERCATO S SEVERINO,20.998
SALERNO,VENEZIA MESTRE,755.193
SALERNO,VENEZIA S LUCIA,763.627
SALERNO,VERCELLI,875.435
SALERNO,VIETRI SUL MARE AMALFI,4.596
SALERNO,VILLA LITERNO,82.71
SALETTO,LEGNAGO,19.7
SALETTO,MANTOVA,65.591
SALETTO,MANTOVA FRASSINE,59.28
SALETTO,MONSELICE,18.247
SALINE REGGIO,CATANZARO LIDO,154.541
SALINE REGGIO,REGGIO CALABRIA CENTRALE,23.009
SALINE REGGIO,ROSARNO,83.51
SALINE REGGIO,VILLA S GIOVANNI,37.097
SALSOMAGGIORE TERME,FIDENZA,9.03
SALSOMAGGIORE TERME,PARMA,31.043
SALUSSOLA,SANTHIA,11.166
SALUZZO,SAVIGLIANO,14.88
SAMASSI SERRENTI,CAGLIARI,37.214
SAMPIERI,SIRACUSA,71.713
SANGUINETTO,MONSELICE,50.779
SANNAZZARO,ALESSANDRIA,41.785
SANNAZZARO,PAVIA,21.445
SANTARCANGELO ROMAGNA,BOLOGNA CENTRALE,101.318
SANTARCANGELO ROMAGNA,CATTOLICA S GIOVANNI GABICCE,28.048
SANTARCANGELO ROMAGNA,FAENZA,52.211
SANTARCANGELO ROMAGNA,IMOLA,67.217
SANTARCANGELO ROMAGNA,PIACENZA,248.792
SANTARCANGELO ROMAGNA,RIMINI,9.769
SANTHIA,BIELLA S PAOLO,26.724
SANTHIA,CHIVASSO,30.682
SANTHIA,IVREA,63.142
SANTHIA,MILANO CENTRALE,92.987
SANTHIA,MILANO PORTA GARIBALDI,89.21
SANTHIA,NOVARA,41.007
SANTHIA,SALUSSOLA,11.166
SANTHIA,TORINO LINGOTTO,59.864
SANTHIA,TORINO PORTA NUOVA,59.049
SANTHIA,VERCELLI,19.121
SAPRI,AGROPOLI CASTELLABATE,75.103
SAPRI,ASCEA,44.092
SAPRI,BATTIPAGLIA,104.789
SAPRI,CAPACCIO ROCCADASPIDE,87.11
SAPRI,CAPO BONIFATI,65.045
SAPRI,CASTIGLIONE COSENTINO,113.763
SAPRI,CATANIA CENTRALE,359.084
SAPRI,CELLE BULGHERIA ROCCAGLORIOSA,21.445
SAPRI,CETRARO,73.106
SAPRI,COSENZA,118.098
SAPRI,DIAMANTE BUONVICINO,50.872
SAPRI,FUSCALDO,86.315
SAPRI,LAMEZIA TERME CENTRALE,149.082
SAPRI,MARATEA,12.315
SAPRI,MARCELLINA VERBICARO ORSOMARSO,40.512
SAPRI,MESSINA CENTRALE,264.313
SAPRI,MILANO CENTRALE,943.614
SAPRI,NAPOLI CAMPI FLEGREI,184.507
SAPRI,NAPOLI CENTRALE,175.778
SAPRI,NAPOLI S GIOVANNI BARRA,171.072
SAPRI,NOCERA INFERIORE,139.303
SAPRI,PALERMO CENTRALE,487.485
SAPRI,PAOLA,92.212
SAPRI,PISCIOTTA PALINURO,35.37
SAPRI,POLICASTRO BUSSENTINO,8.748
SAPRI,PONTECAGNANO,114.876
SAPRI,PRAJA AJETA TORTORA,24.492
SAPRI,REGGIO CALABRIA CENTRALE,269.401
SAPRI,ROMA TERMINI,384.279
SAPRI,SALERNO,124.492
SAPRI,SCALEA S DOMENICA TALAO,35.38
SAPRI,SIRACUSA,442.038
SAPRI,TORRE ANNUNZIATA CENTRALE,153.867
SAPRI,VALLO DELLA LUCANIA CASTELNUOVO,54.72
SAPRI,VILLA S GIOVANNI,255.313
SARNO,BATTIPAGLIA,41.909
SARNO,CANCELLO,27.625
SARNO,CASERTA,39.412
SARNO,PALMA S GENNARO,8.641
SARNO,SALERNO,22.206
SARONNO,ALBAIRATE VERMEZZO,51.018
SARONNO,BOLLATE CENTRO,11.685
SARONNO,BOLLATE NORD,10.3
SARONNO,CESANO MADERNO,10.003
SARONNO,CESATE,4.749
SARONNO,COMO LAGO,24.931
SARONNO,DESIO,18.164
SARONNO,FINALE LIGURE MARINA,214.777
SARONNO,GARBAGNATE MILANESE,6.369
SARONNO,LODI,54.633
SARONNO,MALPENSA AEROPORTO T1,27.303
SARONNO,MELEGNANO,39.406
SARONNO,MILANO BOVISA,16.992
SARONNO,MILANO CADORNA,21.157
SARONNO,MILANO CENTRALE,29.438
SARONNO,MILANO CERTOSA,22.485
SARONNO,MILANO FORLANINI,26.145
SARONNO,MILANO GRECO PIRELLI,27.92
SARONNO,MILANO LAMBRATE,28.55
SARONNO,MILANO LANCETTI,18.903
SARONNO,MILANO PORTA GARIBALDI,24.674
SARONNO,MILANO PORTA VITTORIA,24.729
SARONNO,MILANO QUARTO OGGIARO,14.818
SARONNO,MILANO ROGOREDO,28.567
SARONNO,MILANO S CRISTOFORO,36.558
SARONNO,MONZA,24.666
SARONNO,NOVARA NORD,40.019
SARONNO,NOVATE MILANESE,12.995
SARONNO,SARONNO SUD,1.851
SARONNO,SEREGNO,15.002
SARONNO,SESTO S GIOVANNI,29.546
SARONNO,TAGGIA ARMA,272.596
SARONNO,TAVAZZANO,46.909
SARZANA,BORGO VAL TARO,55.841
SARZANA,COGOLETO,126.256
SARZANA,CORNIGLIA,24.384
SARZANA,FIRENZE CAMPO MARTE,139.301
SARZANA,FIRENZE RIFREDI,134.461
SARZANA,FIRENZE S MARIA NOVELLA,137.228
SARZANA,GENOVA BRIGNOLE,99.009
SARZANA,GENOVA VOLTRI,115.931
SARZANA,LA SPEZIA CENTRALE,14.967
SARZANA,LA SPEZIA MIGLIARINA,12.166
SARZANA,LEVANTO,35.149
SARZANA,MILANO CENTRALE,220.807
SARZANA,MILANO ROGOREDO,211.221
SARZANA,MONTEROSSO,30.84
SARZANA,PISA CENTRALE,59.617
SARZANA,RECCO,81.529
SARZANA,S ROMANO MONTOPOLI S CROCE,91.145
SARZANA,SAVONA,143.966
SARZANA,SESTRI LEVANTE,56.433
SARZANA,VIAREGGIO,37.405
SASSA TORNIMPARTE,TERNI,95.295
SASSARI,ARDARA,36.309
SASSARI,BERCHIDDA,78.584
SASSARI,CAGLIARI,250.523
SASSARI,DECIMOMANNU,234.282
SASSARI,GOLFO ARANCI,138.358
SASSARI,MACOMER,97.786
SASSARI,MONTI TELTI,94.918
SASSARI,OLBIA,117.094
SASSARI,OLBIA TERRANOVA,116.694
SASSARI,ORISTANO,157.493
SASSARI,OZIERI CHILIVANI,46.588
SASSARI,PLOAGHE,27.047
SASSARI,PORTO TORRES,18.763
SASSARI,PORTO TORRES MARITTIMA,19.342
SASSARI,S GAVINO,200.902
SASSARI,SCALA GIOCCA,13.828
SASSARI,TORRALBA,65.62
SASSARI,URAS MOGORO,183.092
SASSO MARCONI,BOLOGNA CENTRALE,19.021
SASSO MARCONI,BOLOGNA S RUFFILLO,25.395
SASSO MARCONI,PIANORO,35.183
SASSUOLO RADICI,CASALGRANDE,6.269
SASSUOLO RADICI,REGGIO EMILIA,22.494
SASSUOLO RADICI,SCANDIANO,10.031
SASSUOLO TERMINAL,FORMIGINE,6.112
SASSUOLO TERMINAL,MODENA,19.303
SASSUOLO TERMINAL,MODENA PIAZZA MANZONI,15.857
SAVIGLIANO,SALUZZO,14.88
SAVONA,ACQUI TERME,68.303
SAVONA,ALASSIO,43.484
SAVONA,ALBENGA,37.351
SAVONA,ALBISOLA,5.193
SAVONA,ALESSANDRIA,102.212
SAVONA,ALTARE,17.222
SAVONA,ANDORA,49.58
SAVONA,ARENZANO,20.848
SAVONA,ARQUATA SCRIVIA,72.689
SAVONA,ASTI,113.768
SAVONA,BARI CENTRALE,965.385
SAVONA,BOGLIASCO,55.337
SAVONA,CAIRO MONTENOTTE,23.008
SAVONA,CAMOGLI S FRUTTUOSO,64.159
SAVONA,CARMAGNOLA,118.844
SAVONA,CASSINE,81.178
SAVONA,CAVALLERMAGGIORE,102.715
SAVONA,CENGIO,29.045
SAVONA,CEVA,45.646
SAVONA,CHIAVARI,80.069
SAVONA,COGOLETO,17.71
SAVONA,DEIVA MARINA,99.506
SAVONA,FINALE LIGURE MARINA,19.345
SAVONA,FORTE DEI MARMI SERAVEZZA QUERCETA,168.362
SAVONA,FOSSANO,83.802
SAVONA,GALLARATE,204.435
SAVONA,GENOVA BRIGNOLE,44.957
SAVONA,GENOVA NERVI,53.206
SAVONA,GENOVA PIAZZA PRINCIPE,42.318
SAVONA,GENOVA QUARTO DEI MILLE,49.526
SAVONA,GENOVA SESTRI PONENTE AEROPORTO,35.753
SAVONA,GENOVA STURLA,47.966
SAVONA,GENOVA VOLTRI,28.035
SAVONA,IMPERIA,61.188
SAVONA,LA SPEZIA CENTRALE,128.999
SAVONA,LEVANTO,108.817
SAVONA,LOANO,28.341
SAVONA,MILANO CENTRALE,176.451
SAVONA,MILANO LAMBRATE,172.653
SAVONA,MILANO ROGOREDO,166.865
SAVONA,MONDOVI,64.817
SAVONA,MONTECHIARO DENICE,51.018
SAVONA,MONTEROSSO,113.126
SAVONA,PAVIA,138.262
SAVONA,PIETRA LIGURE,25.155
SAVONA,PIETRASANTA,171.815
SAVONA,PISA CENTRALE,203.583
SAVONA,PONTI,55.179
SAVONA,RECCO,62.437
SAVONA,REGGIO CALABRIA CENTRALE,1184.107
SAVONA,RIVA TRIGOSO,90.458
SAVONA,ROMA TERMINI,532.874
SAVONA,S GIUSEPPE CAIRO,20.293
SAVONA,S MARGHERITA LIGURE PORTOFINO,69.233
SAVONA,SANTUARIO,6.05
SAVONA,SARZANA,143.966
SAVONA,SAVIGLIANO,95.959
SAVONA,SESTRI LEVANTE,87.533
SAVONA,SPIGNO,42.801
SAVONA,STREVI,74.404
SAVONA,TAGGIA ARMA,77.164
SAVONA,TORINO LINGOTTO,142.925
SAVONA,TORINO PORTA NUOVA,147.243
SAVONA,VALLECROSIA,97.375
SAVONA,VARAZZE,10.453
SAVONA,VENTIMIGLIA,99.537
SAVONA,VIAREGGIO,181.371
SAVONA,VOGHERA,113.403
SAVONA PARCO DORIA,ROMA TIBURTINA,535.009
SCAFA S VALENTINO CARAMANICO TERME,GIULIANOVA,69.399
SCAFA S VALENTINO CARAMANICO TERME,PESCARA,31.785
SCAFA S VALENTINO CARAMANICO TERME,TERAMO,94.476
SCALEA S DOMENICA TALAO,PAOLA,56.832
SCANDIANO,REGGIO EMILIA,12.463
SCANDIANO,SASSUOLO RADICI,10.031
SCARLINO,GROSSETO,35.039
SCHIO,CAVAZZALE,23.428
SCHIO,DUEVILLE,18.489
SCHIO,THIENE,9.468
SCHIO,VENEZIA MESTRE,89.953
SCHIO,VICENZA,31.184
SCHIVENOGLIA,FERRARA,51.804
SCORDIA,CALTAGIRONE,52.654
SCORDIA,CATANIA CENTRALE,36.508
SECUGNAGO,MANTOVA,101.373
SECUGNAGO,MILANO GRECO PIRELLI,47.644
SEDICO BRIBANO,PADOVA,99.512
SELLA CORNO,TERNI,84.009
SENIGALLIA,ANCONA,25.838
SENIGALLIA,FABRIANO,78.705
SENIGALLIA,LECCE,617.197
SENIGALLIA,PARMA,268.595
SENIGALLIA,PESARO,33.736
SENIGALLIA,PESCARA,171.811
SENIGALLIA,PIACENZA,325.677
SENIGALLIA,RIMINI,67.116
SENIGALLIA,S BENEDETTO DEL TRONTO,110.331
SEREGNO,ALBAIRATE VERMEZZO,49.413
SEREGNO,CARIMATE,10.166
SEREGNO,COMO S GIOVANNI,25.021
SEREGNO,LA SPEZIA CENTRALE,242.086
SEREGNO,MILANO CENTRALE,21.606
SEREGNO,MILANO CERTOSA,25.263
SEREGNO,MILANO GRECO PIRELLI,18.255
SEREGNO,MILANO LAMBRATE,22.135
SEREGNO,MILANO PORTA GARIBALDI,22.239
SEREGNO,MILANO ROGOREDO,27.923
SEREGNO,MILANO S CRISTOFORO,34.953
SEREGNO,MONZA,9.664
SEREGNO,RHO,33.086
SEREGNO,SARONNO,15.002
SEREGNO,SESTO S GIOVANNI,14.544
SERIATE,BERGAMO,4.159
SERIATE,BRESCIA,44.568
SERIATE,ROVATO,27.553
SERMIDE,BONDENO,14.493
SERMIDE,FERRARA,32.571
SERMIDE,LAVEZZOLA,73.195
SERMIDE,PEGOGNAGA,40.478
SERMIDE,POGGIO RUSCO,14.654
SERMIDE,QUISTELLO,26.691
SERMIDE,RIMINI,155.031
SERMIDE,S BENEDETTO PO,33.193
SERMIDE,SCHIVENOGLIA,19.233
SERMIDE,SUZZARA,48.829
SERMIDE,VIGARANO PIEVE,23.808
SERRA S QUIRICO,ANCONA,47.715
SERRAMANNA NURAMINIS,CAGLIARI,30.709
SERRAMANNA NURAMINIS,S GAVINO,18.912
SESSA AURUNCA ROCCAMONFINA,FORMIA GAETA,25.033
SESSA AURUNCA ROCCAMONFINA,NAPOLI CENTRALE,60.448
SESSA AURUNCA ROCCAMONFINA,ROMA TERMINI,153.456
SESTO CALENDE,ARONA,8.633
SESTO CALENDE,BUSTO ARSIZIO,24.096
SESTO CALENDE,DOMODOSSOLA,64.191
SESTO CALENDE,MILANO CENTRALE,59.455
SESTO CALENDE,MILANO CERTOSA,50.929
SESTO CALENDE,MILANO PORTA GARIBALDI,55.678
SESTO S GIOVANNI,ALBAIRATE VERMEZZO,34.869
SESTO S GIOVANNI,BERGAMO,42.345
SESTO S GIOVANNI,CALOLZIOCORTE OLGINATE,34.787
SESTO S GIOVANNI,CAMNAGO LENTATE,20.848
SESTO S GIOVANNI,CARIMATE,24.71
SESTO S GIOVANNI,CARNATE USMATE,16.683
SESTO S GIOVANNI,COLICO,80.653
SESTO S GIOVANNI,COMO S GIOVANNI,39.565
SESTO S GIOVANNI,LECCO,41.674
SESTO S GIOVANNI,MILANO PORTA GARIBALDI,7.695
SESTO S GIOVANNI,MILANO ROGOREDO,13.379
SESTO S GIOVANNI,MILANO S CRISTOFORO,20.409
SESTO S GIOVANNI,MONZA,4.88
SESTO S GIOVANNI,PADERNO ROBBIATE,22.757
SESTO S GIOVANNI,PIACENZA,72.846
SESTO S GIOVANNI,PONTE S PIETRO,34.603
SESTO S GIOVANNI,RHO,18.542
SESTO S GIOVANNI,SARONNO,29.546
SESTO S GIOVANNI,SEREGNO,14.544
SESTO S GIOVANNI,SONDRIO,121.118
SESTO S GIOVANNI,TIRANO,147.075
SESTO S GIOVANNI,TRIUGGIO PONTE ALBIATE,16.544
SESTO S GIOVANNI,VARESE,58.256
SESTO S GIOVANNI,VILLASANTA PARCO,8.791
SESTRI LEVANTE,ALASSIO,131.017
SESTRI LEVANTE,ALBENGA,124.884
SESTRI LEVANTE,ARENZANO,66.685
SESTRI LEVANTE,AREZZO,260.507
SESTRI LEVANTE,AVERSA,634.306
SESTRI LEVANTE,BORDIGHERA,182.311
SESTRI LEVANTE,CECINA,166.866
SESTRI LEVANTE,CHIAVARI,7.464
SESTRI LEVANTE,CISTERNA LATINA,489.403
SESTRI LEVANTE,CIVITAVECCHIA,367.78
SESTRI LEVANTE,COGOLETO,69.823
SESTRI LEVANTE,CORNIGLIA,32.049
SESTRI LEVANTE,DEIVA MARINA,11.973
SESTRI LEVANTE,FINALE LIGURE MARINA,106.878
SESTRI LEVANTE,FOLLONICA,218.908
SESTRI LEVANTE,FORMIA GAETA,568.046
SESTRI LEVANTE,GENOVA BRIGNOLE,42.576
SESTRI LEVANTE,GENOVA NERVI,34.327
SESTRI LEVANTE,GENOVA PIAZZA PRINCIPE,45.215
SESTRI LEVANTE,GENOVA QUARTO DEI MILLE,38.007
SESTRI LEVANTE,GENOVA SAMPIERDARENA,48.284
SESTRI LEVANTE,GENOVA SESTRI PONENTE AEROPORTO,51.78
SESTRI LEVANTE,GENOVA VOLTRI,59.498
SESTRI LEVANTE,LA SPEZIA CENTRALE,41.466
SESTRI LEVANTE,LA SPEZIA MIGLIARINA,44.267
SESTRI LEVANTE,LATINA,500.641
SESTRI LEVANTE,LAVAGNA,5.262
SESTRI LEVANTE,LEVANTO,21.284
SESTRI LEVANTE,LIVORNO CENTRALE,133.992
SESTRI LEVANTE,MANAROLA,34.016
SESTRI LEVANTE,MILANO CENTRALE,184.764
SESTRI LEVANTE,MILANO LAMBRATE,180.966
SESTRI LEVANTE,MILANO ROGOREDO,175.178
SESTRI LEVANTE,MONEGLIA,8.162
SESTRI LEVANTE,MONTEROSSO,25.593
SESTRI LEVANTE,NAPOLI CENTRALE,653.527
SESTRI LEVANTE,PARMA,160.897
SESTRI LEVANTE,PIEVE LIGURE,30.032
SESTRI LEVANTE,PISA CENTRALE,116.05
SESTRI LEVANTE,POMEZIA S PALOMBA,463.573
SESTRI LEVANTE,PONTREMOLI,82.319
SESTRI LEVANTE,PRIVERNO FOSSANOVA,525.014
SESTRI LEVANTE,RECCO,25.096
SESTRI LEVANTE,ROMA OSTIENSE,438.649
SESTRI LEVANTE,ROMA TERMINI,445.341
SESTRI LEVANTE,RONCO SCRIVIA,70.518
SESTRI LEVANTE,S MARGHERITA LIGURE PORTOFINO,18.3
SESTRI LEVANTE,SARZANA,56.433
SESTRI LEVANTE,SAVONA,87.533
SESTRI LEVANTE,TAGGIA ARMA,164.697
SESTRI LEVANTE,TARVISIO BOSCOVERDE,565.249
SESTRI LEVANTE,TORTONA,105.513
SESTRI LEVANTE,VARAZZE,77.08
SESTRI LEVANTE,VENTIMIGLIA,187.07
SESTRI LEVANTE,VEZZANO LIGURE,49.032
SESTRI LEVANTE,VILLA LITERNO,619.971
SESTRI LEVANTE,VOGHERA,121.716
SEVESO,CAMNAGO LENTATE,13.267
SEVESO,CORMANO CUSANO MILANINO,11.981
SEVESO,MARIANO COMENSE,6.154
SEVESO,MILANO BOVISA,17.043
SEVESO,MILANO BRUZZANO PARCO NORD,13.363
SEVESO,MILANO CADORNA,21.208
SEVESO,MILANO LANCETTI,18.954
SEVESO,MILANO ROGOREDO,28.618
SEVESO,VAREDO,6.114
SEZZADIO,ALESSANDRIA,15.268
SIBARI,BARI CENTRALE,216.131
SIBARI,BOLZANO,1083.769
SIBARI,BOTRICELLO,147.669
SIBARI,CALOPEZZATI,42.703
SIBARI,CARIATI,57.667
SIBARI,CASTIGLIONE COSENTINO,59.545
SIBARI,CATANZARO LIDO,172.387
SIBARI,CIRO,80.654
SIBARI,CORIGLIANO CALABRO,14.706
SIBARI,COSENZA,63.88
SIBARI,CROPANI,151.71
SIBARI,CROTONE,112.729
SIBARI,CRUCOLI,67.113
SIBARI,CUTRO,129.488
SIBARI,LAMEZIA TERME CENTRALE,129.227
SIBARI,MANDATORICCIO CAMPANA,51.626
SIBARI,METAPONTO,79.02
SIBARI,MIRTO CROSIA,37.878
SIBARI,MONGRASSANO CERVICATI,37.85
SIBARI,PAOLA,75.568
SIBARI,PM MONTALTO ROSE,53.762
SIBARI,REGGIO CALABRIA CENTRALE,249.546
SIBARI,ROCCABERNARDA,143.825
SIBARI,ROMA TERMINI,552.059
SIBARI,ROSSANO,25.979
SIBARI,S MARCO ROGGIANO,29.37
SIBARI,SIMERI CRICHI,161.209
SIBARI,SPEZZANO ALBANESE TERME,16.042
SIBARI,STRONGOLI,96.583
SIBARI,TARANTO,122.237
SIBARI,TORANO LATTARICO,43.04
SIBARI,TORRE MELISSA,87.95
SIBARI,TREBISACCE,14.536
SIBARI,TRENTO,1028.33
SIBARI,VERONA PORTA NUOVA,941.988
SIBARI,VILLA S GIOVANNI,235.458
SICIGNANO DEGLI ALBURNI,BATTIPAGLIA,30.81
SICIGNANO DEGLI ALBURNI,NAPOLI CENTRALE,101.799
SICIGNANO DEGLI ALBURNI,SALERNO,50.513
SIDERNO,CATANZARO LIDO,77.211
SIDERNO,LAMEZIA TERME CENTRALE,120.371
SIDERNO,REGGIO CALABRIA CENTRALE,100.339
SIDERNO,ROCCELLA JONICA,11.26
SIENA,ARBIA,9.714
SIENA,ASCIANO,31.671
SIENA,BARBERINO VAL D ELSA,29.798
SIENA,BIVIO/PC SAMMINIATELLO,70.906
SIENA,BUONCONVENTO,28.781
SIENA,CASTELFIORENTINO,46.761
SIENA,CASTELLINA IN CHIANTI MONTERIGGIONI,14.233
SIENA,CASTELNUOVO BERARDENGA,16.632
SIENA,CERTALDO,38.152
SIENA,CHIUSI CHIANCIANO TERME,88.996
SIENA,EMPOLI,63.01
SIENA,FIRENZE RIFREDI,90.793
SIENA,FIRENZE S MARIA NOVELLA,93.56
SIENA,GRANAIOLO,52.472
SIENA,GROSSETO,100.642
SIENA,MONTE ANTICO,55.849
SIENA,MONTELUPO CAPRAIA,69.229
SIENA,MONTEPESCALI,88.876
SIENA,MONTEPULCIANO,70.177
SIENA,MONTERONI D ARBIA,16.228
SIENA,POGGIBONSI S GIMIGNANO,25.141
SIENA,PONTE A ELSA,58.301
SIENA,RAPOLANO TERME,37.954
SIENA,RIGOMAGNO,50.557
SIENA,ROCCASTRADA,72.01
SIENA,ROMA OSTIENSE,234.838
SIENA,ROMA TERMINI,231.976
SIENA,S ANGELO CINIGIANO,62.217
SIENA,SIENA ZONA INDUSTRIALE,10.618
SIENA,SINALUNGA,56.359
SIENA ZONA INDUSTRIALE,FIRENZE S MARIA NOVELLA,104.178
SILIQUA,CAGLIARI,29.724
SINALUNGA,CASTELNUOVO BERARDENGA,39.727
SINALUNGA,CHIUSI CHIANCIANO TERME,32.637
SINALUNGA,EMPOLI,119.369
SINALUNGA,SIENA,56.359
SIPICCIANO,ORTE,18.998
SIPICCIANO,VITERBO PORTA FIORENTINA,33.654
SIRACUSA,ACIREALE,96.008
SIRACUSA,ACQUAFREDDA,435.735
SIRACUSA,ALCANTARA,126.396
SIRACUSA,AUGUSTA,26.916
SIRACUSA,AVERSA,634.905
SIRACUSA,AVOLA,25.742
SIRACUSA,BATTIPAGLIA,546.827
SIRACUSA,BICOCCA,75.527
SIRACUSA,BOLOGNA CENTRALE,1170.971
SIRACUSA,BRUCOLI,33.799
SIRACUSA,CALTAGIRONE,126.338
SIRACUSA,CALTANISSETTA XIRBI,182.886
SIRACUSA,CANNIZZARO,88.771
SIRACUSA,CAPACCIO ROCCADASPIDE,529.148
SIRACUSA,CASERTA,628.148
SIRACUSA,CASSIBILE,16.654
SIRACUSA,CATANIA ACQUICELLA,80.072
SIRACUSA,CATANIA CENTRALE,82.954
SIRACUSA,COMISO,144.408
SIRACUSA,DIAMANTE BUONVICINO,391.166
SIRACUSA,DONNAFUGATA,130.771
SIRACUSA,ENNA,156.706
SIRACUSA,FIDENZA,1283.363
SIRACUSA,FIRENZE CAMPO MARTE,1077.407
SIRACUSA,FIUMEFREDDO SICILIA,120.987
SIRACUSA,FORMIA GAETA,701.165
SIRACUSA,GALATI,167.546
SIRACUSA,GELA,181.356
SIRACUSA,GENOVA BRIGNOLE,1311.787
SIRACUSA,GIAMPILIERI,162.371
SIRACUSA,GIARRE RIPOSTO,112.765
SIRACUSA,GIOIA TAURO,223.253
SIRACUSA,ISPICA,53.349
SIRACUSA,LATINA,768.57
SIRACUSA,LENTINI,54.413
SIRACUSA,LENTINI DIRAMAZIONE,60.065
SIRACUSA,LETOJANNI,135.659
SIRACUSA,LODI,1354.294
SIRACUSA,MESSINA CENTRALE,177.725
SIRACUSA,MILANO CENTRALE,1385.652
SIRACUSA,MILAZZO,206.341
SIRACUSA,MODICA,91.698
SIRACUSA,NAPOLI CAMPI FLEGREI,626.545
SIRACUSA,NAPOLI CENTRALE,617.816
SIRACUSA,NOTO,32.241
SIRACUSA,PALERMO CENTRALE,308.633
SIRACUSA,PAOLA,349.826
SIRACUSA,PIACENZA,1318.432
SIRACUSA,POMEZIA S PALOMBA,805.638
SIRACUSA,POZZALLO,61.758
SIRACUSA,PRAJA AJETA TORTORA,417.546
SIRACUSA,PRIOLO MELILLI,13.633
SIRACUSA,RAGUSA,111.243
SIRACUSA,RAGUSA IBLA,102.462
SIRACUSA,ROCCALUMERA MANDANICI,149.272
SIRACUSA,ROMA TERMINI,826.317
SIRACUSA,ROMA TIBURTINA,825.002
SIRACUSA,ROSARNO,233.138
SIRACUSA,ROSOLINI,47.739
SIRACUSA,S MARCELLINO FRIGNANO,639.684
SIRACUSA,S PAOLO,40.47
SIRACUSA,S TERESA LONGARINI,9.042
SIRACUSA,S TERESA RIVA,145.532
SIRACUSA,SALERNO,566.53
SIRACUSA,SAMPIERI,71.713
SIRACUSA,SAPRI,442.038
SIRACUSA,SCALEA S DOMENICA TALAO,406.658
SIRACUSA,SCICLI,81.99
SIRACUSA,SEZZE ROMANO,759.367
SIRACUSA,SPARAGOGNA,118.073
SIRACUSA,TAORMINA GIARDINI,130.716
SIRACUSA,TARGIA,6.596
SIRACUSA,TERMINI IMERESE,272.218
SIRACUSA,TORINO PORTA NUOVA,1473.344
SIRACUSA,TORTONA,1374.724
SIRACUSA,VALLO DELLA LUCANIA CASTELNUOVO,496.758
SIRACUSA,VENTIMIGLIA,1456.281
SIRACUSA,VILLA LITERNO,649.24
SIRACUSA,VILLA S GIOVANNI,186.725
SIRACUSA,VITTORIA,152.219
SIZZANO,NOVARA,21.332
SOLAROLO,BOLOGNA CENTRALE,47.394
SOLAROLO,RAVENNA,35.576
SOLAROLO,RIMINI,74.727
SOLARUSSA,CAGLIARI,102.797
SOLIERA MODENESE,CARPI,6.778
SOLIERA MODENESE,MANTOVA,52.395
SOLIERA MODENESE,MODENA,8.647
SOLOPACA,CASERTA,37.671
SOLOPACA,NAPOLI CENTRALE,71.812
SOMMA LOMBARDO,ARONA,18.14
SOMMA LOMBARDO,DOMODOSSOLA,73.698
SOMMA LOMBARDO,MILANO CENTRALE,49.948
SOMMA LOMBARDO,MILANO CERTOSA,41.422
SOMMA LOMBARDO,MILANO PORTA GARIBALDI,46.171
SOMMA LOMBARDO,STRESA,35.479
SOMMACAMPAGNA SONA,BRESCIA,53.741
SOMMACAMPAGNA SONA,VERONA PORTA NUOVA,10.897
SOMMARIVA DEL BOSCO,GERMAGNANO,74.981
SOMMARIVA DEL BOSCO,TORINO AEROPORTO CASELLE,56.872
SOMMARIVA DEL BOSCO,TORINO STURA,46.639
SONDRIO,ABBADIA LARIANA,72.456
SONDRIO,ARDENNO MASINO,17.523
SONDRIO,BELLANO TARTAVALLE TERME,54.597
SONDRIO,BERGAMO,112.377
SONDRIO,CALOLZIOCORTE OLGINATE,86.331
SONDRIO,CARNATE USMATE,104.435
SONDRIO,COLICO,40.465
SONDRIO,COSIO TRAONA,28.491
SONDRIO,DELEBIO,33.519
SONDRIO,DERVIO,49.953
SONDRIO,DORIO,46.844
SONDRIO,LECCO,79.444
SONDRIO,LIERNA,64.323
SONDRIO,MANDELLO DEL LARIO,70.003
SONDRIO,MILANO CENTRALE,128.18
SONDRIO,MILANO GRECO PIRELLI,124.829
SONDRIO,MILANO PORTA GARIBALDI,128.813
SONDRIO,MONZA,116.238
SONDRIO,MORBEGNO,25.07
SONDRIO,PIONA,42.906
SONDRIO,POGGIRIDENTI TRESIVIO PIATEDA,4.917
SONDRIO,PONTE IN VALTELLINA,8.416
SONDRIO,S PIETRO BERBENNO,10.497
SONDRIO,SESTO S GIOVANNI,121.118
SONDRIO,TIRANO,25.957
SONDRIO,TRESENDA APRICA TEGLIO,16.889
SONDRIO,VARENNA ESINO,57.855
SORA,AVEZZANO,49.879
SORA,CASSINO,46.565
SORBOLO,SUZZARA,32.748
SORESINA,CREMONA,25.986
SORESINA,MILANO PORTA GARIBALDI,73.535
SORESINA,TREVIGLIO,38.59
SOVERATO,CATANZARO LIDO,18.21
SOVERATO,LOCRI,64.33
SOVERATO,REGGIO CALABRIA CENTRALE,159.34
SPARANISE,BOIANO,92.706
SPARANISE,CASERTA,26.424
SPARANISE,NAPOLI CENTRALE,60.565
SPEZZANO ALBANESE TERME,COSENZA,47.838
SPIGNO,ALESSANDRIA,59.411
SPINAZZOLA,BARLETTA,65.682
SPINETTA,ALESSANDRIA,7.568
SPINETTA,ASTI,41.864
SPOLETO,ANCONA,153.313
SPOLETO,ASSISI,40.759
SPOLETO,FOLIGNO,25.12
SPOLETO,ORTE,56.756
SPOLETO,PERUGIA,64.7
SPOLETO,ROMA S PIETRO,145.857
SPOLETO,ROMA TERMINI,138.157
SPOLETO,TERNI,29.23
SPOLETO,TERONTOLA CORTONA,107.32
SPOTORNO NOLI,IMPERIA,50.428
SPRESIANO,TREVISO CENTRALE,13.826
SPRESIANO,VENEZIA S LUCIA,43.168
SQUILLACE,REGGIO CALABRIA CENTRALE,169.727
SQUINZANO,BARI CENTRALE,134.687
STATTE,MARTINA FRANCA,23.579
STRADELLA,BRESSANA BOTTARONE,16.747
STRADELLA,BRONI,3.795
STRADELLA,CERTOSA PAVIA,36.76
STRADELLA,FIDENZA,68.292
STRADELLA,MILANO CENTRALE,67.211
STRADELLA,MILANO CERTOSA,70.871
STRADELLA,MILANO GRECO PIRELLI,67.293
STRADELLA,MILANO LAMBRATE,63.413
STRADELLA,MILANO PORTA GARIBALDI,69.101
STRADELLA,MILANO ROGOREDO,57.625
STRADELLA,PAVIA,29.022
STRADELLA,PIACENZA,33.223
STRADELLA,PINAROLO PO,11.147
STRADELLA,RIMINI,291.784
STRADELLA,VOGHERA,25.172
STRAMBINO,CHIVASSO,23.383
STRAMBINO,NOVARA,95.072
STRAMBINO,TORINO PORTA NUOVA,51.75
STRESA,MILANO CENTRALE,85.427
STRESA,MILANO CERTOSA,76.901
STRESA,MILANO PORTA GARIBALDI,81.65
STRESA,SOMMA LOMBARDO,35.479
STREVI,ALESSANDRIA,27.808
STREVI,SAVONA,74.404
STRIGNO,TRENTO,48.585
SULMONA,ANVERSA VILLALAGO SCANNO,10.053
SULMONA,AVEZZANO,64.857
SULMONA,BEFFI,28.632
SULMONA,BUSSI,18.5
SULMONA,CASTELLALTO CANZANO,123.504
SULMONA,CHIETI,53.191
SULMONA,COCULLO,29.563
SULMONA,COLLARMELE,45.135
SULMONA,FAGNANO CAMPANA,39.135
SULMONA,GIULIANOVA,105.947
SULMONA,GUIDONIA MONTECELIO S ANGELO,146.033
SULMONA,L AQUILA,60.27
SULMONA,MANOPPELLO,44.226
SULMONA,MOLINA CASTELVECCHIO SUBEQUO,18.811
SULMONA,MONTEROTONDO MENTANA,191.54
SULMONA,MONTESILVANO,75.315
SULMONA,ORTE,191.024
SULMONA,PAGANICA,52.71
SULMONA,PESCARA,68.333
SULMONA,PESCARA PORTA NUOVA,66.993
SULMONA,PINETO ATRI,87.572
SULMONA,POPOLI VITTORITO,15.224
SULMONA,PRATOLA PELIGNA,5.575
SULMONA,ROCCARASO,52.31
SULMONA,ROMA OSTIENSE,177.989
SULMONA,ROMA TERMINI,171.937
SULMONA,ROMA TIBURTINA,170.622
SULMONA,S DEMETRIO DE VESTINI,44.67
SULMONA,TERAMO,131.024
SULMONA,TERNI,163.498
SULMONA,TIVOLI,132.364
SULMONA,TORRE DEI PASSERI,29.68
SUSA,ALPIGNANO,39.049
SUSA,AVIGLIANA,28.956
SUSA,BIVIO PRONDA,46.579
SUSA,BORGONE,14.963
SUSA,BUSSOLENO,7.526
SUSA,COLLEGNO,43.266
SUSA,ROSTA,33.831
SUSA,TORINO PORTA NUOVA,53.06
SUZZARA,ALFONSINE,136.278
SUZZARA,BOLOGNA CENTRALE,79.045
SUZZARA,BONDENO,63.322
SUZZARA,BRESCELLO VIADANA,24.071
SUZZARA,CARPI,26.688
SUZZARA,CERVIA MILANO MARITTIMA,175.21
SUZZARA,FERRARA,81.4
SUZZARA,GLORIE,140.536
SUZZARA,GUASTALLA,12.083
SUZZARA,LAVEZZOLA,122.024
SUZZARA,LIDO CLASSE LIDO SAVIO,167.601
SUZZARA,LUZZARA,6.243
SUZZARA,MAGNACAVALLO,40.203
SUZZARA,MANTOVA,18.929
SUZZARA,MEZZANO,143.43
SUZZARA,MODENA,42.113
SUZZARA,PARMA,43.771
SUZZARA,POGGIO RUSCO,34.175
SUZZARA,PORTOMAGGIORE,104.813
SUZZARA,QUISTELLO,22.138
SUZZARA,RAVENNA,154.02
SUZZARA,RIMINI,190.132
SUZZARA,ROLO NOVI FABBRICO,15.104
SUZZARA,S BENEDETTO PO,15.636
SUZZARA,SERMIDE,48.829
SUZZARA,SORBOLO,32.748
SUZZARA,VIGARANO PIEVE,72.637
TAGGIA ARMA,BATTIPAGLIA,887.081
TAGGIA ARMA,BERGAMO,296.356
TAGGIA ARMA,COGOLETO,94.874
TAGGIA ARMA,FOSSANO,160.966
TAGGIA ARMA,GALLARATE,281.599
TAGGIA ARMA,GENOVA BRIGNOLE,122.121
TAGGIA ARMA,MILANO BOVISA,255.604
TAGGIA ARMA,MILANO CENTRALE,253.615
TAGGIA ARMA,MILANO CERTOSA,257.275
TAGGIA ARMA,MILANO LAMBRATE,249.817
TAGGIA ARMA,MILANO PORTA GARIBALDI,255.505
TAGGIA ARMA,ROVATO,308.713
TAGGIA ARMA,SARONNO,272.596
TAGGIA ARMA,SAVONA,77.164
TAGGIA ARMA,SESTRI LEVANTE,164.697
TAGGIA ARMA,SIRACUSA,1433.908
TAGGIA ARMA,TORINO PORTA NUOVA,224.407
TAGGIA ARMA,TREVIGLIO,276.029
TAGGIA ARMA,VENTIMIGLIA,22.373
TAGGIA ARMA,VOGHERA,190.567
TAGLIACOZZO,ROMA TERMINI,91.167
TAGLIACOZZO,ROMA TIBURTINA,89.852
TAORMINA GIARDINI,ACIREALE,34.708
TAORMINA GIARDINI,ALCANTARA,4.32
TAORMINA GIARDINI,AUGUSTA,103.8
TAORMINA GIARDINI,BICOCCA,55.189
TAORMINA GIARDINI,CATANIA AEROPORTO FONTANAROSSA,52.954
TAORMINA GIARDINI,CATANIA CENTRALE,47.762
TAORMINA GIARDINI,GIARRE RIPOSTO,17.951
TAORMINA GIARDINI,LENTINI,76.303
TAORMINA GIARDINI,MARATEA,299.007
TAORMINA GIARDINI,MESSINA CENTRALE,47.009
TAORMINA GIARDINI,PALERMO CENTRALE,267.219
TAORMINA GIARDINI,PRIOLO MELILLI,117.083
TAORMINA GIARDINI,SIRACUSA,130.716
TARANTO,ACQUAVIVA DELLE FONTI,66.99
TARANTO,AMENDOLARA ORIOLO,97.992
TARANTO,ANCONA,542.089
TARANTO,AVERSA,329.668
TARANTO,BARI CENTRALE,104.028
TARANTO,BARI S SPIRITO,111.559
TARANTO,BATTIPAGLIA,241.59
TARANTO,BELLA MURO,181.783
TARANTO,BELLAVISTA,8.042
TARANTO,BERNALDA,55.661
TARANTO,BITETTO PALO DEL COLLE,89.457
TARANTO,BIVIO EMILIA,753.788
TARANTO,BIVIO/PC METAPONTO,3.916
TARANTO,BOLOGNA CENTRALE,746.13
TARANTO,BRANCALEONE,411.214
TARANTO,BRESCIA,919.62
TARANTO,BRINDISI,69.169
TARANTO,BUCCINO S GREGORIO MAGNO,203.158
TARANTO,CASERTA,322.911
TARANTO,CASTELLANETA,33.77
TARANTO,CASTELLANETA MARINA,25.341
TARANTO,CATANZARO LIDO,294.624
TARANTO,CORIGLIANO CALABRO,136.943
TARANTO,CROTONE,234.966
TARANTO,CUTRO,251.725
TARANTO,EBOLI,235.351
TARANTO,FERRANDINA SCALO MATERA,80.718
TARANTO,FIRENZE CAMPO MARTE,772.17
TARANTO,FOGGIA,222.606
TARANTO,FORMIA GAETA,395.928
TARANTO,FRANCIOSA,172.485
TARANTO,GIOIA DEL COLLE,54.299
TARANTO,GIOIOSA JONICA,367.693
TARANTO,GROTTAGLIE,18.483
TARANTO,LATIANO,47.409
TARANTO,LECCE,95.234
TARANTO,LOCRI,377.164
TARANTO,MARTINA FRANCA,34.85
TARANTO,MELITO PORTO SALVO,401.596
TARANTO,MESAGNE,54.652
TARANTO,METAPONTO,43.217
TARANTO,MILANO CENTRALE,960.832
TARANTO,MODUGNO,94.315
TARANTO,MONASTERACE STILO,340.64
TARANTO,MONTEIASI,12.977
TARANTO,NAPOLI CENTRALE,312.579
TARANTO,NOCERA INFERIORE,276.104
TARANTO,ORIA,38.989
TARANTO,PALAGIANELLO,28.574
TARANTO,PALAGIANO MOTTOLA,21.606
TARANTO,PESCARA,396.116
TARANTO,PISTICCI,67.858
TARANTO,PM CAGIONI,8.244
TARANTO,PM GROTTALUPARA,42.7
TARANTO,PM S NICOLA,2.474
TARANTO,POLICORO TURSI,64.603
TARANTO,PONTE ALBANITO,234.241
TARANTO,PONTECAGNANO,251.677
TARANTO,POTENZA CENTRALE,150.325
TARANTO,PRIVERNO FOSSANOVA,438.96
TARANTO,REGGIO CALABRIA CENTRALE,371.783
TARANTO,RIMINI,635.043
TARANTO,ROCCELLA JONICA,360.575
TARANTO,ROMA OSTIENSE,525.325
TARANTO,ROMA TERMINI,521.08
TARANTO,ROSETO CAPO SPULICO,93.165
TARANTO,S SEVERO,251.054
TARANTO,SALERNO,261.293
TARANTO,SALINE REGGIO,394.792
TARANTO,SIBARI,122.237
TARANTO,SICIGNANO DEGLI ALBURNI,210.78
TARANTO,SQUILLACE,300.872
TARANTO,TERMOLI,306.648
TARANTO,TITO,160.611
TARANTO,TORINO PORTA NUOVA,1080.192
TARANTO,TREBISACCE,107.701
TARANTO,TRIVIGNO,128.306
TARANTO,VENTIMIGLIA,1151.044
TARANTO,VILLA LITERNO,344.003
TARANTO,VILLA S GIOVANNI,357.695
TARANTO GALESE,MARTINA FRANCA,33.248
TARCENTO,TRIESTE CENTRALE,90.356
TARGIA,MESSINA CENTRALE,171.129
TARGIA,SIRACUSA,6.596
TARQUINIA,PISA CENTRALE,231.833
TARQUINIA,ROMA TERMINI,97.458
TARVISIO BOSCOVERDE,ANCONA,533.902
TARVISIO BOSCOVERDE,AREZZO,523.333
TARVISIO BOSCOVERDE,BIVIO D AURISINA,146.259
TARVISIO BOSCOVERDE,BOLOGNA CENTRALE,365.318
TARVISIO BOSCOVERDE,BRESCIA,369.649
TARVISIO BOSCOVERDE,CARNIA,49.121
TARVISIO BOSCOVERDE,CERTOSA PAVIA,472.213
TARVISIO BOSCOVERDE,CERVIGNANO AQUILEIA GRADO,117.134
TARVISIO BOSCOVERDE,FIRENZE CAMPO MARTE,458.56
TARVISIO BOSCOVERDE,FIRENZE S MARIA NOVELLA,456.487
TARVISIO BOSCOVERDE,GEMONA DEL FRIULI,60.591
TARVISIO BOSCOVERDE,GORIZIA CENTRALE,120.182
TARVISIO BOSCOVERDE,LA SPEZIA CENTRALE,523.783
TARVISIO BOSCOVERDE,LIVORNO CENTRALE,544.64
TARVISIO BOSCOVERDE,MILANO CENTRALE,452.403
TARVISIO BOSCOVERDE,MILANO LAMBRATE,448.605
TARVISIO BOSCOVERDE,MILANO PORTA GARIBALDI,454.293
TARVISIO BOSCOVERDE,MONFALCONE,133.542
TARVISIO BOSCOVERDE,ORTE,648.719
TARVISIO BOSCOVERDE,PADOVA,242.743
TARVISIO BOSCOVERDE,PALMANOVA,106.733
TARVISIO BOSCOVERDE,PONTEBBA,26.214
TARVISIO BOSCOVERDE,ROMA TERMINI,715.47
TARVISIO BOSCOVERDE,ROMA TIBURTINA,710.965
TARVISIO BOSCOVERDE,ROVIGO,286.492
TARVISIO BOSCOVERDE,SESTRI LEVANTE,565.249
TARVISIO BOSCOVERDE,TRIESTE CENTRALE,160.798
TARVISIO BOSCOVERDE,UDINE,88.79
TARVISIO BOSCOVERDE,UGOVIZZA VALBRUNA,9.541
TARVISIO BOSCOVERDE,VENEZIA MESTRE,215.363
TARVISIO BOSCOVERDE,VENEZIA S LUCIA,223.797
TARVISIO BOSCOVERDE,VENTIMIGLIA,706.197
TARVISIO BOSCOVERDE,VERONA PORTA NUOVA,306.115
TASSIGNANO CAPANNORI,FIRENZE S MARIA NOVELLA,72.11
TAVAZZANO,BOLOGNA CENTRALE,191.06
TAVAZZANO,BOZZOLO,95.245
TAVAZZANO,LODI,7.724
TAVAZZANO,MANTOVA,121.007
TAVAZZANO,MILANO BOVISA,29.917
TAVAZZANO,MILANO GRECO PIRELLI,28.01
TAVAZZANO,MILANO ROGOREDO,18.342
TAVAZZANO,PARMA,100.668
TAVAZZANO,PIACENZA,43.586
TAVAZZANO,SARONNO,46.909
TELESE CERRETO,CASERTA,33.531
TELESE CERRETO,NAPOLI CENTRALE,67.672
TELESE CERRETO,ROMA TERMINI,231.7
TERAMO,CASTELLALTO CANZANO,7.52
TERAMO,CHIETI,77.833
TERAMO,FOSSACESIA TORINO SANGRO,101.101
TERAMO,GIULIANOVA,25.077
TERAMO,MONTESILVANO,55.709
TERAMO,PESCARA,62.691
TERAMO,PINETO ATRI,43.452
TERAMO,PORTO VASTO,117.694
TERAMO,ROSETO DEGLI ABRUZZI,34.382
TERAMO,S VITO LANCIANO,90.859
TERAMO,SULMONA,131.024
TERAMO,TERMOLI,152.159
TERAMO,VASTO S SALVO,129.127
TERLANO ANDRIANO,BOLZANO,13.595
TERLANO ANDRIANO,BRENNERO,102.387
TERLANO ANDRIANO,MERANO,19.366
TERME EUGANEE ABANO MONTEGROTTO,BOLOGNA CENTRALE,109.581
TERME EUGANEE ABANO MONTEGROTTO,PADOVA,12.994
TERME EUGANEE ABANO MONTEGROTTO,TRIESTE CENTRALE,199.406
TERME EUGANEE ABANO MONTEGROTTO,VENEZIA S LUCIA,49.927
TERMINI IMERESE,AGRIGENTO CENTRALE,99.629
TERMINI IMERESE,ALTAVILLA MILICIA,16.047
TERMINI IMERESE,BAGHERIA,23.209
TERMINI IMERESE,CALTANISSETTA CENTRALE,95.666
TERMINI IMERESE,CATANIA CENTRALE,204.118
TERMINI IMERESE,DITTAINO,136.092
TERMINI IMERESE,MESSINA CENTRALE,186.757
TERMINI IMERESE,PALERMO AEROPORTO,69.462
TERMINI IMERESE,PALERMO BRANCACCIO,33.512
TERMINI IMERESE,PALERMO CENTRALE,36.415
TERMINI IMERESE,SIRACUSA,272.218
TERMOLI,CASTELLALTO CANZANO,144.639
TERMOLI,FOGGIA,84.042
TERMOLI,FOSSACESIA TORINO SANGRO,51.058
TERMOLI,FRANCAVILLA AL MARE,80.34
TERMOLI,GIULIANOVA,127.082
TERMOLI,LECCE,355.918
TERMOLI,MILANO CENTRALE,654.184
TERMOLI,MONTENERO PETACCIATO,12.403
TERMOLI,ORTONA,67.554
TERMOLI,PESCARA,89.468
TERMOLI,PESCARA PORTA NUOVA,88.128
TERMOLI,S SEVERO,55.594
TERMOLI,S VITO LANCIANO,61.3
TERMOLI,TERAMO,152.159
TERMOLI,TORINO PORTA NUOVA,773.544
TERMOLI,VASTO S SALVO,23.032
TERNATE VARANO BORGHI,GALLARATE,15.965
TERNATE VARANO BORGHI,LUINO,29.833
TERNATE VARANO BORGHI,MILANO PORTA GARIBALDI,54.648
TERNI,ANCONA,182.543
TERNI,ANTRODOCO BORGO VELINO,64.083
TERNI,ANTRODOCO CENTRO,64.865
TERNI,ASSISI,69.989
TERNI,BASTIA,73.376
TERNI,BOLOGNA CENTRALE,311.249
TERNI,CASTEL S ANGELO,58.294
TERNI,CITTADUCALE,49.976
TERNI,CONTIGLIANO,32.271
TERNI,FALCONARA MARITTIMA,173.846
TERNI,FIRENZE CAMPO MARTE,217.685
TERNI,FIRENZE S MARIA NOVELLA,221.65
TERNI,FOLIGNO,54.35
TERNI,GIUNCANO,12.112
TERNI,GRECCIO,26.338
TERNI,L AQUILA,103.228
TERNI,LODI,494.572
TERNI,MAGIONE,115.229
TERNI,MARMORE,15.215
TERNI,MILANO CENTRALE,525.93
TERNI,MILANO PORTA GARIBALDI,527.82
TERNI,MILANO ROGOREDO,516.344
TERNI,ORTE,27.526
TERNI,ORVIETO,68.775
TERNI,PERUGIA,93.93
TERNI,PERUGIA PONTE S GIOVANNI,82.683
TERNI,PIACENZA,458.71
TERNI,PM STRONCONE,6.603
TERNI,POGGIO MIRTETO,78.772
TERNI,PRATO CENTRALE,236.144
TERNI,RIETI,40.879
TERNI,ROCCA CORNO,78.88
TERNI,ROCCA FONDI,72.794
TERNI,ROMA TERMINI,108.927
TERNI,ROMA TIBURTINA,104.422
TERNI,SASSA TORNIMPARTE,95.295
TERNI,SELLA CORNO,84.009
TERNI,SPOLETO,29.23
TERNI,SULMONA,163.498
TERNI,TERONTOLA CORTONA,132.284
TERNI,TRIESTE CENTRALE,619.914
TERNO,CARNATE USMATE,13.863
TERNO,MILANO CENTRALE,37.608
TERNO,MILANO GRECO PIRELLI,34.257
TERNO,MILANO PORTA GARIBALDI,38.241
TERNO,SESTO S GIOVANNI,30.546
TERONTOLA CORTONA,AREZZO,34.632
TERONTOLA CORTONA,ASSISI,66.561
TERONTOLA CORTONA,CHIUSI CHIANCIANO TERME,28.529
TERONTOLA CORTONA,FIRENZE CAMPO MARTE,96.087
TERONTOLA CORTONA,FIRENZE S MARIA NOVELLA,100.052
TERONTOLA CORTONA,FOLIGNO,82.2
TERONTOLA CORTONA,MAGIONE,21.321
TERONTOLA CORTONA,ORTE,104.758
TERONTOLA CORTONA,PASSIGNANO SUL TRASIMENO,11.993
TERONTOLA CORTONA,PERUGIA,42.62
TERONTOLA CORTONA,PERUGIA PONTE S GIOVANNI,53.867
TERONTOLA CORTONA,REGGIO CALABRIA CENTRALE,819.369
TERONTOLA CORTONA,ROMA TERMINI,171.509
TERONTOLA CORTONA,ROMA TIBURTINA,167.004
TERONTOLA CORTONA,SPOLETO,107.32
TERONTOLA CORTONA,TERNI,132.284
TERONTOLA CORTONA,TORINO PORTA NUOVA,495.954
THIENE,SCHIO,9.468
THIENE,VENEZIA MESTRE,80.485
THIENE,VICENZA,21.716
TIRANO,ABBADIA LARIANA,98.413
TIRANO,ARDENNO MASINO,43.48
TIRANO,BELLANO TARTAVALLE TERME,80.554
TIRANO,CALOLZIOCORTE OLGINATE,112.288
TIRANO,CARNATE USMATE,130.392
TIRANO,CASTIONE ANDEVENNO,31.13
TIRANO,COLICO,66.422
TIRANO,DELEBIO,59.476
TIRANO,LECCO,105.401
TIRANO,LECCO MAGGIANICO,108.621
TIRANO,LIERNA,90.28
TIRANO,MANDELLO DEL LARIO,95.96
TIRANO,MILANO CENTRALE,154.137
TIRANO,MILANO CERTOSA,157.794
TIRANO,MILANO GRECO PIRELLI,150.786
TIRANO,MILANO PORTA GARIBALDI,154.77
TIRANO,MONZA,142.195
TIRANO,MORBEGNO,51.027
TIRANO,PIONA,68.863
TIRANO,PONTE IN VALTELLINA,17.541
TIRANO,S PIETRO BERBENNO,36.454
TIRANO,SESTO S GIOVANNI,147.075
TIRANO,SONDRIO,25.957
TIRANO,TRESENDA APRICA TEGLIO,9.068
TITO,POTENZA CENTRALE,10.286
TITO,SALERNO,100.682
TIVOLI,AVEZZANO,67.507
TIVOLI,CARSOLI,34.958
TIVOLI,GUIDONIA MONTECELIO S ANGELO,13.669
TIVOLI,LUNGHEZZA,24.65
TIVOLI,MARCELLINA PALOMBARA,5.894
TIVOLI,PESCARA,200.697
TIVOLI,ROMA PRENESTINA,35.317
TIVOLI,ROMA TERMINI,39.573
TIVOLI,ROMA TIBURTINA,38.258
TIVOLI,SERENISSIMA,34.285
TIVOLI,VAL D ALA,42.045
TIVOLI,VALLE DELL ANIENE MANDELA SAMBUCI,14.078
TORANO LATTARICO,ROMA TERMINI,509.019
TORANO LATTARICO,SIBARI,43.04
TORINO AEROPORTO CASELLE,ALBA,85.091
TORINO AEROPORTO CASELLE,ASTI,74.536
TORINO AEROPORTO CASELLE,BRA,67.601
TORINO AEROPORTO CASELLE,FOSSANO,82.198
TORINO AEROPORTO CASELLE,SOMMARIVA DEL BOSCO,56.872
TORINO AEROPORTO CASELLE,TORINO LINGOTTO,23.075
TORINO AEROPORTO CASELLE,TORINO REBAUDENGO FOSSATA,13.716
TORINO AEROPORTO CASELLE,TROFARELLO,31.787
TORINO AEROPORTO CASELLE,VILLAFRANCA CANTARANA,59.528
TORINO AEROPORTO CASELLE,VILLANOVA D ASTI,48.917
TORINO LINGOTTO,ALBA,62.016
TORINO LINGOTTO,ALESSANDRIA,85.757
TORINO LINGOTTO,ARQUATA SCRIVIA,118.813
TORINO LINGOTTO,ASTI,51.461
TORINO LINGOTTO,BIELLA S PAOLO,86.588
TORINO LINGOTTO,BOSCONERO,31.562
TORINO LINGOTTO,BRA,44.526
TORINO LINGOTTO,CAMBIANO SANTENA,12.123
TORINO LINGOTTO,CARMAGNOLA,24.081
TORINO LINGOTTO,CHIERI,17.276
TORINO LINGOTTO,CHIUSI CHIANCIANO TERME,510.326
TORINO LINGOTTO,CHIVASSO,29.182
TORINO LINGOTTO,CIRIE,28.821
TORINO LINGOTTO,CUNEO,84.262
TORINO LINGOTTO,FIRENZE S MARIA NOVELLA,393.476
TORINO LINGOTTO,FOSSANO,59.123
TORINO LINGOTTO,GENOVA BRIGNOLE,157.239
TORINO LINGOTTO,GENOVA PIAZZA PRINCIPE,154.6
TORINO LINGOTTO,GENOVA SAMPIERDARENA,151.717
TORINO LINGOTTO,GERMAGNANO,41.184
TORINO LINGOTTO,IVREA,61.642
TORINO LINGOTTO,LA SPEZIA CENTRALE,241.281
TORINO LINGOTTO,LECCE,1125.144
TORINO LINGOTTO,LIVORNO CENTRALE,333.807
TORINO LINGOTTO,MATHI,34.432
TORINO LINGOTTO,MILANO CENTRALE,149.153
TORINO LINGOTTO,MILANO CERTOSA,140.627
TORINO LINGOTTO,MILANO PORTA GARIBALDI,145.376
TORINO LINGOTTO,MONCALIERI,3.692
TORINO LINGOTTO,NONE,15.747
TORINO LINGOTTO,NOVARA,100.871
TORINO LINGOTTO,PINEROLO,33.027
TORINO LINGOTTO,REGGIO CALABRIA CENTRALE,1296.389
TORINO LINGOTTO,ROMA TERMINI,645.156
TORINO LINGOTTO,SALERNO,902.496
TORINO LINGOTTO,SANTHIA,59.864
TORINO LINGOTTO,SAVONA,142.925
TORINO LINGOTTO,TORINO AEROPORTO CASELLE,23.075
TORINO LINGOTTO,TORINO PORTA NUOVA,4.318
TORINO LINGOTTO,TORINO PORTA SUSA,5.85
TORINO LINGOTTO,TORINO REBAUDENGO FOSSATA,9.359
TORINO LINGOTTO,TORINO STURA,12.842
TORINO LINGOTTO,TROFARELLO,8.712
TORINO LINGOTTO,VENTIMIGLIA,242.462
TORINO LINGOTTO,VERCELLI,78.985
TORINO PORTA NUOVA,ALBA,66.334
TORINO PORTA NUOVA,ALBENGA,184.594
TORINO PORTA NUOVA,ALBERESE,479.45
TORINO PORTA NUOVA,ALESSANDRIA,90.075
TORINO PORTA NUOVA,ANCONA,538.103
TORINO PORTA NUOVA,ANDORA,196.823
TORINO PORTA NUOVA,ARQUATA SCRIVIA,123.131
TORINO PORTA NUOVA,ASTI,55.779
TORINO PORTA NUOVA,ATTIGLIANO BOMARZO,577.687
TORINO PORTA NUOVA,AVERSA,838.439
TORINO PORTA NUOVA,AVIGLIANA,24.104
TORINO PORTA NUOVA,BARDONECCHIA,86.205
TORINO PORTA NUOVA,BARI CENTRALE,980.175
TORINO PORTA NUOVA,BARLETTA,925.478
TORINO PORTA NUOVA,BATTIPAGLIA,926.517
TORINO PORTA NUOVA,BERGAMO,192.876
TORINO PORTA NUOVA,BIANZE,50.912
TORINO PORTA NUOVA,BIELLA S PAOLO,85.773
TORINO PORTA NUOVA,BOLOGNA CENTRALE,334.062
TORINO PORTA NUOVA,BOLOGNA CENTRALE/AV,334.062
TORINO PORTA NUOVA,BOLZANO,433.476
TORINO PORTA NUOVA,BORGONE,38.097
TORINO PORTA NUOVA,BRA,48.844
TORINO PORTA NUOVA,BRESCIA,227.74
TORINO PORTA NUOVA,BRINDISI,1091.098
TORINO PORTA NUOVA,BUSSOLENO,45.534
TORINO PORTA NUOVA,CAMPOLEONE,677.256
TORINO PORTA NUOVA,CARMAGNOLA,28.399
TORINO PORTA NUOVA,CASTAGNOLE DELLE LANZE,75.907
TORINO PORTA NUOVA,CAVALLERMAGGIORE,44.528
TORINO PORTA NUOVA,CENGIO,118.198
TORINO PORTA NUOVA,CENTALLO,75.383
TORINO PORTA NUOVA,CEVA,101.597
TORINO PORTA NUOVA,CHIAVARI,196.669
TORINO PORTA NUOVA,CHIOMONTE,59.465
TORINO PORTA NUOVA,CHIVASSO,28.367
TORINO PORTA NUOVA,CIVITAVECCHIA,571.913
TORINO PORTA NUOVA,COGOLETO,164.953
TORINO PORTA NUOVA,COLLEGNO,9.794
TORINO PORTA NUOVA,CUNEO,88.58
TORINO PORTA NUOVA,EMPOLI,367.244
TORINO PORTA NUOVA,FANO,490.992
TORINO PORTA NUOVA,FINALE LIGURE MARINA,166.588
TORINO PORTA NUOVA,FIRENZE CAMPO MARTE,399.867
TORINO PORTA NUOVA,FIRENZE RIFREDI,395.027
TORINO PORTA NUOVA,FIRENZE S MARIA NOVELLA,397.794
TORINO PORTA NUOVA,FIUMICINO AEROPORTO,639.557
TORINO PORTA NUOVA,FOGGIA,857.586
TORINO PORTA NUOVA,FOLIGNO,578.154
TORINO PORTA NUOVA,FONDI SPERLONGA,753.372
TORINO PORTA NUOVA,FORMIA GAETA,772.179
TORINO PORTA NUOVA,FOSSANO,63.441
TORINO PORTA NUOVA,GAIFANA,606.979
TORINO PORTA NUOVA,GENOVA BRIGNOLE,161.557
TORINO PORTA NUOVA,GENOVA PIAZZA PRINCIPE,158.918
TORINO PORTA NUOVA,GENOVA SAMPIERDARENA,156.035
TORINO PORTA NUOVA,GIOVINAZZO,961.749
TORINO PORTA NUOVA,GROSSETO,464.947
TORINO PORTA NUOVA,GRUGLIASCO,7.496
TORINO PORTA NUOVA,IMPERIA,208.431
TORINO PORTA NUOVA,IVREA,60.827
TORINO PORTA NUOVA,LADISPOLI CERVETERI,602.294
TORINO PORTA NUOVA,LAMEZIA TERME CENTRALE,1180.388
TORINO PORTA NUOVA,LATINA,704.774
TORINO PORTA NUOVA,LECCE,1129.462
TORINO PORTA NUOVA,LIVORNO CENTRALE,338.125
TORINO PORTA NUOVA,LIVORNO FERRARIS,46.519
TORINO PORTA NUOVA,LOANO,175.584
TORINO PORTA NUOVA,MAGENTA,121.537
TORINO PORTA NUOVA,MASSA CENTRO,277.79
TORINO PORTA NUOVA,MILANO CENTRALE,148.338
TORINO PORTA NUOVA,MILANO CERTOSA,139.812
TORINO PORTA NUOVA,MILANO PORTA GARIBALDI,144.561
TORINO PORTA NUOVA,MONCALIERI,8.01
TORINO PORTA NUOVA,MONDOVI,82.426
TORINO PORTA NUOVA,MONFALCONE,513.802
TORINO PORTA NUOVA,MONTALTO CASTRO,536.65
TORINO PORTA NUOVA,NAPOLI AFRAGOLA,857.95
TORINO PORTA NUOVA,NAPOLI CENTRALE,857.66
TORINO PORTA NUOVA,NIZZA MONFERRATO,80.734
TORINO PORTA NUOVA,NOVARA,100.056
TORINO PORTA NUOVA,NOVI LIGURE,111.682
TORINO PORTA NUOVA,OSTUNI,1054.453
TORINO PORTA NUOVA,OULX CESANA CLAVIERE SESTRIERE,75.116
TORINO PORTA NUOVA,PADOVA,373.144
TORINO PORTA NUOVA,PALMI,1258.462
TORINO PORTA NUOVA,PAOLA,1123.518
TORINO PORTA NUOVA,PC MEANA,52.891
TORINO PORTA NUOVA,PC VESUVIO,873.732
TORINO PORTA NUOVA,PERUGIA,538.574
TORINO PORTA NUOVA,PESARO,478.529
TORINO PORTA NUOVA,PESCARA,684.076
TORINO PORTA NUOVA,PISA CENTRALE,320.183
TORINO PORTA NUOVA,PISCIOTTA PALINURO,995.936
TORINO PORTA NUOVA,PRIVERNO FOSSANOVA,729.147
TORINO PORTA NUOVA,REGGIO CALABRIA CENTRALE,1300.707
TORINO PORTA NUOVA,REGGIO CALABRIA GALLICO,1292.867
TORINO PORTA NUOVA,RHO,135.687
TORINO PORTA NUOVA,RICADI CAPO VATICANO,1240.142
TORINO PORTA NUOVA,RICCIONE,455.142
TORINO PORTA NUOVA,RIMINI,445.149
TORINO PORTA NUOVA,RODALLO,38.957
TORINO PORTA NUOVA,ROMA OSTIENSE,642.782
TORINO PORTA NUOVA,ROMA S PIETRO,637.944
TORINO PORTA NUOVA,ROMA TERMINI,649.474
TORINO PORTA NUOVA,ROMA TIBURTINA,650.149
TORINO PORTA NUOVA,RONCO SCRIVIA,133.615
TORINO PORTA NUOVA,ROSARNO,1240.206
TORINO PORTA NUOVA,S AMBROGIO,27.727
TORINO PORTA NUOVA,S ANTONINO VAIE,34.564
TORINO PORTA NUOVA,S GIUSEPPE CAIRO,126.95
TORINO PORTA NUOVA,SALBERTRAND,69.177
TORINO PORTA NUOVA,SALERNO,906.814
TORINO PORTA NUOVA,SANTHIA,59.049
TORINO PORTA NUOVA,SAPRI,1031.306
TORINO PORTA NUOVA,SAVIGLIANO,51.284
TORINO PORTA NUOVA,SAVONA,147.243
TORINO PORTA NUOVA,SESTRI LEVANTE,204.133
TORINO PORTA NUOVA,SIRACUSA,1473.344
TORINO PORTA NUOVA,SOMMARIVA DEL BOSCO,38.115
TORINO PORTA NUOVA,STRAMBINO,51.75
TORINO PORTA NUOVA,SUSA,53.06
TORINO PORTA NUOVA,TAGGIA ARMA,224.407
TORINO PORTA NUOVA,TARANTO,1080.192
TORINO PORTA NUOVA,TARQUINIA,552.016
TORINO PORTA NUOVA,TERMOLI,773.544
TORINO PORTA NUOVA,TERONTOLA CORTONA,495.954
TORINO PORTA NUOVA,TORINO LINGOTTO,4.318
TORINO PORTA NUOVA,TORINO PORTA SUSA,5.035
TORINO PORTA NUOVA,TORINO STURA,12.027
TORINO PORTA NUOVA,TORRAZZA PIEMONTE,35.051
TORINO PORTA NUOVA,TORRE ANNUNZIATA CENTRALE,877.439
TORINO PORTA NUOVA,TRANI,938.072
TORINO PORTA NUOVA,TRECATE,109.58
TORINO PORTA NUOVA,TRIESTE CENTRALE,541.058
TORINO PORTA NUOVA,TRINITA BENE VAGIENNA,69.419
TORINO PORTA NUOVA,TROFARELLO,13.03
TORINO PORTA NUOVA,TROPEA,1232.692
TORINO PORTA NUOVA,UDINE,508.599
TORINO PORTA NUOVA,VENEZIA MESTRE,401.643
TORINO PORTA NUOVA,VENEZIA S LUCIA,410.077
TORINO PORTA NUOVA,VENTIMIGLIA,246.78
TORINO PORTA NUOVA,VERCELLI,78.17
TORINO PORTA NUOVA,VERONA PORTA NUOVA,292.378
TORINO PORTA NUOVA,VILLANOVA D ASTI,30.16
TORINO PORTA NUOVA,VITTUONE ARLUNO,127.322
TORINO PORTA SUSA,ALBA,67.866
TORINO PORTA SUSA,ASTI,57.311
TORINO PORTA SUSA,FOSSANO,64.973
TORINO PORTA SUSA,IVREA,55.792
TORINO PORTA SUSA,MILANO CENTRALE,143.303
TORINO PORTA SUSA,NAPOLI CENTRALE,859.192
TORINO PORTA SUSA,REGGIO CALABRIA CENTRALE,1302.239
TORINO PORTA SUSA,ROMA TERMINI,651.006
TORINO PORTA SUSA,ROMA TIBURTINA,651.681
TORINO PORTA SUSA,SALERNO,908.346
TORINO PORTA SUSA,TORINO LINGOTTO,5.85
TORINO PORTA SUSA,TORINO PORTA NUOVA,5.035
TORINO PORTA SUSA,TRIESTE CENTRALE,536.023
TORINO PORTA SUSA,VENEZIA S LUCIA,405.042
TORINO REBAUDENGO FOSSATA,ALBA,71.375
TORINO REBAUDENGO FOSSATA,ASTI,60.82
TORINO REBAUDENGO FOSSATA,BRA,53.885
TORINO REBAUDENGO FOSSATA,CARMAGNOLA,33.44
TORINO REBAUDENGO FOSSATA,CHIERI,26.635
TORINO REBAUDENGO FOSSATA,CHIVASSO,19.826
TORINO REBAUDENGO FOSSATA,CIRIE,19.462
TORINO REBAUDENGO FOSSATA,FOSSANO,68.482
TORINO REBAUDENGO FOSSATA,GERMAGNANO,31.825
TORINO REBAUDENGO FOSSATA,PINEROLO,42.386
TORINO REBAUDENGO FOSSATA,TORINO AEROPORTO CASELLE,13.716
TORINO REBAUDENGO FOSSATA,TORINO LINGOTTO,9.359
TORINO REBAUDENGO FOSSATA,TORINO STURA,3.486
TORINO REBAUDENGO FOSSATA,TROFARELLO,18.071
TORINO STURA,ALBA,74.858
TORINO STURA,ASTI,64.303
TORINO STURA,BOLOGNA CENTRALE,333.635
TORINO STURA,BRA,57.368
TORINO STURA,CAMBIANO SANTENA,24.965
TORINO STURA,CARMAGNOLA,36.923
TORINO STURA,CAVALLERMAGGIORE,53.052
TORINO STURA,CHIERI,30.118
TORINO STURA,CHIVASSO,16.34
TORINO STURA,FOSSANO,71.965
TORINO STURA,IVREA,48.8
TORINO STURA,MILANO CENTRALE,136.311
TORINO STURA,MILANO PORTA GARIBALDI,132.534
TORINO STURA,MODENA,296.703
TORINO STURA,MONCALIERI,16.534
TORINO STURA,NAPOLI CENTRALE,865.051
TORINO STURA,NONE,28.589
TORINO STURA,PARMA,243.243
TORINO STURA,PINEROLO,45.869
TORINO STURA,ROMA TERMINI,656.865
TORINO STURA,S VITTORIA,64.129
TORINO STURA,SOMMARIVA DEL BOSCO,46.639
TORINO STURA,TORINO LINGOTTO,12.842
TORINO STURA,TORINO PORTA NUOVA,12.027
TORINO STURA,TROFARELLO,21.554
TORINO STURA,VILLANOVA D ASTI,38.684
TORRE ANNUNZIATA CENTRALE,CASERTA,53.92
TORRE ANNUNZIATA CENTRALE,CAVA DEI TIRRENI,23.149
TORRE ANNUNZIATA CENTRALE,COSENZA,271.965
TORRE ANNUNZIATA CENTRALE,EBOLI,55.317
TORRE ANNUNZIATA CENTRALE,NAPOLI CAMPI FLEGREI,30.64
TORRE ANNUNZIATA CENTRALE,NAPOLI CENTRALE,21.911
TORRE ANNUNZIATA CENTRALE,NAPOLI GIANTURCO,20.786
TORRE ANNUNZIATA CENTRALE,NAPOLI PIAZZA GARIBALDI,22.117
TORRE ANNUNZIATA CENTRALE,NAPOLI S GIOVANNI BARRA,17.205
TORRE ANNUNZIATA CENTRALE,NOCERA INFERIORE,14.564
TORRE ANNUNZIATA CENTRALE,PAOLA,246.079
TORRE ANNUNZIATA CENTRALE,ROMA OSTIENSE,234.657
TORRE ANNUNZIATA CENTRALE,ROMA S PIETRO,239.495
TORRE ANNUNZIATA CENTRALE,ROMA TERMINI,233.683
TORRE ANNUNZIATA CENTRALE,S MARIA LA BRUNA,5.185
TORRE ANNUNZIATA CENTRALE,SALERNO,29.375
TORRE ANNUNZIATA CENTRALE,SAPRI,153.867
TORRE ANNUNZIATA CENTRALE,TORRE DEL GRECO,10.36
TORRE DE PICENARDI,CASALPUSTERLENGO,53.455
TORRE DE PICENARDI,CREMONA,21.252
TORRE DE PICENARDI,MILANO CENTRALE,107.96
TORRE DEI PASSERI,CASTELLALTO CANZANO,93.824
TORRE DEI PASSERI,GIULIANOVA,76.267
TORRE DEI PASSERI,MANOPPELLO,14.546
TORRE DEI PASSERI,MONTESILVANO,45.635
TORRE DEI PASSERI,PESCARA,38.653
TORRE DEI PASSERI,SULMONA,29.68
TORRE DEI PASSERI,TERAMO,101.344
TORREBERETTI,ALESSANDRIA,20.171
TORREBERETTI,CAVA CARBONARA,35.56
TORREBERETTI,LOMELLO,12.715
TORREBERETTI,NOVARA,46.41
TORREBERETTI,PAVIA,43.059
TORREBERETTI,SANNAZZARO,21.614
TORRICOLA,LATINA,48.823
TORRICOLA,MINTURNO SCAURI,126.283
TORRICOLA,NETTUNO,46.925
TORRICOLA,ROMA TERMINI,12.195
TORRILE S POLO,BRESCIA,81.017
TORRILE S POLO,PIADENA,29.613
TORRILE S POLO,S ZENO FOLZANO,75.356
TORTONA,ALASSIO,140.684
TORTONA,ALESSANDRIA,21.915
TORTONA,ARQUATA SCRIVIA,24.511
TORTONA,ASTI,56.211
TORTONA,BRESCIA,151.364
TORTONA,GENOVA BRIGNOLE,62.937
TORTONA,GROSSETO,366.327
TORTONA,MILANO CENTRALE,79.251
TORTONA,MILANO CERTOSA,82.911
TORTONA,MILANO GRECO PIRELLI,79.333
TORTONA,MILANO LAMBRATE,75.453
TORTONA,MILANO PORTA GARIBALDI,81.141
TORTONA,MILANO ROGOREDO,69.665
TORTONA,NOVI LIGURE,18.359
TORTONA,PADOVA,274.448
TORTONA,PAVIA,41.062
TORTONA,TAGGIA ARMA,174.364
TORTONA,VOGHERA,16.203
TRANI,BARI CENTRALE,42.103
TRANI,BARI TORRE A MARE,53.556
TRANI,BARLETTA,12.594
TRANI,FASANO,96.476
TRANI,FOGGIA,80.486
TRAPANI,ALCAMO DIRAMAZIONE,116.118
TRAPANI,BALESTRATE,131.333
TRAPANI,CAMPOBELLO MAZARA,65.897
TRAPANI,CASTELLAMMARE DEL GOLFO,122.175
TRAPANI,CASTELVETRANO,74.363
TRAPANI,CINISI TERRASINI,156.228
TRAPANI,GALLITELLO,100.827
TRAPANI,MARAUSA,13.686
TRAPANI,MARSALA,30.657
TRAPANI,MAZARA DEL VALLO,51.687
TRAPANI,MOZIA BIRGI,18.701
TRAPANI,PACECO,4.586
TRAPANI,PARTINICO,142.422
TRAPANI,PETROSINO STRASATTI,40.313
TRAPANI,PIRAINETO,162.532
TRAPANI,S NICOLA MAZARA,60.462
TRAPANI,SALEMI GIBELLINA,90.386
TRAPANI,TRAPPETO,134.339
TRAPPETO,CASTELVETRANO,59.976
TRAPPETO,MARSALA,103.682
TRAPPETO,TRAPANI,134.339
TREBISACCE,SIBARI,14.536
TRECATE,MILANO CERTOSA,33.93
TRECATE,MILANO PORTA GARIBALDI,38.679
TRECATE,NOVARA,9.524
TRECATE,PIOLTELLO LIMITO,51.406
TRECATE,RHO,26.107
TRECATE,TREVIGLIO,72.159
TRENTO,ALA,40.109
TRENTO,BASSANO DEL GRAPPA,95.711
TRENTO,BOLOGNA CENTRALE,201.181
TRENTO,BOLZANO,55.439
TRENTO,BORGO VALSUGANA CENTRO,43.692
TRENTO,BORGO VALSUGANA EST,44.544
TRENTO,BRENNERO,144.231
TRENTO,BRESSANONE,93.883
TRENTO,BRONZOLO,44.502
TRENTO,CALDONAZZO,26.761
TRENTO,CARPANE VALSTAGNA,82.505
TRENTO,CISMON DEL GRAPPA,73.247
TRENTO,EGNA TERMENO,33.607
TRENTO,FORTEZZA,104.06
TRENTO,GRIGNO,58.189
TRENTO,LECCO,231.957
TRENTO,LEVICO TERME,30.149
TRENTO,MATTARELLO,7.57
TRENTO,MEZZOCORONA,16.832
TRENTO,MILANO CENTRALE,233.051
TRENTO,MILANO PORTA GARIBALDI,234.941
TRENTO,NAPOLI CENTRALE,761.106
TRENTO,PERGINE,17.451
TRENTO,PERI,54.431
TRENTO,PRIMOLANO,66.992
TRENTO,RIMINI,311.436
TRENTO,ROMA TERMINI,551.655
TRENTO,RONCEGNO BAGNI MARTER,38.969
TRENTO,ROVERETO,23.573
TRENTO,SIBARI,1028.33
TRENTO,STRIGNO,48.585
TRENTO,VENEZIA S LUCIA,158.421
TRENTO,VERONA PORTA NUOVA,90.683
TRENTO,VILLAZZANO,6.396
TRESENDA APRICA TEGLIO,MILANO CENTRALE,145.069
TRESENDA APRICA TEGLIO,MONZA,133.127
TRESENDA APRICA TEGLIO,SONDRIO,16.889
TREVIGLIO,ALBIZZATE SOLBIATE ARNO,79.791
TREVIGLIO,ARCENE,7.555
TREVIGLIO,BERGAMO,21.882
TREVIGLIO,BOLOGNA CENTRALE,210.874
TREVIGLIO,BRESCIA,49.699
TREVIGLIO,BUSTO ARSIZIO,65.062
TREVIGLIO,CARAVAGGIO,5.034
TREVIGLIO,CASALBUTTANO,47.437
TREVIGLIO,CASALETTO VAPRIO,14.731
TREVIGLIO,CASSANO D ADDA,5.991
TREVIGLIO,CASTELLEONE,31.071
TREVIGLIO,CASTRONNO,82.3
TREVIGLIO,CREMA,21.685
TREVIGLIO,CREMONA,64.576
TREVIGLIO,FIRENZE CAMPO MARTE,304.425
TREVIGLIO,GALLARATE,72.163
TREVIGLIO,LEGNANO,60.494
TREVIGLIO,MAGENTA,60.202
TREVIGLIO,MELZO SCALO,14.313
TREVIGLIO,MILANO CENTRALE,33.055
TREVIGLIO,MILANO CERTOSA,38.229
TREVIGLIO,MILANO GRECO PIRELLI,33.137
TREVIGLIO,MILANO LAMBRATE,29.257
TREVIGLIO,MILANO LANCETTI,35.853
TREVIGLIO,MILANO PORTA GARIBALDI,34.945
TREVIGLIO,MILANO PORTA GARIBALDI SOTTERRANEA,34.529
TREVIGLIO,MILANO PORTA VITTORIA,30.027
TREVIGLIO,MILANO REPUBBLICA,33.441
TREVIGLIO,NOVARA,81.683
TREVIGLIO,OLMENETA,53.745
TREVIGLIO,PARABIAGO,55.067
TREVIGLIO,PIOLTELLO LIMITO,20.753
TREVIGLIO,PM BIVIO ADDA,2.738
TREVIGLIO,RHO,46.052
TREVIGLIO,RHO FIERA,42.323
TREVIGLIO,ROMA S PIETRO,569.035
TREVIGLIO,ROMA TERMINI,561.335
TREVIGLIO,ROVATO,32.684
TREVIGLIO,SORESINA,38.59
TREVIGLIO,STEZZANO,17.229
TREVIGLIO,TORINO PORTA NUOVA,178.041
TREVIGLIO,TRECATE,72.159
TREVIGLIO,TREVIGLIO OVEST,1.344
TREVIGLIO,TREVISO CENTRALE,224.893
TREVIGLIO,VARESE,83.466
TREVIGLIO,VENTIMIGLIA,298.402
TREVIGLIO,VERDELLO DALMINE,11.175
TREVIGLIO,VERONA PORTA NUOVA,114.337
TREVIGLIO,VITTUONE ARLUNO,54.417
TREVIGLIO OVEST,BERGAMO,20.538
TREVIGLIO OVEST,MILANO CENTRALE,32.844
TREVIGLIO OVEST,MILANO LAMBRATE,29.046
TREVIGLIO OVEST,MILANO PORTA GARIBALDI,34.734
TREVIGLIO OVEST,TREVIGLIO,1.344
TREVIGLIO OVEST,VENTIMIGLIA,298.191
TREVIGLIO OVEST,VERDELLO DALMINE,9.831
TREVISO CENTRALE,BELLUNO,74.522
TREVISO CENTRALE,CAMPOSAMPIERO,36.586
TREVISO CENTRALE,CASTELFRANCO VENETO,24.529
TREVISO CENTRALE,CITTADELLA,36.394
TREVISO CENTRALE,CONEGLIANO,26.953
TREVISO CENTRALE,CORNUDA,27.331
TREVISO CENTRALE,FELTRE,54.56
TREVISO CENTRALE,GEMONA DEL FRIULI,133.864
TREVISO CENTRALE,MANIAGO,76.27
TREVISO CENTRALE,MONTEBELLUNA,20.064
TREVISO CENTRALE,MOTTA LIVENZA,34.73
TREVISO CENTRALE,ODERZO,25.47
TREVISO CENTRALE,PADOVA,48.288
TREVISO CENTRALE,PALMANOVA,102.331
TREVISO CENTRALE,PONTE NELLE ALPI POLPET,66.9
TREVISO CENTRALE,PORDENONE,56.892
TREVISO CENTRALE,PORTOGRUARO CAORLE,52.464
TREVISO CENTRALE,POSTIOMA,10.09
TREVISO CENTRALE,PRAMAGGIORE,43.386
TREVISO CENTRALE,S PIETRO IN GU,46.866
TREVISO CENTRALE,SACILE,44.053
TREVISO CENTRALE,TREVIGLIO,224.893
TREVISO CENTRALE,TRIESTE CENTRALE,138.124
TREVISO CENTRALE,UDINE,105.665
TREVISO CENTRALE,VENEZIA MESTRE,20.908
TREVISO CENTRALE,VENEZIA S LUCIA,29.342
TREVISO CENTRALE,VICENZA,60.06
TREVISO CENTRALE,VIGODARZERE,49.813
TRIESTE CENTRALE,ANCONA,477.571
TRIESTE CENTRALE,AREZZO,467.002
TRIESTE CENTRALE,ATTIGLIANO BOMARZO,580.049
TRIESTE CENTRALE,BIVIO CARGNACCO,65.893
TRIESTE CENTRALE,BIVIO D AURISINA,14.539
TRIESTE CENTRALE,BOLOGNA CENTRALE,308.987
TRIESTE CENTRALE,BOLOGNA CENTRALE/AV,311.066
TRIESTE CENTRALE,BRESCIA,313.318
TRIESTE CENTRALE,BUSTO ARSIZIO,428.079
TRIESTE CENTRALE,CARNIA,111.677
TRIESTE CENTRALE,CASARSA,105.669
TRIESTE CENTRALE,CERVIGNANO AQUILEIA GRADO,43.664
TRIESTE CENTRALE,CONEGLIANO,150.72
TRIESTE CENTRALE,CORMONS,61.628
TRIESTE CENTRALE,FABRIANO,530.438
TRIESTE CENTRALE,FALCONARA MARITTIMA,468.874
TRIESTE CENTRALE,FARA SABINA MONTELIBRETTI,640.375
TRIESTE CENTRALE,FIRENZE CAMPO MARTE,402.229
TRIESTE CENTRALE,FIRENZE RIFREDI,397.389
TRIESTE CENTRALE,FIRENZE S MARIA NOVELLA,400.156
TRIESTE CENTRALE,FIUMICINO AEROPORTO,686.715
TRIESTE CENTRALE,FOLIGNO,580.516
TRIESTE CENTRALE,GEMONA DEL FRIULI,100.207
TRIESTE CENTRALE,GIUNCANO,622.754
TRIESTE CENTRALE,GORIZIA CENTRALE,49.551
TRIESTE CENTRALE,JESI,486.9
TRIESTE CENTRALE,LATISANA LIGNANO BIBIONE,71.713
TRIESTE CENTRALE,MANZANO,69.267
TRIESTE CENTRALE,MILANO CENTRALE,396.072
TRIESTE CENTRALE,MILANO PORTA GARIBALDI,397.962
TRIESTE CENTRALE,MIRAMARE,7.033
TRIESTE CENTRALE,MONFALCONE,27.256
TRIESTE CENTRALE,MONTEVARCHI TERRANUOVA,440.88
TRIESTE CENTRALE,NAPOLI CENTRALE,868.59
TRIESTE CENTRALE,ORTE,592.388
TRIESTE CENTRALE,OSOPPO,104.98
TRIESTE CENTRALE,PADOVA,186.412
TRIESTE CENTRALE,PALAZZOLO DELLO STELLA,64.405
TRIESTE CENTRALE,PALMANOVA,54.065
TRIESTE CENTRALE,POGGIO RENATICO,275.108
TRIESTE CENTRALE,PONTEBBA,134.584
TRIESTE CENTRALE,PORDENONE,120.781
TRIESTE CENTRALE,PORTOGRUARO CAORLE,85.66
TRIESTE CENTRALE,PRATO CENTRALE,389.143
TRIESTE CENTRALE,QUARTO D ALTINO,129.22
TRIESTE CENTRALE,REDIPUGLIA,34.223
TRIESTE CENTRALE,RISANO,62.125
TRIESTE CENTRALE,ROMA TERMINI,659.139
TRIESTE CENTRALE,S DONA PIAVE JESOLO,112.216
TRIESTE CENTRALE,S GIORGIO NOGARO,54.04
TRIESTE CENTRALE,S GIOVANNI AL NATISONE,67.078
TRIESTE CENTRALE,S VITO AL TAGLIAMENTO,101.651
TRIESTE CENTRALE,SACILE,133.62
TRIESTE CENTRALE,TARCENTO,90.356
TRIESTE CENTRALE,TARVISIO BOSCOVERDE,160.798
TRIESTE CENTRALE,TERONTOLA CORTONA,498.316
TRIESTE CENTRALE,TORINO PORTA NUOVA,541.058
TRIESTE CENTRALE,TORINO PORTA SUSA,536.023
TRIESTE CENTRALE,TRENTO,277.512
TRIESTE CENTRALE,TREVISO CENTRALE,138.124
TRIESTE CENTRALE,TRIESTE AIRPORT,32.176
TRIESTE CENTRALE,UDINE,72.008
TRIESTE CENTRALE,UGOVIZZA VALBRUNA,151.257
TRIESTE CENTRALE,VENEZIA MESTRE,159.032
TRIESTE CENTRALE,VENEZIA S LUCIA,167.466
TRIESTE CENTRALE,VENZONE,106.903
TRIESTE CENTRALE,VERONA PORTA NUOVA,249.784
TRIESTE CENTRALE,VILLA OPICINA,23.988
TRINITAPOLI S FERDINANDO PUGLIA,BARI CENTRALE,70.924
TRINO VERCELLESE,ALESSANDRIA,48.694
TRINO VERCELLESE,CASALE MONFERRATO,15.968
TRINO VERCELLESE,CHIVASSO,32.432
TRIUGGIO PONTE ALBIATE,LECCO,32.265
TRIUGGIO PONTE ALBIATE,MILANO PORTA GARIBALDI,24.239
TRIUGGIO PONTE ALBIATE,MOLTENO,17.55
TRIUGGIO PONTE ALBIATE,MONZA,11.664
TRIVIGNO,TARANTO,128.306
TROFARELLO,ALBA,53.304
TROFARELLO,ALESSANDRIA,77.045
TROFARELLO,ASTI,42.749
TROFARELLO,BRA,35.814
TROFARELLO,CHIERI,8.564
TROFARELLO,CIRIE,37.533
TROFARELLO,CUNEO,75.55
TROFARELLO,FOSSANO,50.411
TROFARELLO,GENOVA BRIGNOLE,148.527
TROFARELLO,GENOVA PIAZZA PRINCIPE,145.888
TROFARELLO,NOVI LIGURE,98.652
TROFARELLO,TORINO AEROPORTO CASELLE,31.787
TROFARELLO,TORINO LINGOTTO,8.712
TROFARELLO,TORINO PORTA NUOVA,13.03
TROFARELLO,TORINO REBAUDENGO FOSSATA,18.071
TROFARELLO,TORINO STURA,21.554
TROFARELLO,VILLANOVA D ASTI,17.13
TROPEA,REGGIO CALABRIA CENTRALE,90.016
TROPEA,ROSARNO,29.515
TUSA,MESSINA CENTRALE,134.499
TUSA,PALERMO CENTRALE,88.673
UDINE,AURISINA,60.327
UDINE,BIVIO D AURISINA,57.469
UDINE,CARNIA,39.669
UDINE,CASARSA,33.661
UDINE,CERVIGNANO AQUILEIA GRADO,28.344
UDINE,CONEGLIANO,78.712
UDINE,FIUMICINO AEROPORTO,654.256
UDINE,GEMONA DEL FRIULI,28.199
UDINE,GORIZIA CENTRALE,32.862
UDINE,MANIAGO,93.829
UDINE,MILANO CENTRALE,363.613
UDINE,MILANO PORTA GARIBALDI,365.503
UDINE,MONFALCONE,44.752
UDINE,MONTEREALE VALCELLINA,88.843
UDINE,NAPOLI CENTRALE,836.131
UDINE,PALAZZOLO DELLO STELLA,46.555
UDINE,PALMANOVA,17.943
UDINE,PONTEBBA,62.576
UDINE,PORDENONE,48.773
UDINE,REDIPUGLIA,46.243
UDINE,RISANO,9.883
UDINE,ROMA TERMINI,626.68
UDINE,RONCHI DEI LEGIONARI NORD,43.198
UDINE,S GIOVANNI AL NATISONE,15.335
UDINE,SACILE,61.612
UDINE,SPRESIANO,91.839
UDINE,TARCENTO,18.348
UDINE,TARVISIO BOSCOVERDE,88.79
UDINE,TORINO PORTA NUOVA,508.599
UDINE,TREVISO CENTRALE,105.665
UDINE,TRIESTE CENTRALE,72.008
UDINE,UGOVIZZA VALBRUNA,79.249
UDINE,VENEZIA MESTRE,126.573
UDINE,VENEZIA S LUCIA,135.007
UDINE,VERONA PORTA NUOVA,217.325
UDINE,VILLA OPICINA,72.442
UGOVIZZA VALBRUNA,TRIESTE CENTRALE,151.257
UGOVIZZA VALBRUNA,UDINE,79.249
VADA,FOLLONICA,57.969
VADA,LIVORNO CENTRALE,27.766
VADA,PISA CENTRALE,44.889
VADA,ROMA TERMINI,284.402
VAGLIA,BORGO S LORENZO,11.88
VAGLIA,FIRENZE CAMPO MARTE,21.273
VAGLIA,FIRENZE S MARIA NOVELLA,22.45
VAIANO,AREZZO,93.36
VAIANO,BOLOGNA CENTRALE,70.35
VAIANO,FIRENZE CAMPO MARTE,28.587
VAIANO,PRATO CENTRALE,10.128
VAIO OSPEDALE,FIDENZA,3.43
VAIRANO CAIANELLO,AVERSA,60.715
VAIRANO CAIANELLO,BOIANO,73.335
VAIRANO CAIANELLO,CANCELLO,57.582
VAIRANO CAIANELLO,CASERTA,45.795
VAIRANO CAIANELLO,CASSINO,31.903
VAIRANO CAIANELLO,NAPOLI CENTRALE,79.936
VAIRANO CAIANELLO,ROMA TERMINI,167.64
VAL D ALA,AVEZZANO,109.552
VAL D ALA,CARSOLI,77.003
VAL D ALA,LUNGHEZZA,17.395
VAL D ALA,ROMA TIBURTINA,3.787
VAL D ALA,ROVIANO,64.273
VAL D ALA,TAGLIACOZZO,93.639
VAL D ALA,TIVOLI,42.045
VALDAORA ANTERSELVA,FORTEZZA,43.916
VALDAORA ANTERSELVA,MERANO,125.498
VALDAORA ANTERSELVA,RIO PUSTERIA,35.844
VALDAORA ANTERSELVA,S CANDIDO,20.565
VALENZA,ALESSANDRIA,13.945
VALENZA,BORGO REVEL,56.635
VALENZA,CHIVASSO,67.181
VALENZA,GIAROLE,6.96
VALENZA,MILANO PORTA GENOVA,72.782
VALENZA,MORANO SUL PO,28.679
VALENZA,MORTARA,28.401
VALENZA,NOVARA,52.636
VALENZA,PAVIA,49.285
VALLE AURELIA,ROMA TIBURTINA,13.453
VALLE DELL ANIENE MANDELA SAMBUCI,AVEZZANO,53.429
VALLE DELL ANIENE MANDELA SAMBUCI,GUIDONIA MONTECELIO S ANGELO,27.747
VALLE DELL ANIENE MANDELA SAMBUCI,MARCELLINA PALOMBARA,19.972
VALLE DELL ANIENE MANDELA SAMBUCI,PESCARA,186.619
VALLE DELL ANIENE MANDELA SAMBUCI,ROMA PRENESTINA,49.395
VALLE DELL ANIENE MANDELA SAMBUCI,ROMA TIBURTINA,52.336
VALLE DELL ANIENE MANDELA SAMBUCI,TIVOLI,14.078
VALLE MADDALONI,NAPOLI CENTRALE,48.352
VALLELUNGA,CALTANISSETTA CENTRALE,37.199
VALLELUNGA,CALTANISSETTA XIRBI,30.865
VALLELUNGA,PALERMO CENTRALE,94.882
VALLO DELLA LUCANIA CASTELNUOVO,NAPOLI CENTRALE,121.058
VALLO DELLA LUCANIA CASTELNUOVO,SALERNO,69.772
VALMADRERA,COMO S GIOVANNI,37.983
VALMADRERA,MILANO PORTA GARIBALDI,52.769
VALMADRERA,MONZA,40.194
VANDOIES,S CANDIDO,51.034
VANZAGHELLO MAGNAGO,MILANO CADORNA,41.627
VANZAGHELLO MAGNAGO,NOVATE MILANESE,33.465
VARANO,ANCONA,5.504
VARANO,PESCARA,140.469
VARAZZE,LA SPEZIA CENTRALE,118.546
VARAZZE,RECCO,51.984
VARAZZE,SAVONA,10.453
VARENNA ESINO,COLICO,17.39
VARENNA ESINO,MILANO CENTRALE,70.325
VARENNA ESINO,MILANO PORTA GARIBALDI,70.958
VARENNA ESINO,SONDRIO,57.855
VARESE,ALBIZZATE SOLBIATE ARNO,10.94
VARESE,BUSTO ARSIZIO,25.669
VARESE,CANTELLO GAGGIOLO,10.68
VARESE,CASSANO D ADDA,77.555
VARESE,CASTRONNO,8.431
VARESE,CESATE,33.459
VARESE,COCQUIO TREVISAGO,13.758
VARESE,COMO S GIOVANNI,68.733
VARESE,GALLARATE,18.568
VARESE,GAVIRATE VERBANO,12.133
VARESE,GAZZADA SCHIANNO MORAZZONE,4.428
VARESE,GEMONIO,16.185
VARESE,GERENZANO TURATE,25.503
VARESE,LAVENO MOMBELLO LAGO,22.285
VARESE,MALPENSA AEROPORTO T1,41.154
VARESE,MILANO BOVISA,45.702
VARESE,MILANO CADORNA,49.867
VARESE,MILANO CENTRALE,58.148
VARESE,MILANO CERTOSA,51.195
VARESE,MILANO LAMBRATE,57.26
VARESE,MILANO LANCETTI,47.613
VARESE,MILANO PORTA GARIBALDI,53.384
VARESE,MILANO PORTA VITTORIA,53.439
VARESE,MILANO QUARTO OGGIARO,43.528
VARESE,MILANO ROGOREDO,57.277
VARESE,NOVATE MILANESE,41.705
VARESE,PARABIAGO,35.664
VARESE,PIOLTELLO LIMITO,62.713
VARESE,PM BIVIO ADDA,80.728
VARESE,PORTO CERESIO,14.24
VARESE,RHO,44.679
VARESE,SARONNO,28.71
VARESE,SEGRATE,60.31
VARESE,TREVIGLIO,83.466
VARESE CASBENO,MILANO CADORNA,52.376
VARESE CASBENO,VARESE,2.509
VASTO S SALVO,LECCE,378.95
VASTO S SALVO,PESCARA,66.436
VASTO S SALVO,PORTO VASTO,11.433
VASTO S SALVO,TERAMO,129.127
VELLETRI,CECCHINA,12.696
VELLETRI,CIAMPINO,27.086
VELLETRI,LANUVIO,8.506
VELLETRI,PAVONA,17.628
VELLETRI,ROMA CASILINA,36.75
VELLETRI,ROMA TERMINI,41.007
VELLETRI,ROMA TIBURTINA,41.059
VELLETRI,ROMA TUSCOLANA,38.371
VENAFRO,CAMPOBASSO,396.07
VENAFRO,CANCELLO,77.819
VENAFRO,CAPUA,54.912
VENAFRO,CASERTA,66.032
VENAFRO,CASSINO,24.124
VENAFRO,CIAMPINO,148.185
VENAFRO,FROSINONE,76.627
VENAFRO,MOROLO,89.96
VENAFRO,NAPOLI CENTRALE,99.317
VENAFRO,ROCCA RAVINDOLA,7.491
VENAFRO,ROCCASECCA,41.113
VENAFRO,ROMA TERMINI,159.861
VENAFRO,ROMA TIBURTINA,158.546
VENAFRO,SPARANISE,39.608
VENAFRO,ZAGAROLO,127.254
VENARIA REALE REGGIA,ALBA,77.741
VENARIA REALE REGGIA,ASTI,67.186
VENARIA REALE REGGIA,FOSSANO,74.848
VENEZIA MESTRE,ADRIA,96.805
VENEZIA MESTRE,BASILIANO,115.203
VENEZIA MESTRE,BASSANO DEL GRAPPA,54.276
VENEZIA MESTRE,BELLUNO,95.43
VENEZIA MESTRE,BEVILACQUA,80.484
VENEZIA MESTRE,BOLOGNA CENTRALE,151.074
VENEZIA MESTRE,BOLZANO,205.426
VENEZIA MESTRE,BRENNERO,294.218
VENEZIA MESTRE,BRESCIA,173.903
VENEZIA MESTRE,CALALZO PIEVE CADORE CORTINA,124.046
VENEZIA MESTRE,CASTEL D ARIO,116.585
VENEZIA MESTRE,CASTELFRANCO VENETO,35.128
VENEZIA MESTRE,CASTELLO GODEGO,40.369
VENEZIA MESTRE,CERVIGNANO AQUILEIA GRADO,115.368
VENEZIA MESTRE,CITTADELLA,46.993
VENEZIA MESTRE,CONEGLIANO,47.861
VENEZIA MESTRE,DOLO,13.01
VENEZIA MESTRE,DOMODOSSOLA,376.951
VENEZIA MESTRE,ESTE,59.491
VENEZIA MESTRE,FELTRE,75.468
VENEZIA MESTRE,FERRARA,104.244
VENEZIA MESTRE,FIUMICINO AEROPORTO,528.802
VENEZIA MESTRE,GENOVA BRIGNOLE,365.884
VENEZIA MESTRE,GORIZIA CENTRALE,148.595
VENEZIA MESTRE,ISOLA DELLA SCALA,116.161
VENEZIA MESTRE,LATISANA LIGNANO BIBIONE,87.319
VENEZIA MESTRE,LECCE,911.017
VENEZIA MESTRE,LEGNAGO,89.248
VENEZIA MESTRE,MANTOVA,135.139
VENEZIA MESTRE,MANTOVA FRASSINE,128.828
VENEZIA MESTRE,MILANO CENTRALE,256.657
VENEZIA MESTRE,MILANO ROGOREDO,255.602
VENEZIA MESTRE,MONFALCONE,131.776
VENEZIA MESTRE,MONSELICE,51.301
VENEZIA MESTRE,NAPOLI CENTRALE,710.677
VENEZIA MESTRE,NOALE SCORZE,17.83
VENEZIA MESTRE,NOGARA,108.944
VENEZIA MESTRE,PADOVA,28.499
VENEZIA MESTRE,PIOMBINO DESE,26.305
VENEZIA MESTRE,PORTOGRUARO CAORLE,73.372
VENEZIA MESTRE,QUARTO D ALTINO,116.932
VENEZIA MESTRE,REGGIO CALABRIA CENTRALE,1149.086
VENEZIA MESTRE,ROMA TERMINI,501.226
VENEZIA MESTRE,ROMA TIBURTINA,496.721
VENEZIA MESTRE,ROVIGO,72.248
VENEZIA MESTRE,S DONA PIAVE JESOLO,99.928
VENEZIA MESTRE,S GIORGIO NOGARO,104.992
VENEZIA MESTRE,S STINO LIVENZA,86.759
VENEZIA MESTRE,SACILE,64.961
VENEZIA MESTRE,SALERNO,755.193
VENEZIA MESTRE,TARVISIO BOSCOVERDE,215.363
VENEZIA MESTRE,TORINO PORTA NUOVA,401.643
VENEZIA MESTRE,TRENTO,149.987
VENEZIA MESTRE,TREVISO CENTRALE,20.908
VENEZIA MESTRE,TRIESTE CENTRALE,159.032
VENEZIA MESTRE,UDINE,126.573
VENEZIA MESTRE,VENEZIA PORTO MARGHERA,2.284
VENEZIA MESTRE,VENEZIA S LUCIA,8.434
VENEZIA MESTRE,VENTIMIGLIA,499.684
VENEZIA MESTRE,VERONA PORTA NUOVA,110.369
VENEZIA MESTRE,VERONA PORTA VESCOVO,106.992
VENEZIA MESTRE,VICENZA,58.769
VENEZIA S LUCIA,ADRIA,105.239
VENEZIA S LUCIA,ALTAVILLA TAVERNELLE,74.87
VENEZIA S LUCIA,ANCONA,328.092
VENEZIA S LUCIA,BARI CENTRALE,770.164
VENEZIA S LUCIA,BASILIANO,123.637
VENEZIA S LUCIA,BASSANO DEL GRAPPA,62.71
VENEZIA S LUCIA,BATTIPAGLIA,783.33
VENEZIA S LUCIA,BELLUNO,103.864
VENEZIA S LUCIA,BIVIO D AURISINA,152.927
VENEZIA S LUCIA,BOLOGNA CENTRALE,159.508
VENEZIA S LUCIA,BOLOGNA CENTRALE/AV,161.587
VENEZIA S LUCIA,BOLZANO,213.86
VENEZIA S LUCIA,BRENNERO,302.652
VENEZIA S LUCIA,BRESCIA,182.337
VENEZIA S LUCIA,BRINDISI,881.087
VENEZIA S LUCIA,CALALZO PIEVE CADORE CORTINA,132.48
VENEZIA S LUCIA,CASARSA,101.346
VENEZIA S LUCIA,CASSOLA,56.828
VENEZIA S LUCIA,CASTELFRANCO VENETO,43.562
VENEZIA S LUCIA,CASTELLO GODEGO,48.803
VENEZIA S LUCIA,CASTELMAGGIORE,149.561
VENEZIA S LUCIA,CATTOLICA S GIOVANNI GABICCE,253.417
VENEZIA S LUCIA,CERVIGNANO AQUILEIA GRADO,123.802
VENEZIA S LUCIA,CHIUSI CHIANCIANO TERME,367.527
VENEZIA S LUCIA,CONEGLIANO,56.295
VENEZIA S LUCIA,CORMONS,155.792
VENEZIA S LUCIA,DESENZANO DEL GARDA SIRMIONE,154.441
VENEZIA S LUCIA,DOLO,21.444
VENEZIA S LUCIA,DOMODOSSOLA,385.385
VENEZIA S LUCIA,FERRARA,112.678
VENEZIA S LUCIA,FIRENZE CAMPO MARTE,252.75
VENEZIA S LUCIA,FIRENZE RIFREDI,247.91
VENEZIA S LUCIA,FIRENZE S MARIA NOVELLA,250.677
VENEZIA S LUCIA,FIUMICINO AEROPORTO,537.236
VENEZIA S LUCIA,FOGGIA,647.575
VENEZIA S LUCIA,FORTEZZA,262.481
VENEZIA S LUCIA,GENOVA BRIGNOLE,374.318
VENEZIA S LUCIA,GIOVINAZZO,751.738
VENEZIA S LUCIA,GORIZIA CENTRALE,157.029
VENEZIA S LUCIA,GRISIGNANO ZOCCO,52.273
VENEZIA S LUCIA,GROSSETO,436.482
VENEZIA S LUCIA,INCORONATA,657.857
VENEZIA S LUCIA,LAMEZIA TERME CENTRALE,1037.201
VENEZIA S LUCIA,LANCENIGO,35.646
VENEZIA S LUCIA,LATISANA LIGNANO BIBIONE,95.753
VENEZIA S LUCIA,LECCE,919.451
VENEZIA S LUCIA,LEGNAGO,97.682
VENEZIA S LUCIA,MAERNE MARTELLAGO,18.926
VENEZIA S LUCIA,MANTOVA,143.573
VENEZIA S LUCIA,MILANO CENTRALE,265.091
VENEZIA S LUCIA,MILANO LAMBRATE,261.293
VENEZIA S LUCIA,MILANO PORTA GARIBALDI,266.981
VENEZIA S LUCIA,MIRA MIRANO,17.615
VENEZIA S LUCIA,MOGLIANO VENETO,17.707
VENEZIA S LUCIA,MONFALCONE,140.21
VENEZIA S LUCIA,MONOPOLI,810.708
VENEZIA S LUCIA,MONSELICE,59.735
VENEZIA S LUCIA,MONTAGNANA,83.949
VENEZIA S LUCIA,NAPOLI AFRAGOLA,713.825
VENEZIA S LUCIA,NAPOLI CENTRALE,719.111
VENEZIA S LUCIA,NOALE SCORZE,26.264
VENEZIA S LUCIA,PADOVA,36.933
VENEZIA S LUCIA,PADOVA CAMPO MARTE,39.684
VENEZIA S LUCIA,PESARO,268.518
VENEZIA S LUCIA,PESCARA,474.065
VENEZIA S LUCIA,PIOMBINO DESE,34.739
VENEZIA S LUCIA,PISA CENTRALE,319.891
VENEZIA S LUCIA,POGGIO RENATICO,125.629
VENEZIA S LUCIA,POLESELLA,94.259
VENEZIA S LUCIA,PONTE NELLE ALPI POLPET,96.242
VENEZIA S LUCIA,PORDENONE,86.234
VENEZIA S LUCIA,PORTOGRUARO CAORLE,81.806
VENEZIA S LUCIA,QUARTO D ALTINO,125.366
VENEZIA S LUCIA,RAVENNA,185.298
VENEZIA S LUCIA,REDIPUGLIA,141.701
VENEZIA S LUCIA,REGGIO CALABRIA CENTRALE,1157.52
VENEZIA S LUCIA,RIMINI,235.138
VENEZIA S LUCIA,ROMA OSTIENSE,512.522
VENEZIA S LUCIA,ROMA TERMINI,509.66
VENEZIA S LUCIA,ROMA TIBURTINA,505.155
VENEZIA S LUCIA,RONCHI DEI LEGIONARI NORD,138.656
VENEZIA S LUCIA,ROVIGO,80.682
VENEZIA S LUCIA,S BONIFACIO,94.712
VENEZIA S LUCIA,S CROCE DEL LAGO,83.662
VENEZIA S LUCIA,S DONA PIAVE JESOLO,108.362
VENEZIA S LUCIA,S ELENA ESTE,65.628
VENEZIA S LUCIA,S GIORGIO NOGARO,113.426
VENEZIA S LUCIA,S GIORGIO PIANO,141.74
VENEZIA S LUCIA,S GIOVANNI AL NATISONE,150.342
VENEZIA S LUCIA,S MARGHERITA LIGURE PORTOFINO,385.47
VENEZIA S LUCIA,S PIETRO IN CASALE,135.629
VENEZIA S LUCIA,S STINO LIVENZA,95.193
VENEZIA S LUCIA,SACILE,73.395
VENEZIA S LUCIA,SALERNO,763.627
VENEZIA S LUCIA,SEREGNO,270.673
VENEZIA S LUCIA,SPRESIANO,43.168
VENEZIA S LUCIA,TARVISIO BOSCOVERDE,223.797
VENEZIA S LUCIA,TERME EUGANEE ABANO MONTEGROTTO,49.927
VENEZIA S LUCIA,TERMOLI,563.533
VENEZIA S LUCIA,TORINO LINGOTTO,410.892
VENEZIA S LUCIA,TORINO PORTA NUOVA,410.077
VENEZIA S LUCIA,TORINO STURA,398.05
VENEZIA S LUCIA,TORVISCOSA,119.067
VENEZIA S LUCIA,TRENTO,158.421
VENEZIA S LUCIA,TREVISO CENTRALE,29.342
VENEZIA S LUCIA,TRIESTE CENTRALE,167.466
VENEZIA S LUCIA,UDINE,135.007
VENEZIA S LUCIA,UDINE PARCO,136.679
VENEZIA S LUCIA,VASTO S SALVO,540.501
VENEZIA S LUCIA,VENEZIA MESTRE,8.434
VENEZIA S LUCIA,VENTIMIGLIA,508.118
VENEZIA S LUCIA,VERBANIA PALLANZA,355.901
VENEZIA S LUCIA,VERONA PORTA NUOVA,118.803
VENEZIA S LUCIA,VERONA PORTA VESCOVO,115.426
VENEZIA S LUCIA,VICENZA,67.203
VENEZIA S LUCIA,VIPITENO VAL VIZZE,281.299
VENEZIA S LUCIA,VITTORIO VENETO,69.855
VENTIMIGLIA,ALASSIO,56.053
VENTIMIGLIA,ALBENGA,62.186
VENTIMIGLIA,ANDORA,49.957
VENTIMIGLIA,ARENZANO,120.385
VENTIMIGLIA,ARQUATA SCRIVIA,172.226
VENTIMIGLIA,BARI CENTRALE,1064.922
VENTIMIGLIA,BERGAMO,318.729
VENTIMIGLIA,BORDIGHERA,4.759
VENTIMIGLIA,BORGO S DALMAZZO,217.056
VENTIMIGLIA,BRENNERO,631.782
VENTIMIGLIA,BUSTO ARSIZIO,296.871
VENTIMIGLIA,CAVALLERMAGGIORE,202.252
VENTIMIGLIA,CEVA,145.183
VENTIMIGLIA,CHIAVARI,179.606
VENTIMIGLIA,CIVITAVECCHIA,554.85
VENTIMIGLIA,COGOLETO,117.247
VENTIMIGLIA,CUNEO,208.478
VENTIMIGLIA,DIANO,43.219
VENTIMIGLIA,FERRANIA,116.206
VENTIMIGLIA,FINALE LIGURE MARINA,80.192
VENTIMIGLIA,FOSSANO,183.339
VENTIMIGLIA,GALLARATE,303.972
VENTIMIGLIA,GENOVA BRIGNOLE,144.494
VENTIMIGLIA,GENOVA PIAZZA PRINCIPE,141.855
VENTIMIGLIA,GENOVA SESTRI PONENTE AEROPORTO,135.29
VENTIMIGLIA,GENOVA VOLTRI,127.572
VENTIMIGLIA,GROSSETO,447.884
VENTIMIGLIA,IMPERIA,38.349
VENTIMIGLIA,LA SPEZIA CENTRALE,228.536
VENTIMIGLIA,LECCE,1214.209
VENTIMIGLIA,LIMONE,236.806
VENTIMIGLIA,LIVORNO CENTRALE,321.062
VENTIMIGLIA,LOANO,71.196
VENTIMIGLIA,MILANO CENTRALE,275.988
VENTIMIGLIA,MILANO CERTOSA,279.648
VENTIMIGLIA,MILANO GRECO PIRELLI,276.07
VENTIMIGLIA,MILANO LAMBRATE,272.19
VENTIMIGLIA,MILANO PORTA GARIBALDI,277.878
VENTIMIGLIA,MILANO ROGOREDO,266.402
VENTIMIGLIA,MILANO S CRISTOFORO,276.236
VENTIMIGLIA,MONDOVI,164.354
VENTIMIGLIA,PADOVA,471.185
VENTIMIGLIA,PAVIA,237.799
VENTIMIGLIA,PIACENZA,271.335
VENTIMIGLIA,PIETRA LIGURE,74.382
VENTIMIGLIA,RAPALLO,171.145
VENTIMIGLIA,RECCO,161.974
VENTIMIGLIA,REGGIO CALABRIA CENTRALE,1283.644
VENTIMIGLIA,RHO,287.471
VENTIMIGLIA,ROMA AURELIA,615.382
VENTIMIGLIA,ROMA OSTIENSE,625.719
VENTIMIGLIA,ROMA TERMINI,632.411
VENTIMIGLIA,S GIUSEPPE CAIRO,119.83
VENTIMIGLIA,S MARGHERITA LIGURE PORTOFINO,168.77
VENTIMIGLIA,S MARTINO CAVA,232.185
VENTIMIGLIA,SANTUARIO,105.587
VENTIMIGLIA,SAVIGLIANO,195.496
VENTIMIGLIA,SAVONA,99.537
VENTIMIGLIA,SESTRI LEVANTE,187.07
VENTIMIGLIA,SIRACUSA,1456.281
VENTIMIGLIA,SPOTORNO NOLI,88.777
VENTIMIGLIA,TAGGIA ARMA,22.373
VENTIMIGLIA,TARANTO,1151.044
VENTIMIGLIA,TORINO LINGOTTO,242.462
VENTIMIGLIA,TORINO PORTA NUOVA,246.78
VENTIMIGLIA,TORTONA,196.737
VENTIMIGLIA,TREVIGLIO,298.402
VENTIMIGLIA,VENEZIA MESTRE,499.684
VENTIMIGLIA,VENEZIA S LUCIA,508.118
VENTIMIGLIA,VERDELLO DALMINE,308.022
VENTIMIGLIA,VERONA PORTA NUOVA,401.209
VENTIMIGLIA,VOGHERA,212.94
VENZONE,TRIESTE CENTRALE,106.903
VERBANIA PALLANZA,MILANO CENTRALE,94.162
VERBANIA PALLANZA,MILANO PORTA GARIBALDI,90.385
VERCELLI,CAVA CARBONARA,57.42
VERCELLI,CHIVASSO,49.803
VERCELLI,GARLASCO,44.43
VERCELLI,GROPELLO CAIROLI,50.328
VERCELLI,IVREA,82.263
VERCELLI,MILANO CENTRALE,73.866
VERCELLI,MILANO PORTA GARIBALDI,70.089
VERCELLI,MORTARA,27.515
VERCELLI,NOVARA,21.886
VERCELLI,PALESTRO,10.362
VERCELLI,PAVIA,64.919
VERCELLI,ROBBIO,15.527
VERCELLI,TORINO LINGOTTO,78.985
VERCELLI,TORINO PORTA NUOVA,78.17
VERDELLO DALMINE,BERGAMO,10.707
VERDELLO DALMINE,MILANO CENTRALE,42.675
VERDELLO DALMINE,MILANO GRECO PIRELLI,42.757
VERDELLO DALMINE,MILANO LAMBRATE,38.877
VERDELLO DALMINE,MILANO PORTA GARIBALDI,44.565
VERDELLO DALMINE,TREVIGLIO,11.175
VERDELLO DALMINE,VENTIMIGLIA,308.022
VERGATO,BOLOGNA CENTRALE,38.402
VERGATO,PIANORO,54.564
VERNANTE,CUNEO,19.497
VERNANTE,FOSSANO,44.636
VERNIO MONTEPIANO CANTAGALLO,AREZZO,103.738
VERNIO MONTEPIANO CANTAGALLO,BOLOGNA CENTRALE,59.972
VERNIO MONTEPIANO CANTAGALLO,FIRENZE CAMPO MARTE,38.965
VERNIO MONTEPIANO CANTAGALLO,FIRENZE CASTELLO,31.52
VERNIO MONTEPIANO CANTAGALLO,FIRENZE RIFREDI,34.125
VERNIO MONTEPIANO CANTAGALLO,FIRENZE S MARIA NOVELLA,36.892
VERNIO MONTEPIANO CANTAGALLO,MONTEVARCHI TERRANUOVA,77.616
VERNIO MONTEPIANO CANTAGALLO,PONTASSIEVE,54.598
VERNIO MONTEPIANO CANTAGALLO,PRATO CENTRALE,20.506
VEROLANUOVA,CREMONA,22.938
VEROLANUOVA,PISA CENTRALE,234.629
VEROLENGO,ALESSANDRIA,74.432
VERONA PORTA NUOVA,ALA,50.574
VERONA PORTA NUOVA,ALTAVILLA TAVERNELLE,43.933
VERONA PORTA NUOVA,ANCONA,318.048
VERONA PORTA NUOVA,BADIA POLESINE,66.164
VERONA PORTA NUOVA,BARI CENTRALE,760.12
VERONA PORTA NUOVA,BERGAMO,113.365
VERONA PORTA NUOVA,BIVIO TAVERNELLE,105.66
VERONA PORTA NUOVA,BOLOGNA CENTRALE,114.839
VERONA PORTA NUOVA,BOLZANO,146.122
VERONA PORTA NUOVA,BOVOLONE,30.387
VERONA PORTA NUOVA,BRENNERO,234.914
VERONA PORTA NUOVA,BRESCIA,64.638
VERONA PORTA NUOVA,BRONZOLO,135.185
VERONA PORTA NUOVA,BUTTAPIETRA,12.675
VERONA PORTA NUOVA,CAMPO TRENS,208.639
VERONA PORTA NUOVA,CASSANO D ADDA,120.328
VERONA PORTA NUOVA,CASTAGNARO,58.818
VERONA PORTA NUOVA,CASTELFRANCO VENETO,87.131
VERONA PORTA NUOVA,CEREA,40.221
VERONA PORTA NUOVA,CHIOGGIA,150.433
VERONA PORTA NUOVA,COLLE ISARCO,219.36
VERONA PORTA NUOVA,COSTA,86.717
VERONA PORTA NUOVA,CREVALCORE,85.258
VERONA PORTA NUOVA,DESENZANO DEL GARDA SIRMIONE,36.742
VERONA PORTA NUOVA,DOMEGLIARA S AMBROGIO,19.452
VERONA PORTA NUOVA,DOMODOSSOLA,267.686
VERONA PORTA NUOVA,EGNA TERMENO,124.29
VERONA PORTA NUOVA,FIRENZE CAMPO MARTE,208.403
VERONA PORTA NUOVA,FIRENZE S MARIA NOVELLA,206.33
VERONA PORTA NUOVA,FORTEZZA,194.743
VERONA PORTA NUOVA,GRISIGNANO ZOCCO,66.53
VERONA PORTA NUOVA,ISOLA DELLA SCALA,20.664
VERONA PORTA NUOVA,LECCO,146.298
VERONA PORTA NUOVA,LEGNAGO,47.577
VERONA PORTA NUOVA,LENDINARA,75.937
VERONA PORTA NUOVA,LONATO,41.092
VERONA PORTA NUOVA,LOREO,130.283
VERONA PORTA NUOVA,MANTOVA,36.664
VERONA PORTA NUOVA,MEZZOCORONA,107.515
VERONA PORTA NUOVA,MILANO CENTRALE,147.392
VERONA PORTA NUOVA,MILANO CERTOSA,152.566
VERONA PORTA NUOVA,MILANO LAMBRATE,143.594
VERONA PORTA NUOVA,MILANO PORTA GARIBALDI,149.282
VERONA PORTA NUOVA,MOZZECANE,19.551
VERONA PORTA NUOVA,NAPOLI CENTRALE,674.764
VERONA PORTA NUOVA,NOGARA,31.793
VERONA PORTA NUOVA,OSPITALETTO TRAVAGLIATO,75.827
VERONA PORTA NUOVA,PADOVA,81.87
VERONA PORTA NUOVA,PERI,36.252
VERONA PORTA NUOVA,PESCARA,464.021
VERONA PORTA NUOVA,PESCHIERA DEL GARDA,22.54
VERONA PORTA NUOVA,PIOLTELLO LIMITO,135.09
VERONA PORTA NUOVA,PISA CENTRALE,271.718
VERONA PORTA NUOVA,PM TAVERNELLE EMILIA,102.898
VERONA PORTA NUOVA,POGGIO RUSCO,55.409
VERONA PORTA NUOVA,PONTE GARDENA LAION,168.635
VERONA PORTA NUOVA,REZZATO,56.064
VERONA PORTA NUOVA,RHO FIERA,156.66
VERONA PORTA NUOVA,ROMA TERMINI,465.313
VERONA PORTA NUOVA,ROMANO,101.428
VERONA PORTA NUOVA,ROVATO,81.653
VERONA PORTA NUOVA,ROVERBELLA,25.963
VERONA PORTA NUOVA,ROVERETO,67.11
VERONA PORTA NUOVA,ROVIGO,94.641
VERONA PORTA NUOVA,S ANTONIO MANTOVANO,33.254
VERONA PORTA NUOVA,S BONIFACIO,24.091
VERONA PORTA NUOVA,S FELICE SUL PANARO,72.335
VERONA PORTA NUOVA,S MARTINO BUONALBERGO,9.384
VERONA PORTA NUOVA,SIBARI,941.988
VERONA PORTA NUOVA,SOMMACAMPAGNA SONA,10.897
VERONA PORTA NUOVA,TARVISIO BOSCOVERDE,306.115
VERONA PORTA NUOVA,TORINO PORTA NUOVA,292.378
VERONA PORTA NUOVA,TRENTO,90.683
VERONA PORTA NUOVA,TREVIGLIO,114.337
VERONA PORTA NUOVA,TRIESTE CENTRALE,249.784
VERONA PORTA NUOVA,VENEZIA MESTRE,110.369
VERONA PORTA NUOVA,VENEZIA S LUCIA,118.803
VERONA PORTA NUOVA,VENTIMIGLIA,401.209
VERONA PORTA NUOVA,VERONA PORTA VESCOVO,3.377
VERONA PORTA NUOVA,VICENZA,51.6
VERONA PORTA NUOVA,VILLAFRANCA VERONA,14.35
VERONA PORTA NUOVA,VIPITENO VAL VIZZE,213.561
VERONA PORTA VESCOVO,BOLOGNA CENTRALE,117.089
VERONA PORTA VESCOVO,FIRENZE S MARIA NOVELLA,208.58
VERONA PORTA VESCOVO,NAPOLI CENTRALE,677.014
VERONA PORTA VESCOVO,ROMA OSTIENSE,470.425
VERONA PORTA VESCOVO,VENEZIA S LUCIA,115.426
VERONA PORTA VESCOVO,VERONA PORTA NUOVA,3.377
VETRALLA,BRACCIANO,29.198
VETRALLA,ROMA OSTIENSE,73.637
VETRALLA,ROMA TIBURTINA,81.004
VEZZANO LIGURE,FIRENZE S MARIA NOVELLA,144.629
VEZZANO LIGURE,FORTE DEI MARMI SERAVEZZA QUERCETA,31.797
VEZZANO LIGURE,LA SPEZIA CENTRALE,7.566
VEZZANO LIGURE,LEVANTO,27.748
VEZZANO LIGURE,PARMA,111.865
VEZZANO LIGURE,PISA CENTRALE,67.018
VEZZANO LIGURE,PONTREMOLI,33.287
VEZZANO LIGURE,SAVONA,136.565
VEZZANO LIGURE,SESTRI LEVANTE,49.032
VEZZANO LIGURE,VIAREGGIO,44.806
VIA LUNGA,BOLOGNA CENTRALE,17.63
VIADANA BRESCIANA,BRESCIA,22.127
VIAREGGIO,ALTOPASCIO,36.981
VIAREGGIO,AREZZO,166.669
VIAREGGIO,AULLA LUNIGIANA,55.305
VIAREGGIO,BORGO A BUGGIANO,49.77
VIAREGGIO,BORGO VAL TARO,93.246
VIAREGGIO,CANCELLO,559.549
VIAREGGIO,CASTELNUOVO GARFAGNANA,67.934
VIAREGGIO,EMPOLI,69.273
VIAREGGIO,FIRENZE CASTELLO,94.933
VIAREGGIO,FIRENZE RIFREDI,97.056
VIAREGGIO,FIRENZE S MARIA NOVELLA,99.823
VIAREGGIO,FORNACI BARGA,54.941
VIAREGGIO,GENOVA PIAZZA PRINCIPE,139.053
VIAREGGIO,GROSSETO,166.976
VIAREGGIO,LA SPEZIA CENTRALE,52.372
VIAREGGIO,LUCCA,23.01
VIAREGGIO,MASSAROSA BOZZANO,8.779
VIAREGGIO,MILANO CENTRALE,258.212
VIAREGGIO,MILANO PORTA GARIBALDI,260.102
VIAREGGIO,MILANO ROGOREDO,248.626
VIAREGGIO,MINUCCIANO PIEVE CASOLA,79.511
VIAREGGIO,MONTECATINI TERME MONSUMMANO,53.89
VIAREGGIO,PESCIA,46.117
VIAREGGIO,PIAZZA AL SERCHIO,80.393
VIAREGGIO,PISA CENTRALE,22.212
VIAREGGIO,PISTOIA,66.865
VIAREGGIO,PONTEDERA CASCIANA TERME,41.634
VIAREGGIO,PONTREMOLI,75.316
VIAREGGIO,PORCARI,32.128
VIAREGGIO,PRATO CENTRALE,83.919
VIAREGGIO,ROMA TERMINI,351.503
VIBO MARINA,REGGIO CALABRIA CENTRALE,112.633
VICCHIO,FIRENZE S MARIA NOVELLA,41.376
VICCHIO,PONTASSIEVE,25.637
VICENZA,ALTAVILLA TAVERNELLE,7.667
VICENZA,BASSANO DEL GRAPPA,38.284
VICENZA,BELLUNO,116.875
VICENZA,BRESCIA,115.134
VICENZA,CALALZO PIEVE CADORE CORTINA,160.735
VICENZA,CASTELFRANCO VENETO,35.531
VICENZA,CAVAZZALE,7.756
VICENZA,CITTADELLA,23.666
VICENZA,DOMODOSSOLA,318.182
VICENZA,DUEVILLE,12.695
VICENZA,FELTRE,86.342
VICENZA,FIRENZE S MARIA NOVELLA,241.349
VICENZA,GRISIGNANO ZOCCO,14.93
VICENZA,ISTRANA,48.734
VICENZA,LA SPEZIA CENTRALE,269.268
VICENZA,LONGARONE ZOLDO,134.815
VICENZA,MILANO CENTRALE,197.888
VICENZA,MILANO CERTOSA,203.062
VICENZA,MILANO PORTA GARIBALDI,199.778
VICENZA,MONTEBELLUNA,51.846
VICENZA,PADOVA,30.27
VICENZA,PONTE NELLE ALPI POLPET,124.497
VICENZA,ROMA TERMINI,500.332
VICENZA,ROMA TIBURTINA,495.827
VICENZA,S BONIFACIO,27.509
VICENZA,S PIETRO IN GU,13.194
VICENZA,SCHIO,31.184
VICENZA,THIENE,21.716
VICENZA,TREVISO CENTRALE,60.06
VICENZA,VENEZIA MESTRE,58.769
VICENZA,VENEZIA S LUCIA,67.203
VICENZA,VERONA PORTA NUOVA,51.6
VICENZA,VERONA PORTA VESCOVO,48.223
VICOFERTILE,PONTREMOLI,71.274
VIGARANO PIEVE,POGGIO RUSCO,38.462
VIGARANO PIEVE,SUZZARA,72.637
VIGEVANO,ALESSANDRIA,55.043
VIGEVANO,MILANO PORTA GARIBALDI,46.814
VIGEVANO,MILANO PORTA GENOVA,31.684
VIGEVANO,MILANO ROGOREDO,38.142
VIGEVANO,MILANO S CRISTOFORO,28.308
VIGEVANO,MORTARA,12.697
VIGEVANO,VALENZA,41.098
VIGNA CLARA PES,ROMA OSTIENSE,13.394
VIGNA CLARA PES,ROMA S PIETRO,8.556
VIGNOLA,BAZZANO,7.118
VIGNOLA,BOLOGNA CENTRALE,32.379
VIGNOLA,CASALECCHIO GARIBALDI,23.651
VIGNOLA,CRESPELLANO,11.372
VIGNOLA,VIA LUNGA,14.749
VIGODARZERE,BASSANO DEL GRAPPA,42.342
VIGODARZERE,BELLUNO,106.628
VIGODARZERE,CASTELFRANCO VENETO,25.284
VIGODARZERE,MONTEBELLUNA,41.599
VIGODARZERE,TREVISO CENTRALE,49.813
VILLA LITERNO,ALBANOVA,5.86
VILLA LITERNO,AVERSA,14.335
VILLA LITERNO,CAMPOLEONE,146.848
VILLA LITERNO,CANCELLO,33.416
VILLA LITERNO,CASERTA,27.248
VILLA LITERNO,CAVALLEGGERI AOSTA,26.467
VILLA LITERNO,EMPOLI,465.428
VILLA LITERNO,FONDI SPERLONGA,70.732
VILLA LITERNO,FORMIA GAETA,51.925
VILLA LITERNO,FRATTAMAGGIORE GRUMO,19.834
VILLA LITERNO,GIUGLIANO QUALIANO,8.334
VILLA LITERNO,MILANO CENTRALE,741.05
VILLA LITERNO,NAPOLI CAMPI FLEGREI,27.1
VILLA LITERNO,NAPOLI CENTRALE,33.556
VILLA LITERNO,NOLA INTERPORTO,39.38
VILLA LITERNO,POZZUOLI SOLFATARA,20.991
VILLA LITERNO,PRIVERNO FOSSANOVA,94.957
VILLA LITERNO,QUARTO MARANO,15.739
VILLA LITERNO,REGGIO CALABRIA CENTRALE,476.603
VILLA LITERNO,ROMA TERMINI,180.348
VILLA LITERNO,ROMA TIBURTINA,180.4
VILLA LITERNO,ROMA TUSCOLANA,177.712
VILLA LITERNO,S MARCELLINO FRIGNANO,9.556
VILLA LITERNO,S MARIA LA BRUNA,48.15
VILLA OPICINA,BIVIO D AURISINA,14.973
VILLA OPICINA,MILANO CENTRALE,396.506
VILLA OPICINA,MONFALCONE,27.69
VILLA OPICINA,PALMANOVA,54.499
VILLA OPICINA,TRIESTE CENTRALE,23.988
VILLA OPICINA,UDINE,72.442
VILLA OPICINA,VENEZIA MESTRE,159.466
VILLA OPICINA,VENEZIA S LUCIA,167.9
VILLA S GIOVANNI,BARI CENTRALE,451.589
VILLA S GIOVANNI,BATTIPAGLIA,360.102
VILLA S GIOVANNI,CATANZARO LIDO,149.391
VILLA S GIOVANNI,CISTERNA LATINA,593.083
VILLA S GIOVANNI,COSENZA,185.776
VILLA S GIOVANNI,FORMIA GAETA,514.44
VILLA S GIOVANNI,LAMEZIA TERME CENTRALE,106.231
VILLA S GIOVANNI,LATINA,581.845
VILLA S GIOVANNI,MELITO PORTO SALVO,43.901
VILLA S GIOVANNI,MILANO CENTRALE,1198.927
VILLA S GIOVANNI,NAPOLI CENTRALE,431.091
VILLA S GIOVANNI,REGGIO CALABRIA CENTRALE,14.088
VILLA S GIOVANNI,REGGIO CALABRIA GALLICO,6.248
VILLA S GIOVANNI,REGGIO CALABRIA PELLARO,24.148
VILLA S GIOVANNI,ROCCA IMPERIALE,279.407
VILLA S GIOVANNI,ROMA TERMINI,639.592
VILLA S GIOVANNI,SALINE REGGIO,37.097
VILLA S GIOVANNI,SIBARI,235.458
VILLA S GIOVANNI,SOVERATO,167.601
VILLA S GIOVANNI,TARANTO,357.695
VILLA S GIOVANNI MARE,ROMA TERMINI,640.092
VILLADOSSOLA,NOVARA,83.075
VILLAFRANCA BAGNONE,LA SPEZIA CENTRALE,29.816
VILLAFRANCA BAGNONE,PARMA,89.615
VILLAFRANCA CANTARANA,TORINO AEROPORTO CASELLE,59.528
VILLAFRANCA CANTARANA,TORINO LINGOTTO,36.453
VILLAFRANCA VERONA,MANTOVA,22.314
VILLAFRANCA VERONA,VERONA PORTA NUOVA,14.35
VILLALBA,CALTANISSETTA CENTRALE,32.298
VILLAMASSARGIA DOMUSNOVAS,CAGLIARI,44.793
VILLAMASSARGIA DOMUSNOVAS,CARBONIA SERBARIU,22.371
VILLAMASSARGIA DOMUSNOVAS,IGLESIAS,9.115
VILLANOVA D ARDA,CREMONA,14.132
VILLANOVA D ARDA,FIDENZA,19.761
VILLANOVA D ARDA,PARMA,41.774
VILLANOVA D ASTI,ASTI,25.619
VILLANOVA D ASTI,TORINO AEROPORTO CASELLE,48.917
VILLANOVA D ASTI,TORINO PORTA NUOVA,30.16
VILLANOVA D ASTI,TORINO STURA,38.684
VILLANOVA D ASTI,TROFARELLO,17.13
VILLAROSA,CATANIA CENTRALE,99.499
VILLASANTA PARCO,LECCO,40.018
VILLASANTA PARCO,MILANO PORTA GARIBALDI,16.486
VILLASOR,CAGLIARI,25.486
VILLASOR,ORISTANO,67.544
VILLETTA,ROMA TERMINI,26.828
VILPIANO NALLES,BOLZANO,17.419
VILPIANO NALLES,BRENNERO,106.211
VILPIANO NALLES,MERANO,15.542
VILPIANO NALLES,TERLANO ANDRIANO,3.824
VIPITENO VAL VIZZE,BOLOGNA CENTRALE,324.059
VIPITENO VAL VIZZE,BOLZANO,67.439
VIPITENO VAL VIZZE,MERANO,100.4
VIPITENO VAL VIZZE,VERONA PORTA NUOVA,213.561
VISANO,BRESCIA,29.1
VISANO,PARMA,62.042
VITERBO PORTA FIORENTINA,ANGUILLARA,57.066
VITERBO PORTA FIORENTINA,ATTIGLIANO BOMARZO,39.062
VITERBO PORTA FIORENTINA,BRACCIANO,43.868
VITERBO PORTA FIORENTINA,CAPRANICA SUTRI,24.953
VITERBO PORTA FIORENTINA,CESANO ROMA,60.111
VITERBO PORTA FIORENTINA,CROCICCHIE,51.829
VITERBO PORTA FIORENTINA,GROTTE S STEFANO,22.763
VITERBO PORTA FIORENTINA,IPOGEO DEGLI OTTAVI,73.644
VITERBO PORTA FIORENTINA,LA STORTA,68.725
VITERBO PORTA FIORENTINA,MANZIANA CANALE MONTERANO,39.162
VITERBO PORTA FIORENTINA,MONTEFIASCONE,12.388
VITERBO PORTA FIORENTINA,ORIOLO,34.225
VITERBO PORTA FIORENTINA,ORTE,52.652
VITERBO PORTA FIORENTINA,ROMA OSTIENSE,88.307
VITERBO PORTA FIORENTINA,ROMA S PIETRO,83.469
VITERBO PORTA FIORENTINA,ROMA TERMINI,94.999
VITERBO PORTA FIORENTINA,ROMA TIBURTINA,95.674
VITERBO PORTA FIORENTINA,ROMA TUSCOLANA,91.917
VITERBO PORTA FIORENTINA,SIPICCIANO,33.654
VITERBO PORTA FIORENTINA,VETRALLA,14.67
VITERBO PORTA FIORENTINA,VITERBO PORTA ROMANA,1.586
VITERBO PORTA ROMANA,ANGUILLARA,55.48
VITERBO PORTA ROMANA,BRACCIANO,42.282
VITERBO PORTA ROMANA,CAPRANICA SUTRI,23.367
VITERBO PORTA ROMANA,CESANO ROMA,58.525
VITERBO PORTA ROMANA,CROCICCHIE,50.243
VITERBO PORTA ROMANA,LA STORTA,67.139
VITERBO PORTA ROMANA,MANZIANA CANALE MONTERANO,37.576
VITERBO PORTA ROMANA,ORIOLO,32.639
VITERBO PORTA ROMANA,ROMA OSTIENSE,86.721
VITERBO PORTA ROMANA,ROMA S PIETRO,81.883
VITERBO PORTA ROMANA,ROMA TIBURTINA,94.088
VITERBO PORTA ROMANA,VITERBO PORTA FIORENTINA,1.586
VITTORIA,MODICA,60.521
VITTORIA,RAGUSA,40.976
VITTORIA,RAGUSA IBLA,49.757
VITTORIA,ROSOLINI,104.48
VITTORIA,SIRACUSA,152.219
VITTORIO VENETO,BELLUNO,34.009
VITTORIO VENETO,CONEGLIANO,13.56
VITTORIO VENETO,VENEZIA S LUCIA,69.855
VITTUONE ARLUNO,MILANO CENTRALE,24.714
VITTUONE ARLUNO,MILANO PORTA GARIBALDI,20.937
VITTUONE ARLUNO,NOVARA,27.266
VITTUONE ARLUNO,PIOLTELLO LIMITO,33.664
VITTUONE ARLUNO,RHO,8.365
VITTUONE ARLUNO,TORINO PORTA NUOVA,127.322
VITTUONE ARLUNO,TREVIGLIO,54.417
VIZZINI LICODIA,CATANIA CENTRALE,64.829
VOGHERA,ALBENGA,150.754
VOGHERA,ALESSANDRIA,38.118
VOGHERA,ANCONA,409.91
VOGHERA,ARENA PO,29.869
VOGHERA,ARQUATA SCRIVIA,40.714
VOGHERA,ASTI,72.414
VOGHERA,BOLOGNA CENTRALE,205.869
VOGHERA,BRESSANA BOTTARONE,12.584
VOGHERA,BRONI,21.377
VOGHERA,BUSALLA,56.451
VOGHERA,CASTEL S GIOVANNI,36.517
VOGHERA,CASTEL S PIETRO TERME,228.948
VOGHERA,CASTELBOLOGNESE RIOLO TERME,247.746
VOGHERA,CESENA,288.538
VOGHERA,DEIVA MARINA,133.689
VOGHERA,FAENZA,254.976
VOGHERA,FIDENZA,93.464
VOGHERA,FIORENZUOLA,80.006
VOGHERA,FORLI,270.687
VOGHERA,GENOVA BRIGNOLE,79.14
VOGHERA,GENOVA PIAZZA PRINCIPE,76.501
VOGHERA,IMOLA,239.97
VOGHERA,IMPERIA,174.591
VOGHERA,LA SPEZIA CENTRALE,163.182
VOGHERA,LIVORNO CENTRALE,255.708
VOGHERA,MILANO CENTRALE,63.048
VOGHERA,MILANO CERTOSA,66.708
VOGHERA,MILANO GRECO PIRELLI,63.13
VOGHERA,MILANO LAMBRATE,59.25
VOGHERA,MILANO PORTA GARIBALDI,64.938
VOGHERA,MILANO ROGOREDO,53.462
VOGHERA,MODENA,168.937
VOGHERA,NOVI LIGURE,34.562
VOGHERA,PARMA,115.477
VOGHERA,PAVIA,24.859
VOGHERA,PESARO,350.336
VOGHERA,PIACENZA,58.395
VOGHERA,POZZOLO FORMIGARO,30.292
VOGHERA,RIMINI,316.956
VOGHERA,RONCO SCRIVIA,51.198
VOGHERA,S GIULETTA,14.248
VOGHERA,SAVONA,113.403
VOGHERA,SESTRI LEVANTE,121.716
VOGHERA,STRADELLA,25.172
VOGHERA,TAGGIA ARMA,190.567
VOGHERA,TORTONA,16.203
VOGHERA,VENTIMIGLIA,212.94
VOLPIANO,CHIERI,41.091
VOLTERRA SALINE POMARANCE,CECINA,29.484
VOLTERRA SALINE POMARANCE,PISA CENTRALE,80.3
ZAGAROLO,CASERTA,172.302
ZAGAROLO,CASSINO,103.13
ZAGAROLO,FROSINONE,50.627
ZAGAROLO,ISERNIA,152.264
ZAGAROLO,ROCCA RAVINDOLA,134.745
ZAGAROLO,ROMA OSTIENSE,35.826
ZAGAROLO,ROMA TERMINI,34.852
ZAGAROLO,ROMA TIBURTINA,34.904
ZAGAROLO,ROMA TUSCOLANA,32.216
ZAGAROLO,VENAFRO,127.254
ZAPPULLA,MESSINA CENTRALE,91.042
