partenza,arrivo,km
1 BIVIO ORTE NORD,ROMA TERMINI,74.471
1°BIVIO VALDARNO SUD,ROMA TERMINI,215.074
ABBADIA LARIANA,COLICO,31.454
ABBADIA LARIANA,MILANO CENTRALE,55.705
ABBADIA LARIANA,MILANO LAMBRATE,58.935
ABBADIA LARIANA,SONDRIO,71.916
ABBASANTA,CAGLIARI,129.203
ABBIATEGRASSO,ALBAIRATE VERMEZZO,3.353
ABBIATEGRASSO,ALESSANDRIA,65.723
ABBIATEGRASSO,MILANO PORTA GARIBALDI,34.195
ABBIATEGRASSO,MILANO ROGOREDO,30.736
ABBIATEGRASSO,MILANO S CRISTOFORO,20.459
ABBIATEGRASSO,MORTARA,23.855
ACERRA,CASERTA,18.482
ACERRA,NAPOLI CAMPI FLEGREI,26.73
ACERRA,NAPOLI CENTRALE,18.079
ACERRA,POZZUOLI SOLFATARA,33.661
ACIREALE,ALCANTARA,29.515
ACIREALE,BICOCCA,19.515
ACIREALE,CATANIA AEROPORTO FONTANAROSSA,17.302
ACIREALE,CATANIA CENTRALE,12.073
ACIREALE,MESSINA CENTRALE,81.108
ACIREALE,ROCCALUMERA MANDANICI,52.508
ACIREALE,SIRACUSA,95.457
ACIREALE,TAORMINA GIARDINI,33.832
ACQUANEGRA CREMONESE,CODOGNO,16.614
ACQUANEGRA CREMONESE,CREMONA,10.425
ACQUANEGRA CREMONESE,MILANO CENTRALE,73.506
ACQUAVIVA,PALERMO CENTRALE,98.425
ACQUAVIVA DELLE FONTI,BARI CENTRALE,38.307
ACQUAVIVA DELLE FONTI,TARANTO,67.062
ACQUEDOLCI S FRATELLO,PALERMO CENTRALE,119.758
ACQUI TERME,ALESSANDRIA,34.079
ACQUI TERME,ALTARE,54.483
ACQUI TERME,ASTI,68.23
ACQUI TERME,BISTAGNO,9.005
ACQUI TERME,CAIRO MONTENOTTE,45.44
ACQUI TERME,CAMPO LIGURE MASONE,28.85
ACQUI TERME,CAMPOLIGURE MASONE,28.85
ACQUI TERME,CASSINE,12.879
ACQUI TERME,GENOVA ACQUASANTA,40.161
ACQUI TERME,GENOVA BORZOLI,50.343
ACQUI TERME,GENOVA BRIGNOLE,60.108
ACQUI TERME,GENOVA P PRINCIPE,57.657
ACQUI TERME,GENOVA PIAZZA PRINCIPE,57.769
ACQUI TERME,GENOVA SAMPIERDARENA,55.108
ACQUI TERME,MELE,35.842
ACQUI TERME,MOMBARUZZO,13.068
ACQUI TERME,MONTEGROSSO,33.452
ACQUI TERME,NIZZA MONFERRATO,25.243
ACQUI TERME,OVADA,14.855
ACQUI TERME,PONTI,13.159
ACQUI TERME,ROSSIGLIONE,23.413
ACQUI TERME,S GIUSEPPE DI CAIRO,48.829
ACQUI TERME,SAVONA,69.555
ACQUI TERME,SPIGNO,25.603
ADRIA,CHIOGGIA,31.309
ADRIA,PIOVE DI SACCO,29.326
ADRIA,ROVIGO,24.569
ADRIA,VENEZIA MESTRE,97.373
ADRIA,VENEZIA S LUCIA,105.257
AGRIGENTO BASSA,CALTANISSETTA XIRBI,69.792
AGRIGENTO BASSA,PALERMO CENTRALE,133.58
AGRIGENTO CENTRALE,ACQUAVIVA,38.159
AGRIGENTO CENTRALE,ACQUAVIVA CASTELTERMINI,38.159
AGRIGENTO CENTRALE,AGRIGENTO BASSA,3.552
AGRIGENTO CENTRALE,ALTAVILLA M,116.208
AGRIGENTO CENTRALE,ARAGONA CALDARE,12.716
AGRIGENTO CENTRALE,BAGHERIA,124.293
AGRIGENTO CENTRALE,CALTANISSETTA CENTRALE,66.363
AGRIGENTO CENTRALE,CALTANISSETTA XIRBI,72.797
AGRIGENTO CENTRALE,CAMMARATA S GIOVANNI GEMINI,48.721
AGRIGENTO CENTRALE,CAMPOFRANCO,30.54
AGRIGENTO CENTRALE,CANICATTI,42.327
AGRIGENTO CENTRALE,CARINI,157.299
AGRIGENTO CENTRALE,CERDA,91.418
AGRIGENTO CENTRALE,COMITINI,17.704
AGRIGENTO CENTRALE,ISOLA DELLE FEMMINE,152.692
AGRIGENTO CENTRALE,MONTEMAGGIORE,75.883
AGRIGENTO CENTRALE,MONTEMAGGIORE BELSITO,75.883
AGRIGENTO CENTRALE,PALERMO AEROPORTO,169.933
AGRIGENTO CENTRALE,PALERMO BRANCACCIO,133.708
AGRIGENTO CENTRALE,PALERMO CENTRALE,136.585
AGRIGENTO CENTRALE,PALERMO NOTARBARTOLO,140.461
AGRIGENTO CENTRALE,PUNTA RAISI,169.933
AGRIGENTO CENTRALE,ROCCAPALUMBA ALIA,67.187
AGRIGENTO CENTRALE,TERMINI IMERESE,100.118
AGRIGENTO CENTRALE,VALLELUNGA,77.658
AGROPOLI CASTELLABATE,COSENZA,193.21
AGROPOLI CASTELLABATE,NAPOLI CENTRALE,101.075
AGROPOLI CASTELLABATE,SALERNO,49.65
AIRASCA,CHIVASSO,49.36
AIRASCA,PINEROLO,12.637
ALA,BOLZANO,95.682
ALA,BRONZOLO,84.699
ALA,EGNA TERMENO,73.782
ALA,MEZZOCORONA,56.979
ALA,ROVERETO,16.462
ALA,TRENTO,40.125
ALA,VERONA PORTA NUOVA,50.568
ALANO FENER VALDOBBIADENE,PADOVA,67.788
ALANO FENER VALDOBBIADENE,TREVISO C,57.098
ALASSIO,ALBENGA,6.394
ALASSIO,COGOLETO,61.089
ALASSIO,FINALE LIGURE MARINA,25.197
ALASSIO,GENOVA BRIGNOLE,87.877
ALASSIO,GENOVA P PRINCIPE,85.426
ALASSIO,GENOVA PIAZZA PRINCIPE,85.538
ALASSIO,GENOVA SESTRI PONENTE,79.798
ALASSIO,GENOVA SESTRI PONENTE AEROPORTO,78.822
ALASSIO,GENOVA VOLTRI,71.569
ALASSIO,LOANO,15.002
ALASSIO,MILANO CENTRALE,218.001
ALASSIO,SAVONA,43.507
ALASSIO,VARAZZE,53.878
ALASSIO,VENTIMIGLIA,56.747
ALBA,ASTI,95.463
ALBA,BALANGERO,98.536
ALBA,BRA,17.528
ALBA,CARMAGNOLA,37.624
ALBA,CASTAGNOLE DELLE LANZE,13.447
ALBA,CIRE,90.905
ALBA,CIRIE,90.905
ALBA,GERMAGNANO,103.284
ALBA,MATHI,96.51
ALBA,MONCALIERI,57.72
ALBA,ROMA TERMINI,606.943
ALBA,S MAURIZIO,88.23
ALBA,S MAURIZIO CANAVESE,88.23
ALBA,S VITTORIA,10.756
ALBA,TORINO AEROPORTO,85.169
ALBA,TORINO AEROPORTO DI CASELLE,85.169
ALBA,TORINO LINGOTTO,62.041
ALBA,TORINO PORTA NUOVA,66.223
ALBA,TORINO PORTA SUSA,67.796
ALBA,TORINO REBAUDENGO FOSSATA,71.41
ALBA,TORINO STURA,74.862
ALBA,TROFARELLO,53.338
ALBA,VENARIA,77.763
ALBA,VENARIA REALE REGGIA,77.729
ALBACINA,ANCONA,61.038
ALBACINA,MACERATA,60.813
ALBACINA,MATELICA,13.599
ALBAIRATE VERMEZZO,ABBIATEGRASSO,3.353
ALBAIRATE VERMEZZO,ALESSANDRIA,69.075
ALBAIRATE VERMEZZO,CESANO MADERNO,47.743
ALBAIRATE VERMEZZO,DESIO,46.396
ALBAIRATE VERMEZZO,LISSONE MUGGIO,44.2
ALBAIRATE VERMEZZO,MILANO CENTRALE,28.607
ALBAIRATE VERMEZZO,MILANO CERTOSA,34.697
ALBAIRATE VERMEZZO,MILANO GRECO PIRELLI,31.672
ALBAIRATE VERMEZZO,MILANO LAMBRATE,25.611
ALBAIRATE VERMEZZO,MILANO PORTA GARIBALDI,30.843
ALBAIRATE VERMEZZO,MILANO ROGOREDO,27.383
ALBAIRATE VERMEZZO,MILANO S CRISTOFORO,17.107
ALBAIRATE VERMEZZO,MONZA,39.758
ALBAIRATE VERMEZZO,MORTARA,27.207
ALBAIRATE VERMEZZO,SARONNO,50.429
ALBAIRATE VERMEZZO,SEREGNO,49.746
ALBAIRATE VERMEZZO,SESTO S GIOVANNI,34.894
ALBAIRATE VERMEZZO,VIGEVANO,13.969
ALBANO LAZIALE,CIAMPINO,18.203
ALBANO LAZIALE,MARINO,22.704
ALBANO LAZIALE,MARINO LAZIALE,22.704
ALBANO LAZIALE,ROMA OSTIENSE,29.412
ALBANO LAZIALE,ROMA S PIETRO,34.631
ALBANO LAZIALE,ROMA TERMINI,28.32
ALBANO LAZIALE,ROMA TIBURTINA,28.388
ALBANO LAZIALE,ROMA TUSCOLANA,26.529
ALBENGA,ARQUATA SCRIVIA,109.045
ALBENGA,COGOLETO,54.695
ALBENGA,GENOVA BRIGNOLE,81.483
ALBENGA,GENOVA P PRINCIPE,79.032
ALBENGA,GENOVA PIAZZA PRINCIPE,79.144
ALBENGA,GENOVA SESTRI PONENTE AEROPORTO,72.427
ALBENGA,GENOVA VOLTRI,65.175
ALBENGA,MILANO CENTRALE,211.607
ALBENGA,MILANO LAMBRATE,208.703
ALBENGA,MILANO PORTA GARIBALDI,213.843
ALBENGA,MILANO ROGOREDO,206.88
ALBENGA,PAVIA,175.314
ALBENGA,SAVONA,37.113
ALBENGA,SESTRI LEVANTE,124.283
ALBENGA,TORINO PORTA NUOVA,184.355
ALBENGA,TORTONA,133.934
ALBENGA,VENTIMIGLIA,63.142
ALBENGA,VOGHERA,150.362
ALBIZZATE SOLBIATE ARNO,MALPENSA AEROPORTO T2,14.723
ALBIZZATE SOLBIATE ARNO,MILANO PORTA GARIBALDI,49.646
ALBIZZATE SOLBIATE ARNO,PIOLTELLO LIMITO,59.153
ALBIZZATE SOLBIATE ARNO,PORTO CERESIO,25.278
ALBIZZATE SOLBIATE ARNO,TREVIGLIO,79.59
ALBIZZATE SOLBIATE ARNO,VARESE,56.496
ALCAMO DIRAMAZIONE,CAMPOBELLO DI MAZARA,51.053
ALCAMO DIRAMAZIONE,CASTELVETRANO,42.571
ALCAMO DIRAMAZIONE,MARAUSA,103.347
ALCAMO DIRAMAZIONE,MARSALA,86.28
ALCAMO DIRAMAZIONE,MAZARA DEL VALLO,65.275
ALCAMO DIRAMAZIONE,MOZIA BIRGI,98.324
ALCAMO DIRAMAZIONE,PETROSINO STRASATTI,76.674
ALCAMO DIRAMAZIONE,SALEMI GIBELLINA,26.51
ALCAMO DIRAMAZIONE,TRAPANI,116.96
ALCANTARA,AUGUSTA,97.879
ALCANTARA,BICOCCA,49.03
ALCANTARA,CATANIA AEROPORTO FONTANAROSSA,46.817
ALCANTARA,CATANIA CENTRALE,41.588
ALCANTARA,LENTINI,70.289
ALCANTARA,MESSINA CENTRALE,51.593
ALCANTARA,SIRACUSA,124.972
ALCANTARA,TAORMINA,4.969
ALESSANDRIA,ABBIATEGRASSO,65.723
ALESSANDRIA,ACQUI TERME,34.079
ALESSANDRIA,ALBAIRATE VERMEZZO,69.075
ALESSANDRIA,ALTARE,88.562
ALESSANDRIA,ANCONA,447.575
ALESSANDRIA,ARQUATA SCRIVIA,33.415
ALESSANDRIA,ASTI,34.275
ALESSANDRIA,BOLZANO,377.854
ALESSANDRIA,BORGO REVEL,70.579
ALESSANDRIA,BORGO S MARTINO,25.607
ALESSANDRIA,CAIRO MONTENOTTE,79.519
ALESSANDRIA,CASALE MONFERRATO,32.762
ALESSANDRIA,CASALE POPOLO,36.265
ALESSANDRIA,CASSINE,21.2
ALESSANDRIA,CAVA CARBONARA,55.895
ALESSANDRIA,CHIVASSO,81.133
ALESSANDRIA,CRESCENTINO,63.489
ALESSANDRIA,DEGO,72.337
ALESSANDRIA,FELIZZANO,14.494
ALESSANDRIA,FONTANETTO PO,57.083
ALESSANDRIA,GAMALERO,13.242
ALESSANDRIA,GENOVA BRIGNOLE,71.278
ALESSANDRIA,GENOVA P PRINCIPE,68.827
ALESSANDRIA,GENOVA PIAZZA PRINCIPE,68.939
ALESSANDRIA,GENOVA SAMPIERDARENA,68.021
ALESSANDRIA,GIAROLE,20.919
ALESSANDRIA,LOMELLO,32.979
ALESSANDRIA,MEDE,27.81
ALESSANDRIA,MERANA,62.876
ALESSANDRIA,MILANO CENTRALE,97.682
ALESSANDRIA,MILANO CERTOSA,103.773
ALESSANDRIA,MILANO GRECO PIRELLI,100.748
ALESSANDRIA,MILANO LAMBRATE,94.686
ALESSANDRIA,MILANO PORTA GARIBALDI,99.918
ALESSANDRIA,MILANO ROGOREDO,94.859
ALESSANDRIA,MILANO S CRISTOFORO,86.182
ALESSANDRIA,MOMBALDONE ROCCAVERANO,55.571
ALESSANDRIA,MORANO SUL PO,42.668
ALESSANDRIA,MORTARA,42.407
ALESSANDRIA,NOVARA,67.078
ALESSANDRIA,NOVI LIGURE,21.902
ALESSANDRIA,PARONA LOMELLINA,47.461
ALESSANDRIA,PAVIA,63.292
ALESSANDRIA,PIANA,67.73
ALESSANDRIA,PISA CENTRALE,230.315
ALESSANDRIA,ROMA TERMINI,560.518
ALESSANDRIA,S GIUSEPPE DI CAIRO,82.909
ALESSANDRIA,S PAOLO SOLBRITO,57.057
ALESSANDRIA,SAIRANO,53.731
ALESSANDRIA,SALERNO,816.239
ALESSANDRIA,SANNAZZARO,41.911
ALESSANDRIA,SAVONA,103.635
ALESSANDRIA,SEZZADIO,15.425
ALESSANDRIA,SOLERO,8.206
ALESSANDRIA,SPIGNO,59.682
ALESSANDRIA,SPINETTA,7.588
ALESSANDRIA,STREVI,27.989
ALESSANDRIA,TORINO LINGOTTO,85.701
ALESSANDRIA,TORINO PORTA NUOVA,89.884
ALESSANDRIA,TORINO STURA,97.406
ALESSANDRIA,TORREBERETTI,20.448
ALESSANDRIA,TORTONA,21.916
ALESSANDRIA,TRINO VERCELLESE,48.729
ALESSANDRIA,TROFARELLO,76.998
ALESSANDRIA,VALENZA,12.099
ALESSANDRIA,VEROLENGO,74.414
ALESSANDRIA,VIGEVANO,55.106
ALESSANDRIA,VILLAFRANCA CANTARANA,49.261
ALESSANDRIA,VILLANOVA,118.735
ALESSANDRIA,VILLANOVA D ASTI,59.882
ALESSANDRIA,VOGHERA,38.341
ALFONSINE,FERRARA,143.261
ALFONSINE,GAIBANELLA,45.148
ALFONSINE,RAVENNA,17.74
ALTARE,ACQUI TERME,54.483
ALTAVILLA IRPINA,BENEVENTO,15.343
ALTAVILLA M,PALERMO CENTRALE,20.376
ALTAVILLA MILICIA,PALERMO CENTRALE,20.376
ALTAVILLA MILICIA,TERMINI IMERESE,16.096
ALTAVILLA TAVERNELLE,VENEZIA S LUCIA,74.773
ALTOPASCIO,FIRENZE S MARIA NOVELLA,63.519
ALTOPASCIO,LUCCA,13.925
ALTOPASCIO,PISTOIA,30.086
ALTOPASCIO,VIAREGGIO,35.884
AMBIVERE MAPELLO,BERGAMO,138.479
AMBIVERE MAPELLO,CALOLZIOCORTE OLGINATE,14.502
AMBIVERE MAPELLO,LECCO,19.219
AMOROSI MELIZZANO,BENEVENTO,71.923
ANAGNI FIUGGI,CASSINO,75.46
ANAGNI FIUGGI,ROMA TERMINI,60.619
ANCONA,ALBACINA,61.038
ANCONA,ALESSANDRIA,447.575
ANCONA,AREZZO,245.851
ANCONA,ASCOLI PICENO,117.189
ANCONA,BAIANO DI SPOLETO,160.164
ANCONA,BARI CENTRALE,441.589
ANCONA,BOLOGNA CENTRALE,205.389
ANCONA,BOLZANO,460.439
ANCONA,BRENNERO,549.236
ANCONA,BRESCIA,378.124
ANCONA,CAPODACQUA PIEVE FANONICA,118.718
ANCONA,CASTEL S PIETRO TERME,180.79
ANCONA,CASTELBOLOGNESE,162.029
ANCONA,CASTELBOLOGNESE RIOLO TERME,162.029
ANCONA,CASTELFRANCO D EMILIA,228.789
ANCONA,CASTELFRANCO EMILIA,228.791
ANCONA,CASTELPLANIO CUPRAMONTANA,41.376
ANCONA,CATTOLICA S GIOVANNI GABICCE,74.594
ANCONA,CESENA,121.267
ANCONA,CHIARAVALLE,15.921
ANCONA,CIVITANOVA MARCHE MONTEGRANARO,43.02
ANCONA,CORRIDONIA MOGLIANO,64.476
ANCONA,CUPRAMARITTIMA,76.645
ANCONA,FABRIANO,70.021
ANCONA,FAENZA,153.711
ANCONA,FALCONARA MARITTIMA,13.164
ANCONA,FANO,47.085
ANCONA,FIDENZA,316.169
ANCONA,FIORENZUOLA,329.128
ANCONA,FIRENZE S MARIA NOVELLA,256.738
ANCONA,FOGGIA,319.095
ANCONA,FOLIGNO,128.976
ANCONA,FORLI,139.088
ANCONA,FOSSATO DI VICO GUBBIO,86.353
ANCONA,FRANCAVILLA AL MARE,155.306
ANCONA,GAIFANA,99.299
ANCONA,GENGA S VITTORE TERME,54.525
ANCONA,GIULIANOVA,108.43
ANCONA,GUALDO TADINO,92.205
ANCONA,IMOLA,169.769
ANCONA,JESI,26.668
ANCONA,LECCE,590.952
ANCONA,LORETO,23.647
ANCONA,MACERATA,69.985
ANCONA,MANOPPELLO,170.134
ANCONA,MAROTTA MONDOLFO,34.877
ANCONA,MARTINSICURO,92.403
ANCONA,MATELICA,74.638
ANCONA,MILANO CENTRALE,415.752
ANCONA,MILANO LAMBRATE,412.849
ANCONA,MILANO PORTA GARIBALDI,417.988
ANCONA,MILANO ROGOREDO,411.026
ANCONA,MODENA,240.704
ANCONA,MONTECOSARO,50.194
ANCONA,MONTESILVANO,139.073
ANCONA,MORROVALLE MONTE S GIUSTO,55.553
ANCONA,NOCERA UMBRA,109.517
ANCONA,OFFIDA CASTEL DI LAMA,105.176
ANCONA,ORTE,210.553
ANCONA,OSIMO CASTELFIDARDO,15.211
ANCONA,PARMA,295.295
ANCONA,PEDASO,68.58
ANCONA,PERGOLA,101.997
ANCONA,PERUGIA,168.552
ANCONA,PESARO,59.532
ANCONA,PESCARA,146.041
ANCONA,PESCARA PORTA NUOVA,147.477
ANCONA,PIACENZA,351.116
ANCONA,PINETO ATRI,126.821
ANCONA,PORTO D ASCOLI,89.357
ANCONA,PORTO S GIORGIO FERMO,58.346
ANCONA,PRATOLA PELIGNA,209.002
ANCONA,REGGIO EMILIA,265.818
ANCONA,RIMINI,92.87
ANCONA,ROMA S PIETRO,285.59
ANCONA,ROMA TERMINI,277.929
ANCONA,ROMA TIBURTINA,273.337
ANCONA,ROSETO DEGLI ABRUZZI,117.743
ANCONA,RUBIERA,253.984
ANCONA,S BENEDETTO DEL TRONTO,84.546
ANCONA,S GIUSEPPE DI CAIRO,529.102
ANCONA,S ILARIO D ENZA,283.857
ANCONA,S SEVERINO MARCHE,93.353
ANCONA,SANTARCANGELO DI ROMAGNA,103.308
ANCONA,SENIGALLIA,25.772
ANCONA,SERRA S QUIRICO,47.629
ANCONA,SPOLETO,153.262
ANCONA,SULMONA,214.577
ANCONA,TARVISIO BOSCOVERDE,567.945
ANCONA,TAVAZZANO,394.703
ANCONA,TERNI,182.638
ANCONA,TOLENTINO,88.47
ANCONA,TORINO PORTA NUOVA,537.457
ANCONA,VARANO,6.992
ANCONA,VENEZIA MESTRE,354.398
ANCONA,VENEZIA S LUCIA,362.282
ANCONA,VERONA PORTA NUOVA,318.788
ANCONA,VIPITENO VAL DI VIZZE,527.833
ANDORA,SAVONA,49.814
ANDORA,TORINO PORTA NUOVA,197.056
ANDORA,VARALLO SESIA,270.367
ANDORA,VENTIMIGLIA,50.44
ANTRODOCO BORGO VELINO,TERNI,64.395
ANTRODOCO CENTRO,RIETI,24.028
ANTRODOCO CENTRO,TERNI,65.083
ANVERSA VILLALAGO SCANNO,ROMA TIBURTINA,161.035
AOSTA,BORGOFRANCO,59.997
AOSTA,CHIVASSO,99.062
AOSTA,GENOVA P PRINCIPE,248.703
AOSTA,HONE BARD,44.534
AOSTA,IVREA,66.254
AOSTA,NUS,12.452
AOSTA,PONT SAINT MARTIN,50.043
AOSTA,TORINO PORTA NUOVA,126.472
AOSTA,TORINO STURA,114.583
AOSTA,VERRES,37.847
APRILIA,CAMPOLEONE,7.387
APRILIA,NETTUNO,19.589
APRILIA,POMEZIA S PALOMBA,15.655
APRILIA,ROMA TERMINI,39.45
APRILIA,ROMA TIBURTINA,39.519
APRILIA,TORRICOLA,27.416
ARAGONA CALDARE,CALTANISSETTA CENTRALE,53.647
ARAGONA CALDARE,CALTANISSETTA XIRBI,60.081
ARAGONA CALDARE,PALERMO CENTRALE,123.869
ARAGONA CALDARE,PALERMO NOTARBARTOLO,127.745
ARBIA,CHIUSI C T,79.302
ARBIA,CHIUSI CHIANCIANO TERME,79.302
ARBOSTELLA,SALERNO,4.559
ARCE,AVEZZANO,70.15
ARDARA,SASSARI,36.398
ARDENNO MASINO,COLICO,22.926
ARDENNO MASINO,LECCO,64.042
ARDENNO MASINO,MILANO CENTRALE,110.085
ARDENNO MASINO,SONDRIO,17.536
ARECHI,MERCATELLO,2.252
ARECHI,SALERNO,5.714
ARECHI,TORRIONE,4.026
ARENA PO,BRESSANA BOTTARONE,18.615
ARENA PO,MILANO GRECO PIRELLI,73.396
ARENA PO,PIACENZA,28.497
AREZZO,ANCONA,245.851
AREZZO,BOLOGNA CENTRALE,159.822
AREZZO,CHIUSI C T,56.427
AREZZO,CHIUSI CHIANCIANO TERME,56.427
AREZZO,COMPIOBBI,65.366
AREZZO,FIGLINE VALDARNO,43.635
AREZZO,FIRENZE CAMPO MARTE,65.157
AREZZO,FIRENZE CASTELLO,71.546
AREZZO,FIRENZE RIFREDI,69.032
AREZZO,FIRENZE S MARIA NOVELLA,69.563
AREZZO,FOLIGNO,116.875
AREZZO,INCISA,46.978
AREZZO,LATERINA,21.52
AREZZO,LUCCA,144.256
AREZZO,MILANO CENTRALE,370.185
AREZZO,MONTEVARCHI TERRANUOVA,30.659
AREZZO,NAPOLI CENTRALE,408.179
AREZZO,ORTE,131.53
AREZZO,PERUGIA,77.3
AREZZO,PISTOIA,100.247
AREZZO,PONTASSIEVE,58.976
AREZZO,PONTICINO,16.214
AREZZO,PRATO CENTRALE,83.225
AREZZO,RIGNANO SULL ARNO REGGELLO,50.788
AREZZO,ROMA OSTIENSE,201.476
AREZZO,ROMA TERMINI,199.033
AREZZO,ROMA TIBURTINA,194.442
AREZZO,S GIOVANNI VALDARNO,36.053
AREZZO,SESTRI LEVANTE,260.391
AREZZO,SPOLETO,141.929
AREZZO,TERNI,159.495
AREZZO,TERONTOLA CORTONA,34.666
AREZZO,VIAREGGIO,165.433
ARGENTA,FERRARA,165.04
ARGENTA,LAVEZZOLA,7.529
ARGENTA,RAVENNA,39.519
ARGENTA,RIMINI,90.36
ARIANO IRPINO,ROMA TERMINI,298.252
ARONA,BORGO TICINO,11.307
ARONA,BUSTO ARSIZIO,35.775
ARONA,CASORATE SEMPIONE,23.919
ARONA,CUZZAGO,33.327
ARONA,DOMODOSSOLA,52.517
ARONA,DORMELLETTO PAESE,6.35
ARONA,GALLARATE,27.005
ARONA,MARANO TICINO,18.643
ARONA,MILANO CENTRALE,70.29
ARONA,MILANO CERTOSA,62.615
ARONA,MILANO PORTA GARIBALDI,70.665
ARONA,NOVARA,39.016
ARONA,OLEGGIO,22.577
ARONA,PARABIAGO,46.095
ARONA,PREMOSELLO CHIOVENDA,37.002
ARONA,RHO,55.392
ARONA,SESTO CALENDE,11.673
ARONA,SOMMA LOMBARDO,21.187
ARONA,STRESA,14.3
ARONA,VERBANIA PALLANZA,23.06
ARQUATA SCRIVIA,ALBENGA,109.045
ARQUATA SCRIVIA,ALESSANDRIA,33.415
ARQUATA SCRIVIA,BOLOGNA CENTRALE,247.212
ARQUATA SCRIVIA,BUSALLA,15.447
ARQUATA SCRIVIA,CHIASSO,148.22
ARQUATA SCRIVIA,GENOVA BOLZANETO,29.97
ARQUATA SCRIVIA,GENOVA BRIGNOLE,37.863
ARQUATA SCRIVIA,GENOVA P PRINCIPE,35.412
ARQUATA SCRIVIA,GENOVA PIAZZA PRINCIPE,35.524
ARQUATA SCRIVIA,GENOVA PONTEDECIMO,25.839
ARQUATA SCRIVIA,GENOVA SAMPIERDARENA,34.606
ARQUATA SCRIVIA,ISOLA DEL CANTONE,9.807
ARQUATA SCRIVIA,MILANO CENTRALE,103.257
ARQUATA SCRIVIA,MILANO CERTOSA,109.457
ARQUATA SCRIVIA,MILANO GRECO PIRELLI,106.323
ARQUATA SCRIVIA,MILANO LAMBRATE,100.354
ARQUATA SCRIVIA,MILANO PORTA GARIBALDI,105.493
ARQUATA SCRIVIA,MILANO ROGOREDO,98.531
ARQUATA SCRIVIA,PAVIA,66.964
ARQUATA SCRIVIA,PIACENZA,100.139
ARQUATA SCRIVIA,PIETRABISSARA,5.022
ARQUATA SCRIVIA,RIMINI,358.383
ARQUATA SCRIVIA,RONCO SCRIVIA,10.022
ARQUATA SCRIVIA,SAVONA,71.932
ARQUATA SCRIVIA,SERRAVALLE SCRIVIA,4.663
ARQUATA SCRIVIA,SESTRI LEVANTE,80.664
ARQUATA SCRIVIA,TORINO LINGOTTO,119.115
ARQUATA SCRIVIA,TORINO PORTA NUOVA,123.297
ARQUATA SCRIVIA,TORTONA,25.585
ARQUATA SCRIVIA,VOGHERA,42.012
ASCEA,NAPOLI CENTRALE,132.127
ASCIANO,CHIUSI C T,57.264
ASCIANO,CHIUSI CHIANCIANO TERME,57.264
ASCIANO,EMPOLI,94.949
ASCIANO,GROSSETO,283.531
ASCIANO,ROMA OSTIENSE,204.135
ASCIANO,SIENA,31.828
ASCOLI PICENO,ANCONA,117.189
ASCOLI PICENO,CIVITANOVA MARCHE MONTEGRANARO,74.448
ASCOLI PICENO,LORETO,93.547
ASCOLI PICENO,OFFIDA CASTEL DI LAMA,12.013
ASCOLI PICENO,PORTO D ASCOLI,27.832
ASCOLI PICENO,PORTO S GIORGIO FERMO,58.844
ASCOLI PICENO,S BENEDETTO DEL TRONTO,32.643
ASOLA,BRESCIA,40.162
ASOLA,PARMA,52.451
ASOLA,VISANO,11.0
ASSISI,FIRENZE S MARIA NOVELLA,167.131
ASSISI,FOLIGNO,15.554
ASSISI,ORTE,97.898
ASSISI,PERUGIA,24.022
ASSISI,ROMA S PIETRO,172.935
ASSISI,ROMA TERMINI,165.273
ASSISI,TERNI,69.983
ASSISI,TERONTOLA CORTONA,66.656
ASSISI,VENTIMIGLIA,545.384
ASSO,CARUGO GIUSSANO,21.285
ASSO,CORMANO CUSANO MILANINO,41.404
ASSO,ERBA,7.179
ASSO,LAMBRUGO LURAGO D ERBA,13.638
ASSO,MARIANO COMENSE,22.767
ASSO,MEDA,28.017
ASSO,MILANO AFFORI,44.169
ASSO,MILANO BOVISA,47.164
ASSO,MILANO BRUZZANO PARCO NORD,42.772
ASSO,MILANO CADORNA,50.615
ASSO,PALAZZOLO MILANESE,37.149
ASTI,ACQUI TERME,68.23
ASTI,ALBA,95.463
ASTI,ALESSANDRIA,34.275
ASTI,ANCONA,481.848
ASTI,CAMBIANO SANTENA,39.303
ASTI,CANELLI,97.706
ASTI,CASTAGNOLE DELLE LANZE,108.91
ASTI,CHIVASSO,51.362
ASTI,GENOVA BRIGNOLE,105.55
ASTI,GENOVA P PRINCIPE,103.099
ASTI,GENOVA SAMPIERDARENA,102.293
ASTI,LUINO,166.618
ASTI,MILANO CENTRALE,129.614
ASTI,MILANO LAMBRATE,126.618
ASTI,MILANO PORTA GARIBALDI,131.85
ASTI,MILANO ROGOREDO,126.873
ASTI,MOMBARUZZO,81.298
ASTI,MONCALIERI,47.113
ASTI,MONTEGROSSO,101.682
ASTI,NIZZA MONFERRATO,93.473
ASTI,NOVI LIGURE,56.175
ASTI,PAVIA,95.306
ASTI,PESARO,422.316
ASTI,ROMA TERMINI,594.791
ASTI,S DAMIANO D ASTI,7.139
ASTI,SALERNO,850.512
ASTI,SPINETTA,41.86
ASTI,TORINO AEROPORTO,74.561
ASTI,TORINO AEROPORTO DI CASELLE,74.561
ASTI,TORINO LINGOTTO,51.434
ASTI,TORINO PORTA NUOVA,55.616
ASTI,TORINO REBAUDENGO FOSSATA,60.802
ASTI,TORINO STURA,64.254
ASTI,TORTONA,56.188
ASTI,TROFARELLO,42.73
ASTI,VENARIA,67.155
ASTI,VENARIA REALE REGGIA,67.122
ASTI,VILLAFRANCA C,14.994
ASTI,VILLANOVA,84.467
ASTI,VILLANOVA D ASTI,25.614
ASTI,VOGHERA,72.613
ATTIGLIANO,FIRENZE S MARIA NOVELLA,182.564
ATTIGLIANO,VITERBO PORTA FIORENTINA,39.113
ATTIGLIANO BOMARZO,ORTE,14.688
ATTIGLIANO BOMARZO,VITERBO PORTA FIORENTINA,39.113
AUGUSTA,AVOLA,50.996
AUGUSTA,BICOCCA,48.85
AUGUSTA,CATANIA CENTRALE,56.291
AUGUSTA,ISPICA,78.761
AUGUSTA,MESSINA CENTRALE,149.472
AUGUSTA,MODICA,117.332
AUGUSTA,NOTO,57.552
AUGUSTA,POZZALLO,87.213
AUGUSTA,PRIOLO MELILLI,13.35
AUGUSTA,RAGUSA,137.107
AUGUSTA,ROSOLINI,73.123
AUGUSTA,SAMPIERI,97.225
AUGUSTA,SCICLI,107.562
AUGUSTA,SIRACUSA,27.093
AULLA LUNIGIANA,BAGNI DI LUCCA,66.822
AULLA LUNIGIANA,CASTELNUOVO DI GARFAGNANA,45.242
AULLA LUNIGIANA,DIECIMO PESCAGLIA,73.749
AULLA LUNIGIANA,EMPOLI,124.528
AULLA LUNIGIANA,FIRENZE S MARIA NOVELLA,154.89
AULLA LUNIGIANA,FORNACI DI BARGA,58.655
AULLA LUNIGIANA,FORNOVO,75.293
AULLA LUNIGIANA,FORTE DEI MARMI SERAVEZZA QUERCETA,42.332
AULLA LUNIGIANA,GENOVA BRIGNOLE,105.35
AULLA LUNIGIANA,GRAGNOLA,13.867
AULLA LUNIGIANA,LA SPEZIA CENTRALE,20.848
AULLA LUNIGIANA,LIVORNO CENTRALE,95.56
AULLA LUNIGIANA,LUCCA,78.371
AULLA LUNIGIANA,MASSA CENTRO,35.16
AULLA LUNIGIANA,MINUCCIANO PIEVE CASOLA,24.277
AULLA LUNIGIANA,PARMA,98.345
AULLA LUNIGIANA,PIAZZA AL SERCHIO,32.717
AULLA LUNIGIANA,PISA CENTRALE,77.548
AULLA LUNIGIANA,PONTREMOLI,20.047
AULLA LUNIGIANA,S PIETRO A VICO,83.642
AULLA LUNIGIANA,SARZANA,21.467
AULLA LUNIGIANA,VIAREGGIO,56.27
AVELLINO,BENEVENTO,29.905
AVELLINO,CHIANCHE CEPPALONI,18.87
AVELLINO,MERCATO S SEVERINO,30.21
AVELLINO,NAPOLI CENTRALE,79.404
AVELLINO,NOCERA INFERIORE,41.593
AVELLINO,S MARIA LA BRUNA,62.483
AVERSA,BENEVENTO,70.182
AVERSA,BOIANO,133.514
AVERSA,CASERTA,15.481
AVERSA,CASSINO,74.229
AVERSA,FIRENZE CAMPO MARTE,447.732
AVERSA,FORMIA GAETA,66.262
AVERSA,GRICIGNANO TEVEROLA,4.229
AVERSA,ISERNIA,106.021
AVERSA,MILANO CENTRALE,752.76
AVERSA,NAPOLI CENTRALE,19.174
AVERSA,REGGIO CALABRIA CENTRALE,460.918
AVERSA,ROMA TERMINI,194.534
AVERSA,ROMA TIBURTINA,194.603
AVERSA,ROMA TUSCOLANA,192.744
AVERSA,SESTRI LEVANTE,635.166
AVERSA,TARANTO,329.256
AVERSA,TORINO PORTA NUOVA,839.126
AVERSA,VILLA LITERNO,14.378
AVEZZANO,ANVERSA VILLALAGO SCANNO,54.866
AVEZZANO,ARCE,70.15
AVEZZANO,ARPINO,59.852
AVEZZANO,BAGNI DI TIVOLI,87.009
AVEZZANO,BALSORANO,36.898
AVEZZANO,CAPISTRELLO,8.706
AVEZZANO,CARSOLI,32.683
AVEZZANO,CASSINO,96.35
AVEZZANO,CASTEL MADAMA,60.027
AVEZZANO,CELANO OVINDOLI,10.618
AVEZZANO,CERCHIO,16.075
AVEZZANO,CIVITA D ANTINO MORINO,25.535
AVEZZANO,CIVITELLA ROVETO,19.434
AVEZZANO,COCULLO,34.632
AVEZZANO,COLLARMELE,19.752
AVEZZANO,ISOLA LIRI,55.223
AVEZZANO,LUNGHEZZA,95.657
AVEZZANO,MANDELA SAMBUCI,53.655
AVEZZANO,MARCELLINA PALOMBARA,73.735
AVEZZANO,PESCARA,133.339
AVEZZANO,PESCOCANALE,13.533
AVEZZANO,PIEDIMONTE VILLA S LUCIA AQUINO,87.432
AVEZZANO,POPOLI VITTORITO,80.037
AVEZZANO,ROMA PRENESTINA,103.274
AVEZZANO,ROMA TERMINI,107.741
AVEZZANO,ROMA TIBURTINA,106.169
AVEZZANO,ROVIANO,45.447
AVEZZANO,SCURCOLA MARSICANA,7.84
AVEZZANO,SORA,49.746
AVEZZANO,SULMONA,64.803
AVEZZANO,TAGLIACOZZO,15.974
AVEZZANO,TIVOLI,67.819
AVEZZANO,TORRE DEI PASSERI,94.582
AVEZZANO,VAL D ALA,110.215
AVEZZANO,VALLE DELL ANIENE MANDELA SAMBUCI,53.655
AVIANO,BUDOIA POLCENIGO,5.646
AVIANO,MANIAGO,14.152
AVIANO,SACILE,16.117
AVIGLIANA,BARDONECCHIA,62.325
AVIGLIANA,BUSSOLENO,21.177
AVIGLIANA,SUSA,28.972
AVIGLIANA,TORINO PORTA NUOVA,23.949
AVIGLIANO LUCANIA,POTENZA INFERIORE,14.298
AVOLA,SIRACUSA,25.933
BADESSE,EMPOLI,55.194
BADESSE,FIRENZE S MARIA NOVELLA,85.555
BADIA POLESINE,ISOLA DELLA SCALA,49.433
BADIA POLESINE,ROVIGO,30.092
BADIA POLESINE,VERONA PORTA NUOVA,70.219
BAGHERIA,AGRIGENTO CENTRALE,124.293
BAGHERIA,CAMPOFELICE,40.461
BAGHERIA,CEFALU,53.891
BAGHERIA,ISOLA DELLE FEMMINE,28.403
BAGHERIA,PALERMO AEROPORTO,45.644
BAGHERIA,PALERMO CENTRALE,12.296
BAGHERIA,PALERMO NOTARBARTOLO,16.172
BAGHERIA,S AGATA M,112.476
BAGHERIA,TERMINI IMERESE,24.18
BAGNACAVALLO,BOLOGNA CENTRALE,61.771
BAGNACAVALLO,RAVENNA,22.704
BAGNARA,COSENZA,168.166
BAGNARA,LAMEZIA TERME CENTRALE,88.487
BAGNARA,MELITO DI PORTO SALVO,61.362
BAGNARA,REGGIO DI CALABRIA CENTRALE,31.567
BAGNI DI LUCCA,AULLA LUNIGIANA,66.822
BAGNI DI LUCCA,CASTELNUOVO DI GARFAGNANA,21.58
BAGNI DI LUCCA,LUCCA,23.41
BAGNI DI LUCCA,PIAZZA AL SERCHIO,34.105
BAGNI DI LUCCA,PISA CENTRALE,46.53
BAGNI DI TIVOLI,AVEZZANO,87.009
BAGNI DI TIVOLI,PESCARA,220.348
BAGNI DI TIVOLI,ROMA TERMINI,20.732
BAGNI DI TIVOLI,ROMA TIBURTINA,19.16
BAGNI DI TIVOLI,TIVOLI,19.19
BAGNI DI TIVOLI,VAL D ALA,23.206
BAGNOLO IN PIANO,GUASTALLA,20.766
BAGNOLO IN PIANO,REGGIO EMILIA,78.541
BAGNOLO IN PIANO,S LAZZARO,9.922
BAGNOLO MELLA,CREMONA,80.575
BALANGERO,ALBA,98.536
BALESTRATE,CASTELVETRANO,56.917
BALESTRATE,TRAPANI,131.306
BALSORANO,AVEZZANO,36.898
BALSORANO,CASSINO,59.451
BARAGIANO,POTENZA CENTRALE,29.131
BARAGIANO,ROMA TERMINI,342.446
BARAGIANO,SALERNO,82.36
BARAGIANO RUOTI,POTENZA CENTRALE,29.131
BARAGIANO RUOTI,SALERNO,82.36
BARCELLONA CASTROREALE,MESSINA CENTRALE,39.549
BARCO,CIANO D ENZA,13.015
BARCO,REGGIO EMILIA,13.065
BARDONECCHIA,ASTI,138.69
BARDONECCHIA,AVIGLIANA,62.325
BARDONECCHIA,BUSSOLENO,41.15
BARDONECCHIA,COLLEGNO,76.639
BARDONECCHIA,GENOVA BRIGNOLE,244.233
BARDONECCHIA,GRUGLIASCO,78.947
BARDONECCHIA,MILANO CENTRALE,227.814
BARDONECCHIA,NAPOLI CENTRALE,941.374
BARDONECCHIA,NOVI LIGURE,194.858
BARDONECCHIA,OULX CESANA CLAVIERE SESTRIERE,11.358
BARDONECCHIA,ROMA TERMINI,733.474
BARDONECCHIA,RONCO SCRIVIA,216.392
BARDONECCHIA,SALBERTRAND,17.292
BARDONECCHIA,TORINO PORTA NUOVA,86.275
BARI CENTRALE,ACQUAVIVA DELLE FONTI,38.307
BARI CENTRALE,ANCONA,441.589
BARI CENTRALE,BARI S RITA,8.826
BARI CENTRALE,BARI S SPIRITO,11.555
BARI CENTRALE,BARI TORRE A MARE,11.322
BARI CENTRALE,BARI ZONA INDUSTRIALE,4.262
BARI CENTRALE,BARLETTA,54.774
BARI CENTRALE,BENEVENTO,302.885
BARI CENTRALE,BISCEGLIE,34.074
BARI CENTRALE,BITETTO PALO DEL COLLE,15.828
BARI CENTRALE,BITRITTO,13.517
BARI CENTRALE,BOLOGNA CENTRALE,646.979
BARI CENTRALE,BRESCIA,819.714
BARI CENTRALE,CASERTA,280.508
BARI CENTRALE,CASORIA,303.81
BARI CENTRALE,CASTELLANETA,71.545
BARI CENTRALE,CERIGNOLA,88.544
BARI CENTRALE,CERIGNOLA CAMPAGNA,88.283
BARI CENTRALE,CESENA,562.856
BARI CENTRALE,CISTERNINO,61.568
BARI CENTRALE,CODOGNO,804.848
BARI CENTRALE,FAENZA,595.301
BARI CENTRALE,FANO,488.674
BARI CENTRALE,FASANO,54.378
BARI CENTRALE,FOGGIA,123.419
BARI CENTRALE,FORLI,580.678
BARI CENTRALE,FORMIA GAETA,358.64
BARI CENTRALE,FROSINONE,402.173
BARI CENTRALE,GIOIA DEL COLLE,52.111
BARI CENTRALE,GIOVINAZZO,18.423
BARI CENTRALE,GIULIANOVA,333.16
BARI CENTRALE,GROTTAMMARE,361.572
BARI CENTRALE,IMOLA,611.359
BARI CENTRALE,INCORONATA,112.223
BARI CENTRALE,LAMEZIA TERME CENTRALE,347.181
BARI CENTRALE,LECCE,149.363
BARI CENTRALE,METAPONTO,138.5
BARI CENTRALE,MILANO CENTRALE,857.341
BARI CENTRALE,MILANO PORTA GARIBALDI,859.577
BARI CENTRALE,MOLA DI BARI,19.143
BARI CENTRALE,MOLFETTA,24.762
BARI CENTRALE,MONOPOLI,40.538
BARI CENTRALE,NAPOLI CENTRALE,301.019
BARI CENTRALE,ORTANOVA,102.878
BARI CENTRALE,OSTUNI,74.476
BARI CENTRALE,PALAGIANELLO,76.737
BARI CENTRALE,PALAGIANO MOTTOLA,83.693
BARI CENTRALE,PESARO,501.121
BARI CENTRALE,PESCARA,295.548
BARI CENTRALE,POLIGNANO A MARE,33.913
BARI CENTRALE,PONTE ALBANITO,134.55
BARI CENTRALE,PONTE CASALDUNI,230.716
BARI CENTRALE,POTENZA CENTRALE,148.821
BARI CENTRALE,REGGIO CALABRIA CENTRALE,467.225
BARI CENTRALE,REGGIO DI CALABRIA CENTRALE,467.225
BARI CENTRALE,RICCIONE,524.45
BARI CENTRALE,RIGNANO GARGANICO,136.565
BARI CENTRALE,RIMINI,534.459
BARI CENTRALE,ROMA TERMINI,478.669
BARI CENTRALE,ROMA TUSCOLANA,478.507
BARI CENTRALE,S ANDREA DELL JONIO,416.429
BARI CENTRALE,S SEVERO,150.948
BARI CENTRALE,S VITO DEI NORMANNI,99.238
BARI CENTRALE,SANNICANDRO DI BARI,27.081
BARI CENTRALE,SAVONA,964.073
BARI CENTRALE,SIBARI,217.807
BARI CENTRALE,SQUINZANO,134.429
BARI CENTRALE,SULMONA,361.941
BARI CENTRALE,TARANTO,105.369
BARI CENTRALE,TELESE CERRETO,247.121
BARI CENTRALE,TERMOLI,206.493
BARI CENTRALE,TORANO LATTARICO,260.897
BARI CENTRALE,TORINO PORTA NUOVA,979.046
BARI CENTRALE,TRANI,42.096
BARI CENTRALE,TRINITAPOLI S FERDINANDO DI PUGLIA,70.886
BARI CENTRALE,VASTO S SALVO,229.471
BARI CENTRALE,VENEZIA S LUCIA,803.871
BARI CENTRALE,VILLA S GIOVANNI,453.144
BARI S RITA,BARI CENTRALE,8.826
BARI S SPIRITO,BARI CENTRALE,11.555
BARI S SPIRITO,BARLETTA,43.219
BARI S SPIRITO,FASANO,65.933
BARI S SPIRITO,FOGGIA,111.865
BARI S SPIRITO,TARANTO,111.665
BARI TORRE A MARE,BARI CENTRALE,11.322
BARI TORRE A MARE,BARLETTA,66.095
BARI TORRE A MARE,GIOVINAZZO,29.745
BARI TORRE A MARE,LECCE,138.043
BARLETTA,BARI CENTRALE,54.774
BARLETTA,BARI S SPIRITO,43.219
BARLETTA,BARI TORRE A MARE,66.095
BARLETTA,BISCEGLIE,20.701
BARLETTA,CANOSA DI PUGLIA,26.615
BARLETTA,FASANO,109.152
BARLETTA,FOGGIA,70.525
BARLETTA,GIOVINAZZO,36.351
BARLETTA,LECCE,204.137
BARLETTA,MILANO CENTRALE,804.447
BARLETTA,MOLA DI BARI,73.916
BARLETTA,MOLFETTA,30.015
BARLETTA,MONOPOLI,95.311
BARLETTA,POLIGNANO A MARE,88.686
BARLETTA,S SEVERO,98.053
BARLETTA,SPINAZZOLA,67.554
BARLETTA,TRANI,12.682
BARONISSI,MERCATO S SEVERINO,5.447
BARONISSI,NOCERA INFERIORE,16.144
BARONISSI,SALERNO,12.267
BASILIANO,UDINE,11.661
BASILIANO,VENEZIA MESTRE,115.375
BASILIANO,VENEZIA S LUCIA,123.759
BASSANO DEL GRAPPA,BOLZANO,152.593
BASSANO DEL GRAPPA,BORGO VALSUGANA CENTRO,53.322
BASSANO DEL GRAPPA,BORGO VALSUGANA EST,52.476
BASSANO DEL GRAPPA,BRONZOLO,141.61
BASSANO DEL GRAPPA,CALDONAZZO,70.371
BASSANO DEL GRAPPA,CAMPOSAMPIERO,29.544
BASSANO DEL GRAPPA,CARPANE VALSTAGNA,14.433
BASSANO DEL GRAPPA,CASTELFRANCO VENETO,19.098
BASSANO DEL GRAPPA,CASTELLO DI GODEGO,13.894
BASSANO DEL GRAPPA,CITTADELLA,14.57
BASSANO DEL GRAPPA,LEVICO,66.77
BASSANO DEL GRAPPA,MAERNE DI MARTELLAGO,43.825
BASSANO DEL GRAPPA,NOALE SCORZE,36.494
BASSANO DEL GRAPPA,PADOVA,51.427
BASSANO DEL GRAPPA,PERGINE,79.589
BASSANO DEL GRAPPA,PIOMBINO DESE,27.99
BASSANO DEL GRAPPA,PRIMOLANO,29.825
BASSANO DEL GRAPPA,ROMA TERMINI,518.239
BASSANO DEL GRAPPA,RONCEGNO BAGNI MARTER,58.0
BASSANO DEL GRAPPA,S PIETRO IN GU,25.045
BASSANO DEL GRAPPA,SPINEA,45.321
BASSANO DEL GRAPPA,TRENTO,97.036
BASSANO DEL GRAPPA,VENEZIA MESTRE,54.859
BASSANO DEL GRAPPA,VENEZIA S LUCIA,62.743
BASSANO DEL GRAPPA,VERONA PORTA NUOVA,89.771
BASSANO DEL GRAPPA,VICENZA,38.238
BASSANO DEL GRAPPA,VIGODARZERE,42.742
BASSANO DEL GRAPPA,VILLAZZANO,90.764
BASTIA,ROMA TERMINI,168.85
BATTIPAGLIA,BOLZANO,881.319
BATTIPAGLIA,BUCCINO S GREGORIO MAGNO,38.493
BATTIPAGLIA,CANCELLO,71.72
BATTIPAGLIA,CASERTA,81.862
BATTIPAGLIA,CODOLA,38.324
BATTIPAGLIA,COSENZA,222.923
BATTIPAGLIA,EBOLI,6.272
BATTIPAGLIA,FIRENZE S MARIA NOVELLA,536.011
BATTIPAGLIA,FISCIANO,33.956
BATTIPAGLIA,GENOVA BRIGNOLE,764.901
BATTIPAGLIA,LATINA,220.564
BATTIPAGLIA,MERCATO S SEVERINO,37.652
BATTIPAGLIA,MILANO CENTRALE,836.633
BATTIPAGLIA,NAPOLI CAMPI FLEGREI,79.996
BATTIPAGLIA,NAPOLI CENTRALE,71.362
BATTIPAGLIA,NAPOLI S GIOV BARRA,66.833
BATTIPAGLIA,NAPOLI S GIOVANNI BARRA,66.238
BATTIPAGLIA,NOCERA INFERIORE,34.643
BATTIPAGLIA,NOLA,57.526
BATTIPAGLIA,PALMA S GENNARO,50.718
BATTIPAGLIA,PAOLA,197.337
BATTIPAGLIA,PISCIOTTA PALINURO,69.412
BATTIPAGLIA,POMEZIA S PALOMBA,257.671
BATTIPAGLIA,PONTECAGNANO,10.057
BATTIPAGLIA,POTENZA CENTRALE,91.556
BATTIPAGLIA,POTENZA INFERIORE,100.195
BATTIPAGLIA,REGGIO CALABRIA CENTRALE,373.989
BATTIPAGLIA,REGGIO DI CALABRIA CENTRALE,373.989
BATTIPAGLIA,ROMA S PIETRO,287.778
BATTIPAGLIA,ROMA TERMINI,280.024
BATTIPAGLIA,SALERNO,19.938
BATTIPAGLIA,SAPRI,104.704
BATTIPAGLIA,SARNO,42.079
BATTIPAGLIA,SICIGNANO DEGLI ALBURNI,30.856
BATTIPAGLIA,TARANTO,242.327
BATTIPAGLIA,TORINO PORTA NUOVA,926.059
BATTIPAGLIA,TORINO PORTA SUSA,927.631
BATTIPAGLIA,TORRE ANNUNZIATA CENTRALE,49.277
BATTIPAGLIA,VALLO DELLA LUC CASTELNUOVO,50.126
BATTIPAGLIA,VENEZIA S LUCIA,783.308
BATTIPAGLIA,VENTIMIGLIA,909.524
BATTIPAGLIA,VILLA S GIOVANNI,359.909
BAZZANO,BOLOGNA CENTRALE,25.23
BAZZANO,CASALECCHIO GARIBALDI,17.067
BAZZANO,CRESPELLANO,4.366
BAZZANO,VIA LUNGA,7.529
BEFFI,SULMONA,28.706
BELGIOIOSO,CODOGNO,32.158
BELGIOIOSO,CREMONA,59.196
BELGIOIOSO,PAVIA,14.304
BELLA MURO,POTENZA CENTRALE,31.528
BELLA MURO,POTENZA INFERIORE,40.167
BELLA MURO,ROMA TERMINI,340.049
BELLA MURO,SALERNO,79.963
BELLANO TARTAVALLE TERME,COLICO,13.977
BELLANO TARTAVALLE TERME,LECCO,27.138
BELLANO TARTAVELLE TERME,MILANO CENTRALE,73.181
BELLANO TARTAVELLE TERME,MILANO PORTA GARIBALDI,73.592
BELLANO TARTAVELLE TERME,MILANO ROGOREDO,77.897
BELLANO TARTAVELLE TERME,SONDRIO,54.439
BELLANO TARTAVELLE TERME,TIRANO,80.445
BELLUNO,CALALZO PIEVE CADORE CORTINA,43.526
BELLUNO,CAMPOSAMPIERO,93.806
BELLUNO,CASTELFRANCO VENETO,81.664
BELLUNO,CONEGLIANO,47.714
BELLUNO,CORNUDA,57.97
BELLUNO,FELTRE,30.623
BELLUNO,LONGARONE ZOLDO,18.082
BELLUNO,MONTEBELLUNA,68.224
BELLUNO,OSPITALE DI CADORE,25.667
BELLUNO,PADOVA,115.689
BELLUNO,PERAROLO DI CADORE,33.611
BELLUNO,PONTE NELLE ALPI POLPET,7.554
BELLUNO,POSTIOMA,112.069
BELLUNO,QUERO VAS,42.363
BELLUNO,S CROCE DEL LAGO,20.273
BELLUNO,S GIUSTINA CESIO,16.358
BELLUNO,SEDICO BRIBANO,12.075
BELLUNO,TREVISO C,104.999
BELLUNO,TREVISO CENTRALE,104.999
BELLUNO,VENEZIA MESTRE,95.702
BELLUNO,VENEZIA S LUCIA,104.086
BELLUNO,VICENZA,117.123
BELLUNO,VIGODARZERE,107.004
BELLUNO,VITTORIO VENETO,34.105
BENEVENTO,ALTAVILLA IRPINA,15.343
BENEVENTO,AMOROSI MELIZZANO,71.923
BENEVENTO,AVELLINO,29.905
BENEVENTO,AVERSA,70.182
BENEVENTO,BARI CENTRALE,302.885
BENEVENTO,BENEVENTO PORTA RUFINA,2.496
BENEVENTO,CAMPOBASSO,189.98
BENEVENTO,CANCELLO,49.304
BENEVENTO,CAPUA,70.557
BENEVENTO,CASERTA,59.446
BENEVENTO,CASORIA,76.848
BENEVENTO,CASSINO,128.729
BENEVENTO,CHIANCHE CEPPALONI,11.035
BENEVENTO,CIAMPINO,248.011
BENEVENTO,COLLEFERRO SEGNI PALIANO,205.897
BENEVENTO,FORMIA GAETA,133.866
BENEVENTO,FRAGNETO MONFORTE,131.402
BENEVENTO,GRICIGNANO,69.621
BENEVENTO,ISERNIA,151.098
BENEVENTO,ITRI,139.798
BENEVENTO,LECCE,435.443
BENEVENTO,LIONI,93.985
BENEVENTO,MERCATO S SEVERINO,60.115
BENEVENTO,MILANO CENTRALE,814.217
BENEVENTO,MILANO ROGOREDO,809.491
BENEVENTO,MONTELLA,74.07
BENEVENTO,MONTEMARANO,67.166
BENEVENTO,MORCONE,148.51
BENEVENTO,NAPOLI CENTRALE,74.057
BENEVENTO,NAPOLI S GIOV BARRA,75.312
BENEVENTO,PATERNOPOLI,56.793
BENEVENTO,PISA CENTRALE,583.954
BENEVENTO,PONTE CASALDUNI,93.189
BENEVENTO,ROCCA D EVANDRO,120.304
BENEVENTO,ROCCA RAVINDOLA,133.013
BENEVENTO,ROMA S PIETRO,265.867
BENEVENTO,ROMA TERMINI,257.608
BENEVENTO,ROMA TIBURTINA,256.036
BENEVENTO,S LORENZO MAGGIORE,88.908
BENEVENTO,S MARIA CAPUA VETERE,65.707
BENEVENTO,SALERNO,77.828
BENEVENTO,SERINO,38.08
BENEVENTO,SOLOPACA,80.995
BENEVENTO,TARANTO,340.09
BENEVENTO,TELESE CERRETO,76.784
BENEVENTO,TORRE ANNUNZIATA CENTRALE,87.223
BENEVENTO,VAIRANO,105.255
BENEVENTO,VAIRANO CAIANELLO,105.255
BENEVENTO,VALLE DI MADDALONI,57.43
BENEVENTO,VENAFRO,126.578
BENEVENTO,VILLA LITERNO,81.982
BENEVENTO,VITULANO FOGLIANISE,99.246
BENEVENTO,ZAGAROLO,224.811
BERCETO,COLLECCHIO,33.037
BERCETO,LA SPEZIA CENTRALE,74.177
BERCETO,PARMA,45.014
BERCETO,VICOFERTILE,37.475
BERCHIDDA,CAGLIARI,238.243
BERCHIDDA,SASSARI,80.143
BERGAMO,1°BIVIO VALDARNO SUD,358.741
BERGAMO,BOLOGNA CENTRALE/AV,222.964
BERGAMO,BRESCIA,48.656
BERGAMO,CALOLZIOCORTE OLGINATE,136.052
BERGAMO,CALUSCO,126.415
BERGAMO,CARNATE USMATE,117.756
BERGAMO,CISANO CAPRINO BERGAMASCO,142.452
BERGAMO,COCCAGLIO,29.581
BERGAMO,CREMONA,128.03
BERGAMO,FERRARA,238.461
BERGAMO,FIDENZA,160.937
BERGAMO,FIRENZE CAMPO MARTE,316.062
BERGAMO,FORNOVO,163.09
BERGAMO,GRUMELLO DEL MONTE,17.476
BERGAMO,IMPERIA,324.791
BERGAMO,LECCO,140.769
BERGAMO,MANERBIO,70.657
BERGAMO,MILANO CENTRALE,94.739
BERGAMO,MILANO CERTOSA,102.415
BERGAMO,MILANO GRECO PIRELLI,97.806
BERGAMO,MILANO LAMBRATE,91.959
BERGAMO,MILANO PORTA GARIBALDI,96.976
BERGAMO,MONTELLO GORLAGO,11.188
BERGAMO,MONZA,105.891
BERGAMO,NAPOLI CENTRALE,782.961
BERGAMO,OLMENETA,88.99
BERGAMO,OSPITALETTO TRAVAGLIATO,37.466
BERGAMO,PALAZZOLO SULL OGLIO,21.482
BERGAMO,PESARO,367.248
BERGAMO,PIOLTELLO LIMITO,84.843
BERGAMO,PISA CENTRALE,315.929
BERGAMO,PONTE S PIETRO,135.651
BERGAMO,RIMINI,333.916
BERGAMO,ROBECCO PONTEVICO,82.485
BERGAMO,ROMA TERMINI,573.815
BERGAMO,ROVATO,32.064
BERGAMO,SERIATE,4.153
BERGAMO,SESTO S GIOVANNI,101.028
BERGAMO,SONDRIO,222.345
BERGAMO,TORINO PORTA NUOVA,241.813
BERGAMO,TREVIGLIO,69.727
BERGAMO,TREVIGLIO OVEST,69.835
BERGAMO,VENTIMIGLIA,363.786
BERGAMO,VERDELLO DALMINE,79.661
BERGAMO,VERONA PORTA NUOVA,113.245
BERNALDA,TARANTO,55.985
BESANA,CARATE CALO,4.604
BESANA,LECCO,27.856
BESANA,MILANO PORTA GARIBALDI,30.267
BESANA,MOLTENO,10.722
BESANA,MONZA,24.752
BESANA,TRIUGGIO PONTE ALBIATE,7.014
BESOZZO,GALLARATE,23.532
BESOZZO,LUINO,22.739
BESOZZO,MILANO PORTA GARIBALDI,65.756
BEVILACQUA,MANTOVA,54.708
BIANCO,CATANZARO LIDO,102.138
BIANCO,REGGIO CALABRIA CENTRALE,75.955
BIANCO,ROCCELLA JONICA,36.069
BIASSONO LESMO PARCO,MILANO PORTA GARIBALDI,19.197
BICOCCA,ACIREALE,19.515
BICOCCA,ALCANTARA,49.03
BICOCCA,CALTAGIRONE,82.308
BICOCCA,CALTANISSETTA CENTRALE,113.987
BICOCCA,CATANIA ACQUICELLA,4.548
BICOCCA,CATANIA CENTRALE,7.442
BICOCCA,FIUMEFREDDO DI SICILIA,43.721
BICOCCA,GALATI,90.395
BICOCCA,GIAMPILIERI,85.23
BICOCCA,GIARRE RIPOSTO,31.043
BICOCCA,LENTINI,21.259
BICOCCA,LETOJANNI,58.328
BICOCCA,MESSINA CENTRALE,100.623
BICOCCA,PALERMO CENTRALE,233.77
BICOCCA,ROCCALUMERA MANDANICI,72.023
BICOCCA,SIRACUSA,75.943
BICOCCA,TAORMINA,54.0
BICOCCA,TAORMINA GIARDINI,53.348
BIELLA S PAOLO,BIANZE,34.927
BIELLA S PAOLO,CASALEGGIO,38.724
BIELLA S PAOLO,CHIVASSO,57.471
BIELLA S PAOLO,COSSATO,14.257
BIELLA S PAOLO,MONTIGLIO MURISENGO,83.059
BIELLA S PAOLO,NOVARA,50.903
BIELLA S PAOLO,ROVASENDA,23.455
BIELLA S PAOLO,SALUSSOLA,15.595
BIELLA S PAOLO,SANTHIA,27.22
BIELLA S PAOLO,TORINO LINGOTTO,86.577
BIELLA S PAOLO,TORINO PORTA NUOVA,85.633
BISCEGLIE,BARI CENTRALE,34.074
BISCEGLIE,FASANO,88.452
BITETTO PALO DEL COLLE,BARI CENTRALE,15.828
BITETTO PALO DEL COLLE,TARANTO,89.541
BITRITTO,BARI CENTRALE,13.517
BITRITTO,BARI S RITA,4.69
BIVIO D AURISINA,CARNIA,97.41
BIVIO D AURISINA,PORTOGRUARO CAORLE,111.527
BIVIO D AURISINA,TARVISIO BOSCOVERDE,146.58
BIVIO D AURISINA,TRIESTE CENTRALE,14.66
BIVIO D AURISINA,UDINE,57.667
BIVIO D AURISINA,VENEZIA MESTRE,130.571
BIVIO D AURISINA,VENEZIA S LUCIA,138.955
BOIANO,ACERRA,137.626
BOIANO,CAPUA,108.035
BOIANO,CASERTA,119.144
BOIANO,CASSINO,79.003
BOIANO,CIAMPINO,205.344
BOIANO,COLLEFERRO SEGNI PALIANO,163.23
BOIANO,ISERNIA,27.493
BOIANO,MOROLO,144.784
BOIANO,NAPOLI CENTRALE,152.133
BOIANO,ROMA TERMINI,214.942
BOIANO,ROMA TIBURTINA,213.37
BOIANO,SPARANISE,92.74
BOIANO,VAIRANO CAIANELLO,73.336
BOLGHERI,CAMPIGLIA MARITTIMA,27.09
BOLOGNA CENTRALE,ALA,160.721
BOLOGNA CENTRALE,ALESSANDRIA,243.54
BOLOGNA CENTRALE,ANCONA,205.389
BOLOGNA CENTRALE,ANZOLA,12.501
BOLOGNA CENTRALE,ARENA PO,175.571
BOLOGNA CENTRALE,AREZZO,159.822
BOLOGNA CENTRALE,ARQUATA SCRIVIA,247.212
BOLOGNA CENTRALE,BAGNACAVALLO,61.771
BOLOGNA CENTRALE,BARI CENTRALE,646.979
BOLOGNA CENTRALE,BARLETTA,594.084
BOLOGNA CENTRALE,BATTIPAGLIA,626.27
BOLOGNA CENTRALE,BAZZANO,25.23
BOLOGNA CENTRALE,BOLOGNA S RUFFILLO,7.966
BOLOGNA CENTRALE,BOLOGNA S VITALE,4.209
BOLOGNA CENTRALE,BOLZANO,256.404
BOLOGNA CENTRALE,BRENNERO,345.201
BOLOGNA CENTRALE,BRESSANONE,294.713
BOLOGNA CENTRALE,BRONZOLO,245.42
BOLOGNA CENTRALE,BUDRIO,159.874
BOLOGNA CENTRALE,BUDRIO CENTRO,158.916
BOLOGNA CENTRALE,BUTTAPIETRA,101.981
BOLOGNA CENTRALE,CALDERARA BARGELLINO,7.787
BOLOGNA CENTRALE,CAMPOSANTO,37.157
BOLOGNA CENTRALE,CARPI,51.364
BOLOGNA CENTRALE,CASALECCHIO GARIBALDI,8.58
BOLOGNA CENTRALE,CASALPUSTERLENGO,164.225
BOLOGNA CENTRALE,CASTEL S GIOVANNI,168.919
BOLOGNA CENTRALE,CASTEL S PIETRO TERME,24.599
BOLOGNA CENTRALE,CASTELBOLOGNESE,43.361
BOLOGNA CENTRALE,CASTELBOLOGNESE RIOLO TERME,43.361
BOLOGNA CENTRALE,CASTELFRANCO D EMILIA,24.754
BOLOGNA CENTRALE,CASTELFRANCO EMILIA,24.757
BOLOGNA CENTRALE,CASTELGUELFO,100.788
BOLOGNA CENTRALE,CASTELMAGGIORE,11.919
BOLOGNA CENTRALE,CASTENASO,165.607
BOLOGNA CENTRALE,CATTOLICA S GIOVANNI GABICCE,130.796
BOLOGNA CENTRALE,CERIGNOLA,558.434
BOLOGNA CENTRALE,CERVIA MILANO MARITTIMA,105.68
BOLOGNA CENTRALE,CESENA,84.123
BOLOGNA CENTRALE,CESENATICO,113.118
BOLOGNA CENTRALE,CHIASSO,256.844
BOLOGNA CENTRALE,CODOGNO,159.223
BOLOGNA CENTRALE,COLLE ISARCO,329.949
BOLOGNA CENTRALE,CONSANDOLO,133.594
BOLOGNA CENTRALE,CRESPELLANO,20.863
BOLOGNA CENTRALE,CREVALCORE,29.357
BOLOGNA CENTRALE,DOMEGLIARA,129.477
BOLOGNA CENTRALE,DOMEGLIARA S AMBROGIO,129.589
BOLOGNA CENTRALE,FAENZA,51.678
BOLOGNA CENTRALE,FALCONARA MARITTIMA,201.795
BOLOGNA CENTRALE,FANO,158.305
BOLOGNA CENTRALE,FERRARA,48.976
BOLOGNA CENTRALE,FIDENZA,112.134
BOLOGNA CENTRALE,FIORENZUOLA,125.093
BOLOGNA CENTRALE,FIRENZE CAMPO MARTE,94.672
BOLOGNA CENTRALE,FIRENZE RIFREDI,91.799
BOLOGNA CENTRALE,FIRENZE S MARIA NOVELLA,93.01
BOLOGNA CENTRALE,FOGGIA,524.484
BOLOGNA CENTRALE,FORLI,66.302
BOLOGNA CENTRALE,FORTEZZA,304.938
BOLOGNA CENTRALE,GENOVA BRIGNOLE,284.38
BOLOGNA CENTRALE,GENOVA P PRINCIPE,281.929
BOLOGNA CENTRALE,GIULIANOVA,313.819
BOLOGNA CENTRALE,GONZAGA REGGIOLO,70.43
BOLOGNA CENTRALE,GRANAROLO FAENTINO,65.009
BOLOGNA CENTRALE,GRIZZANA,37.094
BOLOGNA CENTRALE,GROTTAGLIE,765.587
BOLOGNA CENTRALE,IGEA MARINA,121.056
BOLOGNA CENTRALE,IMOLA,35.62
BOLOGNA CENTRALE,ISOLA DELLA SCALA,93.966
BOLOGNA CENTRALE,LA SPEZIA MIGLIARINA,207.194
BOLOGNA CENTRALE,LECCE,796.342
BOLOGNA CENTRALE,LIDO DI CLASSE LIDO DI SAVIO,98.066
BOLOGNA CENTRALE,LODI,182.961
BOLOGNA CENTRALE,LUGO,58.815
BOLOGNA CENTRALE,MANTOVA,109.056
BOLOGNA CENTRALE,MAROTTA MONDOLFO,170.513
BOLOGNA CENTRALE,MARRADI,83.49
BOLOGNA CENTRALE,MARZABOTTO,26.42
BOLOGNA CENTRALE,MEZZOCORONA,217.701
BOLOGNA CENTRALE,MILANO CENTRALE,211.717
BOLOGNA CENTRALE,MILANO CERTOSA,218.082
BOLOGNA CENTRALE,MILANO LAMBRATE,208.814
BOLOGNA CENTRALE,MILANO PORTA GARIBALDI,213.953
BOLOGNA CENTRALE,MILANO ROGOREDO,206.991
BOLOGNA CENTRALE,MODENA,36.669
BOLOGNA CENTRALE,MOLFETTA,622.22
BOLOGNA CENTRALE,MOLINELLA,143.582
BOLOGNA CENTRALE,MONFALCONE,271.327
BOLOGNA CENTRALE,MONOPOLI,687.516
BOLOGNA CENTRALE,MONSELICE,101.737
BOLOGNA CENTRALE,MONZUNO,26.949
BOLOGNA CENTRALE,MONZUNO VADO,26.949
BOLOGNA CENTRALE,NAPOLI CENTRALE,561.571
BOLOGNA CENTRALE,NOGARA,83.436
BOLOGNA CENTRALE,ORA,240.316
BOLOGNA CENTRALE,OSTUNI,721.455
BOLOGNA CENTRALE,PADOVA,124.805
BOLOGNA CENTRALE,PARMA,91.26
BOLOGNA CENTRALE,PESARO,145.857
BOLOGNA CENTRALE,PESCARA,351.43
BOLOGNA CENTRALE,PIACENZA,147.081
BOLOGNA CENTRALE,PIANORO,17.914
BOLOGNA CENTRALE,PIOPPE DI SALVARO,32.768
BOLOGNA CENTRALE,POGGIO RENATICO,35.801
BOLOGNA CENTRALE,POGGIO RUSCO,58.622
BOLOGNA CENTRALE,POLIGNANO A MARE,680.892
BOLOGNA CENTRALE,PONTE GARDENA,278.703
BOLOGNA CENTRALE,PORRETTA TERME,58.38
BOLOGNA CENTRALE,PORTOMAGGIORE,130.325
BOLOGNA CENTRALE,PRATO CENTRALE,84.564
BOLOGNA CENTRALE,QUATTRO VILLE,41.598
BOLOGNA CENTRALE,RAVENNA,84.476
BOLOGNA CENTRALE,REGGIO EMILIA,61.783
BOLOGNA CENTRALE,RHO FIERA,222.139
BOLOGNA CENTRALE,RIMINI,112.525
BOLOGNA CENTRALE,RIMINI VISERBA,115.647
BOLOGNA CENTRALE,RIOLA,46.469
BOLOGNA CENTRALE,ROLO NOVI FABBRICO,63.089
BOLOGNA CENTRALE,ROMA OSTIENSE,354.868
BOLOGNA CENTRALE,ROMA S PIETRO,360.086
BOLOGNA CENTRALE,ROMA TERMINI,352.425
BOLOGNA CENTRALE,ROMA TIBURTINA,347.834
BOLOGNA CENTRALE,ROMANORE,85.965
BOLOGNA CENTRALE,ROVERETO,177.183
BOLOGNA CENTRALE,ROVIGO,80.736
BOLOGNA CENTRALE,RUBIERA,49.949
BOLOGNA CENTRALE,RUSSI,68.142
BOLOGNA CENTRALE,S BENEDETTO DEL TRONTO,289.936
BOLOGNA CENTRALE,S BENEDETTO SAMBRO CAST PEPOLI,42.181
BOLOGNA CENTRALE,S BENEDETTO SAMBRO CASTIGLIONE PEPOLI,42.181
BOLOGNA CENTRALE,S FELICE SUL PANARO,42.838
BOLOGNA CENTRALE,S GIORGIO DI PIANO,19.624
BOLOGNA CENTRALE,S GIORGIO P,19.624
BOLOGNA CENTRALE,S PIETRO IN CASALE,25.745
BOLOGNA CENTRALE,SALERNO,606.332
BOLOGNA CENTRALE,SANTARCANGELO DI ROMAGNA,102.081
BOLOGNA CENTRALE,SAPRI,730.97
BOLOGNA CENTRALE,SASSO MARCONI,18.882
BOLOGNA CENTRALE,SENIGALLIA,179.617
BOLOGNA CENTRALE,SIBARI,830.775
BOLOGNA CENTRALE,SOLAROLO,48.894
BOLOGNA CENTRALE,STRADELLA,180.253
BOLOGNA CENTRALE,SURBO,792.783
BOLOGNA CENTRALE,SUZZARA,127.646
BOLOGNA CENTRALE,TARANTO,747.089
BOLOGNA CENTRALE,TARVISIO BOSCOVERDE,367.087
BOLOGNA CENTRALE,TAVAZZANO,190.668
BOLOGNA CENTRALE,TERME EUGANEE ABANO MONTEGROTTO,111.533
BOLOGNA CENTRALE,TERMOLI,440.489
BOLOGNA CENTRALE,TERNI,312.887
BOLOGNA CENTRALE,TORINO PORTA NUOVA,333.422
BOLOGNA CENTRALE,TORINO STURA,335.371
BOLOGNA CENTRALE,TRENTO,200.846
BOLOGNA CENTRALE,TREVIGLIO,229.237
BOLOGNA CENTRALE,TRIESTE CENTRALE,297.144
BOLOGNA CENTRALE,VAIANO,71.297
BOLOGNA CENTRALE,VENEZIA MESTRE,153.54
BOLOGNA CENTRALE,VENEZIA S LUCIA,161.424
BOLOGNA CENTRALE,VERGATO,38.192
BOLOGNA CENTRALE,VERNIO MONTEPIANO CANTAGALLO,61.591
BOLOGNA CENTRALE,VERONA PORTA NUOVA,114.753
BOLOGNA CENTRALE,VERONA PORTA VESCOVO,118.118
BOLOGNA CENTRALE,VIA LUNGA,17.701
BOLOGNA CENTRALE,VIGNOLA,32.303
BOLOGNA CENTRALE,VIPITENO,323.798
BOLOGNA CENTRALE,VIPITENO VAL DI VIZZE,323.798
BOLOGNA CENTRALE,VOGHERA,205.2
BOLOGNA CENTRALE/AV,FIRENZE CAMPO MARTE,93.099
BOLOGNA CENTRALE/AV,NAPOLI CENTRALE,559.998
BOLOGNA CENTRALE/AV,ROMA TERMINI,350.852
BOLOGNA FIERE,REGGIO EMILIA,64.996
BOLOGNA S RUFFILLO,BOLOGNA CENTRALE,7.966
BOLOGNA S RUFFILLO,CASALECCHIO GARIBALDI,15.192
BOLOGNA S RUFFILLO,FIRENZE CAMPO MARTE,86.911
BOLOGNA S RUFFILLO,FIRENZE S MARIA NOVELLA,85.249
BOLOGNA S RUFFILLO,MARZABOTTO,33.032
BOLOGNA S RUFFILLO,PIANORO,9.948
BOLOGNA S RUFFILLO,PORRETTA TERME,64.992
BOLOGNA S RUFFILLO,PRATO CENTRALE,76.597
BOLOGNA S RUFFILLO,ROMA TIBURTINA,340.073
BOLOGNA S RUFFILLO,S BENEDETTO SAMBRO CASTIGLIONE PEPOLI,34.214
BOLOGNA S RUFFILLO,SASSO MARCONI,25.494
BOLZANO,ALA,95.682
BOLZANO,ALESSANDRIA,377.854
BOLZANO,ANCONA,460.439
BOLZANO,BARI CENTRALE,902.028
BOLZANO,BASSANO DEL GRAPPA,152.593
BOLZANO,BATTIPAGLIA,881.319
BOLZANO,BOLOGNA CENTRALE,256.404
BOLZANO,BOLOGNA CENTRALE/AV,256.622
BOLZANO,BORGO VALSUGANA EST,100.117
BOLZANO,BRENNERO,88.802
BOLZANO,BRESCIA,205.791
BOLZANO,BRESSANONE,38.313
BOLZANO,BRONZOLO,10.983
BOLZANO,BRUNICO,78.328
BOLZANO,CALDONAZZO,82.222
BOLZANO,COLLE ISARCO,73.55
BOLZANO,CREVALCORE,227.047
BOLZANO,DOMEGLIARA,126.928
BOLZANO,DOMEGLIARA S AMBROGIO,126.815
BOLZANO,EGNA TERMENO,21.905
BOLZANO,FANO,413.354
BOLZANO,FIGLINE VALDARNO,375.813
BOLZANO,FIRENZE CAMPO MARTE,349.721
BOLZANO,FIRENZE RIFREDI,346.848
BOLZANO,FIRENZE S MARIA NOVELLA,348.059
BOLZANO,FOGGIA,779.533
BOLZANO,FORTEZZA,48.539
BOLZANO,GARGAZZONE,20.507
BOLZANO,GIULIANOVA,568.868
BOLZANO,GRIGNO,113.849
BOLZANO,ISOLA DELLA SCALA,162.438
BOLZANO,LANA POSTAL,24.432
BOLZANO,LECCE,1051.391
BOLZANO,LUINO,374.053
BOLZANO,MERANO,33.241
BOLZANO,MERANO MAIA BASSA,30.924
BOLZANO,MEZZOCORONA,38.705
BOLZANO,MILANO CENTRALE,285.95
BOLZANO,MILANO PORTA GARIBALDI,288.188
BOLZANO,NAPOLI AFRAGOLA,822.789
BOLZANO,NAPOLI CENTRALE,816.62
BOLZANO,NOGARA,172.968
BOLZANO,OSTERIA NUOVA,243.419
BOLZANO,PAOLA,1078.652
BOLZANO,PERGINE,73.004
BOLZANO,PERI,110.048
BOLZANO,PESCARA,606.479
BOLZANO,PESCHIERA DEL GARDA,163.732
BOLZANO,POGGIO RUSCO,197.782
BOLZANO,PONTE D ADIGE,6.643
BOLZANO,PONTE GARDENA,22.303
BOLZANO,PONTE GARDENA LAION,22.303
BOLZANO,PRIMOLANO,122.769
BOLZANO,RIMINI,367.574
BOLZANO,ROMA TERMINI,607.474
BOLZANO,ROVERETO,79.22
BOLZANO,S CANDIDO,110.877
BOLZANO,S SEVERO,751.08
BOLZANO,SALERNO,861.381
BOLZANO,SIBARI,1085.824
BOLZANO,TORINO PORTA NUOVA,433.024
BOLZANO,TRENTO,55.559
BOLZANO,VALDAORA ANTERSELVA,90.065
BOLZANO,VASTO S SALVO,672.557
BOLZANO,VENEZIA MESTRE,206.355
BOLZANO,VENEZIA S LUCIA,214.238
BOLZANO,VERONA PORTA NUOVA,146.25
BOLZANO,VILPIANO NALLES,17.415
BOLZANO,VIPITENO,67.399
BOLZANO,VIPITENO VAL DI VIZZE,67.399
BONDENO,FERRARA,18.23
BONDENO,POGGIO RUSCO,114.156
BONDENO,SUZZARA,185.256
BORDIGHERA,MILANO CENTRALE,269.269
BORDIGHERA,SAVONA,94.776
BORDIGHERA,VENTIMIGLIA,5.479
BORETTO,PARMA,23.828
BORGO A BUGGIANO,FIRENZE S MARIA NOVELLA,50.533
BORGO A BUGGIANO,LUCCA,26.911
BORGO A BUGGIANO,VIAREGGIO,48.87
BORGO REVEL,ALESSANDRIA,70.579
BORGO S DALMAZZO,CUNEO,8.578
BORGO S DALMAZZO,VENTIMIGLIA,87.333
BORGO S LORENZO,BRISIGHELLA,53.548
BORGO S LORENZO,CAMPOMIGLIAIO,7.921
BORGO S LORENZO,COMPIOBBI,40.401
BORGO S LORENZO,CONTEA LONDA,18.086
BORGO S LORENZO,CRESPINO DEL LAMONE,21.835
BORGO S LORENZO,DICOMANO,14.628
BORGO S LORENZO,FAENZA,67.68
BORGO S LORENZO,FIESOLE CALDINE,25.962
BORGO S LORENZO,FIRENZE CAMPO MARTE,32.868
BORGO S LORENZO,FIRENZE RIFREDI,34.816
BORGO S LORENZO,FIRENZE S MARIA NOVELLA,35.347
BORGO S LORENZO,MARRADI,32.178
BORGO S LORENZO,MARRADI PALAZZUOLO SUL SENIO,32.178
BORGO S LORENZO,PONTASSIEVE,32.802
BORGO S LORENZO,RIMINI,128.527
BORGO S LORENZO,RUFINA,25.244
BORGO S LORENZO,S PIERO A SIEVE,4.739
BORGO S LORENZO,VAGLIA,12.04
BORGO S LORENZO,VICCHIO,7.593
BORGO S MARTINO,ALESSANDRIA,25.607
BORGO TICINO,ARONA,11.307
BORGO TICINO,NOVARA,27.709
BORGO VAL DI TARO,BERCETO,15.309
BORGO VAL DI TARO,EMPOLI,162.552
BORGO VAL DI TARO,FILATTIERA,24.609
BORGO VAL DI TARO,FIRENZE RIFREDI,191.702
BORGO VAL DI TARO,FIRENZE S MARIA NOVELLA,192.913
BORGO VAL DI TARO,FORNOVO,37.271
BORGO VAL DI TARO,FORTE DEI MARMI SERRAVEZZA Q,80.356
BORGO VAL DI TARO,GENOVA BRIGNOLE,143.373
BORGO VAL DI TARO,LA SPEZIA CENTRALE,58.872
BORGO VAL DI TARO,LA SPEZIA MIGLIARINA,56.844
BORGO VAL DI TARO,LIVORNO CENTRALE,133.584
BORGO VAL DI TARO,MASSA CENTRO,73.184
BORGO VAL DI TARO,OSTIA PARMENSE,6.914
BORGO VAL DI TARO,PARMA,60.323
BORGO VAL DI TARO,PISA CENTRALE,115.571
BORGO VAL DI TARO,PONTREMOLI,17.979
BORGO VAL DI TARO,VEZZANO LIGURE,51.633
BORGO VAL DI TARO,VIAREGGIO,94.293
BORGO VALSUGANA CENTRO,TRENTO,43.717
BORGO VALSUGANA EST,BASSANO DEL GRAPPA,52.476
BORGO VALSUGANA EST,PERGINE,27.113
BORGO VALSUGANA EST,RONCEGNO BAGNI MARTER,5.523
BORGO VALSUGANA EST,TRENTO,44.56
BORGOMANERO,DOMODOSSOLA,56.587
BORGOMANERO,NOVARA,30.796
BORGONE,TORINO PORTA NUOVA,37.928
BORORE,CAGLIARI,139.709
BOSCONERO,CHIERI,49.573
BOSCONERO,RIVAROLO,7.375
BOTRICELLO,CROTONE,35.058
BOVALINO,REGGIO DI CALABRIA CENTRALE,83.401
BOVALINO,ROCCELLA JONICA,28.623
BOVOLONE,ROVIGO,65.903
BOVOLONE,VERONA PORTA NUOVA,53.326
BOZZOLO,ACQUANEGRA CREMONESE,47.175
BOZZOLO,CASALPUSTERLENGO,68.796
BOZZOLO,CODOGNO,63.789
BOZZOLO,CREMONA,37.364
BOZZOLO,LODI,87.532
BOZZOLO,MILANO CENTRALE,120.681
BOZZOLO,MILANO LAMBRATE,117.777
BOZZOLO,MILANO PORTA GARIBALDI,122.917
BOZZOLO,MILANO ROGOREDO,115.954
BOZZOLO,PIZZIGHETTONE,56.161
BOZZOLO,SECUGNAGO,75.655
BOZZOLO,TAVAZZANO,95.24
BOZZOLO,TORRE DE PICENARDI,15.248
BOZZOLO,VILLETTA MALAGNINO,28.951
BRA,ALBA,17.528
BRA,CARMAGNOLA,20.097
BRA,CAVALLERMAGGIORE,13.817
BRA,CIRE,73.378
BRA,CIRIE,73.378
BRA,GERMAGNANO,85.757
BRA,TORINO AEROPORTO,67.642
BRA,TORINO AEROPORTO DI CASELLE,67.642
BRA,TORINO LINGOTTO,44.514
BRA,TORINO PORTA NUOVA,48.697
BRA,TORINO REBAUDENGO FOSSATA,53.883
BRA,TORINO STURA,57.335
BRACCIANO,CESANO DI ROMA,11.546
BRACCIANO,LA STORTA,20.412
BRACCIANO,ROMA MONTE MARIO,28.984
BRACCIANO,ROMA OSTIENSE,40.268
BRACCIANO,ROMA S PIETRO,35.327
BRACCIANO,ROMA TIBURTINA,47.605
BRACCIANO,ROMA TUSCOLANA,43.745
BRACCIANO,VITERBO PORTA FIORENTINA,48.509
BRANCALEONE,TARANTO,412.955
BREIL SUR ROYA,CUNEO,74.664
BRENNERO,ALA,184.48
BRENNERO,ANCONA,549.236
BRENNERO,BOLOGNA CENTRALE,345.201
BRENNERO,BOLZANO,88.802
BRENNERO,BRESSANONE,50.492
BRENNERO,CHIUSA,60.658
BRENNERO,COLLE ISARCO,15.252
BRENNERO,CREVALCORE,315.844
BRENNERO,DOMEGLIARA,215.726
BRENNERO,DOMEGLIARA S AMBROGIO,215.612
BRENNERO,EGNA TERMENO,110.702
BRENNERO,FORTEZZA,40.263
BRENNERO,GARGAZZONE,109.305
BRENNERO,GENOVA P PRINCIPE,507.021
BRENNERO,LA SPEZIA CENTRALE,495.197
BRENNERO,LANA POSTAL,113.229
BRENNERO,MERANO,122.039
BRENNERO,MERANO MAIA BASSA,119.722
BRENNERO,MILANO CENTRALE,374.748
BRENNERO,NOGARA,261.765
BRENNERO,POGGIO RUSCO,286.579
BRENNERO,PONTE D ADIGE,95.441
BRENNERO,PONTE GARDENA,66.499
BRENNERO,PONTE GARDENA LAION,66.499
BRENNERO,RIMINI,456.372
BRENNERO,ROMA TERMINI,696.272
BRENNERO,ROVERETO,168.018
BRENNERO,TRENTO,144.357
BRENNERO,TREVISO C,283.943
BRENNERO,VENEZIA MESTRE,295.152
BRENNERO,VENEZIA S LUCIA,303.036
BRENNERO,VENTIMIGLIA,643.795
BRENNERO,VERONA PORTA NUOVA,235.047
BRENNERO,VICENZA,278.53
BRENNERO,VILPIANO NALLES,106.213
BRENNERO,VIPITENO,21.403
BRENO,BRESCIA,72.591
BRENO,ISEO,46.298
BRENO,PIAN CAMUNO GRATACASOLO,20.28
BRESCELLO VIADANA,GUASTALLA,11.888
BRESCELLO VIADANA,SUZZARA,24.074
BRESCIA,ANCONA,378.124
BRESCIA,ASOLA,40.162
BRESCIA,BAGNOLO MELLA,13.071
BRESCIA,BERGAMO,48.656
BRESCIA,BOLOGNA CENTRALE,174.089
BRESCIA,BOLZANO,205.791
BRESCIA,BORNATO CALINO,16.789
BRESCIA,BRENO,72.591
BRESCIA,BUTTAPIETRA,72.108
BRESCIA,CANNETO SULL OGLIO,48.401
BRESCIA,CASALMAGGIORE,67.687
BRESCIA,CASSANO D ADDA,55.767
BRESCIA,CEDEGOLO,87.08
BRESCIA,CETO CERVENO,77.755
BRESCIA,CHIARI,23.02
BRESCIA,CHIASSO,127.733
BRESCIA,CIVIDATE MALEGNO,68.456
BRESCIA,COCCAGLIO,19.075
BRESCIA,COLORNO,76.014
BRESCIA,CREMONA,79.374
BRESCIA,DARFO CORNA,58.674
BRESCIA,EDOLO,103.263
BRESCIA,FIDENZA,112.281
BRESCIA,FORNO ALLIONE,91.074
BRESCIA,GHEDI,16.485
BRESCIA,GRUMELLO DEL MONTE,31.18
BRESCIA,ISEO,26.293
BRESCIA,LECCO,126.19
BRESCIA,LONATO,23.531
BRESCIA,MANERBIO,22.001
BRESCIA,MARONE ZONE,37.915
BRESCIA,MILANO CENTRALE,80.159
BRESCIA,MILANO CERTOSA,87.836
BRESCIA,MILANO GRECO PIRELLI,83.227
BRESCIA,MILANO LAMBRATE,77.38
BRESCIA,MILANO PORTA GARIBALDI,82.397
BRESCIA,MONTELLO GORLAGO,37.468
BRESCIA,MONTIRONE,10.962
BRESCIA,NAPOLI CENTRALE,734.306
BRESCIA,OLMENETA,40.335
BRESCIA,ORVIETO,416.468
BRESCIA,OSPITALETTO TRAVAGLIATO,11.189
BRESCIA,PADERNO FRANCIACORTA,12.155
BRESCIA,PADOVA,146.63
BRESCIA,PALAZZOLO SULL OGLIO,27.174
BRESCIA,PARMA,92.613
BRESCIA,PESARO,318.592
BRESCIA,PIADENA,51.205
BRESCIA,PIOLTELLO LIMITO,70.264
BRESCIA,PISA CENTRALE,267.274
BRESCIA,PISOGNE,47.475
BRESCIA,PROVAGLIO TIMOLINE,22.826
BRESCIA,RAVENNA,257.21
BRESCIA,REMEDELLO SOPRA,33.445
BRESCIA,RIMINI,285.26
BRESCIA,ROBECCO PONTEVICO,33.829
BRESCIA,ROMA TERMINI,525.16
BRESCIA,ROMANO,36.734
BRESCIA,ROVATO,17.15
BRESCIA,S GIOVANNI IN CROCE,57.713
BRESCIA,S ZENO FOLZANO,5.683
BRESCIA,SALE MARASINO,34.326
BRESCIA,SELLERO,84.888
BRESCIA,SERIATE,44.503
BRESCIA,SOMMACAMPAGNA SONA,53.703
BRESCIA,TOLINE,44.801
BRESCIA,TORINO PORTA NUOVA,227.233
BRESCIA,TORRILE S POLO,79.313
BRESCIA,TREVIGLIO,55.148
BRESCIA,VENEZIA MESTRE,175.365
BRESCIA,VENEZIA S LUCIA,183.249
BRESCIA,VERONA PORTA NUOVA,64.589
BRESCIA,VIADANA BRESCIANA,22.175
BRESCIA,VICENZA,116.117
BRESCIA,VISANO,29.162
BRESSANA BOTTARONE,ALESSANDRIA,53.561
BRESSANA BOTTARONE,BRONI,10.121
BRESSANA BOTTARONE,MILANO GRECO PIRELLI,54.782
BRESSANA BOTTARONE,MILANO PORTA GARIBALDI,53.952
BRESSANA BOTTARONE,NOVI LIGURE,50.29
BRESSANA BOTTARONE,PAVIA,15.423
BRESSANA BOTTARONE,PIACENZA,47.112
BRESSANA BOTTARONE,STRADELLA,13.933
BRESSANA BOTTARONE,TORTONA,31.648
BRESSANONE,BOLOGNA CENTRALE,294.713
BRESSANONE,BOLZANO,38.313
BRESSANONE,BRENNERO,50.492
BRESSANONE,LUINO,412.362
BRESSANONE,MERANO,71.55
BRESSANONE,MILANO CENTRALE,324.26
BRESSANONE,PERI,148.357
BRESSANONE,VENEZIA MESTRE,244.664
BRESSANONE,VERONA PORTA NUOVA,184.559
BRIATICO,LAMEZIA TERME CENTRALE,38.476
BRIATICO,REGGIO CALABRIA CENTRALE,104.001
BRISIGHELLA,BORGO S LORENZO,53.548
BRISIGHELLA,FAENZA,14.132
BRISIGHELLA,FIRENZE S MARIA NOVELLA,88.894
BRISIGHELLA,MARRADI PALAZZUOLO SUL SENIO,21.371
BRISIGHELLA,RIMINI,74.979
BROLO FICARRA,MESSINA CENTRALE,394.692
BRONI,BRESSANA BOTTARONE,10.121
BRONI,MILANO GRECO PIRELLI,64.902
BRONI,MILANO LAMBRATE,58.933
BRONI,MILANO PORTA GARIBALDI,64.073
BRONI,PAVIA,25.544
BRONI,PIACENZA,36.994
BRONI,RIMINI,295.238
BRONI,STRADELLA,3.814
BRONZOLO,ALA,84.699
BRONZOLO,BOLOGNA CENTRALE,245.42
BRONZOLO,BOLZANO,10.983
BRONZOLO,DOMEGLIARA,115.945
BRONZOLO,PERI,99.064
BRONZOLO,ROVERETO,68.237
BRONZOLO,TRENTO,44.576
BRONZOLO,VERONA PORTA NUOVA,135.266
BRUNICO,BOLZANO,78.328
BRUNICO,FORTEZZA,33.084
BRUNICO,MERANO,111.565
BRUNICO,S CANDIDO,32.549
BUCCINO S GREGORIO MAGNO,BATTIPAGLIA,38.493
BUCCINO S GREGORIO MAGNO,CAMPAGNA SERRE PERSANO,26.239
BUCCINO S GREGORIO MAGNO,NAPOLI CENTRALE,109.852
BUCCINO S GREGORIO MAGNO,SALERNO,58.428
BUCCINO S GREGORIO MAGNO,SICIGNANO DEGLI ALBURNI,7.637
BUDOIA POLCENIGO,MANIAGO,19.798
BUDOIA POLCENIGO,SACILE,10.471
BUDRIO,BOLOGNA CENTRALE,159.874
BUDRIO,BOLOGNA S VITALE,155.665
BUDRIO,PORTOMAGGIORE,31.017
BUONCONVENTO,CASTELLINA CH,43.353
BUONCONVENTO,CERTALDO,67.344
BUONCONVENTO,EMPOLI,92.242
BUONCONVENTO,FIRENZE S MARIA NOVELLA,122.603
BUONCONVENTO,GRANAIOLO,81.651
BUONCONVENTO,GROSSETO,280.823
BUONCONVENTO,MONTERONI D ARBIA,12.69
BUONCONVENTO,POGGIBONSI,54.195
BUONCONVENTO,POGGIBONSI S GIMIGNANO,54.368
BUONCONVENTO,PONTE A ELSA,87.158
BUONCONVENTO,SIENA,29.12
BUONCONVENTO,SIENA ZONA INDUSTRIALE,18.337
BUSALLA,ARQUATA SCRIVIA,15.447
BUSALLA,GENOVA BOLZANETO,14.522
BUSALLA,GENOVA BRIGNOLE,23.258
BUSALLA,GENOVA P PRINCIPE,20.806
BUSALLA,GENOVA PIAZZA PRINCIPE,20.919
BUSALLA,GENOVA PONTEDECIMO,20.727
BUSALLA,GENOVA RIVAROLO,17.282
BUSALLA,GENOVA SAMPIERDARENA,19.981
BUSALLA,PIACENZA,114.891
BUSALLA,RIMINI,373.135
BUSCHE LENTIAI MEL,CORNUDA,34.471
BUSCHE LENTIAI MEL,PADOVA,92.19
BUSCHE LENTIAI MEL,TREVISO C,81.5
BUSSETO,CREMONA,20.033
BUSSETO,FIDENZA,12.874
BUSSETO,PARMA,34.977
BUSSI,ROMA TIBURTINA,189.81
BUSSI,SULMONA,18.838
BUSSOLENO,AVIGLIANA,21.177
BUSSOLENO,BARDONECCHIA,41.15
BUSSOLENO,COLLEGNO,35.49
BUSSOLENO,SALBERTRAND,23.867
BUSSOLENO,SUSA,7.797
BUSSOLENO,TORINO PORTA NUOVA,45.126
BUSTO ARSIZIO,ARONA,35.775
BUSTO ARSIZIO,CANTELLO GAGGIOLO,36.387
BUSTO ARSIZIO,CASSANO D ADDA,59.654
BUSTO ARSIZIO,DOMODOSSOLA,88.291
BUSTO ARSIZIO,MALPENSA AEROPORTO TERMINAL 2,14.291
BUSTO ARSIZIO,MILANO CENTRALE,35.162
BUSTO ARSIZIO,MILANO CERTOSA,27.487
BUSTO ARSIZIO,MILANO LAMBRATE,38.393
BUSTO ARSIZIO,MILANO PORTA GARIBALDI,35.538
BUSTO ARSIZIO,PARABIAGO,10.968
BUSTO ARSIZIO,PIOLTELLO LIMITO,45.044
BUSTO ARSIZIO,PORTO CERESIO,40.034
BUSTO ARSIZIO,STABIO,39.859
BUSTO ARSIZIO,TREVIGLIO,65.482
BUSTO ARSIZIO,TRIESTE CENTRALE,434.277
BUSTO ARSIZIO,VARESE,41.739
BUSTO ARSIZIO,VENTIMIGLIA,308.436
BUSTO ARSIZIO NORD,MILANO BOVISA,31.447
BUSTO ARSIZIO NORD,MILANO CADORNA,35.576
BUSTO ARSIZIO NORD,MILANO CENTRALE,37.662
BUSTO ARSIZIO NORD,MILANO PORTA GARIBALDI,38.037
BUSTO ARSIZIO NORD,MILANO QUARTO OGGIARO,29.26
BUTTAPIETRA,BOLOGNA CENTRALE,101.981
BUTTAPIETRA,ROVIGO,87.54
CAGLIARI,ABBASANTA,129.203
CAGLIARI,ARDARA,214.482
CAGLIARI,BERCHIDDA,238.243
CAGLIARI,BORORE,139.709
CAGLIARI,CAGLIARI ELMAS,7.962
CAGLIARI,DECIMOMANNU,16.394
CAGLIARI,ELMAS AEROPORTO,6.248
CAGLIARI,GOLFO ARANCI,298.082
CAGLIARI,MACOMER,156.769
CAGLIARI,MARRUBIU TERRALBA ARBOREA,75.853
CAGLIARI,MONTI TELTI,254.554
CAGLIARI,OLBIA,277.094
CAGLIARI,OLBIA TERRANOVA,276.375
CAGLIARI,ORISTANO,93.159
CAGLIARI,OZIERI CHILIVANI,206.279
CAGLIARI,PAULILATINO,122.445
CAGLIARI,PLOAGHE,223.759
CAGLIARI,PORTO TORRES MARITTIMA,270.19
CAGLIARI,S ANNA,82.444
CAGLIARI,S GAVINO,49.502
CAGLIARI,SAMASSI SERRENTI,37.229
CAGLIARI,SANLURI STATO,44.265
CAGLIARI,SASSARI,250.88
CAGLIARI,SERRAMANNA NURAMINIS,30.722
CAGLIARI,SOLARUSSA,102.893
CAGLIARI,VILLASOR,25.479
CAGLIARI ELMAS,CAGLIARI,7.962
CAIRO MONTENOTTE,ALESSANDRIA,79.519
CALALZO PIEVE CADORE CORTINA,BELLUNO,43.526
CALALZO PIEVE CADORE CORTINA,LONGARONE ZOLDO,25.444
CALALZO PIEVE CADORE CORTINA,PERAROLO DI CADORE,9.915
CALALZO PIEVE CADORE CORTINA,PONTE NELLE ALPI POLPET,35.973
CALALZO PIEVE CADORE CORTINA,ROMA TERMINI,622.951
CALALZO PIEVE CADORE CORTINA,TREVISO C,148.525
CALALZO PIEVE CADORE CORTINA,VENEZIA S LUCIA,131.688
CALALZO PIEVE CADORE CORTINA,VICENZA,160.649
CALDONAZZO,TRENTO,26.665
CALOLZIOCORTE OLGINATE,AMBIVERE MAPELLO,14.502
CALOLZIOCORTE OLGINATE,BERGAMO,136.052
CALOLZIOCORTE OLGINATE,CARNATE USMATE,18.297
CALOLZIOCORTE OLGINATE,CISANO CAPRINO BERGAMASCO,8.111
CALOLZIOCORTE OLGINATE,LECCO,4.721
CALOLZIOCORTE OLGINATE,MILANO CENTRALE,41.327
CALOLZIOCORTE OLGINATE,MILANO GRECO PIRELLI,38.703
CALOLZIOCORTE OLGINATE,MILANO PORTA GARIBALDI,41.738
CALOLZIOCORTE OLGINATE,MILANO ROGOREDO,46.043
CALOLZIOCORTE OLGINATE,MONZA,36.223
CALOLZIOCORTE OLGINATE,PONTE S PIETRO,18.346
CALOLZIOCORTE OLGINATE,SESTO S GIOVANNI,35.025
CALOLZIOCORTE OLGINATE,SONDRIO,86.297
CALOLZIOCORTE OLGINATE,TIRANO,112.303
CALOLZIOCORTE OLGINATE,VERONA PORTA NUOVA,186.062
CALTAGIRONE,CATANIA CENTRALE,89.749
CALTAGIRONE,GRAMMICHELE,12.708
CALTAGIRONE,MESSINA CENTRALE,182.931
CALTAGIRONE,MILITELLO,38.141
CALTAGIRONE,SCORDIA,53.059
CALTAGIRONE,SIRACUSA,127.583
CALTAGIRONE,VIZZINI,24.437
CALTANISSETTA CENTRALE,AGRIGENTO BASSA,63.358
CALTANISSETTA CENTRALE,AGRIGENTO CENTRALE,66.363
CALTANISSETTA CENTRALE,ALCANTARA,163.017
CALTANISSETTA CENTRALE,ALTAVILLA MILICIA,112.608
CALTANISSETTA CENTRALE,ARAGONA CALDARE,53.647
CALTANISSETTA CENTRALE,BICOCCA,113.987
CALTANISSETTA CENTRALE,CALTANISSETTA XIRBI,6.434
CALTANISSETTA CENTRALE,CANICATTI,28.965
CALTANISSETTA CENTRALE,CATANIA CENTRALE,121.428
CALTANISSETTA CENTRALE,CATENANUOVA,76.872
CALTANISSETTA CENTRALE,CATENANUOVA CENTURIPE,76.872
CALTANISSETTA CENTRALE,DITTAINO,53.056
CALTANISSETTA CENTRALE,DONNAFUGATA,162.182
CALTANISSETTA CENTRALE,ENNA,32.624
CALTANISSETTA CENTRALE,FIUMEFREDDO DI SICILIA,157.707
CALTANISSETTA CENTRALE,GELA,111.178
CALTANISSETTA CENTRALE,GIARRE RIPOSTO,145.029
CALTANISSETTA CENTRALE,LEONFORTE PIRATO,43.819
CALTANISSETTA CENTRALE,LICATA,74.765
CALTANISSETTA CENTRALE,MARCATOBIANCO,50.511
CALTANISSETTA CENTRALE,MODICA,201.588
CALTANISSETTA CENTRALE,PALERMO CENTRALE,132.984
CALTANISSETTA CENTRALE,RAGUSA,181.813
CALTANISSETTA CENTRALE,ROCCAPALUMBA ALIA,63.587
CALTANISSETTA CENTRALE,SERRADIFALCO,19.016
CALTANISSETTA CENTRALE,TAORMINA,167.986
CALTANISSETTA CENTRALE,TERMINI IMERESE,96.518
CALTANISSETTA CENTRALE,VALLELUNGA,37.908
CALTANISSETTA CENTRALE,VILLALBA,32.884
CALTANISSETTA CENTRALE,VILLAROSA,21.643
CALTANISSETTA XIRBI,AGRIGENTO BASSA,69.792
CALTANISSETTA XIRBI,AGRIGENTO CENTRALE,72.797
CALTANISSETTA XIRBI,ARAGONA CALDARE,60.081
CALTANISSETTA XIRBI,BAGHERIA,114.259
CALTANISSETTA XIRBI,CALTANISSETTA CENTRALE,6.434
CALTANISSETTA XIRBI,CANICATTI,35.399
CALTANISSETTA XIRBI,CATANIA CENTRALE,114.994
CALTANISSETTA XIRBI,COMISO,154.896
CALTANISSETTA XIRBI,DITTAINO,46.622
CALTANISSETTA XIRBI,DONNAFUGATA,168.616
CALTANISSETTA XIRBI,ENNA,26.19
CALTANISSETTA XIRBI,GELA,117.612
CALTANISSETTA XIRBI,LEONFORTE PIRATO,37.385
CALTANISSETTA XIRBI,LICATA,81.199
CALTANISSETTA XIRBI,MODICA,208.022
CALTANISSETTA XIRBI,PALERMO CENTRALE,126.55
CALTANISSETTA XIRBI,RAGUSA,188.247
CALTANISSETTA XIRBI,ROCCAPALUMBA ALIA,57.153
CALTANISSETTA XIRBI,SERRADIFALCO,25.45
CALTANISSETTA XIRBI,SIRACUSA,182.903
CALTANISSETTA XIRBI,TERMINI IMERESE,90.084
CALTANISSETTA XIRBI,VALLELUNGA,31.474
CALTANISSETTA XIRBI,VITTORIA,147.057
CALTIGNAGA,DOMODOSSOLA,79.153
CALUSCO,BERGAMO,126.415
CALUSCO,MILANO PORTA GARIBALDI,32.101
CALUSCO,PONTE S PIETRO,9.237
CALUSCO,TERNO,5.183
CALUSO,IVREA,18.561
CALUSO,NOVARA,85.684
CALUSO,TORINO PORTA NUOVA,41.657
CAMBIANO SANTENA,ASTI,39.303
CAMBIANO SANTENA,TORINO LINGOTTO,12.131
CAMBIANO SANTENA,TORINO STURA,24.952
CAMMARATA S GIOVANNI GEMINI,ALTAVILLA M,67.488
CAMMARATA S GIOVANNI GEMINI,PALERMO CENTRALE,87.864
CAMMARATA S GIOVANNI GEMINI,TERMINI IMERESE,51.398
CAMNAGO LENTATE,CHIASSO,25.79
CAMNAGO LENTATE,COMO S GIOVANNI,24.189
CAMNAGO LENTATE,MILANO AFFORI,17.076
CAMNAGO LENTATE,MILANO BOVISA,20.071
CAMNAGO LENTATE,MILANO BRUZZANO PARCO NORD,15.68
CAMNAGO LENTATE,MILANO CADORNA,23.522
CAMNAGO LENTATE,MILANO CENTRALE,26.835
CAMNAGO LENTATE,MILANO CERTOSA,22.157
CAMNAGO LENTATE,MILANO PORTA GARIBALDI,27.124
CAMNAGO LENTATE,MONZA,17.823
CAMNAGO LENTATE,PADERNO DUGNANO,11.898
CAMNAGO LENTATE,RHO,29.947
CAMNAGO LENTATE,SESTO S GIOVANNI,22.687
CAMNAGO LENTATE,SEVESO,2.291
CAMPAGNA SERRE PERSANO,BATTIPAGLIA,12.254
CAMPAGNA SERRE PERSANO,NAPOLI CENTRALE,83.613
CAMPAGNA SERRE PERSANO,SALERNO,32.189
CAMPIGLIA MARITTIMA,CECINA,34.969
CAMPIGLIA MARITTIMA,EMPOLI,130.772
CAMPIGLIA MARITTIMA,FIRENZE RIFREDI,159.922
CAMPIGLIA MARITTIMA,FIRENZE S MARIA NOVELLA,161.133
CAMPIGLIA MARITTIMA,FOLLONICA,17.586
CAMPIGLIA MARITTIMA,GROSSETO,59.083
CAMPIGLIA MARITTIMA,LIVORNO CENTRALE,68.675
CAMPIGLIA MARITTIMA,MILANO CENTRALE,363.574
CAMPIGLIA MARITTIMA,MONTEPESCALI,280.158
CAMPIGLIA MARITTIMA,PIOMBINO,13.206
CAMPIGLIA MARITTIMA,PIOMBINO BINARI MARE,15.382
CAMPIGLIA MARITTIMA,PIOMBINO MARITTIMA,15.382
CAMPIGLIA MARITTIMA,PISA CENTRALE,85.949
CAMPIGLIA MARITTIMA,ROMA OSTIENSE,237.356
CAMPIGLIA MARITTIMA,ROMA TERMINI,244.256
CAMPIGLIA MARITTIMA,ROSIGNANO,45.629
CAMPIGLIA MARITTIMA,S VINCENZO,10.59
CAMPIGLIA MARITTIMA,SCARLINO,24.062
CAMPIGLIA MARITTIMA,VADA,40.904
CAMPO DI CARNE,ROMA TERMINI,43.956
CAMPO DI CARNE,ROMA TIBURTINA,44.025
CAMPO DI GIOVE,SULMONA,31.0
CAMPO LIGURE MASONE,ACQUI TERME,28.85
CAMPO LIGURE MASONE,GENOVA BRIGNOLE,31.26
CAMPOBASSO,BENEVENTO,189.98
CAMPOBASSO,BOIANO,29.707
CAMPOBASSO,CANCELLO,142.341
CAMPOBASSO,CASERTA,146.583
CAMPOBASSO,COLLEFERRO SEGNI PALIANO,192.937
CAMPOBASSO,GUARDIAREGIA,21.676
CAMPOBASSO,ISERNIA,57.2
CAMPOBASSO,NAPOLI CENTRALE,167.094
CAMPOBASSO,ROMA TERMINI,244.648
CAMPOBASSO,ROMA TIBURTINA,243.076
CAMPOBASSO,VAIRANO,103.043
CAMPOBASSO,VENAFRO,81.719
CAMPOBELLO DI MAZARA,CASTELVETRANO,8.482
CAMPOBELLO RAVANUSA,MODICA,155.964
CAMPOFELICE,ALTAVILLA M,32.376
CAMPOFELICE,BAGHERIA,40.461
CAMPOFELICE,PALERMO AEROPORTO,86.101
CAMPOFELICE,PALERMO CENTRALE,52.753
CAMPOFELICE,PALERMO NOTARBARTOLO,56.629
CAMPOFELICE,PUNTA RAISI,86.101
CAMPOFELICE,TERMINI IMERESE,16.286
CAMPOFRANCO,PALERMO CENTRALE,106.044
CAMPOLEONE,CASERTA,174.045
CAMPOLEONE,FORMIA GAETA,94.881
CAMPOLEONE,LATINA,27.512
CAMPOLEONE,MARECHIARO,21.027
CAMPOLEONE,MINTURNO,104.905
CAMPOLEONE,MINTURNO SCAURI,104.905
CAMPOLEONE,NAPOLI CENTRALE,180.317
CAMPOLEONE,NETTUNO,26.976
CAMPOLEONE,PADIGLIONE,17.608
CAMPOLEONE,ROMA TERMINI,33.394
CAMPOLEONE,ROMA TIBURTINA,33.463
CAMPOLEONE,SALERNO,228.138
CAMPOLEONE,VILLA LITERNO,146.765
CAMPOLIGURE MASONE,ACQUI TERME,28.85
CAMPOLIGURE MASONE,GENOVA BRIGNOLE,31.26
CAMPOLIGURE MASONE,GENOVA P PRINCIPE,28.809
CAMPOMIGLIAIO,BORGO S LORENZO,7.921
CAMPOMIGLIAIO,FIRENZE S MARIA NOVELLA,27.426
CAMPOSAMPIERO,BASSANO DEL GRAPPA,29.544
CAMPOSAMPIERO,BELLUNO,93.806
CAMPOSAMPIERO,CASTELFRANCO VENETO,12.145
CAMPOSAMPIERO,FELTRE,63.183
CAMPOSAMPIERO,MONTEBELLUNA,25.582
CAMPOSAMPIERO,PADOVA,21.883
CAMPOSAMPIERO,TREVISO C,36.697
CAMPOSAMPIERO,TREVISO CENTRALE,36.697
CANCELLO,ACERRA,6.674
CANCELLO,AREZZO,402.824
CANCELLO,BATTIPAGLIA,71.72
CANCELLO,BOIANO,130.953
CANCELLO,CAMPOBASSO,142.341
CANCELLO,CAMPOLEONE,181.109
CANCELLO,CASALNUOVO,22.244
CANCELLO,CASERTA,11.808
CANCELLO,CASSINO,81.091
CANCELLO,FOLIGNO,353.511
CANCELLO,GROSSETO,391.284
CANCELLO,ISERNIA,103.46
CANCELLO,NAPOLI CAMPI FLEGREI,33.404
CANCELLO,NAPOLI CENTRALE,24.753
CANCELLO,NAPOLI GIANTURCO,24.076
CANCELLO,PONTASSIEVE,455.371
CANCELLO,POZZUOLI SOLFATARA,40.335
CANCELLO,REGGIO CALABRIA CENTRALE,445.705
CANCELLO,ROCCA RAVINDOLA,85.375
CANCELLO,ROMA CASILINA,206.938
CANCELLO,SALERNO,51.782
CANCELLO,SARNO,29.642
CANCELLO,TERNI,299.132
CANCELLO,VAIRANO,57.616
CANCELLO,VENAFRO,78.94
CANDELA,ASCOLI SATRIANO,3.724
CANDELA,FOGGIA,34.246
CANDELA,POTENZA INFERIORE,84.727
CANDELA S AGATA DI PUGLIA,FOGGIA,38.407
CANDIA CANAVESE,CHIVASSO,17.797
CANDIA CANAVESE,NOVARA,89.234
CANDIA CANAVESE,TORINO PORTA NUOVA,45.207
CANDIOLO,CHIVASSO,39.302
CANDIOLO,PINEROLO,22.696
CANELLI,TORINO LINGOTTO,90.16
CANELLI,TORINO PORTA NUOVA,94.343
CANICATTI,AGRIGENTO CENTRALE,42.327
CANNETO SULL OGLIO,BRESCIA,48.401
CANNIZZARO,BICOCCA,12.982
CANTELLO GAGGIOLO,BUSTO ARSIZIO RFI,36.387
CANTELLO GAGGIOLO,CHIASSO,15.468
CANTELLO GAGGIOLO,VARESE,78.127
CANTU,COMO S GIOVANNI,11.248
CANTU,LECCO,32.946
CANTU,MOLTENO,15.812
CAPACCIO ROCCADASPIDE,NAPOLI CENTRALE,89.072
CAPACCIO ROCCADASPIDE,PISCIOTTA PALINURO,51.698
CAPACCIO ROCCADASPIDE,SAPRI,86.99
CAPALBIO,PISA CENTRALE,195.215
CAPISTRELLO,AVEZZANO,8.706
CAPO BONIFATI,COSENZA,53.179
CAPO D ORLANDO NASO,MESSINA CENTRALE,386.794
CAPRANICA,ROMA OSTIENSE,62.107
CAPRANICA,ROMA TIBURTINA,69.444
CAPRANICA SUTRI,ROMA OSTIENSE,63.743
CAPRANICA SUTRI,ROMA TIBURTINA,71.08
CAPRANICA SUTRI,VITERBO PORTA ROMANA,23.419
CAPUA,CASERTA,11.11
CAPUA,CASSINO,58.173
CAPUA,ISERNIA,80.542
CAPUA,NAPOLI CAMPI FLEGREI,52.749
CAPUA,NAPOLI CENTRALE,44.099
CARAVAGGIO,CREMONA,113.812
CARAVAGGIO,OLMENETA,48.623
CARIATI,CATANZARO LIDO,115.234
CARIMATE,CHIASSO,16.528
CARIMATE,COMO S GIOVANNI,14.928
CARIMATE,MILANO CENTRALE,31.06
CARIMATE,MILANO CERTOSA,26.699
CARIMATE,MILANO PORTA GARIBALDI,31.471
CARIMATE,MONZA,19.893
CARIMATE,RHO,34.489
CARIMATE,SESTO S GIOVANNI,24.758
CARINI,AGRIGENTO CENTRALE,157.299
CARINI,CEFALU,86.897
CARINI,PALERMO CENTRALE,23.289
CARINI,PALERMO NOTARBARTOLO,16.839
CARMAGNOLA,ALBA,37.624
CARMAGNOLA,BRA,20.097
CARMAGNOLA,CIRE,53.512
CARMAGNOLA,CIRIE,53.512
CARMAGNOLA,CUNEO,59.731
CARMAGNOLA,FOSSANO,34.555
CARMAGNOLA,GERMAGNANO,65.891
CARMAGNOLA,SAVONA,119.241
CARMAGNOLA,TORINO LINGOTTO,24.648
CARMAGNOLA,TORINO PORTA NUOVA,28.831
CARMAGNOLA,TORINO STURA,37.469
CARMAGNOLA,TROFARELLO,15.945
CARMAGNOLA,VENARIA,40.37
CARMAGNOLA,VENTIMIGLIA,155.642
CARNATE USMATE,BERGAMO,117.756
CARNATE USMATE,CALOLZIOCORTE OLGINATE,18.297
CARNATE USMATE,COLICO,64.129
CARNATE USMATE,LECCO,23.015
CARNATE USMATE,MILANO CENTRALE,23.031
CARNATE USMATE,MILANO GRECO PIRELLI,20.407
CARNATE USMATE,MILANO LAMBRATE,26.261
CARNATE USMATE,MILANO PORTA GARIBALDI,23.442
CARNATE USMATE,MILANO ROGOREDO,27.747
CARNATE USMATE,MONZA,17.927
CARNATE USMATE,MORBEGNO,79.717
CARNATE USMATE,PADERNO ROBBIATE,6.277
CARNATE USMATE,PONTE S PIETRO,18.075
CARNATE USMATE,SESTO S GIOVANNI,16.729
CARNATE USMATE,SONDRIO,104.591
CARNATE USMATE,TIRANO,130.596
CARNATE USMATE,TRESENDA APRICA TEGLIO,121.48
CARNATE USMATE,VERONA PORTA NUOVA,167.766
CARNIA,CERVIGNANO A G,68.017
CARNIA,CERVIGNANO AQUILEIA GRADO,68.178
CARNIA,GEMONA DEL FRIULI,11.503
CARNIA,MONFALCONE,86.252
CARNIA,PALMANOVA,57.691
CARNIA,RONCHI DEI LEGIONARI NORD,82.994
CARNIA,TARCENTO,21.318
CARNIA,TRICESIMO S PELAGIO,27.717
CARNIA,TRIESTE CENTRALE,112.069
CARNIA,UDINE,39.745
CARONIA,PALERMO CENTRALE,106.317
CAROVILLI ROCCASICURA,SULMONA,99.97
CARPANE VALSTAGNA,TRENTO,82.604
CARPI,MANTOVA,132.609
CARPI,MODENA,15.772
CARPI,QUATTRO VILLE,10.189
CARPI,SOLIERA MODENESE,6.809
CARPI,SUZZARA,97.589
CARPINONE,NAPOLI CENTRALE,134.668
CARPINONE,ROMA TERMINI,197.477
CARSOLI,AVEZZANO,32.683
CARSOLI,ROMA TERMINI,75.058
CARSOLI,ROMA TIBURTINA,73.486
CARSOLI,TIVOLI,35.135
CASALBUTTANO,CREMONA,114.099
CASALBUTTANO,MILANO PORTA GARIBALDI,80.184
CASALBUTTANO,TREVIGLIO,52.935
CASALE MONFERRATO,ALESSANDRIA,32.762
CASALE MONFERRATO,CHIVASSO,48.381
CASALE MONFERRATO,MILANO PORTA GARIBALDI,101.638
CASALE MONFERRATO,MORTARA,44.127
CASALE MONFERRATO,NOVARA,68.798
CASALE MONFERRATO,TRINO VERCELLESE,15.977
CASALE POPOLO,ALESSANDRIA,36.265
CASALECCHIO GARIBALDI,BAZZANO,17.067
CASALECCHIO GARIBALDI,BOLOGNA CENTRALE,8.58
CASALECCHIO GARIBALDI,PIANORO,25.14
CASALECCHIO GARIBALDI,PORRETTA TERME,49.8
CASALECCHIO GARIBALDI,RIOLA,37.889
CASALECCHIO GARIBALDI,VIGNOLA,24.14
CASALEGGIO,NOVARA,12.179
CASALETTO VAPRIO,CREMONA,123.57
CASALETTO VAPRIO,MILANO PORTA GARIBALDI,47.578
CASALETTO VAPRIO,OLMENETA,38.866
CASALETTO VAPRIO,TREVIGLIO,20.328
CASALGRANDE,REGGIO EMILIA,16.258
CASALMAGGIORE,BRESCIA,67.687
CASALMAGGIORE,PARMA,24.926
CASALMAGGIORE,PIADENA,16.482
CASALNUOVO,CANCELLO,22.244
CASALNUOVO,CASERTA,28.621
CASALNUOVO,NAPOLI CAMPI FLEGREI,18.199
CASALPUSTERLENGO,BOLOGNA CENTRALE,164.225
CASALPUSTERLENGO,BOZZOLO,68.796
CASALPUSTERLENGO,CREMONA,32.047
CASALPUSTERLENGO,MILANO CENTRALE,51.885
CASALPUSTERLENGO,MILANO CERTOSA,58.088
CASALPUSTERLENGO,MILANO GRECO PIRELLI,54.95
CASALPUSTERLENGO,MILANO LAMBRATE,48.981
CASALPUSTERLENGO,PAVIA,41.454
CASALPUSTERLENGO,PIACENZA,17.157
CASALPUSTERLENGO,REGGIO EMILIA,102.446
CASALPUSTERLENGO,RIMINI,275.396
CASARSA,CORDOVADO SESTO,10.812
CASARSA,GORIZIA CENTRALE,68.118
CASARSA,PORTOGRUARO CAORLE,19.475
CASARSA,S VITO AL TAGLIAMENTO,3.465
CASARSA,SACILE,29.415
CASARSA,TRIESTE CENTRALE,106.712
CASARSA,UDINE,35.26
CASARSA,VENEZIA MESTRE,92.902
CASARSA,VENEZIA S LUCIA,101.287
CASCINA,PISA CENTRALE,12.541
CASERTA,ACERRA,18.482
CASERTA,AMOROSI MELIZZANO,28.526
CASERTA,ANAGNI FIUGGI,139.288
CASERTA,AVERSA,15.481
CASERTA,BATTIPAGLIA,81.862
CASERTA,BENEVENTO,59.446
CASERTA,BOIANO,119.144
CASERTA,CAMPOBASSO,146.583
CASERTA,CANCELLO,11.808
CASERTA,CAPUA,11.11
CASERTA,CASALNUOVO,28.621
CASERTA,CASORIA,24.981
CASERTA,CASORIA AFRAGOLA,25.139
CASERTA,CASSINO,69.283
CASERTA,CIAMPINO,188.564
CASERTA,CISTERNA DI LATINA,157.547
CASERTA,COLLEFERRO SEGNI PALIANO,146.45
CASERTA,FORMIA GAETA,79.164
CASERTA,FRATTAMAGGIORE,20.429
CASERTA,FROSINONE,121.665
CASERTA,GRICIGNANO TEVEROLA,11.251
CASERTA,ISERNIA,91.651
CASERTA,MADDALONI INFERIORE,5.78
CASERTA,MARCIANISE,5.544
CASERTA,MILANO CENTRALE,754.771
CASERTA,MOROLO,135.064
CASERTA,NAPOLI CAMPI FLEGREI,42.75
CASERTA,NAPOLI CENTRALE,34.1
CASERTA,NAPOLI GIANTURCO,34.22
CASERTA,NAPOLI MERGELLINA,40.295
CASERTA,NAPOLI PIAZZA CAVOUR,35.814
CASERTA,NAPOLI PIAZZA GARIBALDI,34.268
CASERTA,NOLA,24.336
CASERTA,PIGNATARO MAGGIORE,20.426
CASERTA,PONTECAGNANO,71.805
CASERTA,POZZUOLI SOLFATARA,49.681
CASERTA,ROCCA D EVANDRO,60.857
CASERTA,ROCCA D EVANDRO S VITTORE,60.857
CASERTA,ROCCA RAVINDOLA,73.567
CASERTA,ROMA OSTIENSE,201.202
CASERTA,ROMA TERMINI,198.162
CASERTA,ROMA TIBURTINA,196.59
CASERTA,S MARCELLINO FRIGNANO,17.689
CASERTA,S MARIA CAPUA VETERE,6.261
CASERTA,SALERNO,61.924
CASERTA,SARNO,39.784
CASERTA,SESSA AURUNCA R,54.422
CASERTA,SOLOPACA,37.598
CASERTA,SPARANISE,26.404
CASERTA,TELESE CERRETO,33.387
CASERTA,TORA PRESENZANO,53.157
CASERTA,TORRE ANNUNZIATA CENTRALE,53.703
CASERTA,VAIRANO,45.808
CASERTA,VAIRANO CAIANELLO,45.808
CASERTA,VALLE DI MADDALONI,14.033
CASERTA,VENAFRO,67.132
CASERTA,VIAREGGIO,545.784
CASERTA,VILLA LITERNO,27.28
CASERTA,ZAGAROLO,165.365
CASORIA,BENEVENTO,76.848
CASORIA,CASERTA,24.981
CASORIA,FORMIA GAETA,76.317
CASORIA,NAPOLI CENTRALE,9.119
CASORIA,ROMA TERMINI,204.589
CASORIA AFRAGOLA,NAPOLI CENTRALE,8.961
CASORIA AFRAGOLA,ROMA TERMINI,204.747
CASSANO D ADDA,BUSTO ARSIZIO,59.654
CASSANO D ADDA,GALLARATE,67.776
CASSANO D ADDA,MILANO CENTRALE,24.506
CASSANO D ADDA,MILANO CERTOSA,32.182
CASSANO D ADDA,MILANO LAMBRATE,21.726
CASSANO D ADDA,NOVARA,75.505
CASSANO D ADDA,PARABIAGO,48.689
CASSANO D ADDA,PIOLTELLO LIMITO,14.61
CASSANO D ADDA,RHO,39.957
CASSANO D ADDA,TRECATE,66.057
CASSANO D ADDA,VARESE,77.498
CASSINE,ALESSANDRIA,21.2
CASSINE,SAVONA,82.434
CASSINO,ACERRA,87.764
CASSINO,ANAGNI FIUGGI,75.46
CASSINO,ARCE,26.2
CASSINO,ARPINO,36.498
CASSINO,AVERSA,74.229
CASSINO,AVEZZANO,96.35
CASSINO,BALSORANO,59.451
CASSINO,BENEVENTO,128.729
CASSINO,BOIANO,79.003
CASSINO,CAMPOBASSO,108.709
CASSINO,CANCELLO,81.091
CASSINO,CAPISTRELLO,87.644
CASSINO,CAPUA,58.173
CASSINO,CASERTA,69.283
CASSINO,CASORIA,83.729
CASSINO,CASTRO POFI,37.217
CASSINO,CECCANO,45.87
CASSINO,CEPRANO FALVATERRA,27.294
CASSINO,CIAMPINO,126.341
CASSINO,CIVITA D ANTINO MORINO,70.814
CASSINO,CIVITELLA ROVETO,76.915
CASSINO,COLLARMELE,116.102
CASSINO,COLLEFERRO SEGNI PALIANO,84.227
CASSINO,FROSINONE,52.382
CASSINO,ISERNIA,51.51
CASSINO,ISOLETTA S GIOVANNI I,25.237
CASSINO,MOROLO,65.781
CASSINO,NAPOLI CENTRALE,92.848
CASSINO,PIEDIMONTE VILLA S LUCIA AQUINO,8.92
CASSINO,PIGNATARO MAGGIORE,57.339
CASSINO,ROCCA D EVANDRO,9.611
CASSINO,ROCCA D EVANDRO S VITTORE,9.611
CASSINO,ROCCA RAVINDOLA,33.425
CASSINO,ROMA OSTIENSE,138.979
CASSINO,ROMA TERMINI,135.939
CASSINO,ROMA TIBURTINA,134.367
CASSINO,ROMA TUSCOLANA,135.776
CASSINO,S MARIA CAPUA VETERE,63.022
CASSINO,SGURGOLA,70.547
CASSINO,SORA,46.603
CASSINO,SPARANISE,51.361
CASSINO,SULMONA,161.152
CASSINO,TEANO,44.081
CASSINO,TORA PRESENZANO,24.608
CASSINO,VAIRANO,31.957
CASSINO,VAIRANO CAIANELLO,31.957
CASSINO,VALMONTONE,92.338
CASSINO,ZAGAROLO,103.141
CASTAGNARO,ROVIGO,37.44
CASTAGNARO,VERONA PORTA NUOVA,62.871
CASTAGNOLE DELLE LANZE,ASTI,108.91
CASTAGNOLE DELLE LANZE,MILANO CENTRALE,175.786
CASTAGNOLE DELLE LANZE,TORINO PORTA NUOVA,79.67
CASTEL D ARIO,MONSELICE,65.345
CASTEL DI SANGRO,SULMONA,77.028
CASTEL GANDOLFO,CIAMPINO,15.75
CASTEL GANDOLFO,ROMA TERMINI,25.867
CASTEL LAGOPESOLE,POTENZA CENTRALE,23.948
CASTEL LAGOPESOLE,POTENZA INFERIORE,24.146
CASTEL MADAMA,AVEZZANO,60.027
CASTEL MADAMA,PESCARA,193.366
CASTEL S GIOVANNI,MILANO GRECO PIRELLI,80.048
CASTEL S GIOVANNI,PIACENZA,21.846
CASTEL S GIOVANNI,RIMINI,280.09
CASTEL S GIOVANNI,VOGHERA,36.28
CASTEL S PIETRO TERME,ANCONA,180.79
CASTEL S PIETRO TERME,BOLOGNA CENTRALE,24.599
CASTEL S PIETRO TERME,CESENATICO,88.518
CASTEL S PIETRO TERME,FERRARA,69.044
CASTEL S PIETRO TERME,GENOVA BRIGNOLE,307.625
CASTEL S PIETRO TERME,MILANO PORTA GARIBALDI,237.198
CASTEL S PIETRO TERME,PARMA,114.505
CASTEL S PIETRO TERME,PESCARA,326.831
CASTEL S PIETRO TERME,PIACENZA,170.326
CASTEL S PIETRO TERME,RAVENNA,59.876
CASTEL S PIETRO TERME,RIMINI,87.926
CASTEL S PIETRO TERME,S PIETRO IN CASALE,45.812
CASTELBOLOGNESE,ANCONA,162.029
CASTELBOLOGNESE,ARQUATA SCRIVIA,289.218
CASTELBOLOGNESE,BOLOGNA CENTRALE,43.361
CASTELBOLOGNESE,CERVIA MILANO MARITTIMA,69.973
CASTELBOLOGNESE,GENOVA BRIGNOLE,326.386
CASTELBOLOGNESE,LUGO,23.108
CASTELBOLOGNESE,MILANO CENTRALE,253.724
CASTELBOLOGNESE,PESARO,102.497
CASTELBOLOGNESE,PIACENZA,189.087
CASTELBOLOGNESE,RAVENNA,48.769
CASTELBOLOGNESE,RIMINI,69.164
CASTELBOLOGNESE,RIMINI VISERBA,72.286
CASTELBOLOGNESE,RUSSI,32.435
CASTELBOLOGNESE,SOLAROLO,13.187
CASTELBOLOGNESE RIOLO TERME,ANCONA,162.029
CASTELBOLOGNESE RIOLO TERME,BOLOGNA CENTRALE,43.361
CASTELBOLOGNESE RIOLO TERME,PESARO,102.497
CASTELBOLOGNESE RIOLO TERME,PIACENZA,189.087
CASTELBOLOGNESE RIOLO TERME,RAVENNA,48.769
CASTELBOLOGNESE RIOLO TERME,RIMINI,69.164
CASTELDARNE,BRUNICO,8.897
CASTELDARNE,S CANDIDO,41.446
CASTELFRANCO D EMILIA,BOLOGNA CENTRALE,24.754
CASTELFRANCO D EMILIA,MILANO CENTRALE,187.313
CASTELFRANCO EMILIA,BOLOGNA CENTRALE,24.757
CASTELFRANCO EMILIA,MILANO ROGOREDO,182.585
CASTELFRANCO EMILIA,PARMA,66.505
CASTELFRANCO VENETO,BASSANO DEL GRAPPA,19.098
CASTELFRANCO VENETO,BELLUNO,81.664
CASTELFRANCO VENETO,CAMPOSAMPIERO,12.145
CASTELFRANCO VENETO,FELTRE,51.041
CASTELFRANCO VENETO,MAERNE DI MARTELLAGO,25.08
CASTELFRANCO VENETO,MONTEBELLUNA,13.44
CASTELFRANCO VENETO,NOALE SCORZE,17.75
CASTELFRANCO VENETO,PADOVA,34.028
CASTELFRANCO VENETO,ROMA TIBURTINA,496.25
CASTELFRANCO VENETO,TREVISO C,24.556
CASTELFRANCO VENETO,TREVISO CENTRALE,24.556
CASTELFRANCO VENETO,VENEZIA MESTRE,36.115
CASTELFRANCO VENETO,VENEZIA S LUCIA,43.998
CASTELFRANCO VENETO,VICENZA,35.462
CASTELFRANCO VENETO,VIGODARZERE,25.343
CASTELGUELFO,AGROPOLI CASTELLABATE,755.416
CASTELGUELFO,CHIUSI C T,309.253
CASTELGUELFO,MILANO CENTRALE,111.28
CASTELLALTO CANZANO,CHIETI,67.569
CASTELLALTO CANZANO,GIULIANOVA,17.556
CASTELLALTO CANZANO,PESCARA,52.36
CASTELLALTO CANZANO,TERAMO,7.524
CASTELLALTO CANZANO,TERMOLI,141.419
CASTELLAMMARE DEL GOLFO,CASTELVETRANO,47.736
CASTELLAMMARE DI STABIA,NAPOLI CAMPI FLEGREI,36.05
CASTELLAMMARE DI STABIA,NAPOLI GIANTURCO,26.174
CASTELLAMMARE DI STABIA,NAPOLI S GIOV BARRA,25.812
CASTELLAMMARE DI STABIA,NAPOLI S GIOVANNI BARRA,26.407
CASTELLAMMARE DI STABIA,S MARIA LA BRUNA,38.198
CASTELLAMMARE DI STABIA,TORRE ANNUNZIATA CENTRALE,43.363
CASTELLEONE,CREMONA,130.394
CASTELLEONE,MILANO PORTA GARIBALDI,63.889
CASTELLEONE,TREVIGLIO,36.64
CASTELLINA CH,EMPOLI,48.889
CASTELLINA CH,FIRENZE S MARIA NOVELLA,79.25
CASTELLINA CH,SIENA,14.233
CASTELLINA IN CHIANTI MONTERIGGIONI,EMPOLI,48.889
CASTELLINA IN CHIANTI MONTERIGGIONI,FIRENZE S MARIA NOVELLA,79.25
CASTELLINA IN CHIANTI MONTERIGGIONI,SIENA,14.233
CASTELLO DI GODEGO,CASTELFRANCO VENETO,5.204
CASTELLO DI GODEGO,VENEZIA MESTRE,40.966
CASTELLO DI GODEGO,VENEZIA S LUCIA,48.849
CASTELMAGGIORE,BOLOGNA CENTRALE,11.919
CASTELMAGGIORE,FERRARA,37.058
CASTELMAGGIORE,IMOLA,43.008
CASTELMAGGIORE,PADOVA,112.886
CASTELMAGGIORE,ROVIGO,68.817
CASTELMAGGIORE,VENEZIA MESTRE,141.621
CASTELMAGGIORE,VENEZIA S LUCIA,149.505
CASTELNUOVO BERARDENGA,CHIUSI C T,72.39
CASTELNUOVO BERARDENGA,CHIUSI CHIANCIANO TERME,72.39
CASTELNUOVO DI GARFAGNANA,DIECIMO PESCAGLIA,28.506
CASTELNUOVO DI GARFAGNANA,LUCCA,44.99
CASTELNUOVO DI GARFAGNANA,PISA CENTRALE,68.11
CASTELNUOVO DI GARFAGNANA,S GIULIANO TERME,56.698
CASTELNUOVO DI GARFAGNANA,S PIETRO A VICO,39.719
CASTELNUOVO DI GARFAGNANA,VIAREGGIO,67.093
CASTELPLANIO CUPRAMONTANA,ANCONA,41.376
CASTELPLANIO CUPRAMONTANA,FABRIANO,28.645
CASTELPLANIO CUPRAMONTANA,FALCONARA MARITTIMA,28.212
CASTELPLANIO CUPRAMONTANA,FOLIGNO,87.6
CASTELPLANIO CUPRAMONTANA,JESI,14.71
CASTELPLANIO CUPRAMONTANA,RIMINI,117.488
CASTELPLANIO CUPRAMONTANA,ROMA TERMINI,236.552
CASTELVETRANO,ALCAMO DIRAMAZIONE,42.571
CASTELVETRANO,BALESTRATE,56.917
CASTELVETRANO,CAMPOBELLO DI MAZARA,8.482
CASTELVETRANO,CINISI TERRASINI,81.949
CASTELVETRANO,MARAUSA,60.776
CASTELVETRANO,MARSALA,43.709
CASTELVETRANO,MAZARA DEL VALLO,22.704
CASTELVETRANO,MOZIA BIRGI,55.753
CASTELVETRANO,PACECO,69.886
CASTELVETRANO,PALERMO CENTRALE,119.739
CASTELVETRANO,PARTINICO,68.066
CASTELVETRANO,PETROSINO STRASATTI,34.103
CASTELVETRANO,PIRAINETO,88.003
CASTELVETRANO,TRAPANI,74.389
CASTELVETRANO,TRAPPETO,59.931
CASTELVETRO,CASTIONE DEI MARCHESI,21.651
CASTELVETRO,CREMONA,5.199
CASTELVETRO,FIDENZA,27.709
CASTENASO,BOLOGNA CENTRALE,165.607
CASTENASO,PORTOMAGGIORE,36.75
CASTIGLION FIORENTINO,FIRENZE S MARIA NOVELLA,84.127
CASTIGLIONE COSENTINO,LAMEZIA TERME CENTRALE,75.355
CASTIGLIONE COSENTINO,NAPOLI CENTRALE,289.956
CASTIGLIONE COSENTINO,PAOLA,21.266
CASTIGLIONE COSENTINO,REGGIO CALABRIA CENTRALE,195.399
CASTIGLIONE COSENTINO,REGGIO DI CALABRIA CENTRALE,195.399
CASTIGLIONE COSENTINO,SAPRI,113.894
CASTIGLIONE COSENTINO,SIBARI,59.635
CASTIONE ANDEVENNO,LECCO,76.418
CASTIONE DEI MARCHESI,CREMONA,26.85
CASTIONE DEI MARCHESI,FIDENZA,6.057
CASTRONNO,TREVIGLIO,82.101
CATANIA ACQUICELLA,CATANIA CENTRALE,2.894
CATANIA ACQUICELLA,MESSINA CENTRALE,96.075
CATANIA ACQUICELLA,PALERMO CENTRALE,238.317
CATANIA ACQUICELLA,SIRACUSA,80.49
CATANIA ACQUICELLA,TAORMINA,49.452
CATANIA ACQUICELLA,TAORMINA GIARDINI,48.8
CATANIA AEROPORTO FONTANAROSSA,ACIREALE,17.302
CATANIA AEROPORTO FONTANAROSSA,ALCANTARA,46.817
CATANIA AEROPORTO FONTANAROSSA,CANNIZZARO,10.769
CATANIA AEROPORTO FONTANAROSSA,CATANIA CENTRALE,5.229
CATANIA AEROPORTO FONTANAROSSA,FIUMEFREDDO DI SICILIA,41.507
CATANIA AEROPORTO FONTANAROSSA,GIAMPILIERI,83.017
CATANIA AEROPORTO FONTANAROSSA,GIARRE RIPOSTO,28.83
CATANIA AEROPORTO FONTANAROSSA,LETOJANNI,56.115
CATANIA AEROPORTO FONTANAROSSA,MESSINA CENTRALE,98.41
CATANIA AEROPORTO FONTANAROSSA,TAORMINA,51.786
CATANIA AEROPORTO FONTANAROSSA,TAORMINA GIARDINI,51.134
CATANIA CENTRALE,ACIREALE,12.073
CATANIA CENTRALE,ALCANTARA,41.588
CATANIA CENTRALE,AUGUSTA,56.291
CATANIA CENTRALE,BAGHERIA,228.919
CATANIA CENTRALE,BICOCCA,7.442
CATANIA CENTRALE,CALTAGIRONE,89.749
CATANIA CENTRALE,CALTANISSETTA CENTRALE,121.428
CATANIA CENTRALE,CALTANISSETTA XIRBI,114.994
CATANIA CENTRALE,CANNIZZARO,5.54
CATANIA CENTRALE,CATANIA ACQUICELLA,2.894
CATANIA CENTRALE,CATANIA AEROPORTO FONTANAROSSA,5.229
CATANIA CENTRALE,CATENANUOVA,44.556
CATANIA CENTRALE,CATENANUOVA CENTURIPE,44.556
CATANIA CENTRALE,CONTESSE,88.663
CATANIA CENTRALE,DITTAINO,68.372
CATANIA CENTRALE,ENNA,88.804
CATANIA CENTRALE,FIUMEFREDDO DI SICILIA,36.279
CATANIA CENTRALE,GALATI,82.953
CATANIA CENTRALE,GIAMPILIERI,77.788
CATANIA CENTRALE,GIARRE RIPOSTO,23.601
CATANIA CENTRALE,GRAMMICHELE,77.042
CATANIA CENTRALE,LENTINI,28.7
CATANIA CENTRALE,LEONFORTE PIRATO,77.609
CATANIA CENTRALE,LETOJANNI,50.886
CATANIA CENTRALE,MESSINA CENTRALE,93.181
CATANIA CENTRALE,MILAZZO,122.282
CATANIA CENTRALE,MILITELLO,51.608
CATANIA CENTRALE,MODICA,173.623
CATANIA CENTRALE,MONTEMAGGIORE,180.509
CATANIA CENTRALE,PALERMO CENTRALE,241.211
CATANIA CENTRALE,PRIOLO MELILLI,69.641
CATANIA CENTRALE,ROCCALUMERA MANDANICI,64.581
CATANIA CENTRALE,ROCCAPALUMBA ALIA,171.813
CATANIA CENTRALE,S AGATA M,280.205
CATANIA CENTRALE,S TERESA DI RIVA,60.804
CATANIA CENTRALE,SCORDIA,36.69
CATANIA CENTRALE,SIRACUSA,83.384
CATANIA CENTRALE,TAORMINA,46.558
CATANIA CENTRALE,TAORMINA GIARDINI,45.906
CATANIA CENTRALE,TERMINI IMERESE,204.744
CATANIA CENTRALE,VALLELUNGA,146.134
CATANIA CENTRALE,VILLAROSA,99.785
CATANIA CENTRALE,VIZZINI,65.313
CATANIA CENTRALE,VIZZINI LICODIA,65.313
CATANZARO LIDO,ARDORE,90.888
CATANZARO LIDO,BADOLATO,30.917
CATANZARO LIDO,BIANCO,102.138
CATANZARO LIDO,BOTRICELLO,24.836
CATANZARO LIDO,BOVA MARINA,135.465
CATANZARO LIDO,BOVALINO,94.692
CATANZARO LIDO,BRANCALEONE,116.965
CATANZARO LIDO,CALOPEZZATI,130.273
CATANZARO LIDO,CARIATI,115.234
CATANZARO LIDO,CATANZARO,7.08
CATANZARO LIDO,CIRO,92.16
CATANZARO LIDO,CONDOFURI,139.836
CATANZARO LIDO,CORIGLIANO CALABRO,158.398
CATANZARO LIDO,COSENZA,124.625
CATANZARO LIDO,CROPANI,20.796
CATANZARO LIDO,CROTONE,59.894
CATANZARO LIDO,CRUCOLI,105.762
CATANZARO LIDO,CUTRO,43.059
CATANZARO LIDO,FERRUZZANO,110.643
CATANZARO LIDO,LAMEZIA TERME CENTRALE,44.945
CATANZARO LIDO,LAMEZIA TERME NICASTRO,34.096
CATANZARO LIDO,LECCE,391.343
CATANZARO LIDO,LOCRI,82.736
CATANZARO LIDO,MANDATORICCIO CAMPANA,121.311
CATANZARO LIDO,MELITO DI PORTO SALVO,148.293
CATANZARO LIDO,MONASTERACE STILO,46.107
CATANZARO LIDO,PALIZZI,129.676
CATANZARO LIDO,REGGIO CALABRIA CENTRALE,163.271
CATANZARO LIDO,REGGIO DI CALABRIA CENTRALE,163.271
CATANZARO LIDO,REGGIO DI CALABRIA PELLARO,167.865
CATANZARO LIDO,REGGIO DI CALABRIA S GREGORIO,169.233
CATANZARO LIDO,ROCCELLA JONICA,66.069
CATANZARO LIDO,S ANDREA DELL JONIO,25.439
CATANZARO LIDO,S CATERINA DELL JONIO,35.614
CATANZARO LIDO,S CATERINA DELLO JONIO,35.614
CATANZARO LIDO,SALINE DI REGGIO,155.025
CATANZARO LIDO,SIBARI,174.28
CATANZARO LIDO,SIDERNO,77.386
CATANZARO LIDO,SIMERI CRICHI,11.291
CATANZARO LIDO,SOVERATO,18.212
CATANZARO LIDO,SQUILLACE,6.275
CATANZARO LIDO,STRONGOLI,76.13
CATANZARO LIDO,TARANTO,295.99
CATANZARO LIDO,TORRE MELISSA,84.81
CATANZARO LIDO,VILLA S GIOVANNI,149.19
CATENANUOVA,CALTANISSETTA CENTRALE,76.872
CATENANUOVA,CATANIA ACQUICELLA,41.662
CATENANUOVA,CATANIA CENTRALE,44.556
CATENANUOVA,PALERMO CENTRALE,196.654
CATENANUOVA CENTURIPE,CALTANISSETTA CENTRALE,76.872
CATTOLICA S GIOVANNI GABICCE,ANCONA,74.594
CATTOLICA S GIOVANNI GABICCE,BOLOGNA CENTRALE,130.796
CATTOLICA S GIOVANNI GABICCE,CASTEL S PIETRO TERME,106.196
CATTOLICA S GIOVANNI GABICCE,FAENZA,79.118
CATTOLICA S GIOVANNI GABICCE,FERRARA,175.241
CATTOLICA S GIOVANNI GABICCE,FORLI,64.495
CATTOLICA S GIOVANNI GABICCE,MILANO CENTRALE,341.158
CATTOLICA S GIOVANNI GABICCE,PIACENZA,276.522
CATTOLICA S GIOVANNI GABICCE,RAVENNA,68.149
CATTOLICA S GIOVANNI GABICCE,RIMINI,18.276
CATTOLICA S GIOVANNI GABICCE,ROVIGO,207.0
CATTOLICA S GIOVANNI GABICCE,SANTARCANGELO DI ROMAGNA,28.714
CATTOLICA S GIOVANNI GABICCE,TORINO PORTA NUOVA,462.863
CATTOLICA S GIOVANNI GABICCE,VENEZIA S LUCIA,287.688
CAVA CARBONARA,ALESSANDRIA,55.895
CAVA CARBONARA,MORTARA,30.039
CAVA CARBONARA,PAVIA,7.48
CAVA CARBONARA,TORREBERETTI,35.447
CAVA CARBONARA,VALENZA,43.796
CAVA CARBONARA,VERCELLI,76.175
CAVA TIGOZZI,BELGIOIOSO,54.327
CAVA TIGOZZI,CODOGNO,22.17
CAVA TIGOZZI,MILANO CENTRALE,79.062
CAVA TIGOZZI,MILANO LAMBRATE,76.159
CAVA TIGOZZI,MILANO ROGOREDO,74.335
CAVA TIGOZZI,PAVIA,68.631
CAVALLEGGERI AOSTA,NAPOLI CAMPI FLEGREI,1.827
CAVALLERMAGGIORE,BRA,13.817
CAVALLERMAGGIORE,CARMAGNOLA,15.53
CAVALLERMAGGIORE,CEVA,57.148
CAVALLERMAGGIORE,CIRE,69.042
CAVALLERMAGGIORE,CIRIE,69.042
CAVALLERMAGGIORE,CUNEO,44.201
CAVALLERMAGGIORE,FOSSANO,19.025
CAVALLERMAGGIORE,SAVONA,103.711
CAVALLERMAGGIORE,TORINO LINGOTTO,40.178
CAVALLERMAGGIORE,TORINO PORTA NUOVA,44.361
CAVALLERMAGGIORE,TORINO REBAUDENGO FOSSATA,49.547
CAVALLERMAGGIORE,TORINO STURA,52.999
CAVALLERMAGGIORE,VENTIMIGLIA,140.112
CAVAZZALE,SCHIO,23.408
CAVAZZALE,THIENE,14.028
CAVAZZALE,VICENZA,7.774
CECCHINA,CIAMPINO,18.203
CECCHINA,ROMA TERMINI,28.32
CECCHINA,ROMA TIBURTINA,28.388
CECCHINA,VELLETRI,12.903
CECINA,CAMPIGLIA MARITTIMA,34.969
CECINA,CASERTA,473.528
CECINA,FIRENZE S MARIA NOVELLA,126.165
CECINA,GROSSETO,94.052
CECINA,MILANO CENTRALE,328.607
CECINA,NAPOLI CENTRALE,487.126
CECINA,PIOMBINO BINARI MARE,48.008
CECINA,PISA CENTRALE,50.981
CECINA,VOLTERRA SALINE POMARANCE,29.513
CEDEGOLO,BRESCIA,87.08
CEDEGOLO,PILZONE,58.034
CEFALU,ALTAVILLA M,45.806
CEFALU,ALTAVILLA MILICIA,45.806
CEFALU,BAGHERIA,53.891
CEFALU,CAMPOFELICE,13.43
CEFALU,CARINI,86.897
CEFALU,ISOLA DELLE FEMMINE,82.29
CEFALU,MESSINA CENTRALE,314.802
CEFALU,PALERMO AEROPORTO,99.531
CEFALU,PALERMO CENTRALE,66.183
CEFALU,PALERMO NOTARBARTOLO,70.059
CEFALU,PUNTA RAISI,99.531
CEFALU,TERMINI IMERESE,29.716
CELLE BULGHERIA ROCCAGLORIOSA,NAPOLI CENTRALE,154.655
CENGIO,FOSSANO,54.793
CENTALLO,TORINO PORTA NUOVA,75.326
CEREA,ROVIGO,56.052
CEREA,VERONA PORTA NUOVA,44.26
CERIGNOLA,BARI CENTRALE,88.544
CERIGNOLA,FOGGIA,34.875
CERIGNOLA CAMPAGNA,BARI CENTRALE,88.283
CERTALDO,CHIUSI C T,127.315
CERTALDO,EMPOLI,24.897
CERTALDO,FIRENZE S MARIA NOVELLA,55.258
CERTALDO,SIENA,38.225
CERTOSA DI PAVIA,GARBAGNATE MILANESE,43.623
CERTOSA DI PAVIA,MILANO BOVISA,33.04
CERTOSA DI PAVIA,MILANO CENTRALE,28.503
CERTOSA DI PAVIA,PIACENZA,65.236
CERTOSA DI PAVIA,STRADELLA,37.148
CERVIA MILANO MARITTIMA,BOLOGNA CENTRALE,105.68
CERVIA MILANO MARITTIMA,CESENATICO,7.438
CERVIA MILANO MARITTIMA,MILANO CENTRALE,316.043
CERVIA MILANO MARITTIMA,PESARO,62.004
CERVIA MILANO MARITTIMA,RAVENNA,21.207
CERVIA MILANO MARITTIMA,RIMINI,29.636
CERVIA MILANO MARITTIMA,RUSSI,37.54
CERVIGNANO A G,CARNIA,68.017
CERVIGNANO A G,MILANO CENTRALE,355.076
CERVIGNANO A G,PORTOGRUARO CAORLE,82.135
CERVIGNANO A G,ROMA TERMINI,601.13
CERVIGNANO A G,TARVISIO BOSCOVERDE,117.187
CERVIGNANO A G,TRIESTE CENTRALE,44.054
CERVIGNANO A G,UDINE,28.275
CERVIGNANO A G,VENEZIA MESTRE,101.178
CERVIGNANO A G,VENEZIA S LUCIA,109.562
CERVIGNANO A G,VILLA OPICINA,45.736
CERVIGNANO AQUILEIA GRADO,CARNIA,68.178
CERVIGNANO AQUILEIA GRADO,GEMONA DEL FRIULI,56.675
CERVIGNANO AQUILEIA GRADO,PORTOGRUARO CAORLE,82.296
CERVIGNANO AQUILEIA GRADO,TARVISIO BOSCOVERDE,117.349
CERVIGNANO AQUILEIA GRADO,TRIESTE CENTRALE,43.892
CERVIGNANO AQUILEIA GRADO,UDINE,28.436
CERVIGNANO AQUILEIA GRADO,VENEZIA MESTRE,101.339
CERVIGNANO AQUILEIA GRADO,VENEZIA S LUCIA,109.724
CESANO DI ROMA,BRACCIANO,11.546
CESANO DI ROMA,FARA SABINA,68.998
CESANO DI ROMA,FARA SABINA MONTELIBRETTI,68.537
CESANO DI ROMA,LA STORTA,8.867
CESANO DI ROMA,MONTEROTONDO MENTANA,56.97
CESANO DI ROMA,QUATTRO VENTI,25.684
CESANO DI ROMA,ROMA NOMENTANA LL,38.642
CESANO DI ROMA,ROMA OSTIENSE,28.723
CESANO DI ROMA,ROMA S PIETRO,23.782
CESANO DI ROMA,ROMA SMISTAMENTO,36.017
CESANO DI ROMA,ROMA TIBURTINA,36.06
CESANO DI ROMA,ROMA TRASTEVERE,27.013
CESANO DI ROMA,ROMA TUSCOLANA,32.2
CESANO DI ROMA,VITERBO PORTA ROMANA,58.44
CESANO MADERNO,MILANO ROGOREDO,26.501
CESENA,ANCONA,121.267
CESENA,BOLOGNA CENTRALE,84.123
CESENA,FAENZA,32.445
CESENA,FIRENZE CAMPO MARTE,132.992
CESENA,IMOLA,48.503
CESENA,LECCE,712.219
CESENA,MILANO CENTRALE,294.485
CESENA,PARMA,174.029
CESENA,PIACENZA,229.849
CESENA,RIMINI,28.403
CESENATICO,BOLOGNA CENTRALE,113.118
CESENATICO,MILANO CENTRALE,323.481
CESENATICO,PESARO,54.567
CESENATICO,RAVENNA,28.645
CESENATICO,RIMINI,22.198
CETRARO,PAOLA,19.535
CEVA,CARMAGNOLA,72.678
CEVA,CAVALLERMAGGIORE,57.148
CEVA,FOSSANO,38.13
CEVA,MONDOVI,19.146
CEVA,S GIUSEPPE DI CAIRO,25.356
CEVA,SAVONA,46.562
CEVA,TORINO PORTA NUOVA,101.509
CHATILLON SAINT VINCENT,IVREA,41.694
CHATILLON SAINT VINCENT,TORINO PORTA NUOVA,101.913
CHIASSO,BOLOGNA CENTRALE,256.844
CHIASSO,BRESCIA,127.733
CHIASSO,CAMNAGO LENTATE,25.79
CHIASSO,CARIMATE,16.528
CHIASSO,CASALPUSTERLENGO,96.85
CHIASSO,COMO CAMERLATA,8.3
CHIASSO,COMO S GIOVANNI,12.614
CHIASSO,DESIO,29.783
CHIASSO,FIRENZE S MARIA NOVELLA,348.5
CHIASSO,GENOVA P PRINCIPE,182.937
CHIASSO,GENOVA PIAZZA PRINCIPE,183.049
CHIASSO,IMOLA,291.11
CHIASSO,LA SPEZIA CENTRALE,266.056
CHIASSO,LIVORNO CENTRALE,340.767
CHIASSO,MILANO CENTRALE,47.588
CHIASSO,MILANO CERTOSA,43.227
CHIASSO,MILANO GRECO PIRELLI,44.964
CHIASSO,MILANO LAMBRATE,50.445
CHIASSO,MILANO PORTA GARIBALDI,47.999
CHIASSO,MILANO ROGOREDO,52.218
CHIASSO,MONZA,36.421
CHIASSO,PADOVA,274.364
CHIASSO,PAVIA,81.266
CHIASSO,PISA CENTRALE,322.755
CHIASSO,REGGIO EMILIA,195.416
CHIASSO,RHO,51.017
CHIASSO,RIMINI,368.015
CHIASSO,ROMA OSTIENSE,610.358
CHIASSO,ROMANO,90.999
CHIASSO,SEREGNO,26.433
CHIASSO,SESTO S GIOVANNI,41.286
CHIASSO,SESTRI LEVANTE,228.188
CHIASSO,STABIO,11.996
CHIASSO,TORTONA,122.635
CHIASSO,TREVIGLIO,77.907
CHIASSO,VARESE,69.787
CHIASSO,VENEZIA MESTRE,303.099
CHIASSO,VENEZIA S LUCIA,310.982
CHIASSO,VERONA PORTA NUOVA,192.323
CHIASSO,VICENZA,243.85
CHIAVARI,GENOVA BRIGNOLE,35.341
CHIAVARI,LA SPEZIA CENTRALE,49.16
CHIAVARI,MILANO CENTRALE,175.765
CHIAVARI,PISA CENTRALE,123.697
CHIAVARI,ROMA TERMINI,453.901
CHIAVARI,SAVONA,79.71
CHIAVENNA,COLICO,26.578
CHIAVENNA,DUBINO,27.984
CHIAVENNA,LECCO,67.694
CHIAVENNA,MILANO CENTRALE,113.737
CHIAVENNA,MILANO PORTA GARIBALDI,114.148
CHIAVENNA,NOVATE MEZZOLA,13.354
CHIAVENNA,S CASSIANO VALCHIAVENNA,6.053
CHIAVENNA,VARENNA ESINO,43.86
CHIAVENNA,VERCEIA,16.003
CHIERI,BOSCONERO,49.573
CHIERI,FELETTO,53.851
CHIERI,MONCALIERI,12.959
CHIERI,RIVAROLO,56.947
CHIERI,S BENIGNO,43.854
CHIERI,SETTIMO,34.947
CHIERI,TORINO LINGOTTO,17.279
CHIERI,TORINO PORTA SUSA,23.034
CHIERI,TORINO REBAUDENGO FOSSATA,26.648
CHIERI,TORINO STURA,30.1
CHIERI,TROFARELLO,8.576
CHIERI,VOLPIANO,41.835
CHIETI,AVEZZANO,118.13
CHIETI,CASTELLALTO CANZANO,67.569
CHIETI,GIULIANOVA,52.82
CHIETI,PESCARA,15.209
CHIETI,PINETO ATRI,34.43
CHIETI,ROMA TERMINI,225.871
CHIETI,ROMA TIBURTINA,224.299
CHIETI,SULMONA,53.327
CHIETI,TERAMO,75.092
CHIEUTI SERRACAPRIOLA,FOGGIA,66.708
CHIGNOLO PO,CODOGNO,18.026
CHIGNOLO PO,CREMONA,45.064
CHIGNOLO PO,PAVIA,28.436
CHIOGGIA,LAMA,42.913
CHIOGGIA,LEGNAGO,104.304
CHIOGGIA,LOREO,20.226
CHIOGGIA,ROVIGO,55.878
CHIOGGIA,VERONA PORTA NUOVA,155.989
CHIOMONTE,TORINO PORTA NUOVA,59.285
CHIUSI C T,ALVIANO,55.892
CHIUSI C T,ARBIA,79.302
CHIUSI C T,AREZZO,56.427
CHIUSI C T,ASCIANO,57.264
CHIUSI C T,ASCIANO MONTE OLIVETO MAGGIORE,59.538
CHIUSI C T,ATTIGLIANO,64.827
CHIUSI C T,BOLOGNA CENTRALE,209.819
CHIUSI C T,CASTELLINA CH,103.323
CHIUSI C T,CASTELNUOVO BERARDENGA,72.39
CHIUSI C T,CASTIGLION DEL LAGO,19.168
CHIUSI C T,CASTIGLION FIORENTINO,45.531
CHIUSI C T,CERTALDO,127.315
CHIUSI C T,COMPIOBBI,115.363
CHIUSI C T,EMPOLI,147.17
CHIUSI C T,FIGLINE VALDARNO,93.631
CHIUSI C T,FIRENZE CAMPO MARTE,115.154
CHIUSI C T,FIRENZE CASTELLO,121.543
CHIUSI C T,FIRENZE RIFREDI,119.029
CHIUSI C T,FIRENZE S MARIA NOVELLA,119.56
CHIUSI C T,FOLIGNO,111.389
CHIUSI C T,GRANAIOLO,141.622
CHIUSI C T,MONTEPULCIANO,19.078
CHIUSI C T,MONTEVARCHI TERRANUOVA,80.656
CHIUSI C T,ORTE,76.925
CHIUSI C T,ORVIETO,35.737
CHIUSI C T,PARMA,299.725
CHIUSI C T,PERUGIA,71.814
CHIUSI C T,PISTOIA,150.244
CHIUSI C T,POGGIBONSI,114.165
CHIUSI C T,PONTASSIEVE,108.973
CHIUSI C T,PONTE A ELSA,147.128
CHIUSI C T,PRATO CENTRALE,133.222
CHIUSI C T,RAPOLANO TERME,47.371
CHIUSI C T,RIGOMAGNO,38.457
CHIUSI C T,ROMA TERMINI,144.428
CHIUSI C T,ROMA TIBURTINA,139.837
CHIUSI C T,S GIOVANNI VALDARNO,86.05
CHIUSI C T,SIENA,89.09
CHIUSI C T,SINALUNGA,32.55
CHIUSI C T,TARVISIO BOSCOVERDE,572.52
CHIUSI C T,TERNI,104.89
CHIUSI C T,TERONTOLA CORTONA,29.181
CHIUSI CHIANCIANO TERME,ARBIA,79.302
CHIUSI CHIANCIANO TERME,AREZZO,56.427
CHIUSI CHIANCIANO TERME,ASCIANO,57.264
CHIUSI CHIANCIANO TERME,CASTELLINA IN CHIANTI MONTERIGGIONI,103.323
CHIUSI CHIANCIANO TERME,CASTELNUOVO BERARDENGA,72.39
CHIUSI CHIANCIANO TERME,CASTIGLION FIORENTINO,45.531
CHIUSI CHIANCIANO TERME,EMPOLI,147.17
CHIUSI CHIANCIANO TERME,FIGLINE VALDARNO,93.631
CHIUSI CHIANCIANO TERME,FIRENZE CAMPO MARTE,115.154
CHIUSI CHIANCIANO TERME,FIRENZE CASTELLO,121.543
CHIUSI CHIANCIANO TERME,FIRENZE S MARIA NOVELLA,119.56
CHIUSI CHIANCIANO TERME,FOLIGNO,111.389
CHIUSI CHIANCIANO TERME,GRANAIOLO,141.622
CHIUSI CHIANCIANO TERME,MONTECATINI TERME MONSUMMANO,163.233
CHIUSI CHIANCIANO TERME,MONTEPULCIANO,19.078
CHIUSI CHIANCIANO TERME,ORTE,76.925
CHIUSI CHIANCIANO TERME,PERUGIA,71.814
CHIUSI CHIANCIANO TERME,PISTOIA,150.244
CHIUSI CHIANCIANO TERME,POGGIBONSI S GIMIGNANO,114.338
CHIUSI CHIANCIANO TERME,PONTASSIEVE,108.973
CHIUSI CHIANCIANO TERME,PONTE A ELSA,147.128
CHIUSI CHIANCIANO TERME,PONTICINO,71.209
CHIUSI CHIANCIANO TERME,PRATO CENTRALE,133.222
CHIUSI CHIANCIANO TERME,RAPOLANO TERME,47.371
CHIUSI CHIANCIANO TERME,ROMA OSTIENSE,146.871
CHIUSI CHIANCIANO TERME,ROMA TERMINI,144.428
CHIUSI CHIANCIANO TERME,ROMA TIBURTINA,139.837
CHIUSI CHIANCIANO TERME,S GIOVANNI VALDARNO,86.05
CHIUSI CHIANCIANO TERME,SIENA,89.09
CHIUSI CHIANCIANO TERME,SINALUNGA,32.55
CHIUSI CHIANCIANO TERME,TERNI,104.89
CHIUSI CHIANCIANO TERME,TERONTOLA CORTONA,29.181
CHIUSI CHIANCIANO TERME,TORINO LINGOTTO,510.166
CHIVASSO,AIRASCA,49.36
CHIVASSO,ALESSANDRIA,81.133
CHIVASSO,AOSTA,99.062
CHIVASSO,ASTI,51.362
CHIVASSO,BIELLA S PAOLO,57.471
CHIVASSO,BORGO REVEL,10.554
CHIVASSO,BORGO S MARTINO,55.526
CHIVASSO,CALUSO,14.247
CHIVASSO,CANDIA CANAVESE,17.797
CHIVASSO,CANDIOLO,39.302
CHIVASSO,CASALE MONFERRATO,48.381
CHIVASSO,CASALE POPOLO,44.868
CHIVASSO,CRESCENTINO,17.644
CHIVASSO,FONTANETTO PO,24.05
CHIVASSO,GIAROLE,60.214
CHIVASSO,IVREA,32.808
CHIVASSO,LIVORNO FERRARIS,18.167
CHIVASSO,MILANO CENTRALE,122.767
CHIVASSO,MILANO PORTA GARIBALDI,123.142
CHIVASSO,MONCALIERI SANGONE,32.268
CHIVASSO,MORANO SUL PO,38.465
CHIVASSO,NICHELINO,34.567
CHIVASSO,NONE,44.737
CHIVASSO,NOVARA,71.754
CHIVASSO,PINEROLO,61.997
CHIVASSO,PINEROLO OLIMPICA,61.075
CHIVASSO,PISCINA DI PINEROLO,53.979
CHIVASSO,SANTHIA,30.254
CHIVASSO,SETTIMO,11.426
CHIVASSO,STRAMBINO,23.729
CHIVASSO,TORINO LINGOTTO,29.105
CHIVASSO,TORINO PORTA NUOVA,28.162
CHIVASSO,TORINO PORTA SUSA,23.339
CHIVASSO,TORINO REBAUDENGO FOSSATA,19.727
CHIVASSO,TORINO STURA,16.273
CHIVASSO,TRINO VERCELLESE,32.404
CHIVASSO,VALENZA,69.034
CHIVASSO,VERCELLI,49.807
CIAMPINO,ALBANO LAZIALE,18.203
CIAMPINO,BOIANO,205.344
CIAMPINO,CASSINO,126.341
CIAMPINO,CASTEL GANDOLFO,15.75
CIAMPINO,CECCHINA,18.203
CIAMPINO,COLLEFERRO SEGNI PALIANO,42.116
CIAMPINO,FIERA DI ROMA,36.067
CIAMPINO,FRASCATI,3.577
CIAMPINO,FROSINONE,73.959
CIAMPINO,ISERNIA,177.851
CIAMPINO,LANUVIO,22.206
CIAMPINO,MARINO,12.458
CIAMPINO,MARINO LAZIALE,12.458
CIAMPINO,PAVONA,13.064
CIAMPINO,ROMA CASILINA,11.789
CIAMPINO,ROMA S PIETRO,23.08
CIAMPINO,ROMA TERMINI,16.769
CIAMPINO,ROMA TIBURTINA,16.838
CIAMPINO,ROMA TUSCOLANA,14.979
CIAMPINO,VELLETRI,31.106
CIAMPINO,VENAFRO,153.332
CIANO D ENZA,BARCO,13.015
CIANO D ENZA,REGGIO EMILIA,26.073
CIANO D ENZA,REGGIO S STEFANO,24.009
CINISI TERRASINI,ALCAMO DIRAMAZIONE,40.313
CINISI TERRASINI,CAMPOBELLO DI MAZARA,90.431
CINISI TERRASINI,CASTELVETRANO,81.949
CINISI TERRASINI,MARAUSA,142.726
CINISI TERRASINI,MARSALA,125.659
CINISI TERRASINI,MAZARA DEL VALLO,104.653
CINISI TERRASINI,PALERMO CENTRALE,37.789
CINISI TERRASINI,PALERMO NOTARBARTOLO,31.339
CINISI TERRASINI,PARTINICO,13.884
CINISI TERRASINI,PIRAINETO,6.053
CINISI TERRASINI,SALEMI GIBELLINA,65.888
CINISI TERRASINI,TRAPANI,156.338
CINISI TERRASINI,TRAPPETO,22.018
CIRE,ALBA,90.905
CIRE,BRA,73.378
CIRE,FOSSANO,88.067
CIRE,TORINO LINGOTTO,28.875
CIRE,TORINO REBAUDENGO FOSSATA,20.05
CIRIE,ALBA,90.905
CIRIE,BRA,73.378
CIRIE,CARMAGNOLA,53.512
CIRIE,CAVALLERMAGGIORE,69.042
CIRIE,FOSSANO,88.067
CIRIE,GERMAGNANO,12.379
CIRIE,SOMMARIVA DEL BOSCO,62.78
CIRIE,TORINO LINGOTTO,28.875
CIRIE,TORINO REBAUDENGO FOSSATA,20.05
CIRIE,TROFARELLO,37.567
CIRIE,VENARIA REALE REGGIA,13.176
CISANO CAPRINO BERGAMASCO,BERGAMO,142.452
CISANO CAPRINO BERGAMASCO,CALOLZIOCORTE OLGINATE,8.111
CISANO CAPRINO BERGAMASCO,LECCO,12.829
CISANO CAPRINO BERGAMASCO,PONTE S PIETRO,10.234
CISMON DEL GRAPPA,TRENTO,73.31
CISTERNA DI LATINA,CAMPOLEONE,16.498
CISTERNA DI LATINA,MINTURNO,88.408
CISTERNA DI LATINA,MINTURNO SCAURI,88.408
CISTERNA DI LATINA,NAPOLI CENTRALE,163.819
CISTERNA DI LATINA,ROMA TERMINI,49.889
CITTADELLA,BASSANO DEL GRAPPA,14.57
CITTADELLA,PADOVA,43.947
CITTADELLA,TREVISO C,36.347
CITTADELLA,TREVISO CENTRALE,36.347
CITTADELLA,VENEZIA MESTRE,47.556
CITTADELLA,VICENZA,23.667
CITTADUCALE,TERNI,50.187
CIVITA CASTELLANA MAGLIANO,FIUMICINO AEROPORTO,97.34
CIVITANOVA MARCHE MONTEGRANARO,ALBACINA,88.057
CIVITANOVA MARCHE MONTEGRANARO,ANCONA,43.02
CIVITANOVA MARCHE MONTEGRANARO,ASCOLI PICENO,74.448
CIVITANOVA MARCHE MONTEGRANARO,BARI CENTRALE,398.849
CIVITANOVA MARCHE MONTEGRANARO,BOLZANO,503.458
CIVITANOVA MARCHE MONTEGRANARO,CORRIDONIA MOGLIANO,21.735
CIVITANOVA MARCHE MONTEGRANARO,FABRIANO,94.945
CIVITANOVA MARCHE MONTEGRANARO,LECCE,548.212
CIVITANOVA MARCHE MONTEGRANARO,LORETO,19.378
CIVITANOVA MARCHE MONTEGRANARO,MACERATA,27.244
CIVITANOVA MARCHE MONTEGRANARO,MILANO CENTRALE,458.772
CIVITANOVA MARCHE MONTEGRANARO,PORTO D ASCOLI,46.616
CIVITANOVA MARCHE MONTEGRANARO,SULMONA,171.836
CIVITAVECCHIA,GENOVA P PRINCIPE,413.83
CIVITAVECCHIA,GROSSETO,107.186
CIVITAVECCHIA,LADISPOLI CERVETERI,30.457
CIVITAVECCHIA,MACCARESE,46.759
CIVITAVECCHIA,MACCARESE FREGENE,46.634
CIVITAVECCHIA,MARINA DI CERVETERI,26.426
CIVITAVECCHIA,MILANO CENTRALE,529.842
CIVITAVECCHIA,NAPOLI CENTRALE,285.888
CIVITAVECCHIA,PISA CENTRALE,252.217
CIVITAVECCHIA,ROMA AURELIA,60.564
CIVITAVECCHIA,ROMA OSTIENSE,71.088
CIVITAVECCHIA,ROMA S PIETRO,66.147
CIVITAVECCHIA,ROMA TERMINI,77.988
CIVITAVECCHIA,ROMA TIBURTINA,78.424
CIVITAVECCHIA,ROMA TRASTEVERE,69.377
CIVITAVECCHIA,ROMA TUSCOLANA,74.565
CIVITAVECCHIA,S MARINELLA,8.932
CIVITAVECCHIA,S SEVERA,18.108
CIVITAVECCHIA,SESTRI LEVANTE,368.451
CIVITAVECCHIA,TARQUINIA,19.896
CIVITAVECCHIA,TORINO PORTA NUOVA,572.412
CIVITAVECCHIA,VENTIMIGLIA,555.876
CIVITELLA ROVETO,AVEZZANO,19.434
CIVITELLA ROVETO,CASSINO,76.915
COCCAGLIO,BERGAMO,29.581
COCCAGLIO,BRESCIA,19.075
COCQUIO TREVISAGO,GERENZANO TURATE,39.359
COCQUIO TREVISAGO,MILANO CADORNA,63.734
COCQUIO TREVISAGO,VARESE,13.82
COCQUIO TREVISAGO,VARESE CASBENO,10.82
COCULLO,AVEZZANO,34.632
COCULLO,PESCARA,98.707
COCULLO,SULMONA,30.171
CODIGORO,DOGATO,24.23
CODIGORO,FERRARA,212.03
CODIGORO,FERRARA CITTA DEL RAGAZZO,45.555
CODIGORO,MIGLIARINO,17.753
CODIGORO,QUARTESANA,38.744
CODOGNO,BELGIOIOSO,32.158
CODOGNO,BOLOGNA CENTRALE,159.223
CODOGNO,BOZZOLO,63.789
CODOGNO,CASALPUSTERLENGO,5.008
CODOGNO,CAVA TIGOZZI,22.17
CODOGNO,CHIGNOLO PO,18.026
CODOGNO,CORTEOLONA,27.604
CODOGNO,CREMONA,27.039
CODOGNO,LODI,23.744
CODOGNO,MANTOVA,220.391
CODOGNO,MILANO CENTRALE,56.893
CODOGNO,MILANO CERTOSA,63.096
CODOGNO,MILANO GRECO PIRELLI,59.958
CODOGNO,MILANO LAMBRATE,53.989
CODOGNO,MILANO PORTA GARIBALDI,59.129
CODOGNO,MILANO ROGOREDO,52.166
CODOGNO,MOTTA S DAMIANO,39.759
CODOGNO,OSPEDALETTO LODIGIANO,11.605
CODOGNO,PARMA,69.194
CODOGNO,PAVIA,46.462
CODOGNO,PIACENZA,12.156
CODOGNO,PIADENA,54.942
CODOGNO,PIZZIGHETTONE,7.628
CODOGNO,RIMINI,270.394
CODOLA,BARONISSI,13.91
CODOLA,MERCATO S SEVERINO,9.15
CODOLA,SALERNO,18.386
CODROIPO,TREVISO C,156.882
COGOLETO,ALASSIO,61.089
COGOLETO,ALBENGA,54.695
COGOLETO,GENOVA BRIGNOLE,26.788
COGOLETO,GENOVA NERVI,35.369
COGOLETO,GENOVA P PRINCIPE,24.337
COGOLETO,LA SPEZIA CENTRALE,111.288
COGOLETO,RECCO,44.454
COGOLETO,SAVONA,17.582
COGOLETO,SESTRI LEVANTE,69.589
COGOLETO,VENTIMIGLIA,117.836
COLICO,ABBADIA LARIANA,31.454
COLICO,BELLANO TARTAVELLE TERME,13.977
COLICO,CALOLZIOCORTE OLGINATE,45.835
COLICO,CARNATE USMATE,64.129
COLICO,CASTIONE ANDEVENNO,35.302
COLICO,CHIAVENNA,26.578
COLICO,DERVIO,9.351
COLICO,DUBINO,7.114
COLICO,LECCO,41.116
COLICO,LIERNA,24.003
COLICO,MANDELLO DEL LARIO,26.669
COLICO,MILANO CENTRALE,87.158
COLICO,MILANO CERTOSA,91.547
COLICO,MILANO GRECO PIRELLI,84.535
COLICO,MILANO LAMBRATE,90.389
COLICO,MILANO PORTA GARIBALDI,87.57
COLICO,MILANO ROGOREDO,91.875
COLICO,MONZA,82.055
COLICO,MORBEGNO,15.588
COLICO,NOVATE MEZZOLA,13.224
COLICO,PIONA,2.275
COLICO,SAMOLACO,16.843
COLICO,SESTO S GIOVANNI,80.856
COLICO,SONDRIO,40.462
COLICO,TIRANO,66.468
COLICO,VERCEIA,10.575
COLLARMELE,AVEZZANO,19.752
COLLARMELE,ROMA TERMINI,127.493
COLLARMELE,SULMONA,45.051
COLLE ISARCO,BOLOGNA CENTRALE,329.949
COLLE ISARCO,BOLZANO,73.55
COLLE ISARCO,MERANO,106.787
COLLE MATTIA,ROMA TERMINI,25.572
COLLECCHIO,BERCETO,33.037
COLLECCHIO,LA SPEZIA CENTRALE,107.215
COLLECCHIO,PARMA,11.977
COLLEFERRO SEGNI PALIANO,CASERTA,146.45
COLLEFERRO SEGNI PALIANO,CASSINO,84.227
COLLEFERRO SEGNI PALIANO,CIAMPINO,42.116
COLLEFERRO SEGNI PALIANO,FROSINONE,31.845
COLLEFERRO SEGNI PALIANO,ISERNIA,135.737
COLLEFERRO SEGNI PALIANO,ROMA CASILINA,48.681
COLLEFERRO SEGNI PALIANO,ROMA OSTIENSE,54.753
COLLEFERRO SEGNI PALIANO,ROMA TERMINI,53.661
COLLEFERRO SEGNI PALIANO,ROMA TIBURTINA,53.73
COLLEFERRO SEGNI PALIANO,ROMA TUSCOLANA,51.871
COLLEFERRO SEGNI PALIANO,VALMONTONE,8.113
COLLEFERRO SEGNI PALIANO,ZAGAROLO,18.916
COLLEGNO,BARDONECCHIA,76.639
COLLEGNO,BUSSOLENO,35.49
COLLEGNO,S ANTONINO VAIE,24.755
COLLEGNO,SALBERTRAND,59.356
COLLEGNO,SUSA,43.285
COLLEGNO,TORINO PORTA NUOVA,9.636
COLORNO,BRESCIA,76.014
COLORNO,PIADENA,24.809
COLORNO,S ZENO FOLZANO,70.33
COMISO,MODICA,53.127
COMISO,SIRACUSA,145.395
COMITINI,PALERMO CENTRALE,128.336
COMO BORGHI,MILANO CADORNA,44.995
COMO CAMERLATA,CHIASSO,8.3
COMO CAMERLATA,MILANO CADORNA,38.031
COMO CAMERLATA,VARESE,63.225
COMO LAGO,BOLLATE CENTRO,36.678
COMO LAGO,FINO MORNASCO,10.286
COMO LAGO,MILANO BOVISA,42.01
COMO LAGO,MILANO CADORNA,46.139
COMO LAGO,MILANO QUARTO OGGIARO,39.823
COMO LAGO,NOVATE MILANESE,37.982
COMO LAGO,PORTICHETTO LUISAGO,8.79
COMO LAGO,ROVELLO PORRO,21.445
COMO LAGO,SARONNO,24.767
COMO S GIOVANNI,CAMNAGO LENTATE,24.189
COMO S GIOVANNI,CANTELLO GAGGIOLO,17.146
COMO S GIOVANNI,CANTU,11.248
COMO S GIOVANNI,CARIMATE,14.928
COMO S GIOVANNI,CHIASSO,12.614
COMO S GIOVANNI,COMO CAMERLATA,4.967
COMO S GIOVANNI,DESIO,28.183
COMO S GIOVANNI,GALLARATE,48.101
COMO S GIOVANNI,LA SPEZIA CENTRALE,264.455
COMO S GIOVANNI,LECCO,44.194
COMO S GIOVANNI,MERONE,21.749
COMO S GIOVANNI,MILANO CENTRALE,45.987
COMO S GIOVANNI,MILANO CERTOSA,41.627
COMO S GIOVANNI,MILANO GRECO PIRELLI,43.364
COMO S GIOVANNI,MILANO PORTA GARIBALDI,46.399
COMO S GIOVANNI,MOLTENO,27.061
COMO S GIOVANNI,MONZA,34.821
COMO S GIOVANNI,OGGIONO,30.06
COMO S GIOVANNI,RHO,49.417
COMO S GIOVANNI,ROMA TERMINI,606.315
COMO S GIOVANNI,SEREGNO,24.833
COMO S GIOVANNI,SESTO S GIOVANNI,39.686
COMO S GIOVANNI,SESTRI LEVANTE,226.588
COMO S GIOVANNI,STABIO,13.675
COMO S GIOVANNI,VALMADRERA,38.078
COMO S GIOVANNI,VARESE,68.187
COMPIOBBI,AREZZO,65.366
COMPIOBBI,FIRENZE S MARIA NOVELLA,12.858
COMPIOBBI,MONTEVARCHI TERRANUOVA,39.283
COMPIOBBI,PISTOIA,43.542
CONDOFURI,ROCCELLA JONICA,73.767
CONEGLIANO,BELLUNO,47.714
CONEGLIANO,FIRENZE S MARIA NOVELLA,288.219
CONEGLIANO,MOGLIANO VENETO,38.672
CONEGLIANO,NAPOLI CENTRALE,756.78
CONEGLIANO,PONTE NELLE ALPI POLPET,40.161
CONEGLIANO,ROMA TERMINI,547.634
CONEGLIANO,S CROCE DEL LAGO,27.441
CONEGLIANO,TREVISO C,101.121
CONEGLIANO,TREVISO CENTRALE,101.121
CONEGLIANO,TRIESTE CENTRALE,150.032
CONEGLIANO,UDINE,78.579
CONEGLIANO,VENEZIA MESTRE,47.987
CONEGLIANO,VENEZIA S LUCIA,56.372
CONEGLIANO,VITTORIO VENETO,13.61
CONSANDOLO,BOLOGNA CENTRALE,133.594
CONSANDOLO,BUDRIO,26.279
CONTEA LONDA,BORGO S LORENZO,18.086
CONTEA LONDA,FIRENZE CAMPO MARTE,30.766
CONTEA LONDA,FIRENZE RIFREDI,34.642
CONTEA LONDA,FIRENZE S MARIA NOVELLA,35.172
CONTEA LONDA,PONTASSIEVE,14.716
CONTESSE,MESSINA CENTRALE,4.518
CONTIGLIANO,TERNI,32.435
CONTURSI TERME,BATTIPAGLIA,24.558
CONTURSI TERME,NAPOLI CENTRALE,95.917
CONTURSI TERME,POTENZA CENTRALE,66.998
CONTURSI TERME,SALERNO,44.493
CORBEZZI,FIRENZE S MARIA NOVELLA,51.059
CORBEZZI,PISTOIA,17.627
CORBEZZI,PORRETTA TERME,22.38
CORDOVADO SESTO,CASARSA,10.812
CORDOVADO SESTO,PORTOGRUARO CAORLE,8.663
CORIGLIANO CALABRO,CATANZARO LIDO,158.398
CORMANO CUSANO MILANINO,MILANO CADORNA,9.214
CORMONS,TRIESTE CENTRALE,61.904
CORNIGLIA,GENOVA BRIGNOLE,74.803
CORNIGLIA,LA SPEZIA CENTRALE,9.699
CORNIGLIA,LA SPEZIA MIGLIARINA,11.726
CORNIGLIA,LEVANTO,10.863
CORNIGLIA,SARZANA,28.156
CORNIGLIA,SESTRI LEVANTE,32.0
CORNUDA,BELLUNO,57.97
CORNUDA,CASTELFRANCO VENETO,23.695
CORNUDA,TREVISO C,47.029
CORRIDONIA MOGLIANO,ANCONA,64.476
CORTEOLONA,CAVA TIGOZZI,49.774
CORTEOLONA,CODOGNO,27.604
CORTEOLONA,CREMONA,54.643
CORTEOLONA,PAVIA,18.858
COSENZA,AGROPOLI CASTELLABATE,193.21
COSENZA,AMANTEA,48.414
COSENZA,BAGNARA,168.166
COSENZA,BATTIPAGLIA,222.923
COSENZA,CAPACCIO ROCCADASPIDE,205.209
COSENZA,CAPO BONIFATI,53.179
COSENZA,CASTIGLIONE COSENTINO,4.328
COSENZA,CAVA DEI TIRRENI,251.362
COSENZA,CETRARO,45.121
COSENZA,CROTONE,178.346
COSENZA,CRUCOLI,132.479
COSENZA,DIAMANTE BUONVICINO,67.362
COSENZA,FAVAZZINA,172.872
COSENZA,FUSCALDO,31.874
COSENZA,GIOIA TAURO,149.524
COSENZA,GIZZERIA LIDO,75.653
COSENZA,LAMEZIA TERME CENTRALE,79.68
COSENZA,LONGOBARDI,39.473
COSENZA,MARATEA,105.843
COSENZA,MELITO DI PORTO SALVO,229.52
COSENZA,METAPONTO,143.854
COSENZA,MILETO,126.659
COSENZA,MONGRASSANO CERVICATI,26.07
COSENZA,NAPOLI CENTRALE,294.281
COSENZA,NAPOLI S GIOV BARRA,289.752
COSENZA,PALMI,157.94
COSENZA,PAOLA,25.591
COSENZA,PISCIOTTA PALINURO,153.527
COSENZA,POLICASTRO BUSSENTINO,126.926
COSENZA,PRAJA AJETA TORTORA,93.649
COSENZA,REGGIO CALABRIA CENTRALE,199.724
COSENZA,REGGIO DI CALABRIA CENTRALE,199.724
COSENZA,REGGIO DI CALABRIA GALLICO,191.821
COSENZA,ROSARNO,139.63
COSENZA,S LUCIDO MARINA,27.975
COSENZA,S MARCO ROGGIANO,34.558
COSENZA,S PIETRO A MAIDA MAIDA,86.509
COSENZA,SALERNO,242.857
COSENZA,SAPRI,118.218
COSENZA,SCALEA S DOMENICA TALAO,82.942
COSENZA,SIBARI,63.96
COSENZA,SPEZZANO ALBANESE TERME,47.845
COSENZA,TORANO LATTARICO,20.87
COSENZA,TORRE ANNUNZIATA CENTRALE,272.196
COSENZA,TREBISACCE,78.536
COSENZA,VIBO VALENTIA PIZZO,106.34
COSENZA,VILLA S GIOVANNI,185.644
COSIO TRAONA,LECCO,53.243
COSIO TRAONA,SONDRIO,28.334
COSSATO,NOVARA,36.646
COSTA,VERONA PORTA NUOVA,90.793
COSTA MASNAGA,LECCO,19.838
COSTA MASNAGA,MILANO PORTA GARIBALDI,38.285
COSTA MASNAGA,MONZA,32.77
COSTA MASNAGA,SESTO S GIOVANNI,31.571
COSTA MASNAGA,VALMADRERA,13.722
CREMA,CREMONA,129.898
CREMA,MILANO PORTA GARIBALDI,53.906
CREMA,OLMENETA,32.538
CREMA,TREVIGLIO,26.656
CREMONA,ALBUZZANO,63.456
CREMONA,BAGNOLO MELLA,80.575
CREMONA,BELGIOIOSO,59.196
CREMONA,BERGAMO,128.03
CREMONA,BOZZOLO,37.364
CREMONA,BRESCIA,79.374
CREMONA,BUSSETO,20.033
CREMONA,CARAVAGGIO,113.812
CREMONA,CASALBUTTANO,114.099
CREMONA,CASALETTO VAPRIO,123.57
CREMONA,CASALPUSTERLENGO,32.047
CREMONA,CASTELGUELFO,44.252
CREMONA,CASTELLEONE,130.394
CREMONA,CASTELVETRO,5.199
CREMONA,CASTIONE DEI MARCHESI,26.85
CREMONA,CAVA TIGOZZI,4.869
CREMONA,CHIGNOLO PO,45.064
CREMONA,CODOGNO,27.039
CREMONA,CREMA,129.898
CREMONA,FIDENZA,32.907
CREMONA,FORNOVO,57.761
CREMONA,GAZZO PIEVE S GIACOMO,14.492
CREMONA,LODI,50.783
CREMONA,MADIGNANO,134.389
CREMONA,MANERBIO,89.505
CREMONA,MANTOVA,193.966
CREMONA,MILANO CENTRALE,83.931
CREMONA,MILANO CERTOSA,90.134
CREMONA,MILANO GRECO PIRELLI,86.997
CREMONA,MILANO LAMBRATE,81.028
CREMONA,MILANO PORTA GARIBALDI,86.167
CREMONA,MILANO ROGOREDO,79.205
CREMONA,OLMENETA,107.839
CREMONA,OSPEDALETTO LODIGIANO,38.643
CREMONA,PALAZZOLO SULL OGLIO,106.548
CREMONA,PARMA,55.01
CREMONA,PAVIA,73.5
CREMONA,PIADENA,28.517
CREMONA,PIOLTELLO LIMITO,88.126
CREMONA,PISA CENTRALE,210.6
CREMONA,PIZZIGHETTONE,19.411
CREMONA,PONTE D ADDA,18.239
CREMONA,ROBECCO PONTEVICO,101.334
CREMONA,S ZENO FOLZANO,73.691
CREMONA,SORESINA,122.885
CREMONA,TAVAZZANO,58.49
CREMONA,TORRE DE PICENARDI,22.116
CREMONA,TREVIGLIO,108.563
CREMONA,VEROLANUOVA,94.754
CREMONA,VILLANOVA D ARDA,13.262
CRESCENTINO,ALESSANDRIA,63.489
CRESPELLANO,BOLOGNA CENTRALE,20.863
CRESPELLANO,VIGNOLA,11.44
CRESPINO DEL LAMONE,BORGO S LORENZO,21.835
CRESPINO DEL LAMONE,FIESOLE CALDINE,47.797
CRESPINO DEL LAMONE,FIRENZE S MARIA NOVELLA,57.181
CRESPINO DEL LAMONE,VAGLIA,33.875
CREVALCORE,BOLOGNA CENTRALE,29.357
CREVALCORE,BRENNERO,315.844
CREVALCORE,POGGIO RUSCO,29.266
CREVALCORE,VERONA PORTA NUOVA,85.396
CRISPIANO,MARTINA FRANCA,17.873
CROPANI,SIBARI,153.484
CROTONE,BOTRICELLO,35.058
CROTONE,CATANZARO LIDO,59.894
CROTONE,CIRO,32.265
CROTONE,CORIGLIANO CALABRO,98.504
CROTONE,COSENZA,178.346
CROTONE,CROPANI,39.098
CROTONE,CUTRO,16.835
CROTONE,LAMEZIA TERME CENTRALE,104.84
CROTONE,LAMEZIA TERME NICASTRO,93.991
CROTONE,REGGIO DI CALABRIA CENTRALE,223.166
CROTONE,ROSSANO,87.139
CROTONE,SIBARI,114.386
CROTONE,SIMERI CRICHI,48.604
CROTONE,TARANTO,236.095
CROTONE,TORRE MELISSA,24.915
CRUCOLI,COSENZA,132.479
CUCCIAGO,MILANO PORTA GARIBALDI,37.011
CUCCIAGO,RHO,40.03
CUNEO,BORGO S DALMAZZO,8.578
CUNEO,BREIL SUR ROYA,74.664
CUNEO,CARMAGNOLA,59.731
CUNEO,CAVALLERMAGGIORE,44.201
CUNEO,CENTALLO,13.235
CUNEO,FOSSANO,26.496
CUNEO,LIMONE,28.472
CUNEO,MONTIGLIO MURISENGO,139.058
CUNEO,RACCONIGI,51.164
CUNEO,ROBILANTE,13.079
CUNEO,SAVIGLIANO,37.338
CUNEO,TORINO LINGOTTO,84.379
CUNEO,TORINO PORTA NUOVA,88.561
CUNEO,TROFARELLO,75.676
CUNEO,VENTIMIGLIA,95.912
CUNEO,VERNANTE,19.433
DARFO CORNA,BRESCIA,58.674
DECIMOMANNU,CAGLIARI,16.394
DECIMOMANNU,CAGLIARI ELMAS,8.432
DECIMOMANNU,MACOMER,140.375
DECIMOMANNU,OLBIA,260.7
DECIMOMANNU,OLBIA TERRANOVA,259.981
DECIMOMANNU,ORISTANO,76.765
DECIMOMANNU,PORTO TORRES MARITTIMA,253.795
DECIMOMANNU,S GAVINO,33.108
DECIMOMANNU,SASSARI,234.485
DEGO,ALESSANDRIA,72.337
DEIVA MARINA,GENOVA BRIGNOLE,54.78
DEIVA MARINA,LA SPEZIA CENTRALE,29.723
DEIVA MARINA,SARZANA,48.18
DEIVA MARINA,SAVONA,99.148
DEIVA MARINA,SESTRI LEVANTE,11.977
DELEBIO,LECCO,48.229
DELEBIO,SONDRIO,33.348
DERVIO,LECCO,31.765
DERVIO,MILANO CENTRALE,77.808
DERVIO,MILANO PORTA GARIBALDI,78.219
DERVIO,MILANO ROGOREDO,82.524
DERVIO,SONDRIO,49.812
DESENZANO,EMPOLI,260.347
DESENZANO,LECCO,153.757
DESENZANO,MILANO CENTRALE,107.727
DESENZANO,MILANO LAMBRATE,104.947
DESENZANO,VENEZIA S LUCIA,155.682
DESENZANO,VERONA PORTA NUOVA,37.022
DESENZANO DEL GARDA SIRMIONE,MILANO CENTRALE,108.027
DESENZANO DEL GARDA SIRMIONE,VENEZIA S LUCIA,155.381
DESENZANO DEL GARDA SIRMIONE,VERONA PORTA NUOVA,36.722
DESIO,ALBAIRATE VERMEZZO,46.396
DESIO,CHIASSO,29.783
DESIO,COMO S GIOVANNI,28.183
DESIO,MILANO LAMBRATE,21.035
DESIO,MILANO PORTA GARIBALDI,18.216
DESIO,MONZA,6.638
DIAMANTE BUONVICINO,COSENZA,67.362
DIAMANTE BUONVICINO,PAOLA,41.776
DICOMANO,FIRENZE RIFREDI,38.099
DICOMANO,FIRENZE S MARIA NOVELLA,38.63
DICOMANO,PONTASSIEVE,18.174
DIECIMO PESCAGLIA,AULLA LUNIGIANA,73.749
DIECIMO PESCAGLIA,CASTELNUOVO DI GARFAGNANA,28.506
DIECIMO PESCAGLIA,LUCCA,16.483
DIECIMO PESCAGLIA,PIAZZA AL SERCHIO,41.031
DIECIMO PESCAGLIA,PISA CENTRALE,39.604
DITTAINO,ALTAVILLA M,152.462
DITTAINO,BAGHERIA,160.547
DITTAINO,CALTANISSETTA CENTRALE,53.056
DITTAINO,CALTANISSETTA XIRBI,46.622
DITTAINO,CATANIA CENTRALE,68.372
DITTAINO,ENNA,20.432
DITTAINO,MONTEMAGGIORE,112.137
DITTAINO,PALERMO CENTRALE,172.838
DITTAINO,ROCCAPALUMBA ALIA,103.441
DITTAINO,TERMINI IMERESE,136.372
DOBBIACO,FORTEZZA,61.829
DOGATO,FERRARA,187.799
DOMEGLIARA,BOLZANO,126.928
DOMEGLIARA,BRENNERO,215.726
DOMEGLIARA,TRENTO,71.371
DOMEGLIARA S AMBROGIO,BOLOGNA CENTRALE,129.589
DOMEGLIARA S AMBROGIO,BOLZANO,126.815
DOMEGLIARA S AMBROGIO,BRENNERO,215.612
DOMODOSSOLA,ARONA,52.517
DOMODOSSOLA,BOLOGNA CENTRALE,333.213
DOMODOSSOLA,BORGOMANERO,56.587
DOMODOSSOLA,BUSTO ARSIZIO,88.291
DOMODOSSOLA,CALTIGNAGA,79.153
DOMODOSSOLA,CRESSA FONTANETO,63.277
DOMODOSSOLA,GALLARATE,79.521
DOMODOSSOLA,GOZZANO,51.709
DOMODOSSOLA,GRAVELLONA TOCE,28.18
DOMODOSSOLA,MILANO CENTRALE,122.806
DOMODOSSOLA,MILANO CERTOSA,115.131
DOMODOSSOLA,MILANO LAMBRATE,126.036
DOMODOSSOLA,MILANO PORTA GARIBALDI,123.181
DOMODOSSOLA,NOVARA,87.383
DOMODOSSOLA,OMEGNA,35.534
DOMODOSSOLA,PARABIAGO,98.611
DOMODOSSOLA,PIEVE VERGONTE,13.068
DOMODOSSOLA,PREMOSELLO CHIOVENDA,15.515
DOMODOSSOLA,SESTO CALENDE,64.189
DOMODOSSOLA,SOMMA LOMBARDO,73.703
DOMODOSSOLA,STRESA,38.218
DOMODOSSOLA,VANZAGO POGLIANO,103.19
DOMODOSSOLA,VENEZIA MESTRE,378.317
DOMODOSSOLA,VENEZIA S LUCIA,386.2
DOMODOSSOLA,VERBANIA PALLANZA,29.457
DOMODOSSOLA,VERONA PORTA NUOVA,267.541
DOMODOSSOLA,VICENZA,319.068
DONNAFUGATA,MODICA,39.406
DONNAFUGATA,NOTO,99.186
DONNAFUGATA,SIRACUSA,131.675
DOSSOBUONO,MANTOVA,57.393
DUBINO,CHIAVENNA,27.984
DUBINO,COLICO,7.114
DUEVILLE,SCHIO,18.457
DUEVILLE,VENEZIA MESTRE,69.676
DUEVILLE,VICENZA,12.725
EBOLI,BARONISSI,38.474
EBOLI,BATTIPAGLIA,6.272
EBOLI,CODOLA,44.593
EBOLI,FISCIANO,40.225
EBOLI,FRATTE,29.681
EBOLI,MERCATO S SEVERINO,43.921
EBOLI,NAPOLI CENTRALE,77.631
EBOLI,NOCERA INFERIORE,40.912
EBOLI,PELLEZZANO,35.701
EBOLI,PONTECAGNANO,16.326
EBOLI,POTENZA CENTRALE,85.284
EBOLI,SALERNO,26.207
EBOLI,TORRE ANNUNZIATA CENTRALE,55.546
EBOLI,VALLE DI MERCATO S SEVERINO,46.602
EDOLO,BOARIO TERME,44.322
EDOLO,BRESCIA,103.263
EDOLO,BRESCIA VIOLINO,99.209
EDOLO,FORNO ALLIONE,12.189
EDOLO,ISEO,76.97
EDOLO,PIAN CAMUNO GRATACASOLO,50.953
EDOLO,PILZONE,74.218
EDOLO,PROVAGLIO TIMOLINE,80.438
EDOLO,SONICO,2.789
EGNA TERMENO,ALA,73.782
EGNA TERMENO,BOLZANO,21.905
EGNA TERMENO,ROVERETO,57.32
EGNA TERMENO,TRENTO,33.659
EGNA TERMENO,VERONA PORTA NUOVA,124.349
ELLERA CORCIANO,FIRENZE S MARIA NOVELLA,133.046
ELLERA CORCIANO,PERUGIA,10.063
EMPOLI,ARBIA,72.91
EMPOLI,ASCIANO,94.949
EMPOLI,BADESSE,55.194
EMPOLI,BORGO VAL DI TARO,162.552
EMPOLI,CAMPIGLIA MARITTIMA,130.772
EMPOLI,CASTELLINA CH,48.889
EMPOLI,CASTELLINA IN CHIANTI MONTERIGGIONI,48.889
EMPOLI,CERTALDO,24.897
EMPOLI,CHIUSI C T,147.17
EMPOLI,CHIUSI CHIANCIANO TERME,147.17
EMPOLI,FIRENZE CASTELLO,26.8
EMPOLI,FIRENZE RIFREDI,29.15
EMPOLI,FIRENZE S MARIA NOVELLA,30.361
EMPOLI,FOLLONICA,148.358
EMPOLI,GRANAIOLO,10.59
EMPOLI,GROSSETO,189.855
EMPOLI,LA SPEZIA CENTRALE,121.518
EMPOLI,LIVORNO CENTRALE,65.391
EMPOLI,MILANO CENTRALE,324.608
EMPOLI,NAPOLI CENTRALE,498.922
EMPOLI,ORBETELLO,221.227
EMPOLI,ORBETELLO MONTE ARGENTARIO,227.756
EMPOLI,PIOMBINO BINARI MARE,143.81
EMPOLI,PIOMBINO MARITTIMA,143.81
EMPOLI,PISA CENTRALE,46.983
EMPOLI,POGGIBONSI,38.047
EMPOLI,POGGIBONSI S GIMIGNANO,37.874
EMPOLI,PONTE A ELSA,5.084
EMPOLI,PONTEDERA CASCIANA TERME,27.58
EMPOLI,PONTREMOLI,144.574
EMPOLI,RAPOLANO TERME,104.841
EMPOLI,RHO,338.763
EMPOLI,ROMA OSTIENSE,292.219
EMPOLI,ROMA TERMINI,289.776
EMPOLI,SALERNO,543.684
EMPOLI,SIENA,63.122
EMPOLI,TORINO PORTA NUOVA,367.178
EMPOLI,VIAREGGIO,68.26
ENNA,CALTANISSETTA CENTRALE,32.624
ENNA,CALTANISSETTA XIRBI,26.19
ENNA,CATANIA CENTRALE,88.804
ENNA,PALERMO CENTRALE,152.406
EQUI TERME,PISA CENTRALE,93.438
ERBA,CARUGO GIUSSANO,14.106
ERBA,MEDA,20.838
ERBA,MILANO AFFORI,36.99
ERBA,MILANO BRUZZANO PARCO NORD,35.593
ERBA,MILANO CADORNA,43.436
ESTE,MANTOVA,75.678
ESTE,MONSELICE,8.222
FABRIANO,ALBACINA,8.982
FABRIANO,ANCONA,70.021
FABRIANO,CASTELPLANIO CUPRAMONTANA,28.645
FABRIANO,CASTELRAIMONDO CAMERINO,27.644
FABRIANO,CIVITANOVA MARCHE MONTEGRANARO,94.945
FABRIANO,FALCONARA MARITTIMA,56.857
FABRIANO,FOLIGNO,58.96
FABRIANO,GENGA S VITTORE TERME,15.499
FABRIANO,JESI,43.355
FABRIANO,LORETO,93.668
FABRIANO,MACERATA,67.701
FABRIANO,MATELICA,20.487
FABRIANO,MONTECOSARO,87.492
FABRIANO,MORROVALLE MONTE S GIUSTO,82.132
FABRIANO,PERGOLA,31.981
FABRIANO,POSTO MOVIMENTO 228,464.857
FABRIANO,RIMINI,146.133
FABRIANO,ROMA TERMINI,207.912
FABRIANO,S SEVERINO MARCHE,39.202
FABRIANO,SENIGALLIA,79.035
FABRIANO,SERRA S QUIRICO,22.392
FABRIANO,TOLENTINO,49.215
FABRO FICULLE,ROMA TERMINI,130.913
FAENZA,ANCONA,153.711
FAENZA,BARI CENTRALE,595.301
FAENZA,BOLOGNA CENTRALE,51.678
FAENZA,BORGO S LORENZO,67.68
FAENZA,BRISIGHELLA,14.132
FAENZA,CAMPOMIGLIAIO,75.6
FAENZA,CESENA,32.445
FAENZA,CONSELICE,87.121
FAENZA,CRESPINO DEL LAMONE,45.845
FAENZA,FIESOLE CALDINE,93.642
FAENZA,FIRENZE CAMPO MARTE,100.548
FAENZA,FIRENZE S MARIA NOVELLA,103.026
FAENZA,GRANAROLO FAENTINO,31.527
FAENZA,IMOLA,16.058
FAENZA,LAVEZZOLA,80.341
FAENZA,LECCE,744.664
FAENZA,LUGO,25.332
FAENZA,MARRADI,35.503
FAENZA,MARRADI PALAZZUOLO SUL SENIO,35.503
FAENZA,MASSALOMBARDA,94.365
FAENZA,MILANO PORTA GARIBALDI,264.277
FAENZA,PARMA,141.584
FAENZA,PESARO,94.179
FAENZA,PIACENZA,197.404
FAENZA,RAVENNA,50.993
FAENZA,RIMINI,60.847
FAENZA,RUSSI,34.659
FAENZA,S BENEDETTO DEL TRONTO,238.258
FAENZA,S CASSIANO,25.935
FAENZA,S PIERO A SIEVE,72.418
FAENZA,S PIETRO IN CASALE,72.891
FAENZA,SANTARCANGELO DI ROMAGNA,50.403
FAGNANO CAMPANA,SULMONA,39.246
FALCONARA MARITTIMA,ANCONA,13.164
FALCONARA MARITTIMA,BOLOGNA CENTRALE,201.795
FALCONARA MARITTIMA,CASTELPLANIO CUPRAMONTANA,28.212
FALCONARA MARITTIMA,FABRIANO,56.857
FALCONARA MARITTIMA,FOLIGNO,115.812
FALCONARA MARITTIMA,PARMA,291.701
FALCONARA MARITTIMA,PESARO,55.938
FALCONARA MARITTIMA,PESCARA,159.205
FALCONARA MARITTIMA,PIACENZA,347.522
FALCONARA MARITTIMA,RIMINI,89.276
FALCONARA MARITTIMA,ROMA TERMINI,264.765
FALCONARA MARITTIMA,ROMA TIBURTINA,260.173
FANO,ANCONA,47.085
FANO,BOLOGNA CENTRALE,158.305
FANO,BOLZANO,413.354
FANO,LECCE,638.037
FANO,MILANO CENTRALE,368.668
FANO,PARMA,248.211
FANO,PESCARA,193.125
FANO,PIACENZA,304.031
FANO,RIMINI,45.785
FANZOLO,CAMPOSAMPIERO,18.906
FANZOLO,PADOVA,40.789
FARA SABINA,FIDENE,24.726
FARA SABINA,FIUMICINO AEROPORTO,65.22
FARA SABINA,NUOVO SALARIO,27.387
FARA SABINA,PONTE GALERIA,56.088
FARA SABINA,ROMA OSTIENSE,40.274
FARA SABINA,ROMA TIBURTINA,33.24
FARA SABINA,ROMA TUSCOLANA,36.797
FARA SABINA,SETTE BAGNI,21.444
FARA SABINA MONTELIBRETTI,FIUMICINO AEROPORTO,64.76
FARA SABINA MONTELIBRETTI,MONTEROTONDO MENTANA,11.567
FARA SABINA MONTELIBRETTI,ORTE,45.705
FARA SABINA MONTELIBRETTI,PONTE GALERIA,55.628
FARA SABINA MONTELIBRETTI,ROMA OSTIENSE,39.814
FARA SABINA MONTELIBRETTI,ROMA TIBURTINA,32.78
FARA SABINA MONTELIBRETTI,ROMA TUSCOLANA,36.337
FASANO,BARI CENTRALE,54.378
FASANO,BARI S SPIRITO,65.933
FASANO,BARI TORRE A MARE,43.058
FASANO,BARI ZONA INDUSTRIALE,58.64
FASANO,BARLETTA,109.152
FASANO,BISCEGLIE,88.452
FASANO,GIOVINAZZO,72.801
FASANO,GROSSETO,714.361
FASANO,LECCE,94.985
FASANO,MILANO CENTRALE,911.72
FASANO,MOLA DI BARI,35.235
FASANO,MOLFETTA,79.14
FASANO,MONOPOLI,13.84
FASANO,POLIGNANO A MARE,20.465
FASANO,ROMA S PIETRO,541.306
FASANO,TRANI,96.474
FELETTO,CHIERI,53.851
FELETTO,TORINO LINGOTTO,36.583
FELTRE,ALANO FENER VALDOBBIADENE,17.278
FELTRE,BELLUNO,30.623
FELTRE,CAMPOSAMPIERO,63.183
FELTRE,CASTELFRANCO VENETO,51.041
FELTRE,MONTEBELLUNA,37.601
FELTRE,PADOVA,85.066
FELTRE,S GIUSTINA CESIO,14.265
FELTRE,SEDICO BRIBANO,18.548
FELTRE,TREVISO C,74.376
FELTRE,TREVISO CENTRALE,74.376
FELTRE,VENEZIA MESTRE,86.436
FERRANDINA SCALO MATERA,TARANTO,80.937
FERRARA,ALFONSINE,143.261
FERRARA,ARGENTA,165.04
FERRARA,BATTAGLIA TERME,58.324
FERRARA,BERGAMO,238.461
FERRARA,BOLOGNA CENTRALE,48.976
FERRARA,BONDENO,18.23
FERRARA,BRESCIA,189.806
FERRARA,CASTEL S PIETRO TERME,69.044
FERRARA,CASTELMAGGIORE,37.058
FERRARA,CATTOLICA S GIOVANNI GABICCE,175.241
FERRARA,CESENA,128.568
FERRARA,CODIGORO,212.03
FERRARA,DOGATO,187.799
FERRARA,FAENZA,96.123
FERRARA,FELONICA,28.02
FERRARA,FELONICA PO,28.02
FERRARA,FERRARA BOSCHETTO,196.547
FERRARA,FORLI,110.747
FERRARA,GAIBANELLA,188.409
FERRARA,IMOLA,80.065
FERRARA,LAVEZZOLA,158.268
FERRARA,MASI TORELLO,196.778
FERRARA,MASSAFISCAGLIA,202.152
FERRARA,MEZZANO,136.103
FERRARA,MIGLIARINO,194.277
FERRARA,MIGLIARO,198.525
FERRARA,MILANO CENTRALE,253.417
FERRARA,MONSELICE,52.761
FERRARA,MONTESANTO,181.2
FERRARA,NAPOLI CENTRALE,606.161
FERRARA,PADOVA,75.829
FERRARA,PEGOGNAGA,128.354
FERRARA,PESARO,190.302
FERRARA,POGGIO RENATICO,13.178
FERRARA,POGGIO RUSCO,98.246
FERRARA,PORTOMAGGIORE,174.77
FERRARA,QUARTESANA,201.496
FERRARA,QUISTELLO,141.975
FERRARA,RAVENNA,128.921
FERRARA,RHO,267.571
FERRARA,RIMINI,156.97
FERRARA,ROVIGO,31.759
FERRARA,S BENEDETTO PO,135.707
FERRARA,S GIORGIO DI PIANO,29.352
FERRARA,S GIORGIO P,29.352
FERRARA,S PIETRO IN CASALE,23.232
FERRARA,SERMIDE,32.845
FERRARA,SUZZARA,169.345
FERRARA,VENEZIA MESTRE,104.564
FERRARA,VENEZIA S LUCIA,112.447
FERRARA,VIGARANO PIEVE,8.916
FIDENZA,ANCONA,316.169
FIDENZA,BERGAMO,160.937
FIDENZA,BOLOGNA CENTRALE,112.134
FIDENZA,BRESCIA,112.281
FIDENZA,BUSSETO,12.874
FIDENZA,CASTELVETRO,27.709
FIDENZA,CASTIONE DEI MARCHESI,6.057
FIDENZA,CREMONA,32.907
FIDENZA,GENOVA BRIGNOLE,172.247
FIDENZA,GENOVA P PRINCIPE,169.796
FIDENZA,LIVORNO CENTRALE,195.706
FIDENZA,MASSA CENTRO,135.306
FIDENZA,MILANO CENTRALE,99.935
FIDENZA,MILANO LAMBRATE,97.031
FIDENZA,MILANO PORTA GARIBALDI,102.171
FIDENZA,MONTELLO GORLAGO,149.749
FIDENZA,PARMA,22.104
FIDENZA,PESARO,256.637
FIDENZA,PESCARA,462.209
FIDENZA,PIACENZA,34.948
FIDENZA,PISA CENTRALE,177.693
FIDENZA,REGGIO EMILIA,50.355
FIDENZA,RIMINI,223.304
FIDENZA,SALSOMAGGIORE T,8.917
FIDENZA,SALSOMAGGIORE TERME,8.917
FIDENZA,SARZANA,121.613
FIDENZA,STRADELLA,68.12
FIDENZA,VAIO OSPEDALE,3.321
FIDENZA,VILLANOVA D ARDA,19.645
FIDENZA,VOGHERA,93.067
FIERA DI ROMA,CIAMPINO,36.067
FIESOLE CALDINE,BORGO S LORENZO,25.962
FIESOLE CALDINE,FAENZA,93.642
FIESOLE CALDINE,FIRENZE CAMPO MARTE,6.906
FIESOLE CALDINE,FIRENZE S MARIA NOVELLA,9.384
FIGLINE VALDARNO,AREZZO,43.635
FIGLINE VALDARNO,CHIUSI C T,93.631
FIGLINE VALDARNO,FIRENZE CASTELLO,32.488
FIGLINE VALDARNO,FIRENZE S MARIA NOVELLA,30.505
FIGLINE VALDARNO,FOLIGNO,156.756
FIGLINE VALDARNO,MONTEVARCHI TERRANUOVA,12.976
FIGLINE VALDARNO,ORTE,168.735
FIGLINE VALDARNO,PERUGIA,117.181
FIGLINE VALDARNO,PISTOIA,61.189
FIGLINE VALDARNO,PRATO CENTRALE,44.167
FIGLINE VALDARNO,ROMA TERMINI,236.238
FIGLINE VALDARNO,ROMA TIBURTINA,231.646
FIGLINE VALDARNO,S GIOVANNI VALDARNO,7.587
FIGLINE VALDARNO,SPOLETO,181.81
FIGLINE VALDARNO,TERONTOLA CORTONA,74.548
FIGLINE VALDARNO,VERNIO MONTEPIANO CANTAGALLO,64.651
FILATTIERA,LA SPEZIA CENTRALE,34.263
FILATTIERA,PARMA,84.929
FILATTIERA,PISA CENTRALE,90.962
FINALE LIGURE MARINA,GENOVA BRIGNOLE,62.68
FINALE LIGURE MARINA,IMPERIA,42.949
FINALE LIGURE MARINA,MILANO CENTRALE,192.804
FINALE LIGURE MARINA,MILANO ROGOREDO,188.077
FINALE LIGURE MARINA,SAVONA,18.31
FINALE LIGURE MARINA,SESTRI LEVANTE,105.481
FINALE LIGURE MARINA,VENTIMIGLIA,81.944
FINO MORNASCO,COMO LAGO,10.286
FIORENZUOLA,ANCONA,329.128
FIORENZUOLA,BOLOGNA CENTRALE,125.093
FIORENZUOLA,LIVORNO CENTRALE,208.665
FIORENZUOLA,PESARO,269.596
FIORENZUOLA,RIMINI,236.263
FIRENZE CAMPO MARTE,AREZZO,65.157
FIRENZE CAMPO MARTE,ATTIGLIANO,178.158
FIRENZE CAMPO MARTE,BATTIPAGLIA,531.605
FIRENZE CAMPO MARTE,BENEVENTO,509.189
FIRENZE CAMPO MARTE,BERGAMO,316.062
FIRENZE CAMPO MARTE,BOLOGNA CENTRALE,94.672
FIRENZE CAMPO MARTE,BOLOGNA CENTRALE/AV,93.099
FIRENZE CAMPO MARTE,BORGO S LORENZO,32.868
FIRENZE CAMPO MARTE,CAMPOMIGLIAIO,24.947
FIRENZE CAMPO MARTE,CESENA,132.992
FIRENZE CAMPO MARTE,CHIUSI C T,115.154
FIRENZE CAMPO MARTE,CHIUSI CHIANCIANO TERME,115.154
FIRENZE CAMPO MARTE,FAENZA,100.548
FIRENZE CAMPO MARTE,FIESOLE CALDINE,6.906
FIRENZE CAMPO MARTE,FIGLINE VALDARNO,26.099
FIRENZE CAMPO MARTE,FIRENZE CASTELLO,6.396
FIRENZE CAMPO MARTE,FIRENZE RIFREDI,3.965
FIRENZE CAMPO MARTE,FIRENZE S MARIA NOVELLA,4.495
FIRENZE CAMPO MARTE,FOLIGNO,178.278
FIRENZE CAMPO MARTE,FROSINONE,335.138
FIRENZE CAMPO MARTE,GENOVA PIAZZA PRINCIPE,240.38
FIRENZE CAMPO MARTE,INCISA,21.856
FIRENZE CAMPO MARTE,LECCE,845.211
FIRENZE CAMPO MARTE,LIVORNO CENTRALE,97.414
FIRENZE CAMPO MARTE,MILANO CENTRALE,305.035
FIRENZE CAMPO MARTE,MONTECATINI TERME MONSUMMANO,48.086
FIRENZE CAMPO MARTE,MONTEVARCHI TERRANUOVA,39.074
FIRENZE CAMPO MARTE,MONZA,316.186
FIRENZE CAMPO MARTE,NAPOLI CENTRALE,466.906
FIRENZE CAMPO MARTE,NOCERA INFERIORE,500.139
FIRENZE CAMPO MARTE,ORTE,190.257
FIRENZE CAMPO MARTE,PARMA,184.578
FIRENZE CAMPO MARTE,PIACENZA,240.398
FIRENZE CAMPO MARTE,PIANORO,82.23
FIRENZE CAMPO MARTE,PISTOIA,35.097
FIRENZE CAMPO MARTE,PONTASSIEVE,16.055
FIRENZE CAMPO MARTE,PRATO CENTRALE,18.075
FIRENZE CAMPO MARTE,PRATOVECCHIO STIA,107.985
FIRENZE CAMPO MARTE,REGGIO DI CALABRIA CENTRALE,905.59
FIRENZE CAMPO MARTE,REGGIO EMILIA AV MEDIOPADANA,233.485
FIRENZE CAMPO MARTE,RHO,319.189
FIRENZE CAMPO MARTE,RHO FIERA,315.456
FIRENZE CAMPO MARTE,RIMINI,161.395
FIRENZE CAMPO MARTE,ROMA OSTIENSE,260.203
FIRENZE CAMPO MARTE,ROMA S PIETRO,265.421
FIRENZE CAMPO MARTE,ROMA TERMINI,257.76
FIRENZE CAMPO MARTE,ROMA TIBURTINA,253.169
FIRENZE CAMPO MARTE,S BENEDETTO SAMBRO CAST PEPOLI,57.967
FIRENZE CAMPO MARTE,S GIOVANNI VALDARNO,33.686
FIRENZE CAMPO MARTE,S PIERO A SIEVE,28.641
FIRENZE CAMPO MARTE,SALERNO,511.667
FIRENZE CAMPO MARTE,SARZANA,135.085
FIRENZE CAMPO MARTE,SIENA,95.145
FIRENZE CAMPO MARTE,SPOLETO,203.332
FIRENZE CAMPO MARTE,TARANTO,773.928
FIRENZE CAMPO MARTE,TARVISIO BOSCOVERDE,457.373
FIRENZE CAMPO MARTE,TERNI,218.222
FIRENZE CAMPO MARTE,TERONTOLA CORTONA,96.07
FIRENZE CAMPO MARTE,TORINO PORTA NUOVA,399.201
FIRENZE CAMPO MARTE,TREVIGLIO,322.555
FIRENZE CAMPO MARTE,TRIESTE CENTRALE,387.43
FIRENZE CAMPO MARTE,UDINE,368.46
FIRENZE CAMPO MARTE,VAGLIA,20.828
FIRENZE CAMPO MARTE,VAIANO,28.844
FIRENZE CAMPO MARTE,VENEZIA MESTRE,243.826
FIRENZE CAMPO MARTE,VENEZIA S LUCIA,251.71
FIRENZE CAMPO MARTE,VERNIO MONTEPIANO CANTAGALLO,38.56
FIRENZE CAMPO MARTE,VERONA PORTA NUOVA,208.07
FIRENZE CASTELLO,AREZZO,71.546
FIRENZE CASTELLO,CHIUSI C T,121.543
FIRENZE CASTELLO,CHIUSI CHIANCIANO TERME,121.543
FIRENZE CASTELLO,EMPOLI,26.8
FIRENZE CASTELLO,FIGLINE VALDARNO,32.488
FIRENZE CASTELLO,FIRENZE CAMPO MARTE,6.396
FIRENZE CASTELLO,FIRENZE S MARIA NOVELLA,4.734
FIRENZE CASTELLO,LUCCA,72.711
FIRENZE CASTELLO,MONTECATINI TERME MONSUMMANO,41.69
FIRENZE CASTELLO,MONTEVARCHI TERRANUOVA,45.463
FIRENZE CASTELLO,PISA CENTRALE,73.783
FIRENZE CASTELLO,PISTOIA,28.701
FIRENZE CASTELLO,PONTASSIEVE,22.444
FIRENZE CASTELLO,PRATO CENTRALE,11.679
FIRENZE CASTELLO,VIAREGGIO,94.669
FIRENZE RIFREDI,AREZZO,69.032
FIRENZE RIFREDI,AULLA LUNIGIANA,153.678
FIRENZE RIFREDI,BARDONECCHIA,479.402
FIRENZE RIFREDI,BOLOGNA CENTRALE,91.799
FIRENZE RIFREDI,BOLZANO,346.848
FIRENZE RIFREDI,BORGO VAL DI TARO,191.702
FIRENZE RIFREDI,CAMPIGLIA MARITTIMA,159.922
FIRENZE RIFREDI,CHIUSI C T,119.029
FIRENZE RIFREDI,CHIUSI CHIANCIANO TERME,119.029
FIRENZE RIFREDI,EMPOLI,29.15
FIRENZE RIFREDI,FIGLINE VALDARNO,29.974
FIRENZE RIFREDI,FIRENZE CAMPO MARTE,3.965
FIRENZE RIFREDI,FIRENZE S MARIA NOVELLA,1.211
FIRENZE RIFREDI,GORIZIA CENTRALE,373.879
FIRENZE RIFREDI,INCISA,25.731
FIRENZE RIFREDI,LA SPEZIA CENTRALE,150.668
FIRENZE RIFREDI,LIVORNO CENTRALE,94.541
FIRENZE RIFREDI,LUCCA,76.233
FIRENZE RIFREDI,MILANO CENTRALE,302.162
FIRENZE RIFREDI,MONTECATINI TERME MONSUMMANO,45.213
FIRENZE RIFREDI,MONTEVARCHI TERRANUOVA,42.95
FIRENZE RIFREDI,PISA CENTRALE,76.133
FIRENZE RIFREDI,PISTOIA,32.223
FIRENZE RIFREDI,POGGIBONSI,67.197
FIRENZE RIFREDI,POGGIBONSI S GIMIGNANO,67.024
FIRENZE RIFREDI,PONTASSIEVE,19.93
FIRENZE RIFREDI,PONTREMOLI,173.724
FIRENZE RIFREDI,PRATO CENTRALE,15.201
FIRENZE RIFREDI,ROMA TERMINI,261.635
FIRENZE RIFREDI,S GIOVANNI VALDARNO,37.561
FIRENZE RIFREDI,SARZANA,132.211
FIRENZE RIFREDI,SIENA,92.272
FIRENZE RIFREDI,TORINO PORTA NUOVA,396.328
FIRENZE RIFREDI,TRIESTE CENTRALE,384.557
FIRENZE RIFREDI,VENEZIA S LUCIA,248.836
FIRENZE RIFREDI,VERNIO MONTEPIANO CANTAGALLO,35.686
FIRENZE RIFREDI,VIAREGGIO,97.41
FIRENZE S MARIA NOVELLA,1 BIVIO ORTE SUD,197.962
FIRENZE S MARIA NOVELLA,ALBINIA,251.598
FIRENZE S MARIA NOVELLA,ALTOPASCIO,63.519
FIRENZE S MARIA NOVELLA,ANCONA,256.738
FIRENZE S MARIA NOVELLA,AREZZO,69.563
FIRENZE S MARIA NOVELLA,ASSISI,167.131
FIRENZE S MARIA NOVELLA,ATTIGLIANO,182.564
FIRENZE S MARIA NOVELLA,AULLA LUNIGIANA,154.89
FIRENZE S MARIA NOVELLA,BADESSE,85.555
FIRENZE S MARIA NOVELLA,BARDONECCHIA,480.613
FIRENZE S MARIA NOVELLA,BARI CENTRALE,698.327
FIRENZE S MARIA NOVELLA,BERGAMO,314.4
FIRENZE S MARIA NOVELLA,BOLOGNA CENTRALE,93.01
FIRENZE S MARIA NOVELLA,BOLOGNA S RUFFILLO,85.249
FIRENZE S MARIA NOVELLA,BOLZANO,348.059
FIRENZE S MARIA NOVELLA,BORGO A BUGGIANO,50.533
FIRENZE S MARIA NOVELLA,BORGO S LORENZO,35.347
FIRENZE S MARIA NOVELLA,BORGO VAL DI TARO,192.913
FIRENZE S MARIA NOVELLA,BRENNERO,436.856
FIRENZE S MARIA NOVELLA,BRESCIA,265.745
FIRENZE S MARIA NOVELLA,BRISIGHELLA,88.894
FIRENZE S MARIA NOVELLA,BUCINE,51.215
FIRENZE S MARIA NOVELLA,CAMPIGLIA MARITTIMA,161.133
FIRENZE S MARIA NOVELLA,CAMPOMIGLIAIO,27.426
FIRENZE S MARIA NOVELLA,CAMUCIA CORTONA,94.092
FIRENZE S MARIA NOVELLA,CASCINA,64.803
FIRENZE S MARIA NOVELLA,CASTELFIORENTINO,46.649
FIRENZE S MARIA NOVELLA,CASTELLINA CH,79.25
FIRENZE S MARIA NOVELLA,CASTELLINA IN CHIANTI MONTERIGGIONI,79.25
FIRENZE S MARIA NOVELLA,CASTIGLION FIORENTINO,84.127
FIRENZE S MARIA NOVELLA,CECINA,126.165
FIRENZE S MARIA NOVELLA,CERTALDO,55.258
FIRENZE S MARIA NOVELLA,CHIASSO,348.5
FIRENZE S MARIA NOVELLA,CHIUSI C T,119.56
FIRENZE S MARIA NOVELLA,CHIUSI CHIANCIANO TERME,119.56
FIRENZE S MARIA NOVELLA,COMPIOBBI,12.858
FIRENZE S MARIA NOVELLA,CONEGLIANO,288.219
FIRENZE S MARIA NOVELLA,CONTEA LONDA,35.172
FIRENZE S MARIA NOVELLA,CORBEZZI,51.059
FIRENZE S MARIA NOVELLA,CRESPINO DEL LAMONE,57.181
FIRENZE S MARIA NOVELLA,DICOMANO,38.63
FIRENZE S MARIA NOVELLA,ELLERA CORCIANO,133.046
FIRENZE S MARIA NOVELLA,EMPOLI,30.361
FIRENZE S MARIA NOVELLA,FAENZA,103.026
FIRENZE S MARIA NOVELLA,FIESOLE CALDINE,9.384
FIRENZE S MARIA NOVELLA,FIGLINE VALDARNO,30.505
FIRENZE S MARIA NOVELLA,FIRENZE CAMPO MARTE,4.495
FIRENZE S MARIA NOVELLA,FIRENZE CASTELLO,4.734
FIRENZE S MARIA NOVELLA,FIRENZE RIFREDI,1.211
FIRENZE S MARIA NOVELLA,FIUMICINO AEROPORTO,289.555
FIRENZE S MARIA NOVELLA,FOLIGNO,182.684
FIRENZE S MARIA NOVELLA,FOLLONICA,178.719
FIRENZE S MARIA NOVELLA,FORTE DEI MARMI SERAVEZZA QUERCETA,112.557
FIRENZE S MARIA NOVELLA,FORTE DEI MARMI SERRAVEZZA Q,112.557
FIRENZE S MARIA NOVELLA,GAVORRANO,193.174
FIRENZE S MARIA NOVELLA,GENOVA P PRINCIPE,238.957
FIRENZE S MARIA NOVELLA,GORIZIA CENTRALE,375.09
FIRENZE S MARIA NOVELLA,GRANAIOLO,40.951
FIRENZE S MARIA NOVELLA,GROSSETO,220.216
FIRENZE S MARIA NOVELLA,INCISA,26.262
FIRENZE S MARIA NOVELLA,LA SPEZIA CENTRALE,151.88
FIRENZE S MARIA NOVELLA,LECCE,847.69
FIRENZE S MARIA NOVELLA,LIVORNO CENTRALE,95.752
FIRENZE S MARIA NOVELLA,LUCCA,77.444
FIRENZE S MARIA NOVELLA,MARRADI,67.524
FIRENZE S MARIA NOVELLA,MARRADI PALAZZUOLO SUL SENIO,67.524
FIRENZE S MARIA NOVELLA,MASSA CENTRO,119.73
FIRENZE S MARIA NOVELLA,MASSA ZONA INDUSTRIALE,104.265
FIRENZE S MARIA NOVELLA,MASSAROSA BOZZANO,91.554
FIRENZE S MARIA NOVELLA,MILANO CENTRALE,303.373
FIRENZE S MARIA NOVELLA,MONTALE AGLIANA,25.554
FIRENZE S MARIA NOVELLA,MONTECARLO S SALVATORE,58.675
FIRENZE S MARIA NOVELLA,MONTECATINI CENTRO,47.283
FIRENZE S MARIA NOVELLA,MONTECATINI TERME,46.817
FIRENZE S MARIA NOVELLA,MONTECATINI TERME MONSUMMANO,46.424
FIRENZE S MARIA NOVELLA,MONTEVARCHI TERRANUOVA,43.48
FIRENZE S MARIA NOVELLA,NAPOLI CENTRALE,471.312
FIRENZE S MARIA NOVELLA,NAVACCHIO,69.684
FIRENZE S MARIA NOVELLA,ORBETELLO,251.589
FIRENZE S MARIA NOVELLA,ORBETELLO MONTE ARGENTARIO,258.117
FIRENZE S MARIA NOVELLA,ORTE,194.663
FIRENZE S MARIA NOVELLA,ORVIETO,153.475
FIRENZE S MARIA NOVELLA,PARMA,182.916
FIRENZE S MARIA NOVELLA,PASSIGNANO SUL TRASIMENO,112.448
FIRENZE S MARIA NOVELLA,PERUGIA,143.109
FIRENZE S MARIA NOVELLA,PERUGIA PONTE S GIOVANNI,156.447
FIRENZE S MARIA NOVELLA,PIETRASANTA,109.127
FIRENZE S MARIA NOVELLA,PIOMBINO BINARI MARE,174.172
FIRENZE S MARIA NOVELLA,PIOMBINO MARITTIMA,174.172
FIRENZE S MARIA NOVELLA,PISA CENTRALE,77.344
FIRENZE S MARIA NOVELLA,PISA S ROSSORE,79.549
FIRENZE S MARIA NOVELLA,PISTOIA,33.435
FIRENZE S MARIA NOVELLA,POGGIBONSI,68.408
FIRENZE S MARIA NOVELLA,POGGIBONSI S GIMIGNANO,68.235
FIRENZE S MARIA NOVELLA,PONTASSIEVE,20.461
FIRENZE S MARIA NOVELLA,PONTE A ELSA,35.445
FIRENZE S MARIA NOVELLA,PONTEDERA CASCIANA TERME,57.941
FIRENZE S MARIA NOVELLA,PONTICINO,61.305
FIRENZE S MARIA NOVELLA,PONTREMOLI,174.935
FIRENZE S MARIA NOVELLA,PORCARI,68.186
FIRENZE S MARIA NOVELLA,PORRETTA TERME,73.439
FIRENZE S MARIA NOVELLA,PRATO CENTRALE,16.413
FIRENZE S MARIA NOVELLA,RAVENNA,150.328
FIRENZE S MARIA NOVELLA,RHO,317.527
FIRENZE S MARIA NOVELLA,RIGNANO SULL ARNO REGGELLO,28.644
FIRENZE S MARIA NOVELLA,RIGOLI,88.754
FIRENZE S MARIA NOVELLA,RIMINI,163.873
FIRENZE S MARIA NOVELLA,ROMA TERMINI,262.166
FIRENZE S MARIA NOVELLA,ROMA TIBURTINA,257.575
FIRENZE S MARIA NOVELLA,RONTA,44.194
FIRENZE S MARIA NOVELLA,RUFINA,28.015
FIRENZE S MARIA NOVELLA,RUSSI,133.995
FIRENZE S MARIA NOVELLA,S BENEDETTO SAMBRO CAST PEPOLI,56.305
FIRENZE S MARIA NOVELLA,S CASSIANO,77.092
FIRENZE S MARIA NOVELLA,S ELLERO,25.531
FIRENZE S MARIA NOVELLA,S GIOVANNI VALDARNO,38.092
FIRENZE S MARIA NOVELLA,S GIULIANO TERME,88.754
FIRENZE S MARIA NOVELLA,S PIERO A SIEVE,31.12
FIRENZE S MARIA NOVELLA,S ROMANO MONTOPOLI S CROCE,45.871
FIRENZE S MARIA NOVELLA,S STEFANO DI MAGRA,148.106
FIRENZE S MARIA NOVELLA,S VINCENZO,150.544
FIRENZE S MARIA NOVELLA,SARZANA,133.422
FIRENZE S MARIA NOVELLA,SERRAVALLE PISTOIESE,38.931
FIRENZE S MARIA NOVELLA,SESTRI LEVANTE,193.579
FIRENZE S MARIA NOVELLA,SIENA,93.483
FIRENZE S MARIA NOVELLA,SPELLO,177.771
FIRENZE S MARIA NOVELLA,SPOLETO,207.738
FIRENZE S MARIA NOVELLA,TARVISIO BOSCOVERDE,455.711
FIRENZE S MARIA NOVELLA,TASSIGNANO,72.096
FIRENZE S MARIA NOVELLA,TASSIGNANO CAPANNORI,72.096
FIRENZE S MARIA NOVELLA,TERNI,222.628
FIRENZE S MARIA NOVELLA,TERONTOLA CORTONA,100.476
FIRENZE S MARIA NOVELLA,TORINO LINGOTTO,393.356
FIRENZE S MARIA NOVELLA,TORINO PORTA NUOVA,397.539
FIRENZE S MARIA NOVELLA,TORRE DEL LAGO PUCCINI,93.48
FIRENZE S MARIA NOVELLA,TRIESTE CENTRALE,385.768
FIRENZE S MARIA NOVELLA,VADA,120.23
FIRENZE S MARIA NOVELLA,VAGLIA,23.307
FIRENZE S MARIA NOVELLA,VENEZIA S LUCIA,250.048
FIRENZE S MARIA NOVELLA,VENTIMIGLIA,381.003
FIRENZE S MARIA NOVELLA,VERNIO MONTEPIANO CANTAGALLO,36.897
FIRENZE S MARIA NOVELLA,VERONA PORTA NUOVA,206.408
FIRENZE S MARIA NOVELLA,VERONA PORTA VESCOVO,209.774
FIRENZE S MARIA NOVELLA,VEZZANO LIGURE,144.641
FIRENZE S MARIA NOVELLA,VIAREGGIO,98.621
FIRENZE S MARIA NOVELLA,VICCHIO,42.94
FIRENZE S MARIA NOVELLA,VICENZA,240.779
FISCIANO,SALERNO,14.018
FISCIANO,SALERNO IRNO,12.593
FIUMEFREDDO DI SICILIA,AUGUSTA,92.569
FIUMEFREDDO DI SICILIA,BICOCCA,43.721
FIUMEFREDDO DI SICILIA,CATANIA ACQUICELLA,39.173
FIUMEFREDDO DI SICILIA,CATANIA AEROPORTO FONTANAROSSA,41.507
FIUMEFREDDO DI SICILIA,CATANIA CENTRALE,36.279
FIUMEFREDDO DI SICILIA,GIARRE RIPOSTO,12.678
FIUMEFREDDO DI SICILIA,LENTINI,64.979
FIUMEFREDDO DI SICILIA,PRIOLO MELILLI,105.92
FIUMEFREDDO DI SICILIA,SIRACUSA,119.663
FIUMICINO AEROPORTO,CIVITA CASTELLANA MAGLIANO,97.34
FIUMICINO AEROPORTO,FARA SABINA,65.22
FIUMICINO AEROPORTO,FARA SABINA MONTELIBRETTI,64.76
FIUMICINO AEROPORTO,FIDENE,40.494
FIUMICINO AEROPORTO,FIERA DI ROMA,6.741
FIUMICINO AEROPORTO,GENOVA P PRINCIPE,481.356
FIUMICINO AEROPORTO,MONTEROTONDO MENTANA,53.193
FIUMICINO AEROPORTO,NAPOLI CENTRALE,239.746
FIUMICINO AEROPORTO,NUOVO SALARIO,37.833
FIUMICINO AEROPORTO,ORTE,95.834
FIUMICINO AEROPORTO,PARCO LEONARDO,4.566
FIUMICINO AEROPORTO,PIANA BELLA DI MONTELIBRETTI,58.619
FIUMICINO AEROPORTO,POGGIO MIRTETO,76.152
FIUMICINO AEROPORTO,PONTE GALERIA,9.142
FIUMICINO AEROPORTO,ROMA NOMENTANA L L,34.865
FIUMICINO AEROPORTO,ROMA NOMENTANA LL,34.865
FIUMICINO AEROPORTO,ROMA OSTIENSE,24.946
FIUMICINO AEROPORTO,ROMA SMISTAMENTO,32.239
FIUMICINO AEROPORTO,ROMA TERMINI,31.846
FIUMICINO AEROPORTO,ROMA TIBURTINA,32.282
FIUMICINO AEROPORTO,ROMA TUSCOLANA,28.423
FIUMICINO AEROPORTO,VENEZIA MESTRE,528.968
FIUMICINO AEROPORTO,VENEZIA S LUCIA,536.852
FIUMICINO AEROPORTO,VILLA BONELLI,19.951
FOGGIA,ANCONA,319.095
FOGGIA,ASCOLI SATRIANO,30.522
FOGGIA,AVIGLIANO LUCANIA,104.675
FOGGIA,BARI CENTRALE,123.419
FOGGIA,BARI S SPIRITO,111.865
FOGGIA,BARLETTA,70.525
FOGGIA,BENEVENTO,198.297
FOGGIA,BOLZANO,779.533
FOGGIA,CAMPOMARINO,77.146
FOGGIA,CANDELA,34.246
FOGGIA,CANDELA S AGATA DI PUGLIA,38.407
FOGGIA,CASTEL LAGOPESOLE,94.829
FOGGIA,CERIGNOLA,34.875
FOGGIA,CERIGNOLA CAMPAGNA,35.137
FOGGIA,CHIEUTI SERRACAPRIOLA,66.708
FOGGIA,FOLIGNO,429.676
FOGGIA,FORENZA,83.368
FOGGIA,GIOIA DEL COLLE,170.272
FOGGIA,GIOVINAZZO,104.997
FOGGIA,INCORONATA,11.196
FOGGIA,LECCE,272.783
FOGGIA,LEONESSA,55.632
FOGGIA,MANFREDONIA,36.592
FOGGIA,MELFI,65.598
FOGGIA,MILANO CENTRALE,734.847
FOGGIA,NAPOLI CENTRALE,183.005
FOGGIA,NOVARA,784.55
FOGGIA,ORDONA,18.197
FOGGIA,ORTANOVA,20.541
FOGGIA,PESCARA,173.054
FOGGIA,PIETRAGALLA,115.076
FOGGIA,POTENZA CENTRALE,118.775
FOGGIA,POTENZA INFERIORE,118.973
FOGGIA,RIMINI,411.965
FOGGIA,RIONERO ATELLA RIPACANDITA,74.974
FOGGIA,ROCCHETTA S ANT LAC,49.369
FOGGIA,ROCCHETTA S ANTONIO LACEDONIA,49.369
FOGGIA,ROMA TERMINI,360.655
FOGGIA,S SEVERO,28.454
FOGGIA,TARANTO,223.53
FOGGIA,TERMOLI,83.999
FOGGIA,TORINO PORTA NUOVA,856.552
FOGGIA,TRANI,81.327
FOGGIA,TRINITAPOLI S FERDINANDO DI PUGLIA,52.534
FOGGIA,VENEZIA S LUCIA,681.377
FOLIGNO,ANCONA,128.976
FOLIGNO,AREZZO,116.875
FOLIGNO,ASSISI,15.554
FOLIGNO,BASTIA,19.13
FOLIGNO,BOLOGNA CENTRALE,272.943
FOLIGNO,CASTELPLANIO CUPRAMONTANA,87.6
FOLIGNO,CHIUSI C T,111.389
FOLIGNO,ELLERA CORCIANO,49.638
FOLIGNO,FABRIANO,58.96
FOLIGNO,FALCONARA MARITTIMA,115.812
FOLIGNO,FIGLINE VALDARNO,156.756
FOLIGNO,FIRENZE CAMPO MARTE,178.278
FOLIGNO,FIRENZE S MARIA NOVELLA,182.684
FOLIGNO,FOSSATO DI VICO GUBBIO,42.623
FOLIGNO,GAIFANA,29.678
FOLIGNO,GENGA S VITTORE TERME,74.455
FOLIGNO,GUALDO TADINO,36.772
FOLIGNO,JESI,102.31
FOLIGNO,MILANO CENTRALE,483.306
FOLIGNO,MILANO CERTOSA,489.671
FOLIGNO,MILANO ROGOREDO,478.58
FOLIGNO,MODENA,308.258
FOLIGNO,MONTEVARCHI TERRANUOVA,143.78
FOLIGNO,NOCERA UMBRA,19.459
FOLIGNO,ORTE,82.344
FOLIGNO,ORVIETO,123.678
FOLIGNO,PASSIGNANO SUL TRASIMENO,70.236
FOLIGNO,PERUGIA,39.575
FOLIGNO,PERUGIA CAPITINI,43.851
FOLIGNO,PERUGIA PONTE S GIOVANNI,31.1
FOLIGNO,PESARO,171.75
FOLIGNO,PONTASSIEVE,172.098
FOLIGNO,ROMA TERMINI,149.72
FOLIGNO,ROMA TIBURTINA,145.129
FOLIGNO,S GIOVANNI VALDARNO,149.174
FOLIGNO,SPELLO,4.914
FOLIGNO,SPOLETO,25.054
FOLIGNO,TERNI,54.429
FOLIGNO,TERONTOLA CORTONA,82.209
FOLIGNO,TREVI,8.889
FOLIGNO,TRIESTE CENTRALE,565.701
FOLLONICA,FIRENZE S MARIA NOVELLA,178.719
FOLLONICA,GROSSETO,41.501
FOLLONICA,MILANO CENTRALE,381.16
FOLLONICA,PISA CENTRALE,103.535
FOLLONICA,ROMA TERMINI,226.674
FONDI SPERLONGA,ROMA TERMINI,109.461
FONTANETTO PO,ALESSANDRIA,57.083
FONTANETTO PO,CHIVASSO,24.05
FORENZA,POTENZA CENTRALE,35.407
FORENZA,POTENZA INFERIORE,35.605
FORLI,ANCONA,139.088
FORLI,BOLOGNA CENTRALE,66.302
FORLI,IMOLA,30.682
FORLI,LECCE,730.041
FORLI,PARMA,156.208
FORLI,PESARO,79.556
FORLI,PIACENZA,212.028
FORLI,RIMINI,46.224
FORLI,S BENEDETTO DEL TRONTO,223.635
FORMIA GAETA,AVERSA,66.262
FORMIA GAETA,CAMPOLEONE,94.881
FORMIA GAETA,CASORIA,76.317
FORMIA GAETA,CISTERNA DI LATINA,78.383
FORMIA GAETA,LATINA,67.369
FORMIA GAETA,MINTURNO,10.025
FORMIA GAETA,MINTURNO SCAURI,10.025
FORMIA GAETA,MONTE S BIAGIO TERRACINA MARE,25.518
FORMIA GAETA,NAPOLI CENTRALE,85.436
FORMIA GAETA,POMEZIA S PALOMBA,104.476
FORMIA GAETA,PRIVERNO FOSSANOVA,42.994
FORMIA GAETA,ROMA OSTIENSE,129.364
FORMIA GAETA,ROMA TERMINI,128.272
FORMIA GAETA,ROMA TIBURTINA,128.34
FORMIA GAETA,SESSA AURUNCA R,24.744
FORMIA GAETA,SESSA AURUNCA ROCCAMONFINA,24.993
FORMIA GAETA,SESTRI LEVANTE,568.904
FORMIA GAETA,TARANTO,395.518
FORMIA GAETA,VILLA LITERNO,51.884
FORMIGINE,MODENA,11.224
FORMIGINE,SASSUOLO,6.865
FORMIGINE,SASSUOLO TERMINAL,8.173
FORNACI DI BARGA,AULLA LUNIGIANA,58.655
FORNACI DI BARGA,BAGNI DI LUCCA,8.167
FORNACI DI BARGA,DIECIMO PESCAGLIA,15.094
FORNACI DI BARGA,LUCCA,31.577
FORNACI DI BARGA,MINUCCIANO PIEVE CASOLA,34.378
FORNACI DI BARGA,PISA CENTRALE,54.697
FORNACI DI BARGA,S GIULIANO TERME,43.285
FORNACI DI BARGA,S PIETRO A VICO,26.306
FORNACI DI BARGA,VIAREGGIO,53.68
FORNOVO,BERGAMO,163.09
FORNOVO,CREMONA,57.761
FORNOVO,LA SPEZIA CENTRALE,96.14
FORNOVO,LIVORNO CENTRALE,170.852
FORNOVO,PARMA,23.052
FORNOVO,PISA CENTRALE,152.839
FORNOVO,PONTREMOLI,55.247
FORNOVO,VIAREGGIO,131.561
FORTE DEI MARMI SERAVEZZA QUERCETA,BORGO VAL DI TARO,80.356
FORTE DEI MARMI SERAVEZZA QUERCETA,FIRENZE S MARIA NOVELLA,112.557
FORTE DEI MARMI SERAVEZZA QUERCETA,LA SPEZIA CENTRALE,39.322
FORTE DEI MARMI SERAVEZZA QUERCETA,PISA CENTRALE,35.215
FORTE DEI MARMI SERAVEZZA QUERCETA,VEZZANO LIGURE,32.084
FORTE DEI MARMI SERRAVEZZA Q,AULLA LUNIGIANA,42.332
FORTE DEI MARMI SERRAVEZZA Q,FIRENZE S MARIA NOVELLA,112.557
FORTE DEI MARMI SERRAVEZZA Q,LA SPEZIA CENTRALE,39.322
FORTE DEI MARMI SERRAVEZZA Q,PISA CENTRALE,35.215
FORTEZZA,BOLOGNA CENTRALE,304.938
FORTEZZA,BOLZANO,48.539
FORTEZZA,BRENNERO,40.263
FORTEZZA,BRUNICO,33.084
FORTEZZA,CASTELDARNE,24.187
FORTEZZA,DOBBIACO,61.829
FORTEZZA,DOMEGLIARA,175.463
FORTEZZA,LANA POSTAL,72.967
FORTEZZA,MAGRE CORTACCIA,74.384
FORTEZZA,MERANO,81.776
FORTEZZA,MILANO CENTRALE,334.485
FORTEZZA,MONGUELFO VALLE DI CASIES,51.977
FORTEZZA,PONTE D ADIGE,55.178
FORTEZZA,RIO DI PUSTERIA,8.166
FORTEZZA,ROMA TERMINI,656.009
FORTEZZA,S CANDIDO,65.633
FORTEZZA,TRENTO,104.094
FORTEZZA,VALDAORA ANTERSELVA,44.82
FORTEZZA,VERONA PORTA NUOVA,194.785
FOSSANO,BORGO S DALMAZZO,35.074
FOSSANO,BREIL SUR ROYA,101.16
FOSSANO,CARMAGNOLA,34.555
FOSSANO,CAVALLERMAGGIORE,19.025
FOSSANO,CENGIO,54.793
FOSSANO,CENTALLO,13.261
FOSSANO,CEVA,38.13
FOSSANO,CHIVASSO,88.297
FOSSANO,CIRE,88.067
FOSSANO,CIRIE,88.067
FOSSANO,CUNEO,26.496
FOSSANO,GERMAGNANO,100.446
FOSSANO,LIMONE,54.967
FOSSANO,MATHI,93.672
FOSSANO,MONCALIERI,54.882
FOSSANO,MONDOVI,18.984
FOSSANO,RACCONIGI,25.988
FOSSANO,ROBILANTE,39.574
FOSSANO,S GIUSEPPE DI CAIRO,63.486
FOSSANO,S MAURIZIO,85.392
FOSSANO,S MAURIZIO CANAVESE,85.392
FOSSANO,SALE LANGHE,43.772
FOSSANO,SAVIGLIANO,12.162
FOSSANO,SAVONA,84.693
FOSSANO,ST DALMAS DE TENDE,81.402
FOSSANO,TORINO AEROPORTO,82.33
FOSSANO,TORINO AEROPORTO DI CASELLE,82.33
FOSSANO,TORINO LINGOTTO,59.203
FOSSANO,TORINO PORTA NUOVA,63.385
FOSSANO,TORINO PORTA SUSA,64.958
FOSSANO,TORINO REBAUDENGO FOSSATA,68.572
FOSSANO,TORINO STURA,72.024
FOSSANO,TROFARELLO,50.5
FOSSANO,VENARIA,74.924
FOSSANO,VENARIA REALE REGGIA,74.891
FOSSANO,VENTIMIGLIA,122.407
FOSSANO,VERNANTE,45.929
FOSSATO DI VICO GUBBIO,ANCONA,86.353
FOSSATO DI VICO GUBBIO,ROMA TERMINI,191.575
FRAGNETO MONFORTE,NAPOLI CENTRALE,108.516
FRANCAVILLA AL MARE,GIULIANOVA,46.876
FRANCAVILLA AL MARE,MILANO CENTRALE,571.058
FRANCAVILLA AL MARE,PESCARA,9.265
FRANCAVILLA AL MARE,TERAMO,69.149
FRANCAVILLA FONTANA,TARANTO,33.51
FRASCATI,CAPANNELLE,10.571
FRASCATI,CIAMPINO,3.577
FRASCATI,ROMA OSTIENSE,21.439
FRASCATI,ROMA TERMINI,20.346
FRASCATI,ROMA TIBURTINA,20.415
FRASCATI,ROMA TUSCOLANA,18.556
FRATTE,MERCATO S SEVERINO,14.24
FRATTE,SALERNO,3.474
FROSINONE,ANAGNI FIUGGI,23.078
FROSINONE,BENEVENTO,181.112
FROSINONE,BOLOGNA CENTRALE,429.803
FROSINONE,CASERTA,121.665
FROSINONE,CASSINO,52.382
FROSINONE,CIAMPINO,73.959
FROSINONE,COLLEFERRO SEGNI PALIANO,31.845
FROSINONE,MILANO CENTRALE,640.166
FROSINONE,MOROLO,13.399
FROSINONE,PISA CENTRALE,409.902
FROSINONE,ROMA TERMINI,83.557
FROSINONE,ROMA TIBURTINA,81.985
FROSINONE,ROMA TUSCOLANA,83.394
FROSINONE,VALMONTONE,39.956
FROSINONE,ZAGAROLO,50.759
GAIBANELLA,ARGENTA,23.369
GAIBANELLA,RAVENNA,62.888
GALATI,CATANIA CENTRALE,82.953
GALLARATE,ALASSIO,259.81
GALLARATE,ARONA,27.005
GALLARATE,BESOZZO,23.532
GALLARATE,BOLOGNA CENTRALE,253.691
GALLARATE,BUSTO ARSIZIO,8.77
GALLARATE,BUSTO ARSIZIO NORD,11.269
GALLARATE,CASSANO D ADDA,67.776
GALLARATE,COMO S GIOVANNI,48.101
GALLARATE,DOMODOSSOLA,79.521
GALLARATE,FINALE LIGURE MARINA,234.613
GALLARATE,GENOVA P PRINCIPE,179.784
GALLARATE,GENOVA SESTRI PONENTE,181.105
GALLARATE,IMPERIA,277.563
GALLARATE,LAVENO MOMBELLO,31.173
GALLARATE,LUINO,46.268
GALLARATE,MALPENSA AEROPORTO TERMINAL 2,5.521
GALLARATE,MILANO BOVISA,38.375
GALLARATE,MILANO CENTRALE,43.284
GALLARATE,MILANO CERTOSA,35.61
GALLARATE,MILANO LAMBRATE,46.515
GALLARATE,MILANO PORTA GARIBALDI,43.66
GALLARATE,MILANO ROGOREDO,48.001
GALLARATE,MORNAGO CIMBRO,9.415
GALLARATE,PARABIAGO,19.09
GALLARATE,PIOLTELLO LIMITO,53.166
GALLARATE,PORTO CERESIO,34.602
GALLARATE,PORTO VALTRAVAGLIA,38.945
GALLARATE,PREMOSELLO CHIOVENDA,64.006
GALLARATE,RESCALDINA,15.686
GALLARATE,RHO,28.387
GALLARATE,SAVONA,216.304
GALLARATE,STABIO,34.427
GALLARATE,TERNATE VARANO BORGHI,15.874
GALLARATE,TREVIGLIO,73.604
GALLARATE,VARESE,50.509
GALLARATE,VENTIMIGLIA,316.558
GALLITELLO,TRAPANI,100.908
GARBAGNATE MILANESE,GARBAGNATE PARCO DELLE GROANE,1.795
GARBAGNATE MILANESE,LOCATE TRIULZI,30.996
GARBAGNATE MILANESE,MILANO BOVISA,10.613
GARBAGNATE MILANESE,MILANO ROGOREDO,22.376
GARBAGNATE MILANESE,PAVIA,51.424
GARGAZZONE,BOLZANO,20.507
GARGAZZONE,BRENNERO,109.305
GARGAZZONE,MERANO,12.734
GARLASCO,MORTARA,17.014
GARLASCO,PAVIA,20.503
GARLASCO,VERCELLI,63.151
GAVORRANO,FIRENZE S MARIA NOVELLA,193.174
GAVORRANO,PISA CENTRALE,117.99
GAZZADA SCHIANNO MORAZZONE,VARESE,63.015
GAZZO DI BIGARELLO,MONSELICE,71.825
GAZZO PIEVE S GIACOMO,CREMONA,14.492
GAZZO PIEVE S GIACOMO,MILANO LAMBRATE,94.905
GELA,AVOLA,156.746
GELA,CALTANISSETTA CENTRALE,111.178
GELA,CALTANISSETTA XIRBI,117.612
GELA,DONNAFUGATA,51.004
GELA,ISPICA,128.981
GELA,MODICA,90.41
GELA,NOTO,150.19
GELA,RAGUSA,70.635
GELA,ROSOLINI,134.619
GELA,SAMPIERI,110.518
GELA,SCICLI,100.18
GELA,SIRACUSA,182.679
GELA,VITTORIA,29.445
GEMONA DEL FRIULI,GORIZIA CENTRALE,59.557
GEMONA DEL FRIULI,PORDENONE,76.929
GEMONA DEL FRIULI,SACILE,89.75
GEMONA DEL FRIULI,TREVISO C,207.939
GEMONA DEL FRIULI,TREVISO CENTRALE,207.939
GEMONA DEL FRIULI,TRIESTE CENTRALE,100.566
GEMONA DEL FRIULI,UDINE,28.241
GEMONA DEL FRIULI,VENEZIA S LUCIA,163.19
GENGA S VITTORE TERME,ANCONA,54.525
GENOVA ACQUASANTA,ACQUI TERME,40.161
GENOVA ACQUASANTA,GENOVA BRIGNOLE,19.947
GENOVA ACQUASANTA,GENOVA SAMPIERDARENA,14.947
GENOVA BOLZANETO,ARQUATA SCRIVIA,29.97
GENOVA BOLZANETO,BUSALLA,14.522
GENOVA BOLZANETO,GENOVA BRIGNOLE,8.736
GENOVA BOLZANETO,GENOVA P PRINCIPE,6.285
GENOVA BOLZANETO,NOVI LIGURE,41.486
GENOVA BOLZANETO,PIACENZA,129.413
GENOVA BOLZANETO,RIMINI,387.657
GENOVA BORZOLI,ACQUI TERME,50.343
GENOVA BORZOLI,GENOVA BRIGNOLE,9.765
GENOVA BORZOLI,GENOVA PIAZZA PRINCIPE,7.427
GENOVA BORZOLI,PRASCO CREMOLINO,43.397
GENOVA BRIGNOLE,ACQUI TERME,60.108
GENOVA BRIGNOLE,ALASSIO,87.877
GENOVA BRIGNOLE,ALBENGA,81.483
GENOVA BRIGNOLE,ALESSANDRIA,71.278
GENOVA BRIGNOLE,ANDORA,94.184
GENOVA BRIGNOLE,ARQUATA SCRIVIA,37.863
GENOVA BRIGNOLE,ASTI,105.55
GENOVA BRIGNOLE,AULLA LUNIGIANA,105.35
GENOVA BRIGNOLE,BARDONECCHIA,244.233
GENOVA BRIGNOLE,BATTIPAGLIA,764.901
GENOVA BRIGNOLE,BOLOGNA CENTRALE,284.38
GENOVA BRIGNOLE,BUSALLA,23.258
GENOVA BRIGNOLE,CAMBIANO SANTENA,144.846
GENOVA BRIGNOLE,CAMPO LIGURE MASONE,31.26
GENOVA BRIGNOLE,CAMPOLIGURE MASONE,31.26
GENOVA BRIGNOLE,CASERTA,683.544
GENOVA BRIGNOLE,CASTEL S PIETRO TERME,307.625
GENOVA BRIGNOLE,CHIAVARI,35.341
GENOVA BRIGNOLE,COGOLETO,26.788
GENOVA BRIGNOLE,CORNIGLIA,74.803
GENOVA BRIGNOLE,DEIVA MARINA,54.78
GENOVA BRIGNOLE,DIANO,100.807
GENOVA BRIGNOLE,FAENZA,334.703
GENOVA BRIGNOLE,FELIZZANO,85.769
GENOVA BRIGNOLE,FIDENZA,172.247
GENOVA BRIGNOLE,FINALE LIGURE MARINA,62.68
GENOVA BRIGNOLE,FIRENZE CAMPO MARTE,238.043
GENOVA BRIGNOLE,GENOVA ACQUASANTA,19.947
GENOVA BRIGNOLE,GENOVA BOLZANETO,8.736
GENOVA BRIGNOLE,GENOVA BORZOLI,9.765
GENOVA BRIGNOLE,GENOVA NERVI,8.583
GENOVA BRIGNOLE,GENOVA P PRINCIPE,2.578
GENOVA BRIGNOLE,GENOVA PIAZZA PRINCIPE,2.339
GENOVA BRIGNOLE,GENOVA PONTEDECIMO,12.025
GENOVA BRIGNOLE,GENOVA QUARTO DEI MILLE,4.706
GENOVA BRIGNOLE,GENOVA RIVAROLO,6.911
GENOVA BRIGNOLE,GENOVA SAMPIERDARENA,5.536
GENOVA BRIGNOLE,GENOVA SESTRI PONENTE,8.079
GENOVA BRIGNOLE,GENOVA SESTRI PONENTE AEROPORTO,9.057
GENOVA BRIGNOLE,GENOVA VOLTRI,16.308
GENOVA BRIGNOLE,IMOLA,318.645
GENOVA BRIGNOLE,IMPERIA,105.629
GENOVA BRIGNOLE,LA SPEZIA CENTRALE,84.501
GENOVA BRIGNOLE,LEVANTO,63.94
GENOVA BRIGNOLE,LIVORNO CENTRALE,177.051
GENOVA BRIGNOLE,LOANO,72.875
GENOVA BRIGNOLE,MIGNANEGO,18.515
GENOVA BRIGNOLE,MILANO CENTRALE,140.425
GENOVA BRIGNOLE,MILANO CERTOSA,146.625
GENOVA BRIGNOLE,MILANO GRECO PIRELLI,143.491
GENOVA BRIGNOLE,MILANO LAMBRATE,137.522
GENOVA BRIGNOLE,MILANO ROGOREDO,135.698
GENOVA BRIGNOLE,MILANO S CRISTOFORO,140.908
GENOVA BRIGNOLE,MODENA,247.722
GENOVA BRIGNOLE,MONTEROSSO,68.398
GENOVA BRIGNOLE,NOVI LIGURE,49.379
GENOVA BRIGNOLE,OVADA,45.253
GENOVA BRIGNOLE,PADOVA,361.514
GENOVA BRIGNOLE,PARMA,194.35
GENOVA BRIGNOLE,PAVIA,104.132
GENOVA BRIGNOLE,PIACENZA,137.306
GENOVA BRIGNOLE,PIANO ORIZZONTALE DEI GIOVI,17.233
GENOVA BRIGNOLE,PIETRA LIGURE,69.631
GENOVA BRIGNOLE,PISA CENTRALE,159.039
GENOVA BRIGNOLE,PONTREMOLI,125.396
GENOVA BRIGNOLE,PRASCO CREMOLINO,53.162
GENOVA BRIGNOLE,RECCO,17.668
GENOVA BRIGNOLE,REGGIO CALABRIA CENTRALE,1138.886
GENOVA BRIGNOLE,REGGIO DI CALABRIA CENTRALE,1138.886
GENOVA BRIGNOLE,REGGIO EMILIA,222.601
GENOVA BRIGNOLE,RIMINI,395.551
GENOVA BRIGNOLE,ROMA OSTIENSE,482.342
GENOVA BRIGNOLE,ROMA TERMINI,489.242
GENOVA BRIGNOLE,RONCO SCRIVIA,27.841
GENOVA BRIGNOLE,ROSSIGLIONE,36.695
GENOVA BRIGNOLE,ROTTOFRENO,124.44
GENOVA BRIGNOLE,S STEFANO DI MAGRA,98.566
GENOVA BRIGNOLE,SARZANA,102.959
GENOVA BRIGNOLE,SAVONA,44.37
GENOVA BRIGNOLE,SESTRI LEVANTE,42.802
GENOVA BRIGNOLE,SPOTORNO NOLI,55.2
GENOVA BRIGNOLE,TAGGIA ARMA,121.908
GENOVA BRIGNOLE,TORINO LINGOTTO,156.977
GENOVA BRIGNOLE,TORINO PORTA NUOVA,161.16
GENOVA BRIGNOLE,TORTONA,62.753
GENOVA BRIGNOLE,TROFARELLO,148.274
GENOVA BRIGNOLE,VENEZIA MESTRE,390.249
GENOVA BRIGNOLE,VENEZIA S LUCIA,398.132
GENOVA BRIGNOLE,VENTIMIGLIA,144.624
GENOVA BRIGNOLE,VERONA PORTA NUOVA,279.473
GENOVA BRIGNOLE,VICENZA,331.0
GENOVA BRIGNOLE,VILLAFRANCA C,120.537
GENOVA BRIGNOLE,VILLANOVA,190.011
GENOVA BRIGNOLE,VOGHERA,79.18
GENOVA NERVI,COGOLETO,35.369
GENOVA NERVI,GENOVA BRIGNOLE,8.583
GENOVA NERVI,GENOVA P PRINCIPE,11.159
GENOVA NERVI,GENOVA PIAZZA PRINCIPE,10.92
GENOVA NERVI,GENOVA QUARTO DEI MILLE,3.877
GENOVA NERVI,GENOVA SAMPIERDARENA,14.117
GENOVA NERVI,GENOVA SESTRI PONENTE,16.66
GENOVA NERVI,GENOVA SESTRI PONENTE AEROPORTO,17.638
GENOVA NERVI,GENOVA VOLTRI,24.889
GENOVA NERVI,LA SPEZIA CENTRALE,75.918
GENOVA NERVI,ROMA TERMINI,480.659
GENOVA NERVI,SAVONA,52.952
GENOVA P PRINCIPE,ACQUI TERME,57.657
GENOVA P PRINCIPE,ALBENGA,79.032
GENOVA P PRINCIPE,ALESSANDRIA,68.827
GENOVA P PRINCIPE,ANCONA,485.964
GENOVA P PRINCIPE,ARQUATA SCRIVIA,35.412
GENOVA P PRINCIPE,ASTI,103.099
GENOVA P PRINCIPE,BUSALLA,20.806
GENOVA P PRINCIPE,CAMPOLIGURE MASONE,28.809
GENOVA P PRINCIPE,CERTOSA DI PAVIA,109.473
GENOVA P PRINCIPE,CHIASSO,182.937
GENOVA P PRINCIPE,CHIAVARI,37.918
GENOVA P PRINCIPE,CIVITAVECCHIA,413.83
GENOVA P PRINCIPE,FIRENZE S MARIA NOVELLA,238.957
GENOVA P PRINCIPE,FIUMICINO AEROPORTO,481.356
GENOVA P PRINCIPE,GENOVA BOLZANETO,6.285
GENOVA P PRINCIPE,GENOVA BRIGNOLE,2.578
GENOVA P PRINCIPE,GENOVA NERVI,11.159
GENOVA P PRINCIPE,GENOVA PONTEDECIMO,9.574
GENOVA P PRINCIPE,GENOVA QUARTO DEI MILLE,7.283
GENOVA P PRINCIPE,GENOVA SESTRI PONENTE,5.628
GENOVA P PRINCIPE,GENOVA VOLTRI,13.857
GENOVA P PRINCIPE,GROSSETO,306.645
GENOVA P PRINCIPE,IMPERIA,103.178
GENOVA P PRINCIPE,LA SPEZIA CENTRALE,87.078
GENOVA P PRINCIPE,LIVORNO CENTRALE,179.628
GENOVA P PRINCIPE,MIGNANEGO,16.064
GENOVA P PRINCIPE,MILANO CENTRALE,137.974
GENOVA P PRINCIPE,MILANO LAMBRATE,135.071
GENOVA P PRINCIPE,MILANO PORTA GARIBALDI,140.21
GENOVA P PRINCIPE,MILANO ROGOREDO,133.247
GENOVA P PRINCIPE,NOVI LIGURE,46.928
GENOVA P PRINCIPE,OVADA,42.802
GENOVA P PRINCIPE,PIACENZA,134.855
GENOVA P PRINCIPE,PIANO ORIZZONTALE DEI GIOVI,14.782
GENOVA P PRINCIPE,PIEVE LIGURE,15.265
GENOVA P PRINCIPE,PISA CENTRALE,161.615
GENOVA P PRINCIPE,PISA S ROSSORE,160.831
GENOVA P PRINCIPE,PRASCO CREMOLINO,50.711
GENOVA P PRINCIPE,RECCO,20.244
GENOVA P PRINCIPE,RIMINI,393.1
GENOVA P PRINCIPE,ROMA OSTIENSE,484.918
GENOVA P PRINCIPE,ROMA S PIETRO,479.977
GENOVA P PRINCIPE,ROMA TERMINI,491.818
GENOVA P PRINCIPE,ROMA TIBURTINA,492.254
GENOVA P PRINCIPE,ROMA TUSCOLANA,488.395
GENOVA P PRINCIPE,RONCO SCRIVIA,25.39
GENOVA P PRINCIPE,SAVONA,41.919
GENOVA P PRINCIPE,SESTRI LEVANTE,45.379
GENOVA P PRINCIPE,TAGGIA ARMA,119.457
GENOVA P PRINCIPE,TARVISIO BOSCOVERDE,601.345
GENOVA P PRINCIPE,TORINO LINGOTTO,154.526
GENOVA P PRINCIPE,TORINO PORTA NUOVA,158.709
GENOVA P PRINCIPE,TORINO STURA,166.231
GENOVA P PRINCIPE,TORTONA,60.302
GENOVA P PRINCIPE,TROFARELLO,145.823
GENOVA P PRINCIPE,VENEZIA S LUCIA,395.681
GENOVA P PRINCIPE,VENTIMIGLIA,142.173
GENOVA P PRINCIPE,VIAREGGIO,140.338
GENOVA P PRINCIPE,VILLAFRANCA C,118.086
GENOVA P PRINCIPE,VILLANOVA,187.56
GENOVA P PRINCIPE,VOGHERA,76.729
GENOVA P PRINCIPE SOTTERRANEA,GENOVA BRIGNOLE,2.574
GENOVA P PRINCIPE SOTTERRANEA,GENOVA NERVI,11.155
GENOVA P PRINCIPE SOTTERRANEA,GENOVA VOLTRI,13.734
GENOVA P PRINCIPE SOTTERRANEA,LA SPEZIA CENTRALE,87.073
GENOVA P PRINCIPE SOTTERRANEA,SAVONA,41.797
GENOVA PIAZZA PRINCIPE,ACQUI TERME,57.769
GENOVA PIAZZA PRINCIPE,ALASSIO,85.538
GENOVA PIAZZA PRINCIPE,ALBENGA,79.144
GENOVA PIAZZA PRINCIPE,ALESSANDRIA,68.939
GENOVA PIAZZA PRINCIPE,ARQUATA SCRIVIA,35.524
GENOVA PIAZZA PRINCIPE,ASTI,103.212
GENOVA PIAZZA PRINCIPE,BUSALLA,20.919
GENOVA PIAZZA PRINCIPE,CHIASSO,183.049
GENOVA PIAZZA PRINCIPE,CIVITAVECCHIA,413.591
GENOVA PIAZZA PRINCIPE,GENOVA BRIGNOLE,2.339
GENOVA PIAZZA PRINCIPE,GENOVA NERVI,10.92
GENOVA PIAZZA PRINCIPE,GENOVA PONTEDECIMO,9.686
GENOVA PIAZZA PRINCIPE,GENOVA QUARTO DEI MILLE,7.043
GENOVA PIAZZA PRINCIPE,GENOVA SESTRI PONENTE AEROPORTO,6.718
GENOVA PIAZZA PRINCIPE,GENOVA VOLTRI,13.969
GENOVA PIAZZA PRINCIPE,GROSSETO,306.405
GENOVA PIAZZA PRINCIPE,IMPERIA,103.291
GENOVA PIAZZA PRINCIPE,LA SPEZIA CENTRALE,86.838
GENOVA PIAZZA PRINCIPE,LIVORNO CENTRALE,179.388
GENOVA PIAZZA PRINCIPE,MILANO CENTRALE,138.086
GENOVA PIAZZA PRINCIPE,MILANO GRECO PIRELLI,141.152
GENOVA PIAZZA PRINCIPE,MILANO LAMBRATE,135.183
GENOVA PIAZZA PRINCIPE,MILANO PORTA GARIBALDI,140.322
GENOVA PIAZZA PRINCIPE,MILANO ROGOREDO,133.36
GENOVA PIAZZA PRINCIPE,NOVI LIGURE,47.04
GENOVA PIAZZA PRINCIPE,PIACENZA,134.968
GENOVA PIAZZA PRINCIPE,PIETRA LIGURE,67.292
GENOVA PIAZZA PRINCIPE,PISA CENTRALE,161.376
GENOVA PIAZZA PRINCIPE,RECCO,20.005
GENOVA PIAZZA PRINCIPE,RIMINI,393.212
GENOVA PIAZZA PRINCIPE,ROMA OSTIENSE,484.679
GENOVA PIAZZA PRINCIPE,ROMA TERMINI,491.579
GENOVA PIAZZA PRINCIPE,ROMA TIBURTINA,492.015
GENOVA PIAZZA PRINCIPE,RONCO SCRIVIA,25.502
GENOVA PIAZZA PRINCIPE,SARZANA,105.296
GENOVA PIAZZA PRINCIPE,SAVONA,42.031
GENOVA PIAZZA PRINCIPE,SESTRI LEVANTE,45.139
GENOVA PIAZZA PRINCIPE,TORINO LINGOTTO,154.638
GENOVA PIAZZA PRINCIPE,TORINO PORTA NUOVA,158.821
GENOVA PIAZZA PRINCIPE,TORTONA,60.414
GENOVA PIAZZA PRINCIPE,VENEZIA S LUCIA,395.793
GENOVA PIAZZA PRINCIPE,VENTIMIGLIA,142.285
GENOVA PIAZZA PRINCIPE,VIAREGGIO,140.098
GENOVA PIAZZA PRINCIPE,VOGHERA,76.841
GENOVA PIAZZA PRINCIPE SOTTERRANEA,GENOVA VOLTRI,13.734
GENOVA PIAZZA PRINCIPE SOTTERRANEA,SAVONA,41.797
GENOVA PONTEDECIMO,BUSALLA,20.727
GENOVA PONTEDECIMO,GENOVA BRIGNOLE,12.025
GENOVA PONTEDECIMO,GENOVA P PRINCIPE,9.574
GENOVA PONTEDECIMO,GENOVA PIAZZA PRINCIPE,9.686
GENOVA PONTEDECIMO,GENOVA SAMPIERDARENA,8.767
GENOVA QUARTO DEI MILLE,GENOVA BRIGNOLE,4.706
GENOVA QUARTO DEI MILLE,GENOVA P PRINCIPE,7.283
GENOVA QUARTO DEI MILLE,GENOVA SAMPIERDARENA,10.241
GENOVA QUARTO DEI MILLE,GENOVA SESTRI PONENTE,12.784
GENOVA QUARTO DEI MILLE,GENOVA SESTRI PONENTE AEROPORTO,13.762
GENOVA QUARTO DEI MILLE,GENOVA VOLTRI,21.013
GENOVA QUARTO DEI MILLE,LA SPEZIA CENTRALE,79.795
GENOVA QUARTO DEI MILLE,PARMA,198.987
GENOVA QUARTO DEI MILLE,SAVONA,49.075
GENOVA QUARTO DEI MILLE,SESTRI LEVANTE,38.096
GENOVA QUINTO AL MARE,GENOVA VOLTRI,23.045
GENOVA RIVAROLO,ARQUATA SCRIVIA,32.695
GENOVA RIVAROLO,BUSALLA,17.282
GENOVA SAMPIERDARENA,ACQUI TERME,55.108
GENOVA SAMPIERDARENA,ALESSANDRIA,68.021
GENOVA SAMPIERDARENA,ARQUATA SCRIVIA,34.606
GENOVA SAMPIERDARENA,ASTI,102.293
GENOVA SAMPIERDARENA,BUSALLA,19.981
GENOVA SAMPIERDARENA,GENOVA BRIGNOLE,5.536
GENOVA SAMPIERDARENA,GENOVA NERVI,14.117
GENOVA SAMPIERDARENA,GENOVA P PRINCIPE,3.085
GENOVA SAMPIERDARENA,GENOVA PONTEDECIMO,8.767
GENOVA SAMPIERDARENA,GENOVA QUARTO DEI MILLE,10.241
GENOVA SAMPIERDARENA,LA SPEZIA CENTRALE,90.036
GENOVA SAMPIERDARENA,MILANO CENTRALE,137.168
GENOVA SAMPIERDARENA,MILANO GRECO PIRELLI,140.233
GENOVA SAMPIERDARENA,NOVI LIGURE,46.122
GENOVA SAMPIERDARENA,PRASCO CREMOLINO,48.162
GENOVA SAMPIERDARENA,RIMINI,392.293
GENOVA SAMPIERDARENA,SARZANA,108.493
GENOVA SAMPIERDARENA,SESTRI LEVANTE,48.337
GENOVA SAMPIERDARENA,TORINO LINGOTTO,153.72
GENOVA SAMPIERDARENA,TORINO PORTA NUOVA,157.902
GENOVA SESTRI PONENTE,ALBENGA,73.404
GENOVA SESTRI PONENTE,GENOVA BRIGNOLE,8.079
GENOVA SESTRI PONENTE,GENOVA NERVI,16.66
GENOVA SESTRI PONENTE,GENOVA P PRINCIPE,5.628
GENOVA SESTRI PONENTE,GENOVA QUARTO DEI MILLE,12.784
GENOVA SESTRI PONENTE,GENOVA VOLTRI,8.229
GENOVA SESTRI PONENTE,LA SPEZIA CENTRALE,92.579
GENOVA SESTRI PONENTE,MILANO CERTOSA,145.496
GENOVA SESTRI PONENTE,PISA CENTRALE,167.116
GENOVA SESTRI PONENTE,RECCO,25.745
GENOVA SESTRI PONENTE,SARZANA,111.036
GENOVA SESTRI PONENTE,SAVONA,36.291
GENOVA SESTRI PONENTE,SESTRI LEVANTE,50.88
GENOVA SESTRI PONENTE,VENTIMIGLIA,136.545
GENOVA SESTRI PONENTE AEROPORTO,CHIAVARI,44.397
GENOVA SESTRI PONENTE AEROPORTO,GENOVA BRIGNOLE,9.057
GENOVA SESTRI PONENTE AEROPORTO,GENOVA NERVI,17.638
GENOVA SESTRI PONENTE AEROPORTO,GENOVA PIAZZA PRINCIPE,6.718
GENOVA SESTRI PONENTE AEROPORTO,GENOVA QUARTO DEI MILLE,13.762
GENOVA SESTRI PONENTE AEROPORTO,GENOVA VOLTRI,7.253
GENOVA SESTRI PONENTE AEROPORTO,LA SPEZIA CENTRALE,93.557
GENOVA SESTRI PONENTE AEROPORTO,PISA CENTRALE,168.094
GENOVA SESTRI PONENTE AEROPORTO,SAVONA,35.315
GENOVA SESTRI PONENTE AEROPORTO,SESTRI LEVANTE,51.858
GENOVA SESTRI PONENTE AEROPORTO,VENTIMIGLIA,135.569
GENOVA VOLTRI,ALBENGA,65.175
GENOVA VOLTRI,CHIAVARI,51.648
GENOVA VOLTRI,GENOVA BRIGNOLE,16.308
GENOVA VOLTRI,GENOVA NERVI,24.889
GENOVA VOLTRI,GENOVA P PRINCIPE,13.857
GENOVA VOLTRI,GENOVA P PRINCIPE SOTTERRANEA,13.734
GENOVA VOLTRI,GENOVA PIAZZA PRINCIPE,13.969
GENOVA VOLTRI,GENOVA QUARTO DEI MILLE,21.013
GENOVA VOLTRI,GENOVA QUINTO AL MARE,23.045
GENOVA VOLTRI,GENOVA SAMPIERDARENA,10.997
GENOVA VOLTRI,GENOVA SESTRI PONENTE,8.229
GENOVA VOLTRI,GENOVA SESTRI PONENTE AEROPORTO,7.253
GENOVA VOLTRI,IMPERIA,89.321
GENOVA VOLTRI,LA SPEZIA CENTRALE,100.808
GENOVA VOLTRI,LA SPEZIA MIGLIARINA,102.835
GENOVA VOLTRI,LEVANTO,80.246
GENOVA VOLTRI,MILANO CENTRALE,146.432
GENOVA VOLTRI,PIEVE LIGURE,28.995
GENOVA VOLTRI,RECCO,33.974
GENOVA VOLTRI,SARZANA,119.265
GENOVA VOLTRI,SAVONA,28.062
GENOVA VOLTRI,SESTRI LEVANTE,59.109
GENOVA VOLTRI,VENTIMIGLIA,128.316
GENOVA VOLTRI,VEZZANO LIGURE,108.055
GERMAGNANO,ALBA,103.284
GERMAGNANO,BRA,85.757
GERMAGNANO,CARMAGNOLA,65.891
GERMAGNANO,CIRIE,12.379
GERMAGNANO,FOSSANO,100.446
GERMAGNANO,MATHI,6.774
GERMAGNANO,S VITTORIA,92.528
GERMAGNANO,TORINO LINGOTTO,41.254
GERMAGNANO,TORINO REBAUDENGO FOSSATA,32.428
GERMAGNANO,TROFARELLO,49.946
GHEDI,BRESCIA,16.485
GHEDI,PARMA,76.128
GIACHERY,PALERMO CENTRALE,10.049
GIACHERY,PALERMO NOTARBARTOLO,3.599
GIAMPILIERI,CATANIA CENTRALE,77.788
GIAMPILIERI,CONTESSE,10.875
GIAMPILIERI,GALATI,5.165
GIAMPILIERI,MESSINA CENTRALE,15.393
GIAROLE,ALESSANDRIA,20.919
GIARRE RIPOSTO,ACIREALE,11.527
GIARRE RIPOSTO,BICOCCA,31.043
GIARRE RIPOSTO,CATANIA AEROPORTO FONTANAROSSA,28.83
GIARRE RIPOSTO,CATANIA CENTRALE,23.601
GIARRE RIPOSTO,MESSINA CENTRALE,69.581
GIARRE RIPOSTO,SIRACUSA,106.985
GIARRE RIPOSTO,TAORMINA GIARDINI,22.305
GIOIA DEL COLLE,ACQUAVIVA DELLE FONTI,13.804
GIOIA DEL COLLE,BARI CENTRALE,52.111
GIOIA DEL COLLE,FOGGIA,170.272
GIOIA DEL COLLE,TARANTO,54.441
GIOIA TAURO,COSENZA,149.524
GIOIA TAURO,LAMEZIA TERME CENTRALE,69.844
GIOIA TAURO,MELITO DI PORTO SALVO,79.995
GIOIA TAURO,REGGIO DI CALABRIA CENTRALE,50.2
GIOIA TAURO,ROMA TERMINI,603.809
GIOVINAZZO,BARI CENTRALE,18.423
GIOVINAZZO,BARI TORRE A MARE,29.745
GIOVINAZZO,BARLETTA,36.351
GIOVINAZZO,FASANO,72.801
GIOVINAZZO,FOGGIA,104.997
GIULIANOVA,ANCONA,108.43
GIULIANOVA,CHIETI,52.82
GIULIANOVA,FANO,155.514
GIULIANOVA,MILANO CENTRALE,524.182
GIULIANOVA,PESCARA,37.611
GIULIANOVA,S BENEDETTO DEL TRONTO,23.884
GIULIANOVA,SULMONA,106.147
GIULIANOVA,TERAMO,25.079
GIULIANOVA,TERMOLI,126.67
GIULIANOVA,VASTO S SALVO,103.689
GOLFO ARANCI,CAGLIARI,298.082
GOLFO ARANCI,OLBIA,20.987
GONZAGA REGGIOLO,MANTOVA,113.545
GONZAGA REGGIOLO,MODENA,34.838
GORIZIA CENTRALE,CARNIA,71.061
GORIZIA CENTRALE,CASARSA,68.118
GORIZIA CENTRALE,FIRENZE RIFREDI,373.879
GORIZIA CENTRALE,FIRENZE S MARIA NOVELLA,375.09
GORIZIA CENTRALE,GEMONA DEL FRIULI,59.557
GORIZIA CENTRALE,MONFALCONE,24.027
GORIZIA CENTRALE,NAPOLI CENTRALE,843.651
GORIZIA CENTRALE,PORDENONE,81.548
GORIZIA CENTRALE,PORTOGRUARO CAORLE,87.593
GORIZIA CENTRALE,ROMA TERMINI,634.505
GORIZIA CENTRALE,SACILE,94.369
GORIZIA CENTRALE,TARVISIO BOSCOVERDE,120.231
GORIZIA CENTRALE,TREVISO C,192.876
GORIZIA CENTRALE,TRIESTE CENTRALE,49.844
GORIZIA CENTRALE,UDINE,32.997
GORIZIA CENTRALE,VENEZIA S LUCIA,142.937
GOZZANO,NOVARA,35.674
GRAGNOLA,LUCCA,76.365
GRAGNOLA,PIAZZA AL SERCHIO,18.85
GRAGNOLA,PISA CENTRALE,91.165
GRAMMICHELE,BICOCCA,69.601
GRAMMICHELE,CATANIA CENTRALE,77.042
GRAMMICHELE,MILITELLO,25.434
GRANAIOLO,CERTALDO,14.307
GRANAIOLO,CHIUSI C T,141.622
GRANAIOLO,CHIUSI CHIANCIANO TERME,141.622
GRANAIOLO,EMPOLI,10.59
GRANAIOLO,POGGIBONSI,27.457
GRANAIOLO,POGGIBONSI S GIMIGNANO,27.284
GRANAIOLO,SIENA,52.532
GRANAROLO,RAVENNA,24.969
GRANAROLO FAENTINO,BOLOGNA CENTRALE,65.009
GRANAROLO FAENTINO,FAENZA,31.527
GRANAROLO FAENTINO,RAVENNA,24.969
GRAVELLONA TOCE,NOVARA,59.203
GRECCIO,L AQUILA,77.193
GRECCIO,TERNI,26.474
GRICIGNANO,NAPOLI CENTRALE,19.182
GRICIGNANO TEVEROLA,AVERSA,4.229
GRICIGNANO TEVEROLA,NAPOLI CENTRALE,22.848
GRIGNO,TRENTO,58.292
GRISIGNANO DI ZOCCO,PADOVA,16.11
GRISIGNANO DI ZOCCO,VENEZIA MESTRE,44.846
GRISIGNANO DI ZOCCO,VENEZIA S LUCIA,52.729
GRISIGNANO DI ZOCCO,VERONA PORTA NUOVA,65.936
GRISIGNANO DI ZOCCO,VICENZA,14.403
GRIZZANA,BOLOGNA CENTRALE,37.094
GROSSETO,ALBINIA,31.382
GROSSETO,AREZZO,287.028
GROSSETO,BOLGHERI,86.172
GROSSETO,BOLOGNA CENTRALE,305.034
GROSSETO,BUONCONVENTO,280.823
GROSSETO,CAMPIGLIA MARITTIMA,59.083
GROSSETO,CANCELLO,391.284
GROSSETO,CASCINA,155.412
GROSSETO,CECINA,94.052
GROSSETO,CERTALDO,213.478
GROSSETO,CHIAVARI,268.727
GROSSETO,CIVITAVECCHIA,107.186
GROSSETO,EMPOLI,189.855
GROSSETO,FIRENZE CASTELLO,216.654
GROSSETO,FIRENZE RIFREDI,219.005
GROSSETO,FIRENZE S MARIA NOVELLA,220.216
GROSSETO,FOLLONICA,41.501
GROSSETO,GAVORRANO,27.042
GROSSETO,GENOVA P PRINCIPE,306.645
GROSSETO,GENOVA PIAZZA PRINCIPE,306.405
GROSSETO,GRANAIOLO,199.171
GROSSETO,LA SPEZIA MIGLIARINA,217.539
GROSSETO,LADISPOLI CERVETERI,137.642
GROSSETO,LIVORNO CENTRALE,127.757
GROSSETO,MACCARESE,153.944
GROSSETO,MILANO CENTRALE,422.657
GROSSETO,MONTALTO DI CASTRO,71.042
GROSSETO,MONTE ANTICO,308.27
GROSSETO,MONTEPESCALI,339.241
GROSSETO,MONTERONI D ARBIA,268.132
GROSSETO,ORBETELLO,31.373
GROSSETO,ORBETELLO MONTE ARGENTARIO,37.901
GROSSETO,PISA CENTRALE,145.032
GROSSETO,POGGIBONSI,226.628
GROSSETO,PONTASSIEVE,237.926
GROSSETO,PONTE A ELSA,193.665
GROSSETO,PONTEDERA CASCIANA TERME,162.275
GROSSETO,ROCCASTRADA,324.425
GROSSETO,ROMA AURELIA,167.75
GROSSETO,ROMA OSTIENSE,178.274
GROSSETO,ROMA S PIETRO,173.333
GROSSETO,ROMA TERMINI,185.174
GROSSETO,ROMA TUSCOLANA,181.75
GROSSETO,ROSIGNANO,104.711
GROSSETO,S ROMANO MONTOPOLI S CROCE,174.345
GROSSETO,S VINCENZO,69.673
GROSSETO,SALERNO,440.895
GROSSETO,SCARLINO,35.022
GROSSETO,SESTRI LEVANTE,261.266
GROSSETO,SIENA,251.703
GROSSETO,VADA,99.987
GROSSETO,VENEZIA S LUCIA,462.072
GROSSETO,VENTIMIGLIA,448.691
GROSSETO,VEZZANO LIGURE,212.328
GROSSETO,ZAGAROLO,214.111
GROTTAGLIE,TARANTO,18.498
GROTTE S STEFANO,ORTE,29.569
GROTTE S STEFANO,VITERBO PORTA FIORENTINA,22.778
GRUMELLO DEL MONTE,BRESCIA,31.18
GRUMELLO DEL MONTE,CREMONA,110.554
GRUMELLO DEL MONTE,FIDENZA,143.461
GRUMELLO DEL MONTE,PISA CENTRALE,298.453
GUALDO TADINO,ANCONA,92.205
GUALDO TADINO,FOLIGNO,36.772
GUALDO TADINO,ROMA TERMINI,185.724
GUASTALLA,BAGNOLO IN PIANO,20.766
GUASTALLA,NOVELLARA,10.721
GUASTALLA,PARMA,32.98
GUASTALLA,REGGIO EMILIA,58.302
GUASTALLA,REGGIO MEDIOPADANA,25.216
GUASTALLA,REGGIO S CROCE,27.288
GUASTALLA,REGGIO S LAZZARO,30.688
GUASTALLA,S LAZZARO,30.688
GUASTALLA,SUZZARA,12.186
HONE BARD,TORINO PORTA NUOVA,81.938
IGEA MARINA,BOLOGNA CENTRALE,121.056
IGEA MARINA,CERVIA MILANO MARITTIMA,15.376
IGEA MARINA,IMOLA,85.436
IGEA MARINA,MILANO CENTRALE,331.418
IGEA MARINA,RAVENNA,36.582
IMOLA,ANCONA,169.769
IMOLA,BOLOGNA CENTRALE,35.62
IMOLA,CASTEL S PIETRO TERME,11.021
IMOLA,CASTELBOLOGNESE,7.741
IMOLA,CASTELBOLOGNESE RIOLO TERME,7.741
IMOLA,CASTELMAGGIORE,43.008
IMOLA,CESENA,48.503
IMOLA,CHIASSO,291.11
IMOLA,FAENZA,16.058
IMOLA,FERRARA,80.065
IMOLA,FIDENZA,146.399
IMOLA,FORLI,30.682
IMOLA,MILANO CENTRALE,245.983
IMOLA,MILANO LAMBRATE,243.079
IMOLA,MILANO PORTA GARIBALDI,248.219
IMOLA,PARMA,125.526
IMOLA,PESARO,110.237
IMOLA,PIACENZA,181.346
IMOLA,RAVENNA,48.856
IMOLA,RIMINI,76.905
IMOLA,RIMINI VISERBA,80.027
IMOLA,S GIORGIO DI PIANO,50.713
IMOLA,S GIORGIO P,50.713
IMOLA,S PIETRO IN CASALE,56.833
IMOLA,SANTARCANGELO DI ROMAGNA,66.461
IMPERIA,GALLARATE,277.563
IMPERIA,GENOVA BRIGNOLE,105.629
IMPERIA,GENOVA P PRINCIPE,103.178
IMPERIA,GENOVA VOLTRI,89.321
IMPERIA,MILANO CENTRALE,235.753
IMPERIA,MILANO ROGOREDO,231.027
IMPERIA,REGGIO CALABRIA CENTRALE,1244.514
IMPERIA,ROMA TERMINI,594.87
IMPERIA,SAVONA,61.26
IMPERIA,TORINO PORTA NUOVA,208.502
IMPERIA,VENTIMIGLIA,38.995
IMPERIA,VOGHERA,174.508
INCISA,AREZZO,46.978
INCISA,FIRENZE S MARIA NOVELLA,26.262
INCISA,FOLIGNO,160.099
INCISA,PISTOIA,56.945
INCISA,PRATO CENTRALE,39.923
INCORONATA,BARI CENTRALE,112.223
ISEO,BORNATO CALINO,9.507
ISEO,BRENO,46.298
ISEO,BRESCIA,26.293
ISEO,BRESCIA VIOLINO,22.239
ISEO,EDOLO,76.97
ISEO,MARONE ZONE,11.622
ISEO,PADERNO FRANCIACORTA,14.138
ISEO,PASSIRANO,12.108
ISEO,PISOGNE,21.182
ISERNIA,ACERRA,110.133
ISERNIA,AVERSA,106.021
ISERNIA,CAMPOBASSO,57.2
ISERNIA,CANCELLO,103.46
ISERNIA,CAPUA,80.542
ISERNIA,CARPINONE,10.029
ISERNIA,CASERTA,91.651
ISERNIA,CASSINO,51.51
ISERNIA,CIAMPINO,177.851
ISERNIA,COLLEFERRO SEGNI PALIANO,135.737
ISERNIA,FROSINONE,103.892
ISERNIA,NAPOLI CENTRALE,124.64
ISERNIA,ROCCA RAVINDOLA,18.084
ISERNIA,ROMA CASILINA,184.416
ISERNIA,ROMA TERMINI,187.449
ISERNIA,ROMA TIBURTINA,185.877
ISERNIA,S MARIA CAPUA VETERE,85.39
ISERNIA,VAIRANO,45.843
ISERNIA,VAIRANO CAIANELLO,45.843
ISERNIA,VENAFRO,24.519
ISERNIA,ZAGAROLO,154.651
ISOLA DELLA SCALA,BOLOGNA CENTRALE,93.966
ISOLA DELLA SCALA,ROVIGO,79.524
ISOLA DELLA SCALA,VENEZIA MESTRE,120.611
ISOLA DELLE FEMMINE,AGRIGENTO CENTRALE,152.692
ISOLA DELLE FEMMINE,CEFALU,82.29
ISOLA DELLE FEMMINE,PALERMO AEROPORTO,17.25
ISOLA DELLE FEMMINE,PALERMO CENTRALE,18.681
ISPICA,SIRACUSA,53.698
ISPICA,VITTORIA,99.536
ISTRANA,PADOVA,47.263
ISTRANA,TREVISO C,11.318
ISTRANA,VICENZA,48.696
IVREA,AOSTA,66.254
IVREA,BORGOFRANCO,6.257
IVREA,CALUSO,18.561
IVREA,CANDIA CANAVESE,15.011
IVREA,CHATILLON SAINT VINCENT,41.694
IVREA,CHIVASSO,32.808
IVREA,LIVORNO FERRARIS,50.658
IVREA,MONTANARO,27.263
IVREA,NOVARA,104.246
IVREA,NUS,53.802
IVREA,PONT SAINT MARTIN,16.211
IVREA,RODALLO,21.892
IVREA,SANTHIA,62.746
IVREA,SETTIMO,43.482
IVREA,STRAMBINO,9.079
IVREA,TORINO LINGOTTO,61.161
IVREA,TORINO PORTA NUOVA,60.218
IVREA,TORINO PORTA SUSA,55.395
IVREA,TORINO STURA,48.329
IVREA,VERCELLI,82.298
IVREA,VERRES,28.406
JESI,ANCONA,26.668
JESI,FABRIANO,43.355
JESI,FALCONARA MARITTIMA,13.504
JESI,FOLIGNO,102.31
JESI,LORETO,50.314
JESI,ROMA TERMINI,251.263
L AQUILA,ANTRODOCO BORGO VELINO,39.272
L AQUILA,ASSISI,173.65
L AQUILA,BEFFI,31.731
L AQUILA,CITTADUCALE,53.48
L AQUILA,FAGNANO CAMPANA,21.191
L AQUILA,GRECCIO,77.193
L AQUILA,LANCIANO,162.432
L AQUILA,MARMORE,88.333
L AQUILA,PAGANICA,7.599
L AQUILA,PESCARA,127.007
L AQUILA,POPOLI VITTORITO,73.705
L AQUILA,RAIANO,49.678
L AQUILA,RIETI,62.611
L AQUILA,S DEMETRIO DE VESTINI,15.645
L AQUILA,SASSA TORNIMPARTE,7.963
L AQUILA,SELLA DI CORNO,19.319
L AQUILA,SULMONA,60.437
L AQUILA,TERNI,103.667
LA SPEZIA CENTRALE,ALASSIO,172.377
LA SPEZIA CENTRALE,ALBENGA,165.982
LA SPEZIA CENTRALE,AULLA LUNIGIANA,20.848
LA SPEZIA CENTRALE,BERCETO,74.177
LA SPEZIA CENTRALE,BORGO VAL DI TARO,58.872
LA SPEZIA CENTRALE,BRENNERO,495.197
LA SPEZIA CENTRALE,CA DI BOSCHETTI,5.056
LA SPEZIA CENTRALE,CAMPIGLIA MARITTIMA,160.484
LA SPEZIA CENTRALE,CARNIA,519.858
LA SPEZIA CENTRALE,CASTELNUOVO DI GARFAGNANA,65.841
LA SPEZIA CENTRALE,CHIASSO,266.056
LA SPEZIA CENTRALE,CHIAVARI,49.16
LA SPEZIA CENTRALE,COGOLETO,111.288
LA SPEZIA CENTRALE,COLLECCHIO,107.215
LA SPEZIA CENTRALE,COMO S GIOVANNI,264.455
LA SPEZIA CENTRALE,CORNIGLIA,9.699
LA SPEZIA CENTRALE,DEIVA MARINA,29.723
LA SPEZIA CENTRALE,EMPOLI,121.518
LA SPEZIA CENTRALE,FILATTIERA,34.263
LA SPEZIA CENTRALE,FINALE LIGURE MARINA,147.179
LA SPEZIA CENTRALE,FIRENZE RIFREDI,150.668
LA SPEZIA CENTRALE,FIRENZE S MARIA NOVELLA,151.88
LA SPEZIA CENTRALE,FORNOVO,96.14
LA SPEZIA CENTRALE,FORTE DEI MARMI SERAVEZZA QUERCETA,39.322
LA SPEZIA CENTRALE,FORTE DEI MARMI SERRAVEZZA Q,39.322
LA SPEZIA CENTRALE,GENOVA BRIGNOLE,84.501
LA SPEZIA CENTRALE,GENOVA NERVI,75.918
LA SPEZIA CENTRALE,GENOVA P PRINCIPE,87.078
LA SPEZIA CENTRALE,GENOVA P PRINCIPE SOTTERRANEA,87.073
LA SPEZIA CENTRALE,GENOVA PIAZZA PRINCIPE,86.838
LA SPEZIA CENTRALE,GENOVA QUARTO DEI MILLE,79.795
LA SPEZIA CENTRALE,GENOVA SAMPIERDARENA,90.036
LA SPEZIA CENTRALE,GENOVA SESTRI PONENTE,92.579
LA SPEZIA CENTRALE,GENOVA SESTRI PONENTE AEROPORTO,93.557
LA SPEZIA CENTRALE,GENOVA VOLTRI,100.808
LA SPEZIA CENTRALE,GROSSETO,219.567
LA SPEZIA CENTRALE,LA SPEZIA MIGLIARINA,2.028
LA SPEZIA CENTRALE,LEVANTO,20.561
LA SPEZIA CENTRALE,LIVORNO CENTRALE,92.55
LA SPEZIA CENTRALE,LUCCA,75.361
LA SPEZIA CENTRALE,MASSA CENTRO,32.15
LA SPEZIA CENTRALE,MILANO CENTRALE,220.928
LA SPEZIA CENTRALE,MILANO CERTOSA,227.293
LA SPEZIA CENTRALE,MILANO GRECO PIRELLI,223.994
LA SPEZIA CENTRALE,MILANO LAMBRATE,218.025
LA SPEZIA CENTRALE,MILANO PORTA GARIBALDI,223.164
LA SPEZIA CENTRALE,MONTEROSSO,16.114
LA SPEZIA CENTRALE,MONZA,232.079
LA SPEZIA CENTRALE,NAPOLI CENTRALE,612.641
LA SPEZIA CENTRALE,NAVACCHIO,82.196
LA SPEZIA CENTRALE,OSTIA PARMENSE,65.782
LA SPEZIA CENTRALE,PADOVA,326.747
LA SPEZIA CENTRALE,PARMA,119.192
LA SPEZIA CENTRALE,PAVIA,188.632
LA SPEZIA CENTRALE,PIETRASANTA,42.752
LA SPEZIA CENTRALE,PISA CENTRALE,74.538
LA SPEZIA CENTRALE,PISA S ROSSORE,73.754
LA SPEZIA CENTRALE,PONTEDERA CASCIANA TERME,93.939
LA SPEZIA CENTRALE,PONTREMOLI,40.894
LA SPEZIA CENTRALE,RECCO,66.841
LA SPEZIA CENTRALE,RIOMAGGIORE,6.864
LA SPEZIA CENTRALE,ROMA TERMINI,404.741
LA SPEZIA CENTRALE,RONCO SCRIVIA,112.341
LA SPEZIA CENTRALE,S ROMANO MONTOPOLI S CROCE,106.009
LA SPEZIA CENTRALE,S STEFANO DI MAGRA,14.065
LA SPEZIA CENTRALE,SARZANA,18.457
LA SPEZIA CENTRALE,SAVONA,128.87
LA SPEZIA CENTRALE,SEREGNO,242.067
LA SPEZIA CENTRALE,SESTRI LEVANTE,41.699
LA SPEZIA CENTRALE,TAGGIA ARMA,206.408
LA SPEZIA CENTRALE,TARVISIO BOSCOVERDE,569.029
LA SPEZIA CENTRALE,TORINO LINGOTTO,241.477
LA SPEZIA CENTRALE,TORRE DEL LAGO PUCCINI,58.399
LA SPEZIA CENTRALE,VENTIMIGLIA,229.124
LA SPEZIA CENTRALE,VEZZANO LIGURE,7.247
LA SPEZIA CENTRALE,VIAREGGIO,53.26
LA SPEZIA CENTRALE,VILLA LITERNO,579.089
LA SPEZIA CENTRALE,VILLAFRANCA BAGNONE,29.822
LA SPEZIA CENTRALE,VOGHERA,163.68
LA SPEZIA MIGLIARINA,BOLOGNA CENTRALE,207.194
LA SPEZIA MIGLIARINA,CORNIGLIA,11.726
LA SPEZIA MIGLIARINA,FIRENZE S MARIA NOVELLA,149.852
LA SPEZIA MIGLIARINA,GENOVA BRIGNOLE,86.529
LA SPEZIA MIGLIARINA,LA SPEZIA CENTRALE,2.028
LA SPEZIA MIGLIARINA,LEVANTO,22.589
LA SPEZIA MIGLIARINA,MILANO CENTRALE,218.9
LA SPEZIA MIGLIARINA,MONTEROSSO,18.142
LA SPEZIA MIGLIARINA,PARMA,117.164
LA SPEZIA MIGLIARINA,PISA CENTRALE,72.51
LA SPEZIA MIGLIARINA,PONTREMOLI,38.866
LA SPEZIA MIGLIARINA,SARZANA,16.429
LA SPEZIA MIGLIARINA,SESTRI LEVANTE,43.727
LA STORTA,BRACCIANO,20.412
LA STORTA,CESANO DI ROMA,8.867
LA STORTA,MONTEROTONDO MENTANA,48.104
LA STORTA,ROMA OSTIENSE,19.857
LA STORTA,ROMA S FILIPPO NERI,7.601
LA STORTA,ROMA S PIETRO,14.916
LA STORTA,ROMA TIBURTINA,27.193
LA STORTA,ROMA TUSCOLANA,23.334
LA STORTA,VITERBO PORTA FIORENTINA,68.92
LA STORTA,VITERBO PORTA ROMANA,67.306
LADISPOLI CERVETERI,CIVITAVECCHIA,30.457
LADISPOLI CERVETERI,GROSSETO,137.642
LADISPOLI CERVETERI,MACCARESE,16.302
LADISPOLI CERVETERI,MONTALTO DI CASTRO,66.601
LADISPOLI CERVETERI,PISA CENTRALE,282.674
LADISPOLI CERVETERI,PONTE GALERIA,28.186
LADISPOLI CERVETERI,ROMA AURELIA,30.107
LADISPOLI CERVETERI,ROMA OSTIENSE,40.631
LADISPOLI CERVETERI,ROMA S PIETRO,35.69
LADISPOLI CERVETERI,ROMA TERMINI,47.531
LADISPOLI CERVETERI,ROMA TIBURTINA,47.967
LADISPOLI CERVETERI,ROMA TUSCOLANA,44.108
LAMA,CHIOGGIA,42.913
LAMA,ROVIGO,12.965
LAMEZIA TERME CENTRALE,AMANTEA,31.266
LAMEZIA TERME CENTRALE,BAGNARA,88.487
LAMEZIA TERME CENTRALE,BARI CENTRALE,347.181
LAMEZIA TERME CENTRALE,BOTRICELLO,69.782
LAMEZIA TERME CENTRALE,BRIATICO,38.476
LAMEZIA TERME CENTRALE,CASTIGLIONE COSENTINO,75.355
LAMEZIA TERME CENTRALE,CATANZARO,37.865
LAMEZIA TERME CENTRALE,CATANZARO LIDO,44.945
LAMEZIA TERME CENTRALE,CAULONIA,104.478
LAMEZIA TERME CENTRALE,CONDOFURI,158.296
LAMEZIA TERME CENTRALE,COSENZA,79.68
LAMEZIA TERME CENTRALE,CROTONE,104.84
LAMEZIA TERME CENTRALE,GIOIA TAURO,69.844
LAMEZIA TERME CENTRALE,JOPPOLO,64.232
LAMEZIA TERME CENTRALE,LAMEZIA TERME NICASTRO,10.849
LAMEZIA TERME CENTRALE,LECCE,347.533
LAMEZIA TERME CENTRALE,LOCRI,126.954
LAMEZIA TERME CENTRALE,MELITO DI PORTO SALVO,149.84
LAMEZIA TERME CENTRALE,MONASTERACE STILO,90.326
LAMEZIA TERME CENTRALE,NICOTERA,69.63
LAMEZIA TERME CENTRALE,PAOLA,56.613
LAMEZIA TERME CENTRALE,PARGHELIA,49.495
LAMEZIA TERME CENTRALE,PIZZO,28.536
LAMEZIA TERME CENTRALE,PRAJA AJETA TORTORA,124.671
LAMEZIA TERME CENTRALE,REGGIO CALABRIA CENTRALE,120.044
LAMEZIA TERME CENTRALE,REGGIO DI CALABRIA CENTRALE,120.044
LAMEZIA TERME CENTRALE,REGGIO DI CALABRIA GALLICO,112.141
LAMEZIA TERME CENTRALE,REGGIO DI CALABRIA PELLARO,130.268
LAMEZIA TERME CENTRALE,RICADI CAPO VATICANO,60.102
LAMEZIA TERME CENTRALE,ROCCELLA JONICA,110.288
LAMEZIA TERME CENTRALE,ROMA S PIETRO,541.718
LAMEZIA TERME CENTRALE,ROMA TERMINI,533.964
LAMEZIA TERME CENTRALE,ROMA TIBURTINA,532.393
LAMEZIA TERME CENTRALE,ROSARNO,59.951
LAMEZIA TERME CENTRALE,S CATERINA DELL JONIO,79.833
LAMEZIA TERME CENTRALE,S PIETRO A MAIDA MAIDA,6.83
LAMEZIA TERME CENTRALE,SAPRI,149.24
LAMEZIA TERME CENTRALE,SIBARI,129.374
LAMEZIA TERME CENTRALE,SOVERATO,62.431
LAMEZIA TERME CENTRALE,SQUILLACE,50.494
LAMEZIA TERME CENTRALE,TORINO PORTA NUOVA,1180.0
LAMEZIA TERME CENTRALE,TROPEA,52.606
LAMEZIA TERME CENTRALE,VAIRANO CAIANELLO,381.611
LAMEZIA TERME CENTRALE,VENEZIA S LUCIA,1037.248
LAMEZIA TERME CENTRALE,VIBO MARINA,29.785
LAMEZIA TERME CENTRALE,VIBO VALENTIA PIZZO,26.66
LAMEZIA TERME CENTRALE,VILLA S GIOVANNI,105.964
LAMEZIA TERME NICASTRO,CATANZARO LIDO,34.096
LAMEZIA TERME NICASTRO,CROTONE,93.991
LAMEZIA TERME NICASTRO,LAMEZIA TERME CENTRALE,10.849
LAMEZIA TERME NICASTRO,LOCRI,116.106
LAMEZIA TERME NICASTRO,ROCCELLA JONICA,99.439
LANA POSTAL,BOLZANO,24.432
LANA POSTAL,BRENNERO,113.229
LANCIANO,L AQUILA,162.432
LANUVIO,CIAMPINO,22.206
LANUVIO,ROMA TERMINI,32.322
LANUVIO,ROMA TIBURTINA,32.391
LANUVIO,VELLETRI,8.9
LATINA,CAMPOLEONE,27.512
LATINA,CISTERNA DI LATINA,11.014
LATINA,FORMIA GAETA,67.369
LATINA,MILANO CENTRALE,619.129
LATINA,MINTURNO,77.393
LATINA,NAPOLI CENTRALE,152.805
LATINA,POMEZIA S PALOMBA,37.107
LATINA,REGGIO CALABRIA CENTRALE,594.549
LATINA,ROMA TERMINI,60.903
LATINA,ROMA TIBURTINA,60.972
LATINA,ROMA TUSCOLANA,59.113
LATINA,SESTRI LEVANTE,501.535
LATINA,TORRICOLA,48.869
LATISANA LIGNANO BIBIONE,TRIESTE CENTRALE,71.978
LATISANA LIGNANO BIBIONE,VENEZIA MESTRE,73.257
LATISANA LIGNANO BIBIONE,VENEZIA S LUCIA,81.641
LAVENO,MILANO CADORNA,71.363
LAVENO,VARESE,22.457
LAVENO MOMBELLO,GALLARATE,31.173
LAVENO MOMBELLO,LUINO,15.096
LAVENO MOMBELLO,MILANO CENTRALE,73.022
LAVENO MOMBELLO,MILANO PORTA GARIBALDI,73.397
LAVENO MOMBELLO,MORNAGO CIMBRO,21.76
LAVENO MOMBELLO LAGO,GERENZANO TURATE,47.998
LAVENO MOMBELLO LAGO,MILANO CADORNA,72.178
LAVENO MOMBELLO LAGO,MILANO QUARTO OGGIARO,66.057
LAVENO MOMBELLO LAGO,NOVATE MILANESE,64.216
LAVENO MOMBELLO LAGO,VARESE,22.46
LAVENO MOMBELLO LAGO,VARESE CASBENO,19.459
LAVEZZOLA,FAENZA,80.341
LAVEZZOLA,FERRARA,158.268
LAVEZZOLA,GRANAROLO,54.317
LAVEZZOLA,LUGO,58.878
LAVEZZOLA,RAVENNA,32.748
LAVEZZOLA,SUZZARA,240.115
LECCE,ALESSANDRIA,1038.528
LECCE,ANCONA,590.952
LECCE,ASTI,1072.8
LECCE,BARI CENTRALE,149.363
LECCE,BARI TORRE A MARE,138.043
LECCE,BARLETTA,204.137
LECCE,BENEVENTO,435.443
LECCE,BOLOGNA CENTRALE,796.342
LECCE,BOLZANO,1051.391
LECCE,BRANCALEONE,508.308
LECCE,CASTEL S PIETRO TERME,771.743
LECCE,CASTELBOLOGNESE,752.981
LECCE,CASTELGUELFO,895.776
LECCE,CATANZARO LIDO,391.343
LECCE,CERIGNOLA,237.907
LECCE,CERIGNOLA CAMPAGNA,237.646
LECCE,CESENA,712.219
LECCE,CIVITANOVA MARCHE MONTEGRANARO,548.212
LECCE,FAENZA,744.664
LECCE,FASANO,94.985
LECCE,FIDENZA,907.121
LECCE,FIORENZUOLA,920.08
LECCE,FIRENZE CAMPO MARTE,845.211
LECCE,FOGGIA,272.783
LECCE,FORLI,730.041
LECCE,GIOIA DEL COLLE,149.794
LECCE,IMOLA,760.722
LECCE,INCORONATA,261.587
LECCE,LAMEZIA TERME CENTRALE,347.533
LECCE,LOCRI,474.079
LECCE,MELITO DI PORTO SALVO,497.373
LECCE,METAPONTO,138.852
LECCE,MILANO CENTRALE,1006.705
LECCE,MILANO LAMBRATE,1003.801
LECCE,MILANO PORTA GARIBALDI,1008.941
LECCE,MILANO ROGOREDO,1001.978
LECCE,MODENA,831.656
LECCE,MONOPOLI,108.826
LECCE,MONTESILVANO,451.882
LECCE,NAPOLI CENTRALE,409.039
LECCE,OSTUNI,74.887
LECCE,PADOVA,916.615
LECCE,PEDASO,522.372
LECCE,PESARO,650.484
LECCE,PESCARA,444.912
LECCE,PIACENZA,942.068
LECCE,POLIGNANO A MARE,115.45
LECCE,PONTE CASALDUNI,380.079
LECCE,PORTO D ASCOLI,501.595
LECCE,PORTO DI VASTO,390.152
LECCE,PORTO S GIORGIO FERMO,532.607
LECCE,REGGIO CALABRIA CENTRALE,467.577
LECCE,REGGIO DI CALABRIA CENTRALE,467.577
LECCE,RIMINI,683.822
LECCE,ROCCELLA JONICA,457.412
LECCE,ROMA TERMINI,617.7
LECCE,ROMA TIBURTINA,616.128
LECCE,ROMANO,1005.811
LECCE,S BENEDETTO DEL TRONTO,506.406
LECCE,S SEVERO,300.311
LECCE,S VITO DEI NORMANNI,50.125
LECCE,SCANZANO J MONTALBANO J,154.851
LECCE,SIBARI,218.159
LECCE,SQUINZANO,14.934
LECCE,SURBO,3.559
LECCE,TARANTO,95.353
LECCE,TERME EUGANEE ABANO MONTEGR,903.343
LECCE,TERMOLI,355.856
LECCE,TORINO LINGOTTO,1124.227
LECCE,TORINO PORTA NUOVA,1128.409
LECCE,TRANI,191.459
LECCE,TRENTO,995.834
LECCE,VASTO S SALVO,378.834
LECCE,VENEZIA MESTRE,945.351
LECCE,VENEZIA S LUCIA,953.234
LECCE,VENTIMIGLIA,1213.69
LECCE,VERONA PORTA NUOVA,909.74
LECCE,VILLANOVA D ASTI,1098.407
LECCO,ABBADIA LARIANA,9.662
LECCO,AMBIVERE MAPELLO,19.219
LECCO,ARCORE,28.265
LECCO,ARDENNO MASINO,64.042
LECCO,BELLANO TARTAVALLE TERME,27.138
LECCO,BELLANO TARTAVELLE TERME,27.138
LECCO,BERGAMO,140.769
LECCO,BESANA,27.856
LECCO,BRESCIA,126.19
LECCO,CALOLZIOCORTE OLGINATE,4.721
LECCO,CANTU,32.946
LECCO,CARATE CALO,32.46
LECCO,CARNATE USMATE,23.015
LECCO,CERNUSCO MERATE,17.962
LECCO,CHIAVENNA,67.694
LECCO,CISANO CAPRINO BERGAMASCO,12.829
LECCO,COLICO,41.116
LECCO,COMO S GIOVANNI,44.194
LECCO,COSIO TRAONA,53.243
LECCO,COSTA MASNAGA,19.838
LECCO,CREMONA,129.96
LECCO,DELEBIO,48.229
LECCO,DERVIO,31.765
LECCO,DESENZANO,153.757
LECCO,LECCO MAGGIANICO,0.0
LECCO,LIERNA,17.112
LECCO,MANDELLO DEL LARIO,14.446
LECCO,MERONE,22.447
LECCO,MILANO CENTRALE,46.044
LECCO,MILANO CERTOSA,50.433
LECCO,MILANO GRECO PIRELLI,43.421
LECCO,MILANO LAMBRATE,49.275
LECCO,MILANO PORTA GARIBALDI,46.456
LECCO,MILANO ROGOREDO,50.761
LECCO,MOLTENO,17.138
LECCO,MONZA,40.941
LECCO,MORBEGNO,56.704
LECCO,OGGIONO,14.135
LECCO,PONTE IN VALTELLINA,90.187
LECCO,PONTE S PIETRO,23.063
LECCO,S PIETRO BERBENNO,71.101
LECCO,SESTO S GIOVANNI,39.742
LECCO,SONDRIO,81.578
LECCO,TIRANO,107.583
LECCO,TRENTO,276.424
LECCO,TRESENDA APRICA TEGLIO,98.467
LECCO,TRIUGGIO PONTE ALBIATE,34.869
LECCO,VALMADRERA,6.116
LECCO,VARENNA ESINO,23.834
LECCO,VERONA PORTA NUOVA,190.779
LECCO,VILLASANTA,30.899
LECCO,VILLASANTA PARCO,30.899
LECCO MAGGIANICO,LECCO,0.0
LECCO MAGGIANICO,MILANO CENTRALE,46.044
LECCO MAGGIANICO,MILANO PORTA GARIBALDI,46.456
LECCO MAGGIANICO,PONTE S PIETRO,23.063
LEGNAGO,ESTE,29.688
LEGNAGO,MANTOVA,45.99
LEGNAGO,MONSELICE,37.91
LEGNAGO,MONTAGNANA,13.683
LEGNAGO,PADOVA,60.978
LEGNAGO,ROVIGO,48.626
LEGNAGO,SALETTO,19.645
LEGNAGO,VENEZIA MESTRE,89.713
LEGNAGO,VENEZIA S LUCIA,97.596
LEGNAGO,VERONA PORTA NUOVA,51.685
LENDINARA,ROVIGO,20.308
LENDINARA,VERONA PORTA NUOVA,80.003
LENTINI,CATANIA CENTRALE,28.7
LENTINI,GIARRE RIPOSTO,52.301
LENTINI,MESSINA CENTRALE,121.882
LENTINI,SIRACUSA,54.683
LEONFORTE PIRATO,CALTANISSETTA CENTRALE,43.819
LEONFORTE PIRATO,CALTANISSETTA XIRBI,37.385
LEONFORTE PIRATO,PALERMO CENTRALE,163.601
LETOJANNI,BICOCCA,58.328
LETOJANNI,CALTAGIRONE,140.636
LETOJANNI,CATANIA CENTRALE,50.886
LETOJANNI,MESSINA CENTRALE,42.299
LETOJANNI,SIRACUSA,134.27
LEVANTO,COGOLETO,90.727
LEVANTO,CORNIGLIA,10.863
LEVANTO,GENOVA BRIGNOLE,63.94
LEVANTO,GENOVA SESTRI PONENTE,72.017
LEVANTO,GENOVA VOLTRI,80.246
LEVANTO,LA SPEZIA CENTRALE,20.561
LEVANTO,LA SPEZIA MIGLIARINA,22.589
LEVANTO,MILANO CENTRALE,204.363
LEVANTO,MONTEROSSO,4.458
LEVANTO,PISA CENTRALE,95.099
LEVANTO,SARZANA,39.018
LEVANTO,SAVONA,108.309
LEVANTO,SESTRI LEVANTE,21.138
LEVANTO,VEZZANO LIGURE,27.808
LEVICO,BORGO VALSUGANA EST,14.294
LEVICO,TRENTO,30.266
LEVICO TERME,TRENTO,30.266
LIDO DI CLASSE LIDO DI SAVIO,BOLOGNA CENTRALE,98.066
LIDO DI CLASSE LIDO DI SAVIO,RAVENNA,13.593
LIDO DI CLASSE LIDO DI SAVIO,RIMINI,37.25
LIERNA,COLICO,24.003
LIERNA,LECCO,17.112
LIERNA,MILANO CENTRALE,63.155
LIERNA,MILANO ROGOREDO,67.871
LIERNA,SESTO S GIOVANNI,56.853
LIERNA,SONDRIO,64.465
LIERNA,TIRANO,90.471
LIMONE,CUNEO,28.472
LIMONE,FOSSANO,54.967
LIONI,BENEVENTO,93.985
LIVORNO CENTRALE,ARQUATA SCRIVIA,214.913
LIVORNO CENTRALE,BORGO VAL DI TARO,133.584
LIVORNO CENTRALE,CAMPIGLIA MARITTIMA,68.675
LIVORNO CENTRALE,CASCINA,30.949
LIVORNO CENTRALE,CECINA,33.707
LIVORNO CENTRALE,CHIASSO,340.767
LIVORNO CENTRALE,EMPOLI,65.391
LIVORNO CENTRALE,FIDENZA,195.706
LIVORNO CENTRALE,FIRENZE RIFREDI,94.541
LIVORNO CENTRALE,FIRENZE S MARIA NOVELLA,95.752
LIVORNO CENTRALE,FOLLONICA,86.26
LIVORNO CENTRALE,FORNOVO,170.852
LIVORNO CENTRALE,FORTE DEI MARMI SERRAVEZZA Q,53.228
LIVORNO CENTRALE,GENOVA BRIGNOLE,177.051
LIVORNO CENTRALE,GENOVA P PRINCIPE,179.628
LIVORNO CENTRALE,GENOVA PIAZZA PRINCIPE,179.388
LIVORNO CENTRALE,GROSSETO,127.757
LIVORNO CENTRALE,LA SPEZIA CENTRALE,92.55
LIVORNO CENTRALE,LA SPEZIA MIGLIARINA,90.522
LIVORNO CENTRALE,LUCCA,41.133
LIVORNO CENTRALE,MASSA CENTRO,60.4
LIVORNO CENTRALE,MILANO CENTRALE,295.64
LIVORNO CENTRALE,MILANO LAMBRATE,292.736
LIVORNO CENTRALE,MILANO PORTA GARIBALDI,297.876
LIVORNO CENTRALE,MILANO ROGOREDO,290.913
LIVORNO CENTRALE,NAPOLI CENTRALE,520.831
LIVORNO CENTRALE,NAVACCHIO,26.068
LIVORNO CENTRALE,ORBETELLO,159.13
LIVORNO CENTRALE,ORBETELLO MONTE ARGENTARIO,165.659
LIVORNO CENTRALE,PADOVA,300.99
LIVORNO CENTRALE,PAVIA,281.182
LIVORNO CENTRALE,PIACENZA,230.653
LIVORNO CENTRALE,PIOMBINO,79.537
LIVORNO CENTRALE,PIOMBINO BINARI MARE,81.713
LIVORNO CENTRALE,PIOMBINO MARITTIMA,81.713
LIVORNO CENTRALE,PISA CENTRALE,19.373
LIVORNO CENTRALE,PONTEDERA CASCIANA TERME,37.811
LIVORNO CENTRALE,PONTREMOLI,115.606
LIVORNO CENTRALE,RECCO,159.391
LIVORNO CENTRALE,ROMA TERMINI,312.931
LIVORNO CENTRALE,ROMA TUSCOLANA,309.508
LIVORNO CENTRALE,ROSIGNANO,23.046
LIVORNO CENTRALE,S GIULIANO TERME,29.425
LIVORNO CENTRALE,S ROMANO MONTOPOLI S CROCE,49.881
LIVORNO CENTRALE,S STEFANO DI MAGRA,88.777
LIVORNO CENTRALE,S VINCENZO,58.085
LIVORNO CENTRALE,SARZANA,74.093
LIVORNO CENTRALE,SCARLINO,92.736
LIVORNO CENTRALE,SECUGNAGO,254.656
LIVORNO CENTRALE,SESTRI LEVANTE,134.249
LIVORNO CENTRALE,TARVISIO BOSCOVERDE,543.272
LIVORNO CENTRALE,TAVAZZANO,274.241
LIVORNO CENTRALE,TORINO LINGOTTO,334.027
LIVORNO CENTRALE,TORTONA,239.802
LIVORNO CENTRALE,VADA,27.771
LIVORNO CENTRALE,VEZZANO LIGURE,85.311
LIVORNO CENTRALE,VIAREGGIO,39.292
LIVORNO CENTRALE,VOGHERA,256.23
LIVORNO FERRARIS,CHIVASSO,18.167
LIVORNO FERRARIS,IVREA,50.658
LIVORNO FERRARIS,MILANO CENTRALE,104.602
LIVORNO FERRARIS,NOVARA,53.589
LIVORNO FERRARIS,SANTHIA,12.089
LOANO,GENOVA BRIGNOLE,72.875
LOANO,MILANO CENTRALE,202.999
LOANO,TORINO PORTA NUOVA,175.747
LOANO,VENTIMIGLIA,71.749
LOCRI,CATANZARO,89.089
LOCRI,CATANZARO LIDO,82.736
LOCRI,LAMEZIA TERME CENTRALE,126.954
LOCRI,LAMEZIA TERME NICASTRO,116.106
LOCRI,MONASTERACE STILO,36.628
LOCRI,MONTEPAONE MONTAURO,70.138
LOCRI,REGGIO CALABRIA CENTRALE,95.358
LOCRI,REGGIO DI CALABRIA CENTRALE,95.358
LOCRI,ROCCELLA JONICA,16.667
LOCRI,SIDERNO,5.35
LOCRI,SOVERATO,64.523
LOCRI,SQUILLACE,76.46
LODI,BOLOGNA CENTRALE,182.961
LODI,BOZZOLO,87.532
LODI,CASALPUSTERLENGO,18.736
LODI,MANTOVA,224.04
LODI,MELEGNANO,14.787
LODI,MILANO BOVISA,37.692
LODI,MILANO CENTRALE,33.152
LODI,MILANO CERTOSA,39.355
LODI,MILANO GRECO PIRELLI,36.218
LODI,MILANO LAMBRATE,30.249
LODI,MILANO LANCETTI,35.833
LODI,MILANO PORTA VITTORIA,29.898
LODI,MILANO ROGOREDO,28.425
LODI,PIACENZA,35.893
LODI,RIMINI,294.132
LODI,SARONNO,55.087
LODI,TAVAZZANO,7.711
LOMELLO,ALESSANDRIA,32.979
LOMELLO,MILANO CENTRALE,66.688
LOMELLO,PAVIA,30.395
LOMELLO,TORREBERETTI,12.531
LONATO,BRESCIA,23.531
LONATO,MILANO CENTRALE,103.69
LONATO,VENEZIA S LUCIA,159.718
LONATO,VERONA PORTA NUOVA,41.059
LONGARONE ZOLDO,BELLUNO,18.082
LONGARONE ZOLDO,CALALZO PIEVE CADORE CORTINA,25.444
LONGARONE ZOLDO,VICENZA,135.205
LOREO,CHIOGGIA,20.226
LOREO,LEGNAGO,84.077
LOREO,ROVIGO,35.652
LOREO,VERONA PORTA NUOVA,135.763
LORETO,ANCONA,23.647
LORETO,ASCOLI PICENO,93.547
LORETO,CIVITANOVA MARCHE MONTEGRANARO,19.378
LORETO,MACERATA,46.343
LORETO,MILANO CENTRALE,439.399
LORETO,ORTE,234.199
LORETO,PESCARA,122.399
LORETO,ROMA TERMINI,301.575
LORETO,ROMA TIBURTINA,296.984
LUCCA,ALTOPASCIO,13.925
LUCCA,AULLA LUNIGIANA,78.371
LUCCA,BAGNI DI LUCCA,23.41
LUCCA,BORGO A BUGGIANO,26.911
LUCCA,CAMPIGLIA MARITTIMA,109.067
LUCCA,CASTELNUOVO DI GARFAGNANA,44.99
LUCCA,DIECIMO PESCAGLIA,16.483
LUCCA,FIRENZE CASTELLO,72.711
LUCCA,FIRENZE RIFREDI,76.233
LUCCA,FIRENZE S MARIA NOVELLA,77.444
LUCCA,FORNACI DI BARGA,31.577
LUCCA,GRAGNOLA,76.365
LUCCA,LA SPEZIA CENTRALE,75.361
LUCCA,LIVORNO CENTRALE,41.133
LUCCA,MASSAROSA BOZZANO,14.254
LUCCA,MINUCCIANO PIEVE CASOLA,65.955
LUCCA,MONTECATINI TERME,30.627
LUCCA,MONTECATINI TERME MONSUMMANO,31.02
LUCCA,NAVACCHIO,30.779
LUCCA,PIAZZA AL SERCHIO,57.515
LUCCA,PISA CENTRALE,23.12
LUCCA,PISA S ROSSORE,20.913
LUCCA,PISTOIA,44.012
LUCCA,PONTEDERA CASCIANA TERME,42.522
LUCCA,PORCARI,9.258
LUCCA,PRATO CENTRALE,61.032
LUCCA,RIGOLI,11.708
LUCCA,S GIULIANO TERME,11.708
LUCCA,S PIETRO A VICO,5.271
LUCCA,SARZANA,56.904
LUCCA,VIAREGGIO,22.103
LUGO,BOLOGNA CENTRALE,58.815
LUGO,FAENZA,25.332
LUGO,MILANO CENTRALE,269.178
LUGO,RAVENNA,29.53
LUGO,RUSSI,13.197
LUINO,ASTI,166.618
LUINO,BESNATE,41.219
LUINO,BESOZZO,22.739
LUINO,BOLZANO,374.053
LUINO,BRESSANONE,412.362
LUINO,GALLARATE,46.268
LUINO,LAVENO MOMBELLO,15.096
LUINO,MILANO CENTRALE,88.116
LUINO,MILANO CERTOSA,80.442
LUINO,MILANO PORTA GARIBALDI,88.492
LUINO,MORNAGO CIMBRO,36.855
LUINO,PARABIAGO,63.922
LUINO,PORTO VALTRAVAGLIA,7.323
LUINO,RHO,73.219
LUINO,SESTO CALENDE,36.377
LUINO,TERNATE VARANO BORGHI,30.395
LUNGHEZZA,AVEZZANO,95.657
LUNGHEZZA,PONTE DI NONA,1.658
LUNGHEZZA,ROMA PRENESTINA,7.621
LUNGHEZZA,ROMA TERMINI,12.088
LUNGHEZZA,ROMA TIBURTINA,10.516
LUNGHEZZA,TIVOLI,27.838
LUNGHEZZA,TOR SAPIENZA,4.038
LUNGHEZZA,VAL D ALA,14.562
LUZZARA,PARMA,38.897
MACCARESE,CIVITAVECCHIA,46.759
MACCARESE,LADISPOLI CERVETERI,16.302
MACCARESE,PONTE GALERIA,11.884
MACCARESE,ROMA OSTIENSE,24.329
MACCARESE,ROMA TERMINI,31.229
MACCARESE,ROMA TIBURTINA,31.665
MACCARESE FREGENE,CIVITAVECCHIA,46.634
MACCARESE FREGENE,LADISPOLI CERVETERI,16.177
MACCARESE FREGENE,PISA CENTRALE,298.851
MACCARESE FREGENE,ROMA OSTIENSE,24.454
MACCARESE FREGENE,ROMA TERMINI,31.354
MACCARESE FREGENE,ROMA TIBURTINA,31.79
MACCARESE FREGENE,ROMA TUSCOLANA,27.931
MACERATA,ALBACINA,60.813
MACERATA,ANCONA,69.985
MACERATA,CIVITANOVA MARCHE MONTEGRANARO,27.244
MACERATA,FABRIANO,67.701
MACERATA,LORETO,46.343
MACERATA,MATELICA,47.214
MACERATA,MONTECOSARO,19.791
MACERATA,MORROVALLE MONTE S GIUSTO,14.431
MACERATA,TOLENTINO,18.486
MACOMER,ABBASANTA,27.566
MACOMER,CAGLIARI,156.769
MACOMER,DECIMOMANNU,140.375
MACOMER,OLBIA,124.317
MACOMER,OLBIA TERRANOVA,123.598
MACOMER,OZIERI CHILIVANI,53.502
MACOMER,PAULILATINO,34.324
MACOMER,PLOAGHE,70.982
MACOMER,PORTO TORRES MARITTIMA,117.412
MACOMER,S GAVINO,107.267
MACOMER,SASSARI,98.102
MACOMER,URAS MOGORO,89.259
MAERNE DI MARTELLAGO,BASSANO DEL GRAPPA,43.825
MAERNE DI MARTELLAGO,VENEZIA MESTRE,11.035
MAERNE DI MARTELLAGO,VENEZIA S LUCIA,18.918
MAGENTA,MILANO CENTRALE,29.616
MAGENTA,MILANO CERTOSA,21.941
MAGENTA,MILANO PORTA GARIBALDI,29.991
MAGENTA,NOVARA,21.397
MAGENTA,PIOLTELLO LIMITO,39.498
MAGENTA,RHO,14.151
MAGENTA,TORINO LINGOTTO,122.256
MAGENTA,TORINO PORTA NUOVA,121.313
MAGENTA,TREVIGLIO,59.935
MALPENSA AEROPORTO T1,ALBIZZATE SOLBIATE ARNO,18.305
MALPENSA AEROPORTO T1,BUSTO ARSIZIO,15.361
MALPENSA AEROPORTO T1,BUSTO ARSIZIO N,12.862
MALPENSA AEROPORTO T1,CANTELLO GAGGIOLO,39.936
MALPENSA AEROPORTO T1,CAVARIA OGGIONA JERAGO,15.435
MALPENSA AEROPORTO T1,FERNO LONATE POZZOLO,5.107
MALPENSA AEROPORTO T1,GALLARATE,8.981
MALPENSA AEROPORTO T1,MILANO BOVISA,44.309
MALPENSA AEROPORTO T1,MILANO CADORNA,48.438
MALPENSA AEROPORTO T1,MILANO CENTRALE,50.523
MALPENSA AEROPORTO T1,MILANO PORTA GARIBALDI,50.899
MALPENSA AEROPORTO T1,NOVATE MILANESE,40.281
MALPENSA AEROPORTO T1,SARONNO,26.885
MALPENSA AEROPORTO T1,STABIO,43.408
MALPENSA AEROPORTO T1,VARESE,55.425
MALPENSA AEROPORTO T2,ALBIZZATE SOLBIATE ARNO,14.723
MALPENSA AEROPORTO T2,BUSTO ARSIZIO,14.169
MALPENSA AEROPORTO T2,BUSTO ARSIZIO N,16.444
MALPENSA AEROPORTO T2,BUSTO ARSIZIO RFI,14.169
MALPENSA AEROPORTO T2,CANTELLO GAGGIOLO,36.354
MALPENSA AEROPORTO T2,MILANO BOVISA,43.774
MALPENSA AEROPORTO T2,MILANO CADORNA,47.025
MALPENSA AEROPORTO T2,MILANO CENTRALE,48.684
MALPENSA AEROPORTO T2,MILANO PORTA GARIBALDI,49.059
MALPENSA AEROPORTO T2,NOVATE MILANESE,40.764
MALPENSA AEROPORTO T2,SARONNO,27.368
MALPENSA AEROPORTO T2,SARONNO SUD,29.604
MALPENSA AEROPORTO T2,STABIO,39.826
MALPENSA AEROPORTO T2,VARESE,55.909
MALPENSA AEROPORTO TERMINAL 2,ARCISATE,31.964
MALPENSA AEROPORTO TERMINAL 2,BUSTO ARSIZIO,14.291
MALPENSA AEROPORTO TERMINAL 2,BUSTO ARSIZIO NORD,16.322
MALPENSA AEROPORTO TERMINAL 2,GALLARATE,5.521
MALPENSA AEROPORTO TERMINAL 2,MILANO BOVISA,43.895
MALPENSA AEROPORTO TERMINAL 2,MILANO CADORNA,47.146
MALPENSA AEROPORTO TERMINAL 2,MILANO CENTRALE,48.805
MALPENSA AEROPORTO TERMINAL 2,MILANO PORTA GARIBALDI,49.18
MALPENSA AEROPORTO TERMINAL 2,NOVATE MILANESE,40.885
MALPENSA AEROPORTO TERMINAL 2,RESCALDINA,21.206
MALPENSA AEROPORTO TERMINAL 2,SARONNO,27.489
MALPENSA AEROPORTO TERMINAL 2,STABIO,39.947
MALPENSA AEROPORTO TERMINAL 2,VARESE,56.03
MANDATORICCIO CAMPANA,CATANZARO LIDO,121.311
MANDELA SAMBUCI,AVEZZANO,53.655
MANDELA SAMBUCI,BAGNI DI TIVOLI,33.354
MANDELA SAMBUCI,LUNGHEZZA,42.002
MANDELA SAMBUCI,PESCARA,186.994
MANDELA SAMBUCI,ROMA SMISTAMENTO,50.15
MANDELA SAMBUCI,ROMA TERMINI,54.086
MANDELA SAMBUCI,ROMA TIBURTINA,52.514
MANDELA SAMBUCI,TIVOLI,14.163
MANDELLO DEL LARIO,COLICO,26.669
MANDELLO DEL LARIO,MILANO CENTRALE,60.489
MANDELLO DEL LARIO,MILANO PORTA GARIBALDI,60.9
MANDELLO DEL LARIO,SONDRIO,67.131
MANDELLO DEL LARIO,TIRANO,93.137
MANERBIO,BRESCIA,22.001
MANERBIO,CREMONA,89.505
MANERBIO,OLMENETA,18.334
MANERBIO,S ZENO FOLZANO,16.318
MANFREDONIA,FOGGIA,36.592
MANIAGO,AVIANO,14.152
MANIAGO,BUDOIA POLCENIGO,19.798
MANIAGO,MONTEREALE VALCELLINA,3.088
MANIAGO,PORDENONE,42.295
MANIAGO,SACILE,30.269
MANIAGO,TREVISO C,148.459
MANIAGO,UDINE,90.984
MANOPPELLO,PESCARA,24.093
MANOPPELLO,SULMONA,44.443
MANTOVA,BEVILACQUA,54.708
MANTOVA,BOLOGNA CENTRALE,109.056
MANTOVA,BOLOGNA CENTRALE/AV,109.275
MANTOVA,BOZZOLO,174.644
MANTOVA,CARPI,132.609
MANTOVA,CASTEL D ARIO,18.555
MANTOVA,CEREA,38.564
MANTOVA,CODOGNO,220.391
MANTOVA,CREMONA,193.966
MANTOVA,DOSSOBUONO,57.393
MANTOVA,ESTE,75.678
MANTOVA,FIRENZE S MARIA NOVELLA,200.712
MANTOVA,GAZZO PIEVE S GIACOMO,179.474
MANTOVA,GONZAGA REGGIOLO,113.545
MANTOVA,LEGNAGO,45.99
MANTOVA,LODI,224.04
MANTOVA,MILANO CENTRALE,196.589
MANTOVA,MILANO CERTOSA,204.266
MANTOVA,MILANO LAMBRATE,193.809
MANTOVA,MILANO PORTA GARIBALDI,198.827
MANTOVA,MILANO ROGOREDO,195.645
MANTOVA,MODENA,135.005
MANTOVA,MONSELICE,83.9
MANTOVA,MONTAGNANA,59.673
MANTOVA,MOZZECANE,69.52
MANTOVA,NOGARA,26.11
MANTOVA,OSPEDALETTO EUGANEO,71.234
MANTOVA,PADOVA,106.967
MANTOVA,PIADENA,165.797
MANTOVA,PIZZIGHETTONE,212.763
MANTOVA,ROLO NOVI FABBRICO,120.885
MANTOVA,ROMA TERMINI,460.127
MANTOVA,ROMA TIBURTINA,455.536
MANTOVA,ROMANORE,98.009
MANTOVA,S ANTONIO MANTOVANO,83.37
MANTOVA,SALETTO,65.635
MANTOVA,SANGUINETTO,33.066
MANTOVA,SECUGNAGO,232.257
MANTOVA,SOLIERA MODENESE,139.418
MANTOVA,SUZZARA,225.985
MANTOVA,TAVAZZANO,216.329
MANTOVA,TORRE DE PICENARDI,171.85
MANTOVA,VENEZIA MESTRE,135.703
MANTOVA,VENEZIA S LUCIA,143.586
MANTOVA,VERONA PORTA NUOVA,57.093
MANTOVA,VILLAFRANCA DI VERONA,64.418
MANTOVA FRASSINE,MONSELICE,77.577
MANTOVA FRASSINE,SALETTO,59.313
MANTOVA FRASSINE,VENEZIA MESTRE,129.38
MANZIANA CANALE MONTERANO,ROMA OSTIENSE,49.512
MARATEA,PAOLA,80.257
MARATEA,ROMA OSTIENSE,399.635
MARAUSA,CASTELVETRANO,60.776
MARAUSA,PIRAINETO,148.779
MARCATOBIANCO,CALTANISSETTA CENTRALE,50.511
MARCATOBIANCO,CALTANISSETTA XIRBI,44.077
MARCELLINA PALOMBARA,AVEZZANO,73.735
MARCELLINA PALOMBARA,PESCARA,207.074
MARCELLINA PALOMBARA,ROMA TERMINI,34.006
MARCELLINA PALOMBARA,ROMA TIBURTINA,32.434
MARCELLINA PALOMBARA,TIVOLI,5.916
MARECHIARO,CAMPO DI CARNE,9.134
MARECHIARO,ROMA TERMINI,53.09
MARIANO COMENSE,MILANO BOVISA,24.397
MARIANO COMENSE,MILANO CADORNA,27.849
MARIANO COMENSE,MILANO ROGOREDO,35.474
MARIANO COMENSE,SEVESO,6.754
MARINO,ALBANO LAZIALE,22.704
MARINO,CIAMPINO,12.458
MARINO,ROMA TERMINI,22.575
MARINO LAZIALE,ALBANO LAZIALE,22.704
MARINO LAZIALE,CIAMPINO,12.458
MARINO LAZIALE,ROMA TERMINI,22.575
MARMORE,L AQUILA,88.333
MARMORE,TERNI,15.334
MARONE ZONE,BRESCIA,37.915
MARONE ZONE,ISEO,11.622
MARONE ZONE,PILZONE,8.869
MAROTTA MONDOLFO,ANCONA,34.877
MAROTTA MONDOLFO,PIACENZA,316.24
MAROTTA MONDOLFO,RIMINI,57.994
MARRADI,BOLOGNA CENTRALE,83.49
MARRADI,BORGO S LORENZO,32.178
MARRADI,CRESPINO DEL LAMONE,10.343
MARRADI,FAENZA,35.503
MARRADI,FIESOLE CALDINE,58.14
MARRADI,FIRENZE S MARIA NOVELLA,67.524
MARRADI,PISTOIA,98.781
MARRADI,RIMINI,96.35
MARRADI,RONTA,23.33
MARRADI PALAZZUOLO SUL SENIO,BORGO S LORENZO,32.178
MARRADI PALAZZUOLO SUL SENIO,BRISIGHELLA,21.371
MARRADI PALAZZUOLO SUL SENIO,FAENZA,35.503
MARRADI PALAZZUOLO SUL SENIO,FIRENZE S MARIA NOVELLA,67.524
MARRUBIU TERRALBA ARBOREA,CAGLIARI,75.853
MARSALA,ALCAMO DIRAMAZIONE,86.28
MARSALA,CAMPOBELLO DI MAZARA,35.228
MARSALA,CASTELLAMMARE DEL GOLFO,91.446
MARSALA,CASTELVETRANO,43.709
MARSALA,GALLITELLO,70.229
MARSALA,MAZARA DEL VALLO,21.005
MARSALA,PARTINICO,111.775
MARSALA,PETROSINO STRASATTI,9.606
MARSALA,PIRAINETO,131.712
MARSALA,SALEMI GIBELLINA,59.771
MARSALA,TRAPANI,30.68
MARSALA,TRAPPETO,103.641
MARTINA FRANCA,CRISPIANO,17.873
MARTINA FRANCA,STATTE,23.847
MARTINA FRANCA,TARANTO,35.182
MARTINA FRANCA,TARANTO GALESE,33.571
MARZABOTTO,BOLOGNA CENTRALE,26.42
MARZABOTTO,BOLOGNA S RUFFILLO,33.032
MARZABOTTO,CASALECCHIO GARIBALDI,17.84
MARZABOTTO,PIANORO,42.98
MARZABOTTO,PORRETTA TERME,31.96
MARZABOTTO,SASSO MARCONI,7.538
MASI TORELLO,FERRARA,196.778
MASSA CENTRO,FIRENZE S MARIA NOVELLA,119.73
MASSA CENTRO,LA SPEZIA CENTRALE,32.15
MASSA CENTRO,MILANO CENTRALE,235.24
MASSA CENTRO,MILANO PORTA GARIBALDI,237.476
MASSA CENTRO,NAPOLI CENTRALE,580.491
MASSA CENTRO,PISA CENTRALE,42.388
MASSA CENTRO,PONTREMOLI,55.206
MASSA CENTRO,SARZANA,13.693
MASSA ZONA INDUSTRIALE,MASSA CENTRO,161.999
MASSA ZONA INDUSTRIALE,PISA CENTRALE,119.614
MASSAFISCAGLIA,FERRARA,202.152
MASSALOMBARDA,FAENZA,94.365
MASSAROSA BOZZANO,FIRENZE S MARIA NOVELLA,91.554
MASSAROSA BOZZANO,LUCCA,14.254
MATELICA,ANCONA,74.638
MATHI,ALBA,96.51
MATHI,FOSSANO,93.672
MAZARA DEL VALLO,ALCAMO DIRAMAZIONE,65.275
MAZARA DEL VALLO,CASTELVETRANO,22.704
MAZARA DEL VALLO,PALERMO CENTRALE,142.443
MAZARA DEL VALLO,PIRAINETO,110.707
MAZARA DEL VALLO,TRAPANI,51.685
MEDA,ASSO,28.017
MEDA,ERBA,20.838
MEDA,MERONE,16.823
MEDA,MILANO BOVISA,19.147
MEDA,MILANO ROGOREDO,30.224
MELEGNANO,LODI,14.787
MELEGNANO,MILANO BOVISA,22.905
MELEGNANO,MILANO CENTRALE,18.365
MELEGNANO,MILANO CERTOSA,24.568
MELEGNANO,MILANO GRECO PIRELLI,21.43
MELEGNANO,MILANO LANCETTI,21.046
MELEGNANO,MILANO PORTA VENEZIA,17.632
MELEGNANO,MILANO PORTA VITTORIA,15.111
MELEGNANO,MILANO ROGOREDO,13.638
MELEGNANO,SARONNO,40.299
MELFI,AVIGLIANO LUCANIA,39.077
MELFI,BARILE,6.777
MELFI,FOGGIA,65.598
MELFI,POTENZA CENTRALE,53.177
MELFI,POTENZA INFERIORE,53.375
MELFI,RIONERO ATELLA RIPACANDITA,9.377
MELITO DI PORTO SALVO,AMANTEA,181.106
MELITO DI PORTO SALVO,BAGNARA,61.362
MELITO DI PORTO SALVO,CASTIGLIONE COSENTINO,225.195
MELITO DI PORTO SALVO,CATANZARO LIDO,148.293
MELITO DI PORTO SALVO,COSENZA,229.52
MELITO DI PORTO SALVO,GIOIA TAURO,79.995
MELITO DI PORTO SALVO,LAMEZIA TERME CENTRALE,149.84
MELITO DI PORTO SALVO,PALMI,71.58
MELITO DI PORTO SALVO,PAOLA,206.452
MELITO DI PORTO SALVO,PIZZO,121.308
MELITO DI PORTO SALVO,REGGIO CALABRIA CENTRALE,29.801
MELITO DI PORTO SALVO,REGGIO DI CALABRIA CENTRALE,29.801
MELITO DI PORTO SALVO,REGGIO DI CALABRIA GALLICO,37.7
MELITO DI PORTO SALVO,REGGIO DI CALABRIA PELLARO,19.573
MELITO DI PORTO SALVO,REGGIO DI CALABRIA S GREGORIO,23.838
MELITO DI PORTO SALVO,ROCCELLA JONICA,82.224
MELITO DI PORTO SALVO,ROSARNO,89.89
MELITO DI PORTO SALVO,SALINE DI REGGIO,6.732
MELITO DI PORTO SALVO,SCILLA,52.461
MELITO DI PORTO SALVO,TROPEA,119.667
MELITO DI PORTO SALVO,VIBO MARINA,142.487
MELITO DI PORTO SALVO,VILLA S G CANNITELLO,46.965
MELITO DI PORTO SALVO,VILLA S GIOVANNI,43.876
MENDRISIO,VARESE,79.793
MERANO,BOLZANO,33.241
MERANO,BRENNERO,122.039
MERANO,BRESSANONE,71.55
MERANO,COLLE ISARCO,106.787
MERANO,FORTEZZA,81.776
MERANO,GARGAZZONE,12.734
MERANO,LANA POSTAL,8.809
MERANO,MERANO MAIA BASSA,2.317
MERANO,PONTE D ADIGE,26.598
MERANO,PONTE GARDENA,55.54
MERANO,PONTE GARDENA LAION,55.54
MERANO,VILPIANO NALLES,15.826
MERANO,VIPITENO,100.636
MERANO,VIPITENO VAL DI VIZZE,100.636
MERANO MAIA BASSA,BOLZANO,30.924
MERANO MAIA BASSA,BRENNERO,119.722
MERCATELLO,ARECHI,2.252
MERCATELLO,SALERNO,3.475
MERCATO S SEVERINO,BARONISSI,5.447
MERCATO S SEVERINO,FISCIANO,3.696
MERCATO S SEVERINO,FRATTE,14.24
MERCATO S SEVERINO,MONTORO FORINO,4.468
MERCATO S SEVERINO,NOCERA INFERIORE,11.383
MERCATO S SEVERINO,PELLEZZANO,8.22
MERCATO S SEVERINO,SALERNO,17.714
MERONE,COMO S GIOVANNI,21.749
MERONE,LECCO,22.447
MERONE,MEDA,16.823
MERONE,MILANO CADORNA,39.422
MERONE,MOLTENO,5.313
MESAGNE,TARANTO,54.727
MESSINA CENTRALE,ACIREALE,81.108
MESSINA CENTRALE,ACQUEDOLCI S FRATELLO,368.378
MESSINA CENTRALE,ALCANTARA,51.593
MESSINA CENTRALE,ALTAVILLA M,314.016
MESSINA CENTRALE,ALTAVILLA MILICIA,314.016
MESSINA CENTRALE,AUGUSTA,149.472
MESSINA CENTRALE,BAGHERIA,322.1
MESSINA CENTRALE,BARCELLONA,39.549
MESSINA CENTRALE,BARCELLONA CASTROREALE,39.549
MESSINA CENTRALE,BICOCCA,100.623
MESSINA CENTRALE,BROLO FICARRA,394.692
MESSINA CENTRALE,CAMPOFELICE,301.372
MESSINA CENTRALE,CAPO D ORLANDO NASO,386.794
MESSINA CENTRALE,CARONIA,354.937
MESSINA CENTRALE,CATANIA AEROPORTO FONTANAROSSA,98.41
MESSINA CENTRALE,CATANIA CENTRALE,93.181
MESSINA CENTRALE,CEFALU,314.802
MESSINA CENTRALE,CONTESSE,4.518
MESSINA CENTRALE,FIUMEFREDDO DI SICILIA,56.903
MESSINA CENTRALE,GIAMPILIERI,15.393
MESSINA CENTRALE,GIARRE RIPOSTO,69.581
MESSINA CENTRALE,GIOJOSA MAREA,400.6
MESSINA CENTRALE,LENTINI,121.882
MESSINA CENTRALE,LETOJANNI,42.299
MESSINA CENTRALE,MILAZZO,31.643
MESSINA CENTRALE,NOVARA MONTALBANO FURNARI,46.828
MESSINA CENTRALE,OLIVERI TINDARI,54.191
MESSINA CENTRALE,PACE DEL MELA,26.761
MESSINA CENTRALE,PALERMO AEROPORTO,367.74
MESSINA CENTRALE,PALERMO BRANCACCIO,331.515
MESSINA CENTRALE,PALERMO CENTRALE,334.392
MESSINA CENTRALE,PATTI S PIERO PATTI,61.458
MESSINA CENTRALE,POLLINA,329.859
MESSINA CENTRALE,POLLINA S MAURO CASTELVERDE,329.859
MESSINA CENTRALE,PRIOLO MELILLI,162.822
MESSINA CENTRALE,ROCCALUMERA MANDANICI,28.6
MESSINA CENTRALE,ROMETTA MESSINESE,17.827
MESSINA CENTRALE,S AGATA M,373.387
MESSINA CENTRALE,S STEFANO DI CAMASTRA,346.099
MESSINA CENTRALE,S STEFANO DI CAMASTRA MISTRETTA,346.099
MESSINA CENTRALE,S TERESA DI RIVA,32.378
MESSINA CENTRALE,SIRACUSA,176.565
MESSINA CENTRALE,TAORMINA,46.624
MESSINA CENTRALE,TAORMINA GIARDINI,47.276
MESSINA CENTRALE,TARGIA,169.87
MESSINA CENTRALE,TERME VIGLIATORE,42.786
MESSINA CENTRALE,TERMINI IMERESE,297.926
MESSINA CENTRALE,TREMESTIERI,6.033
MESSINA CENTRALE,TUSA,337.331
MESSINA CENTRALE,VILLAFRANCA TIRRENA,15.658
MESSINA CENTRALE,ZAPPULLA,380.862
METAPONTO,BARI CENTRALE,138.5
METAPONTO,CASTIGLIONE COSENTINO,139.529
METAPONTO,COSENZA,143.854
METAPONTO,MILANO CENTRALE,961.244
METAPONTO,NAPOLI CENTRALE,270.187
METAPONTO,POTENZA CENTRALE,107.622
METAPONTO,REGGIO CALABRIA CENTRALE,329.312
METAPONTO,REGGIO DI CALABRIA CENTRALE,329.312
METAPONTO,ROMA TERMINI,478.848
METAPONTO,SCANZANO J MONTALBANO J,16.586
METAPONTO,SIBARI,79.894
METAPONTO,TORANO LATTARICO,122.984
METAPONTO,TORINO PORTA NUOVA,1082.948
MEZZANO,FERRARA,136.103
MEZZANO,SUZZARA,217.949
MEZZOCORONA,ALA,56.979
MEZZOCORONA,BOLOGNA CENTRALE,217.701
MEZZOCORONA,BOLZANO,38.705
MEZZOCORONA,NAPOLI CENTRALE,777.917
MEZZOCORONA,TRENTO,16.857
MEZZOCORONA,VERONA PORTA NUOVA,107.547
MIGLIARINO,FERRARA,194.277
MILANO AFFORI,CAMNAGO LENTATE,17.076
MILANO AFFORI,CESANO MADERNO,12.43
MILANO AFFORI,SEVESO,14.785
MILANO BOVISA,BUSTO ARSIZIO NORD,31.447
MILANO BOVISA,CAMNAGO LENTATE,20.071
MILANO BOVISA,CASTELLANZA,29.543
MILANO BOVISA,CERTOSA DI PAVIA,33.04
MILANO BOVISA,GALLARATE,38.375
MILANO BOVISA,GARBAGNATE MILANESE,10.613
MILANO BOVISA,GARBAGNATE PARCO DELLE GROANE,9.372
MILANO BOVISA,LODI,37.692
MILANO BOVISA,MALPENSA AEROPORTO T1,44.309
MILANO BOVISA,MALPENSA AEROPORTO T2,43.774
MILANO BOVISA,MALPENSA AEROPORTO TERMINAL 2,43.895
MILANO BOVISA,MEDA,19.147
MILANO BOVISA,MELEGNANO,22.905
MILANO BOVISA,MILANO BRUZZANO PARCO NORD,4.393
MILANO BOVISA,MILANO CENTRALE,7.48
MILANO BOVISA,MILANO DATEO,6.561
MILANO BOVISA,MILANO QUARTO OGGIARO,2.188
MILANO BOVISA,MILANO ROGOREDO,11.792
MILANO BOVISA,NOVATE MILANESE,4.029
MILANO BOVISA,PADERNO DUGNANO,8.173
MILANO BOVISA,PALAZZOLO MILANESE,10.015
MILANO BOVISA,PAVIA,40.84
MILANO BOVISA,ROGOREDO,11.695
MILANO BOVISA,S GIULIANO MILANESE,17.821
MILANO BOVISA,SARONNO,17.425
MILANO BOVISA,SEVESO,17.78
MILANO BOVISA,TAVAZZANO,29.981
MILANO BOVISA,VOGHERA,65.782
MILANO CADORNA,AROSIO,31.102
MILANO CADORNA,ASSO,50.615
MILANO CADORNA,BUSTO ARSIZIO NORD,35.576
MILANO CADORNA,CABIATE,25.19
MILANO CADORNA,CADORAGO,33.748
MILANO CADORNA,CAMNAGO LENTATE,23.522
MILANO CADORNA,CARONNO PERTUSELLA,17.453
MILANO CADORNA,CASTANO PRIMO,44.249
MILANO CADORNA,CASTELLANZA,33.672
MILANO CADORNA,CESANO MADERNO,18.876
MILANO CADORNA,COCQUIO TREVISAGO,63.734
MILANO CADORNA,COMO BORGHI,44.995
MILANO CADORNA,COMO CAMERLATA,38.031
MILANO CADORNA,COMO LAGO,46.139
MILANO CADORNA,CORMANO CUSANO MILANINO,9.214
MILANO CADORNA,ERBA,43.436
MILANO CADORNA,FERNO LONATE POZZOLO,43.331
MILANO CADORNA,GALLIATE PARCO DEL TICINO,51.402
MILANO CADORNA,GARBAGNATE MILANESE,14.742
MILANO CADORNA,GARBAGNATE PARCO DELLE GROANE,13.501
MILANO CADORNA,GAVIRATE,61.254
MILANO CADORNA,GAVIRATE VERBANO,62.16
MILANO CADORNA,GEMONIO,66.215
MILANO CADORNA,GRANDATE BRECCIA,40.085
MILANO CADORNA,LAMBRUGO LURAGO D ERBA,36.977
MILANO CADORNA,LAVENO,71.363
MILANO CADORNA,LAVENO MOMBELLO LAGO,72.178
MILANO CADORNA,MALNATE,45.095
MILANO CADORNA,MALPENSA AEROPORTO T1,48.438
MILANO CADORNA,MALPENSA AEROPORTO T2,47.025
MILANO CADORNA,MALPENSA AEROPORTO TERMINAL 2,47.146
MILANO CADORNA,MARIANO COMENSE,27.849
MILANO CADORNA,MERONE,39.422
MILANO CADORNA,MILANO AFFORI,6.446
MILANO CADORNA,MILANO BOVISA,4.131
MILANO CADORNA,MILANO BRUZZANO PARCO NORD,7.844
MILANO CADORNA,MILANO DOMODOSSOLA,1.718
MILANO CADORNA,MILANO QUARTO OGGIARO,6.317
MILANO CADORNA,MOROSOLO CASCIAGO,55.794
MILANO CADORNA,NOVARA NORD,61.166
MILANO CADORNA,NOVATE MILANESE,8.157
MILANO CADORNA,PADERNO DUGNANO,11.625
MILANO CADORNA,PALAZZOLO MILANESE,13.467
MILANO CADORNA,SARONNO,21.553
MILANO CADORNA,SARONNO SUD,19.318
MILANO CADORNA,SEVESO,21.231
MILANO CADORNA,TRADATE,34.715
MILANO CADORNA,VANZAGHELLO MAGNAGO,41.614
MILANO CADORNA,VARESE,49.913
MILANO CADORNA,VARESE CASBENO,52.914
MILANO CADORNA,VEDANO OLONA,42.577
MILANO CENTRALE,ABBADIA LARIANA,55.705
MILANO CENTRALE,ACQUANEGRA CREMONESE,73.506
MILANO CENTRALE,ALASSIO,218.001
MILANO CENTRALE,ALBENGA,211.607
MILANO CENTRALE,ALBINIA,454.039
MILANO CENTRALE,ALESSANDRIA,97.682
MILANO CENTRALE,ANCONA,415.752
MILANO CENTRALE,ARDENNO MASINO,110.085
MILANO CENTRALE,ARONA,70.29
MILANO CENTRALE,ARQUATA SCRIVIA,103.257
MILANO CENTRALE,ASTI,129.614
MILANO CENTRALE,AULLA LUNIGIANA,200.081
MILANO CENTRALE,AVERSA,752.76
MILANO CENTRALE,BARI CENTRALE,857.341
MILANO CENTRALE,BARLETTA,804.447
MILANO CENTRALE,BATTIPAGLIA,836.633
MILANO CENTRALE,BELLANO TARTAVALLE TERME,73.181
MILANO CENTRALE,BELLANO TARTAVELLE TERME,73.181
MILANO CENTRALE,BENEVENTO,814.217
MILANO CENTRALE,BERCETO,146.751
MILANO CENTRALE,BERGAMO,94.739
MILANO CENTRALE,BOLOGNA CENTRALE,211.717
MILANO CENTRALE,BOLZANO,285.95
MILANO CENTRALE,BORDIGHERA,269.269
MILANO CENTRALE,BORGO VAL DI TARO,162.06
MILANO CENTRALE,BOZZOLO,120.681
MILANO CENTRALE,BRENNERO,374.748
MILANO CENTRALE,BRESCIA,80.159
MILANO CENTRALE,BRESSANONE,324.26
MILANO CENTRALE,BUSTO ARSIZIO,35.162
MILANO CENTRALE,BUSTO ARSIZIO NORD,37.662
MILANO CENTRALE,CALOLZIOCORTE OLGINATE,41.327
MILANO CENTRALE,CAMNAGO LENTATE,26.835
MILANO CENTRALE,CAMPIGLIA MARITTIMA,363.574
MILANO CENTRALE,CANCELLO,766.579
MILANO CENTRALE,CARIMATE,31.06
MILANO CENTRALE,CARNATE USMATE,23.031
MILANO CENTRALE,CARRARA AVENZA,228.489
MILANO CENTRALE,CASALPUSTERLENGO,51.885
MILANO CENTRALE,CASERTA,754.771
MILANO CENTRALE,CASSINO,692.548
MILANO CENTRALE,CASTAGNOLE DELLE LANZE,175.786
MILANO CENTRALE,CASTEL S PIETRO TERME,234.962
MILANO CENTRALE,CASTELFRANCO D EMILIA,187.313
MILANO CENTRALE,CASTELFRANCO EMILIA,187.312
MILANO CENTRALE,CASTELGUELFO,111.28
MILANO CENTRALE,CASTIONE ANDEVENNO,122.461
MILANO CENTRALE,CATTOLICA S GIOVANNI GABICCE,341.158
MILANO CENTRALE,CAVA TIGOZZI,79.062
MILANO CENTRALE,CECINA,328.607
MILANO CENTRALE,CERIGNOLA,768.797
MILANO CENTRALE,CERTOSA DI PAVIA,28.503
MILANO CENTRALE,CERVIA MILANO MARITTIMA,316.043
MILANO CENTRALE,CERVIGNANO A G,355.076
MILANO CENTRALE,CESENA,294.485
MILANO CENTRALE,CESENATICO,323.481
MILANO CENTRALE,CHIASSO,47.588
MILANO CENTRALE,CHIAVARI,175.765
MILANO CENTRALE,CHIAVENNA,113.737
MILANO CENTRALE,CHIUSI C T,420.182
MILANO CENTRALE,CHIVASSO,122.767
MILANO CENTRALE,CIVITANOVA MARCHE MONTEGRANARO,458.772
MILANO CENTRALE,CIVITAVECCHIA,529.842
MILANO CENTRALE,CODOGNO,56.893
MILANO CENTRALE,COGOLETO,156.912
MILANO CENTRALE,COLICO,87.158
MILANO CENTRALE,COMO S GIOVANNI,45.987
MILANO CENTRALE,CREMONA,83.931
MILANO CENTRALE,DELEBIO,94.272
MILANO CENTRALE,DERVIO,77.808
MILANO CENTRALE,DESENZANO,107.727
MILANO CENTRALE,DESENZANO DEL GARDA SIRMIONE,108.027
MILANO CENTRALE,DESIO,17.805
MILANO CENTRALE,DIANO,230.931
MILANO CENTRALE,DOMODOSSOLA,122.806
MILANO CENTRALE,EMPOLI,324.608
MILANO CENTRALE,FAENZA,262.041
MILANO CENTRALE,FANO,368.668
MILANO CENTRALE,FERRARA,253.417
MILANO CENTRALE,FIDENZA,99.935
MILANO CENTRALE,FINALE LIGURE MARINA,192.804
MILANO CENTRALE,FIORENZUOLA,88.542
MILANO CENTRALE,FIRENZE CAMPO MARTE,305.035
MILANO CENTRALE,FIRENZE RIFREDI,302.162
MILANO CENTRALE,FIRENZE S MARIA NOVELLA,303.373
MILANO CENTRALE,FOGGIA,734.847
MILANO CENTRALE,FOLIGNO,483.306
MILANO CENTRALE,FOLLONICA,381.16
MILANO CENTRALE,FORLI,276.664
MILANO CENTRALE,FORMIA GAETA,686.498
MILANO CENTRALE,FORNOVO,124.788
MILANO CENTRALE,FORTEZZA,334.485
MILANO CENTRALE,FRANCAVILLA FONTANA,990.962
MILANO CENTRALE,FROSINONE,640.166
MILANO CENTRALE,GALLARATE,43.284
MILANO CENTRALE,GENOVA BRIGNOLE,140.425
MILANO CENTRALE,GENOVA NERVI,149.006
MILANO CENTRALE,GENOVA P PRINCIPE,137.974
MILANO CENTRALE,GENOVA PIAZZA PRINCIPE,138.086
MILANO CENTRALE,GENOVA QUARTO DEI MILLE,145.13
MILANO CENTRALE,GENOVA SAMPIERDARENA,137.168
MILANO CENTRALE,GENOVA SESTRI PONENTE,139.296
MILANO CENTRALE,GENOVA SESTRI PONENTE AEROPORTO,140.274
MILANO CENTRALE,GENOVA VOLTRI,146.432
MILANO CENTRALE,GIOVINAZZO,838.919
MILANO CENTRALE,GIULIANOVA,524.182
MILANO CENTRALE,GROSSETO,422.657
MILANO CENTRALE,GROTTAGLIE,975.949
MILANO CENTRALE,IGEA MARINA,331.418
MILANO CENTRALE,IMOLA,245.983
MILANO CENTRALE,IMPERIA,235.753
MILANO CENTRALE,ISOLA DELLA SCALA,160.283
MILANO CENTRALE,LA SPEZIA CENTRALE,220.928
MILANO CENTRALE,LA SPEZIA MIGLIARINA,218.9
MILANO CENTRALE,LAMEZIA TERME CENTRALE,1090.573
MILANO CENTRALE,LATINA,619.129
MILANO CENTRALE,LAVENO MOMBELLO,73.022
MILANO CENTRALE,LECCE,1006.705
MILANO CENTRALE,LECCO,46.044
MILANO CENTRALE,LECCO MAGGIANICO,46.044
MILANO CENTRALE,LEGNANO,29.942
MILANO CENTRALE,LEVANTO,204.363
MILANO CENTRALE,LIERNA,63.155
MILANO CENTRALE,LIVORNO CENTRALE,295.64
MILANO CENTRALE,LIVORNO FERRARIS,104.602
MILANO CENTRALE,LOANO,202.999
MILANO CENTRALE,LODI,33.152
MILANO CENTRALE,LOMELLO,66.688
MILANO CENTRALE,LONATO,103.69
MILANO CENTRALE,LORETO,439.399
MILANO CENTRALE,LUGO,269.178
MILANO CENTRALE,LUINO,88.116
MILANO CENTRALE,MAGENTA,29.616
MILANO CENTRALE,MALPENSA AEROPORTO T1,50.523
MILANO CENTRALE,MALPENSA AEROPORTO T2,48.684
MILANO CENTRALE,MALPENSA AEROPORTO TERMINAL 2,48.805
MILANO CENTRALE,MANDELLO DEL LARIO,60.489
MILANO CENTRALE,MANTOVA,196.589
MILANO CENTRALE,MAROTTA MONDOLFO,380.876
MILANO CENTRALE,MASSA CENTRO,235.24
MILANO CENTRALE,MELEGNANO,18.365
MILANO CENTRALE,MELZO,17.155
MILANO CENTRALE,METAPONTO,961.244
MILANO CENTRALE,MILANO BOVISA,7.48
MILANO CENTRALE,MILANO CERTOSA,7.69
MILANO CENTRALE,MILANO GRECO PIRELLI,3.081
MILANO CENTRALE,MILANO LAMBRATE,3.246
MILANO CENTRALE,MILANO PORTA GARIBALDI,2.257
MILANO CENTRALE,MILANO ROGOREDO,4.732
MILANO CENTRALE,MODANE,246.364
MILANO CENTRALE,MODENA,175.409
MILANO CENTRALE,MOLFETTA,832.583
MILANO CENTRALE,MONFALCONE,373.311
MILANO CENTRALE,MONTALTO DI CASTRO,493.699
MILANO CENTRALE,MONTEROSSO,208.821
MILANO CENTRALE,MONZA,11.166
MILANO CENTRALE,MORBEGNO,102.747
MILANO CENTRALE,MORTARA,55.814
MILANO CENTRALE,NAPOLI AFRAGOLA,778.103
MILANO CENTRALE,NAPOLI CENTRALE,771.934
MILANO CENTRALE,NOVARA,51.013
MILANO CENTRALE,NOVI LIGURE,96.315
MILANO CENTRALE,ORTE,495.285
MILANO CENTRALE,ORTONA,583.757
MILANO CENTRALE,OSTUNI,931.817
MILANO CENTRALE,PADOVA,226.79
MILANO CENTRALE,PALAZZOLO SULL OGLIO,73.257
MILANO CENTRALE,PARABIAGO,24.197
MILANO CENTRALE,PARATICO SARNICO,82.88
MILANO CENTRALE,PARMA,122.037
MILANO CENTRALE,PAVIA,36.303
MILANO CENTRALE,PERUGIA,443.731
MILANO CENTRALE,PESARO,356.22
MILANO CENTRALE,PESCARA,561.793
MILANO CENTRALE,PESCHIERA DEL GARDA,122.224
MILANO CENTRALE,PIACENZA,66.567
MILANO CENTRALE,PIADENA,111.834
MILANO CENTRALE,PIETRASANTA,245.842
MILANO CENTRALE,PIOLTELLO LIMITO,9.896
MILANO CENTRALE,PISA CENTRALE,277.628
MILANO CENTRALE,PONTE IN VALTELLINA,136.23
MILANO CENTRALE,PONTREMOLI,180.036
MILANO CENTRALE,PORTO CERESIO,72.841
MILANO CENTRALE,PORTO D ASCOLI,505.109
MILANO CENTRALE,PORTO S GIORGIO FERMO,474.098
MILANO CENTRALE,PORTOGRUARO CAORLE,327.02
MILANO CENTRALE,POTENZA CENTRALE,853.622
MILANO CENTRALE,PREMOSELLO CHIOVENDA,107.29
MILANO CENTRALE,PRIVERNO FOSSANOVA,643.504
MILANO CENTRALE,RAVENNA,294.838
MILANO CENTRALE,REGGIO CALABRIA CENTRALE,1210.618
MILANO CENTRALE,REGGIO DI CALABRIA CENTRALE,1210.618
MILANO CENTRALE,REGGIO EMILIA,150.288
MILANO CENTRALE,REGGIO EMILIA AV MEDIOPADANA,178.494
MILANO CENTRALE,RHO,15.465
MILANO CENTRALE,RIMINI,322.888
MILANO CENTRALE,ROBBIO,84.197
MILANO CENTRALE,ROMA AURELIA,575.754
MILANO CENTRALE,ROMA CASILINA,563.209
MILANO CENTRALE,ROMA OSTIENSE,565.231
MILANO CENTRALE,ROMA S PIETRO,570.449
MILANO CENTRALE,ROMA TERMINI,562.788
MILANO CENTRALE,ROMA TIBURTINA,558.197
MILANO CENTRALE,ROMANO,43.425
MILANO CENTRALE,RONCO SCRIVIA,112.584
MILANO CENTRALE,ROVATO,63.011
MILANO CENTRALE,ROVERETO,206.73
MILANO CENTRALE,S BENEDETTO DEL TRONTO,500.298
MILANO CENTRALE,S ILARIO,132.871
MILANO CENTRALE,S ILARIO D ENZA,132.245
MILANO CENTRALE,S PIETRO BERBENNO,117.144
MILANO CENTRALE,S SEVERO,706.394
MILANO CENTRALE,S STEFANO DI MAGRA,206.867
MILANO CENTRALE,S VINCENZO,352.985
MILANO CENTRALE,S VITO LANCIANO,589.97
MILANO CENTRALE,SALERNO,816.695
MILANO CENTRALE,SANTHIA,92.517
MILANO CENTRALE,SAPRI,941.333
MILANO CENTRALE,SARONNO,24.875
MILANO CENTRALE,SARZANA,221.547
MILANO CENTRALE,SAVONA,174.494
MILANO CENTRALE,SECUGNAGO,45.026
MILANO CENTRALE,SENIGALLIA,389.98
MILANO CENTRALE,SEREGNO,21.155
MILANO CENTRALE,SESTO CALENDE,58.617
MILANO CENTRALE,SESTO S GIOVANNI,6.303
MILANO CENTRALE,SESTRI LEVANTE,183.226
MILANO CENTRALE,SETTIMO,134.193
MILANO CENTRALE,SOMMA LOMBARDO,49.103
MILANO CENTRALE,SONDRIO,127.62
MILANO CENTRALE,STRADELLA,65.649
MILANO CENTRALE,STRESA,84.588
MILANO CENTRALE,TAGGIA ARMA,252.032
MILANO CENTRALE,TARANTO,957.452
MILANO CENTRALE,TARVISIO BOSCOVERDE,469.072
MILANO CENTRALE,TAVAZZANO,25.441
MILANO CENTRALE,TERME EUGANEE ABANO MONTEGR,236.9
MILANO CENTRALE,TERMOLI,650.852
MILANO CENTRALE,TERNI,523.25
MILANO CENTRALE,TIRANO,153.626
MILANO CENTRALE,TORINO LINGOTTO,148.031
MILANO CENTRALE,TORINO PORTA NUOVA,147.088
MILANO CENTRALE,TORINO PORTA SUSA,142.265
MILANO CENTRALE,TORINO STURA,135.199
MILANO CENTRALE,TORRE DE PICENARDI,105.433
MILANO CENTRALE,TORRE DEL LAGO PUCCINI,261.489
MILANO CENTRALE,TORTONA,77.672
MILANO CENTRALE,TRENTO,230.393
MILANO CENTRALE,TRESENDA APRICA TEGLIO,144.51
MILANO CENTRALE,TREVIGLIO,30.333
MILANO CENTRALE,TREVIGLIO OVEST,30.441
MILANO CENTRALE,TRIESTE CENTRALE,399.128
MILANO CENTRALE,UDINE,380.159
MILANO CENTRALE,VAIRANO,724.505
MILANO CENTRALE,VALLECROSIA,271.869
MILANO CENTRALE,VARALLO SESIA,102.258
MILANO CENTRALE,VARENNA ESINO,69.877
MILANO CENTRALE,VASTO S SALVO,627.871
MILANO CENTRALE,VENEZIA MESTRE,255.525
MILANO CENTRALE,VENEZIA S LUCIA,263.408
MILANO CENTRALE,VENTIMIGLIA,274.748
MILANO CENTRALE,VERCELLI,72.96
MILANO CENTRALE,VERDELLO DALMINE,40.267
MILANO CENTRALE,VERNIO MONTEPIANO CANTAGALLO,271.954
MILANO CENTRALE,VERONA PORTA NUOVA,144.749
MILANO CENTRALE,VERONA PORTA VESCOVO,148.114
MILANO CENTRALE,VIAREGGIO,256.35
MILANO CENTRALE,VICENZA,196.276
MILANO CENTRALE,VILLA LITERNO,738.382
MILANO CENTRALE,VILLA S GIOVANNI,1196.537
MILANO CENTRALE,VITTUONE ARLUNO,23.842
MILANO CENTRALE,VOGHERA,61.245
MILANO CENTRALE,ZOAGLI,170.907
MILANO CERTOSA,ALBENGA,217.807
MILANO CERTOSA,ALESSANDRIA,103.773
MILANO CERTOSA,AREZZO,376.549
MILANO CERTOSA,ARONA,62.615
MILANO CERTOSA,ARQUATA SCRIVIA,109.457
MILANO CERTOSA,ASTI,135.705
MILANO CERTOSA,BERGAMO,102.415
MILANO CERTOSA,BOLOGNA CENTRALE,218.082
MILANO CERTOSA,BOLZANO,293.627
MILANO CERTOSA,BUSTO ARSIZIO,27.487
MILANO CERTOSA,CALOLZIOCORTE OLGINATE,45.716
MILANO CERTOSA,CAMNAGO LENTATE,22.157
MILANO CERTOSA,CARIMATE,26.699
MILANO CERTOSA,CASERTA,761.135
MILANO CERTOSA,CASSANO D ADDA,32.182
MILANO CERTOSA,CHIASSO,43.227
MILANO CERTOSA,CODOGNO,63.096
MILANO CERTOSA,COMO S GIOVANNI,41.627
MILANO CERTOSA,CREMONA,90.134
MILANO CERTOSA,DOMODOSSOLA,115.131
MILANO CERTOSA,FOLIGNO,489.671
MILANO CERTOSA,GALLARATE,35.61
MILANO CERTOSA,GENOVA BRIGNOLE,146.625
MILANO CERTOSA,GROSSETO,429.022
MILANO CERTOSA,LA SPEZIA CENTRALE,227.293
MILANO CERTOSA,LECCO,50.433
MILANO CERTOSA,LODI,39.355
MILANO CERTOSA,LUINO,80.442
MILANO CERTOSA,MAGENTA,21.941
MILANO CERTOSA,MELEGNANO,24.568
MILANO CERTOSA,MILANO CENTRALE,7.69
MILANO CERTOSA,MILANO LAMBRATE,10.921
MILANO CERTOSA,MILANO LANCETTI,3.522
MILANO CERTOSA,MILANO PORTA GARIBALDI,8.066
MILANO CERTOSA,MILANO PORTA VITTORIA,9.457
MILANO CERTOSA,MILANO ROGOREDO,12.407
MILANO CERTOSA,NOVARA,43.338
MILANO CERTOSA,PAVIA,42.503
MILANO CERTOSA,PIACENZA,72.931
MILANO CERTOSA,PIEDIMONTE VILLA S LUCIA AQUINO,689.995
MILANO CERTOSA,PIOLTELLO LIMITO,17.572
MILANO CERTOSA,PONTASSIEVE,327.447
MILANO CERTOSA,PORTO CERESIO,66.874
MILANO CERTOSA,RHO,7.79
MILANO CERTOSA,ROMA SMISTAMENTO,566.909
MILANO CERTOSA,ROVATO,70.688
MILANO CERTOSA,SEREGNO,25.272
MILANO CERTOSA,SESTO CALENDE,50.942
MILANO CERTOSA,SESTRI LEVANTE,189.426
MILANO CERTOSA,SONDRIO,132.009
MILANO CERTOSA,STRADELLA,71.849
MILANO CERTOSA,TERNO,41.262
MILANO CERTOSA,TORINO PORTA NUOVA,139.414
MILANO CERTOSA,TORTONA,83.873
MILANO CERTOSA,TRECATE,33.89
MILANO CERTOSA,TREVIGLIO,38.01
MILANO CERTOSA,VARESE,48.547
MILANO CERTOSA,VENTIMIGLIA,280.948
MILANO CERTOSA,VERONA PORTA NUOVA,152.425
MILANO GRECO PIRELLI,ALBAIRATE VERMEZZO,31.672
MILANO GRECO PIRELLI,ASTI,132.68
MILANO GRECO PIRELLI,BERGAMO,97.806
MILANO GRECO PIRELLI,BRESCIA,83.227
MILANO GRECO PIRELLI,BRESSANA BOTTARONE,54.782
MILANO GRECO PIRELLI,BRONI,64.902
MILANO GRECO PIRELLI,CALOLZIOCORTE OLGINATE,38.703
MILANO GRECO PIRELLI,CAMNAGO LENTATE,26.365
MILANO GRECO PIRELLI,CARIMATE,28.436
MILANO GRECO PIRELLI,CARNATE USMATE,20.407
MILANO GRECO PIRELLI,CASALPUSTERLENGO,54.95
MILANO GRECO PIRELLI,CASTEL S GIOVANNI,80.048
MILANO GRECO PIRELLI,CHIASSO,44.964
MILANO GRECO PIRELLI,CODOGNO,59.958
MILANO GRECO PIRELLI,COLICO,84.535
MILANO GRECO PIRELLI,COMO S GIOVANNI,43.364
MILANO GRECO PIRELLI,GENOVA BRIGNOLE,143.491
MILANO GRECO PIRELLI,GENOVA PIAZZA PRINCIPE,141.152
MILANO GRECO PIRELLI,GENOVA SAMPIERDARENA,140.233
MILANO GRECO PIRELLI,LECCO,43.421
MILANO GRECO PIRELLI,LODI,36.218
MILANO GRECO PIRELLI,MELEGNANO,21.43
MILANO GRECO PIRELLI,MILANO CERTOSA,7.013
MILANO GRECO PIRELLI,MILANO LAMBRATE,6.312
MILANO GRECO PIRELLI,MILANO PORTA GARIBALDI,3.45
MILANO GRECO PIRELLI,MILANO ROGOREDO,7.797
MILANO GRECO PIRELLI,MILANO S CRISTOFORO,14.568
MILANO GRECO PIRELLI,MONZA,8.543
MILANO GRECO PIRELLI,MORBEGNO,100.123
MILANO GRECO PIRELLI,NOVI LIGURE,99.381
MILANO GRECO PIRELLI,OSPITALETTO TRAVAGLIATO,72.038
MILANO GRECO PIRELLI,PADERNO ROBBIATE,26.504
MILANO GRECO PIRELLI,PAVIA,39.369
MILANO GRECO PIRELLI,PIACENZA,69.632
MILANO GRECO PIRELLI,PINAROLO PO,57.557
MILANO GRECO PIRELLI,PIOLTELLO LIMITO,12.963
MILANO GRECO PIRELLI,PONTE S PIETRO,38.303
MILANO GRECO PIRELLI,RHO,14.787
MILANO GRECO PIRELLI,ROMANO,46.493
MILANO GRECO PIRELLI,ROVATO,66.079
MILANO GRECO PIRELLI,SARONNO,24.509
MILANO GRECO PIRELLI,SECUGNAGO,48.092
MILANO GRECO PIRELLI,SEREGNO,18.531
MILANO GRECO PIRELLI,SESTRI LEVANTE,186.291
MILANO GRECO PIRELLI,SONDRIO,124.997
MILANO GRECO PIRELLI,STRADELLA,68.714
MILANO GRECO PIRELLI,TAVAZZANO,28.507
MILANO GRECO PIRELLI,TIRANO,151.002
MILANO GRECO PIRELLI,TORTONA,80.738
MILANO GRECO PIRELLI,TREVIGLIO,33.401
MILANO GRECO PIRELLI,VOGHERA,64.31
MILANO LAMBRATE,ALBAIRATE VERMEZZO,25.611
MILANO LAMBRATE,ALESSANDRIA,94.686
MILANO LAMBRATE,ARQUATA SCRIVIA,100.354
MILANO LAMBRATE,ASTI,126.618
MILANO LAMBRATE,BERGAMO,91.959
MILANO LAMBRATE,BOLOGNA CENTRALE,208.814
MILANO LAMBRATE,BOLZANO,283.171
MILANO LAMBRATE,BOZZOLO,117.777
MILANO LAMBRATE,BRESCIA,77.38
MILANO LAMBRATE,BRESSANA BOTTARONE,48.813
MILANO LAMBRATE,BRONI,58.933
MILANO LAMBRATE,BUSTO ARSIZIO,38.393
MILANO LAMBRATE,CALOLZIOCORTE OLGINATE,44.558
MILANO LAMBRATE,CASALPUSTERLENGO,48.981
MILANO LAMBRATE,CATTOLICA S GIOVANNI GABICCE,338.255
MILANO LAMBRATE,CAVA TIGOZZI,76.159
MILANO LAMBRATE,CERTOSA DI PAVIA,25.599
MILANO LAMBRATE,CHIASSO,50.445
MILANO LAMBRATE,CODOGNO,53.989
MILANO LAMBRATE,COMO S GIOVANNI,48.845
MILANO LAMBRATE,CREMONA,81.028
MILANO LAMBRATE,DESENZANO,104.947
MILANO LAMBRATE,GALLARATE,46.515
MILANO LAMBRATE,GENOVA BRIGNOLE,137.522
MILANO LAMBRATE,GENOVA P PRINCIPE,135.071
MILANO LAMBRATE,GENOVA PIAZZA PRINCIPE,135.183
MILANO LAMBRATE,LECCO,49.275
MILANO LAMBRATE,LIVORNO CENTRALE,292.736
MILANO LAMBRATE,LODI,30.249
MILANO LAMBRATE,MANTOVA,193.809
MILANO LAMBRATE,MILANO CENTRALE,3.246
MILANO LAMBRATE,MILANO CERTOSA,10.921
MILANO LAMBRATE,MILANO GRECO PIRELLI,6.312
MILANO LAMBRATE,MILANO PORTA GARIBALDI,5.482
MILANO LAMBRATE,MILANO S CRISTOFORO,8.506
MILANO LAMBRATE,MODENA,172.505
MILANO LAMBRATE,MONZA,14.397
MILANO LAMBRATE,MORTARA,52.818
MILANO LAMBRATE,NOVI LIGURE,93.412
MILANO LAMBRATE,PADOVA,224.01
MILANO LAMBRATE,PARABIAGO,27.427
MILANO LAMBRATE,PARMA,119.134
MILANO LAMBRATE,PAVIA,33.4
MILANO LAMBRATE,PIACENZA,63.663
MILANO LAMBRATE,PIADENA,108.931
MILANO LAMBRATE,PISA CENTRALE,274.724
MILANO LAMBRATE,RIMINI,319.984
MILANO LAMBRATE,ROMANO,40.645
MILANO LAMBRATE,ROVATO,60.231
MILANO LAMBRATE,SARONNO,27.414
MILANO LAMBRATE,SEREGNO,24.385
MILANO LAMBRATE,SESTO S GIOVANNI,9.533
MILANO LAMBRATE,SESTRI LEVANTE,180.322
MILANO LAMBRATE,SONDRIO,130.851
MILANO LAMBRATE,STRADELLA,62.745
MILANO LAMBRATE,TARVISIO BOSCOVERDE,466.292
MILANO LAMBRATE,TORTONA,74.769
MILANO LAMBRATE,TREVIGLIO,27.553
MILANO LAMBRATE,VARESE,55.774
MILANO LAMBRATE,VENEZIA S LUCIA,260.628
MILANO LAMBRATE,VENTIMIGLIA,271.845
MILANO LAMBRATE,VERDELLO DALMINE,37.487
MILANO LAMBRATE,VERONA PORTA NUOVA,141.969
MILANO LAMBRATE,VOGHERA,58.341
MILANO LANCETTI,CERTOSA DI PAVIA,31.181
MILANO LANCETTI,LODI,35.833
MILANO LANCETTI,MELEGNANO,21.046
MILANO LANCETTI,MILANO ROGOREDO,9.933
MILANO LANCETTI,PAVIA,38.981
MILANO LANCETTI,TREVIGLIO,35.712
MILANO PORTA GARIBALDI,AIRUNO,35.83
MILANO PORTA GARIBALDI,ALBAIRATE VERMEZZO,30.843
MILANO PORTA GARIBALDI,ALBENGA,213.843
MILANO PORTA GARIBALDI,ALBIZZATE SOLBIATE ARNO,49.646
MILANO PORTA GARIBALDI,ALESSANDRIA,99.918
MILANO PORTA GARIBALDI,ANCONA,417.988
MILANO PORTA GARIBALDI,ARCORE,18.19
MILANO PORTA GARIBALDI,ARONA,70.665
MILANO PORTA GARIBALDI,ARQUATA SCRIVIA,105.493
MILANO PORTA GARIBALDI,ASTI,131.85
MILANO PORTA GARIBALDI,AULLA LUNIGIANA,202.317
MILANO PORTA GARIBALDI,BARI CENTRALE,859.577
MILANO PORTA GARIBALDI,BARI TORRE A MARE,870.899
MILANO PORTA GARIBALDI,BELGIRATE,78.773
MILANO PORTA GARIBALDI,BELLANO TARTAVELLE TERME,73.592
MILANO PORTA GARIBALDI,BERGAMO,96.976
MILANO PORTA GARIBALDI,BESANA,30.267
MILANO PORTA GARIBALDI,BESOZZO,65.756
MILANO PORTA GARIBALDI,BIASSONO LESMO PARCO,19.197
MILANO PORTA GARIBALDI,BOLOGNA CENTRALE,213.953
MILANO PORTA GARIBALDI,BOLZANO,288.188
MILANO PORTA GARIBALDI,BOZZOLO,122.917
MILANO PORTA GARIBALDI,BRESCIA,82.397
MILANO PORTA GARIBALDI,BRESSANA BOTTARONE,53.952
MILANO PORTA GARIBALDI,BRONI,64.073
MILANO PORTA GARIBALDI,BUSTO ARSIZIO,35.538
MILANO PORTA GARIBALDI,CALOLZIOCORTE OLGINATE,41.738
MILANO PORTA GARIBALDI,CALUSCO,32.101
MILANO PORTA GARIBALDI,CAMNAGO LENTATE,27.124
MILANO PORTA GARIBALDI,CANEGRATE,27.322
MILANO PORTA GARIBALDI,CARIMATE,31.471
MILANO PORTA GARIBALDI,CARNATE USMATE,23.442
MILANO PORTA GARIBALDI,CASALBUTTANO,80.184
MILANO PORTA GARIBALDI,CASALE MONFERRATO,101.638
MILANO PORTA GARIBALDI,CASALETTO VAPRIO,47.578
MILANO PORTA GARIBALDI,CASTEL S GIOVANNI,79.218
MILANO PORTA GARIBALDI,CASTELLEONE,63.889
MILANO PORTA GARIBALDI,CATTOLICA S GIOVANNI GABICCE,343.394
MILANO PORTA GARIBALDI,CERNUSCO MERATE,28.494
MILANO PORTA GARIBALDI,CHIASSO,47.999
MILANO PORTA GARIBALDI,CHIAVENNA,114.148
MILANO PORTA GARIBALDI,CHIVASSO,123.142
MILANO PORTA GARIBALDI,CODOGNO,59.129
MILANO PORTA GARIBALDI,COLICO,87.57
MILANO PORTA GARIBALDI,COMO S GIOVANNI,46.399
MILANO PORTA GARIBALDI,COSTA MASNAGA,38.285
MILANO PORTA GARIBALDI,CREMA,53.906
MILANO PORTA GARIBALDI,CREMONA,86.167
MILANO PORTA GARIBALDI,CUCCIAGO,37.011
MILANO PORTA GARIBALDI,DESIO,18.216
MILANO PORTA GARIBALDI,DOMODOSSOLA,123.181
MILANO PORTA GARIBALDI,FAENZA,264.277
MILANO PORTA GARIBALDI,FANO,370.904
MILANO PORTA GARIBALDI,FIDENZA,102.171
MILANO PORTA GARIBALDI,FIRENZE S MARIA NOVELLA,305.609
MILANO PORTA GARIBALDI,FOGGIA,737.083
MILANO PORTA GARIBALDI,FOLIGNO,485.542
MILANO PORTA GARIBALDI,FORNOVO,127.024
MILANO PORTA GARIBALDI,GALLARATE,43.66
MILANO PORTA GARIBALDI,GENOVA BRIGNOLE,142.661
MILANO PORTA GARIBALDI,GENOVA P PRINCIPE,140.21
MILANO PORTA GARIBALDI,GENOVA PIAZZA PRINCIPE,140.322
MILANO PORTA GARIBALDI,GIULIANOVA,526.418
MILANO PORTA GARIBALDI,IMPERIA,237.989
MILANO PORTA GARIBALDI,LA SPEZIA CENTRALE,223.164
MILANO PORTA GARIBALDI,LA SPEZIA MIGLIARINA,221.136
MILANO PORTA GARIBALDI,LAVENO MOMBELLO,73.397
MILANO PORTA GARIBALDI,LECCE,1008.941
MILANO PORTA GARIBALDI,LECCO,46.456
MILANO PORTA GARIBALDI,LECCO MAGGIANICO,46.456
MILANO PORTA GARIBALDI,LISSONE MUGGIO,16.02
MILANO PORTA GARIBALDI,LIVORNO CENTRALE,297.876
MILANO PORTA GARIBALDI,LIVORNO FERRARIS,104.977
MILANO PORTA GARIBALDI,LODI,35.388
MILANO PORTA GARIBALDI,LUINO,88.492
MILANO PORTA GARIBALDI,MAGENTA,29.991
MILANO PORTA GARIBALDI,MALPENSA AEROPORTO T1,50.899
MILANO PORTA GARIBALDI,MALPENSA AEROPORTO T2,49.059
MILANO PORTA GARIBALDI,MALPENSA AEROPORTO TERMINAL 2,49.18
MILANO PORTA GARIBALDI,MANDELLO DEL LARIO,60.9
MILANO PORTA GARIBALDI,MERGOZZO,96.947
MILANO PORTA GARIBALDI,MILANO BOVISA,7.769
MILANO PORTA GARIBALDI,MILANO CENTRALE,2.257
MILANO PORTA GARIBALDI,MILANO CERTOSA,8.066
MILANO PORTA GARIBALDI,MILANO GRECO PIRELLI,3.45
MILANO PORTA GARIBALDI,MILANO LAMBRATE,5.482
MILANO PORTA GARIBALDI,MILANO ROGOREDO,6.968
MILANO PORTA GARIBALDI,MILANO S CRISTOFORO,13.738
MILANO PORTA GARIBALDI,MODENA,177.645
MILANO PORTA GARIBALDI,MOLTENO,40.989
MILANO PORTA GARIBALDI,MONTENERO PETACCIATO,640.712
MILANO PORTA GARIBALDI,MONZA,11.578
MILANO PORTA GARIBALDI,MORBEGNO,103.158
MILANO PORTA GARIBALDI,NAPOLI CENTRALE,774.17
MILANO PORTA GARIBALDI,NOVARA,51.389
MILANO PORTA GARIBALDI,NOVI LIGURE,98.551
MILANO PORTA GARIBALDI,OGGIONO,43.988
MILANO PORTA GARIBALDI,OLMENETA,86.444
MILANO PORTA GARIBALDI,PADERNO ROBBIATE,29.539
MILANO PORTA GARIBALDI,PADOVA,229.028
MILANO PORTA GARIBALDI,PARABIAGO,24.572
MILANO PORTA GARIBALDI,PARMA,124.273
MILANO PORTA GARIBALDI,PAVIA,38.539
MILANO PORTA GARIBALDI,PESARO,358.456
MILANO PORTA GARIBALDI,PESCARA,564.029
MILANO PORTA GARIBALDI,PIACENZA,68.803
MILANO PORTA GARIBALDI,PIADENA,114.07
MILANO PORTA GARIBALDI,PINAROLO PO,56.727
MILANO PORTA GARIBALDI,PINETO ATRI,544.81
MILANO PORTA GARIBALDI,PIOLTELLO LIMITO,12.134
MILANO PORTA GARIBALDI,PISA CENTRALE,279.864
MILANO PORTA GARIBALDI,PONTE S PIETRO,41.338
MILANO PORTA GARIBALDI,PONTREMOLI,182.272
MILANO PORTA GARIBALDI,PORTO CERESIO,73.252
MILANO PORTA GARIBALDI,PREMOSELLO CHIOVENDA,107.666
MILANO PORTA GARIBALDI,REGGIO EMILIA,152.524
MILANO PORTA GARIBALDI,RHO,15.84
MILANO PORTA GARIBALDI,RHO FIERA,12.107
MILANO PORTA GARIBALDI,RIMINI,325.124
MILANO PORTA GARIBALDI,ROMA TERMINI,565.024
MILANO PORTA GARIBALDI,S SEVERO,708.63
MILANO PORTA GARIBALDI,SALERNO,818.931
MILANO PORTA GARIBALDI,SANTHIA,92.892
MILANO PORTA GARIBALDI,SARONNO,25.164
MILANO PORTA GARIBALDI,SENIGALLIA,392.216
MILANO PORTA GARIBALDI,SEREGNO,21.566
MILANO PORTA GARIBALDI,SESTO CALENDE,58.992
MILANO PORTA GARIBALDI,SESTO S GIOVANNI,6.714
MILANO PORTA GARIBALDI,SESTRI LEVANTE,185.462
MILANO PORTA GARIBALDI,SOMMA LOMBARDO,49.478
MILANO PORTA GARIBALDI,SONDRIO,128.032
MILANO PORTA GARIBALDI,SORESINA,71.397
MILANO PORTA GARIBALDI,STABIO,59.995
MILANO PORTA GARIBALDI,STRADELLA,67.885
MILANO PORTA GARIBALDI,STRESA,84.963
MILANO PORTA GARIBALDI,TAGGIA ARMA,254.268
MILANO PORTA GARIBALDI,TARVISIO BOSCOVERDE,471.31
MILANO PORTA GARIBALDI,TERNATE VARANO BORGHI,58.098
MILANO PORTA GARIBALDI,TERNO,37.284
MILANO PORTA GARIBALDI,TIRANO,154.037
MILANO PORTA GARIBALDI,TORINO LINGOTTO,148.406
MILANO PORTA GARIBALDI,TORINO PORTA NUOVA,147.463
MILANO PORTA GARIBALDI,TORINO STURA,135.574
MILANO PORTA GARIBALDI,TORTONA,79.908
MILANO PORTA GARIBALDI,TRECATE,41.94
MILANO PORTA GARIBALDI,TRENTO,232.631
MILANO PORTA GARIBALDI,TREVIGLIO,32.571
MILANO PORTA GARIBALDI,TREVIGLIO OVEST,32.679
MILANO PORTA GARIBALDI,TRIESTE CENTRALE,401.366
MILANO PORTA GARIBALDI,TRIUGGIO PONTE ALBIATE,23.257
MILANO PORTA GARIBALDI,VALMADRERA,52.007
MILANO PORTA GARIBALDI,VARESE,53.524
MILANO PORTA GARIBALDI,VENEZIA MESTRE,257.763
MILANO PORTA GARIBALDI,VENEZIA S LUCIA,265.646
MILANO PORTA GARIBALDI,VENTIMIGLIA,276.984
MILANO PORTA GARIBALDI,VERCELLI,73.335
MILANO PORTA GARIBALDI,VERDELLO DALMINE,42.505
MILANO PORTA GARIBALDI,VERONA PORTA NUOVA,146.987
MILANO PORTA GARIBALDI,VIAREGGIO,258.586
MILANO PORTA GARIBALDI,VILLASANTA,15.557
MILANO PORTA GARIBALDI,VILLASANTA PARCO,15.557
MILANO PORTA GARIBALDI,VITTUONE ARLUNO,24.218
MILANO PORTA GARIBALDI,VOGHERA,63.481
MILANO PORTA VITTORIA,MILANO BOVISA,7.794
MILANO PORTA VITTORIA,NOVARA,52.795
MILANO PORTA VITTORIA,PAVIA,33.046
MILANO PORTA VITTORIA,ROVATO,62.459
MILANO PORTA VITTORIA,VARESE,53.548
MILANO ROGOREDO,ABBIATEGRASSO,30.736
MILANO ROGOREDO,ALASSIO,213.274
MILANO ROGOREDO,ALBAIRATE VERMEZZO,27.383
MILANO ROGOREDO,ALBENGA,206.88
MILANO ROGOREDO,ALESSANDRIA,94.859
MILANO ROGOREDO,ARQUATA SCRIVIA,98.531
MILANO ROGOREDO,ASTI,126.873
MILANO ROGOREDO,BENEVENTO,809.491
MILANO ROGOREDO,BOLOGNA CENTRALE,206.991
MILANO ROGOREDO,BOZZOLO,115.954
MILANO ROGOREDO,CALOLZIOCORTE OLGINATE,46.043
MILANO ROGOREDO,CARNATE USMATE,27.747
MILANO ROGOREDO,CAVA TIGOZZI,74.335
MILANO ROGOREDO,CESANO MADERNO,26.501
MILANO ROGOREDO,CREMONA,79.205
MILANO ROGOREDO,GARBAGNATE MILANESE,22.376
MILANO ROGOREDO,GENOVA BRIGNOLE,135.698
MILANO ROGOREDO,GENOVA P PRINCIPE,133.247
MILANO ROGOREDO,GENOVA PIAZZA PRINCIPE,133.36
MILANO ROGOREDO,LECCE,1001.978
MILANO ROGOREDO,LECCO,50.761
MILANO ROGOREDO,LECCO MAGGIANICO,50.761
MILANO ROGOREDO,LIVORNO CENTRALE,290.913
MILANO ROGOREDO,LODI,28.425
MILANO ROGOREDO,MANTOVA,195.645
MILANO ROGOREDO,MASSA CENTRO,230.513
MILANO ROGOREDO,MEDA,30.224
MILANO ROGOREDO,MELEGNANO,13.638
MILANO ROGOREDO,MILANO AFFORI,14.071
MILANO ROGOREDO,MILANO BOVISA,11.792
MILANO ROGOREDO,MILANO CENTRALE,4.732
MILANO ROGOREDO,MILANO CERTOSA,12.407
MILANO ROGOREDO,MILANO GRECO PIRELLI,7.797
MILANO ROGOREDO,MILANO LAMBRATE,1.854
MILANO ROGOREDO,MILANO LANCETTI,9.933
MILANO ROGOREDO,MILANO PORTA GARIBALDI,6.968
MILANO ROGOREDO,MILANO PORTA VITTORIA,4.003
MILANO ROGOREDO,MILANO S CRISTOFORO,10.279
MILANO ROGOREDO,MONZA,15.883
MILANO ROGOREDO,MORTARA,54.591
MILANO ROGOREDO,NAPOLI CENTRALE,767.207
MILANO ROGOREDO,NOVARA,55.73
MILANO ROGOREDO,NOVI LIGURE,91.588
MILANO ROGOREDO,PALAZZOLO,21.092
MILANO ROGOREDO,PARMA,117.311
MILANO ROGOREDO,PARONA LOMELLINA,48.997
MILANO ROGOREDO,PAVIA,31.577
MILANO ROGOREDO,PESCARA,557.066
MILANO ROGOREDO,PIACENZA,61.84
MILANO ROGOREDO,PIADENA,107.107
MILANO ROGOREDO,PISA CENTRALE,272.901
MILANO ROGOREDO,RIMINI,318.161
MILANO ROGOREDO,ROMA TERMINI,558.061
MILANO ROGOREDO,ROMA TIBURTINA,553.47
MILANO ROGOREDO,SALERNO,811.968
MILANO ROGOREDO,SARONNO,29.187
MILANO ROGOREDO,SARZANA,216.821
MILANO ROGOREDO,SAVONA,169.767
MILANO ROGOREDO,SEREGNO,25.871
MILANO ROGOREDO,SESTO S GIOVANNI,11.019
MILANO ROGOREDO,SEVESO,28.856
MILANO ROGOREDO,SONDRIO,132.337
MILANO ROGOREDO,STRADELLA,60.922
MILANO ROGOREDO,TARANTO,952.725
MILANO ROGOREDO,TAVAZZANO,20.714
MILANO ROGOREDO,TORTONA,72.946
MILANO ROGOREDO,VARESE,57.547
MILANO ROGOREDO,VENEZIA MESTRE,254.581
MILANO ROGOREDO,VIGEVANO,41.352
MILANO ROGOREDO,VOGHERA,56.518
MILANO S CRISTOFORO,ABBIATEGRASSO,20.459
MILANO S CRISTOFORO,ALBAIRATE VERMEZZO,17.107
MILANO S CRISTOFORO,ALESSANDRIA,86.182
MILANO S CRISTOFORO,DESIO,29.291
MILANO S CRISTOFORO,GENOVA BRIGNOLE,140.908
MILANO S CRISTOFORO,MILANO GRECO PIRELLI,14.568
MILANO S CRISTOFORO,MILANO LAMBRATE,8.506
MILANO S CRISTOFORO,MILANO PORTA GARIBALDI,13.738
MILANO S CRISTOFORO,MILANO ROGOREDO,10.279
MILANO S CRISTOFORO,MONZA,22.653
MILANO S CRISTOFORO,MORTARA,44.314
MILANO S CRISTOFORO,PARONA LOMELLINA,38.721
MILANO S CRISTOFORO,SARONNO,33.324
MILANO S CRISTOFORO,SEREGNO,32.641
MILANO S CRISTOFORO,SESTO S GIOVANNI,17.789
MILANO S CRISTOFORO,VALENZA,74.083
MILANO VILLAPIZZONE,VARESE,48.164
MILAZZO,BAGHERIA,351.201
MILAZZO,MESSINA CENTRALE,31.643
MILAZZO,PACE DEL MELA,4.883
MILAZZO,PALERMO AEROPORTO,396.841
MILAZZO,PALERMO CENTRALE,363.493
MILAZZO,PALERMO NOTARBARTOLO,367.369
MILAZZO,PATTI S PIERO PATTI,29.815
MILAZZO,PUNTA RAISI,396.841
MILITELLO,BICOCCA,44.167
MILITELLO,CATANIA CENTRALE,51.608
MINTURNO,AVERSA,56.238
MINTURNO,CAMPOLEONE,104.905
MINTURNO,CISTERNA DI LATINA,88.408
MINTURNO,FONDI SPERLONGA,28.838
MINTURNO,FORMIA GAETA,10.025
MINTURNO,ITRI,15.957
MINTURNO,LATINA,77.393
MINTURNO,MONTE S BIAGIO,35.542
MINTURNO,NAPOLI CENTRALE,75.411
MINTURNO,POMEZIA S PALOMBA,114.501
MINTURNO,PRIVERNO FOSSANOVA,53.018
MINTURNO,ROMA CASILINA,133.316
MINTURNO,ROMA OSTIENSE,139.389
MINTURNO,ROMA TERMINI,138.297
MINTURNO,ROMA TIBURTINA,138.365
MINTURNO,ROMA TUSCOLANA,136.506
MINTURNO,SESSA AURUNCA R,14.719
MINTURNO,SEZZE ROMANO,68.213
MINTURNO,VILLA LITERNO,41.86
MINTURNO SCAURI,CAMPOLEONE,104.905
MINTURNO SCAURI,CISTERNA DI LATINA,88.408
MINTURNO SCAURI,FORMIA GAETA,10.025
MINTURNO SCAURI,MONTE S BIAGIO TERRACINA MARE,35.542
MINTURNO SCAURI,NAPOLI CENTRALE,75.411
MINTURNO SCAURI,POMEZIA S PALOMBA,114.501
MINTURNO SCAURI,PRIVERNO FOSSANOVA,53.018
MINTURNO SCAURI,ROMA TERMINI,138.297
MINTURNO SCAURI,ROMA TIBURTINA,138.365
MINTURNO SCAURI,S MARCELLINO FRIGNANO,51.45
MINTURNO SCAURI,TORRICOLA,126.263
MINUCCIANO PIEVE CASOLA,AULLA LUNIGIANA,24.277
MINUCCIANO PIEVE CASOLA,CASTELNUOVO DI GARFAGNANA,20.965
MINUCCIANO PIEVE CASOLA,DIECIMO PESCAGLIA,49.472
MINUCCIANO PIEVE CASOLA,LUCCA,65.955
MINUCCIANO PIEVE CASOLA,PIAZZA AL SERCHIO,8.44
MINUCCIANO PIEVE CASOLA,PISA CENTRALE,89.075
MINUCCIANO PIEVE CASOLA,RIGOLI,77.663
MINUCCIANO PIEVE CASOLA,S GIULIANO TERME,77.663
MINUCCIANO PIEVE CASOLA,VIAREGGIO,80.297
MIRAMARE,PORTOGRUARO CAORLE,119.123
MODANE,BUSSOLENO,59.7
MODANE,MILANO CENTRALE,246.364
MODANE,NOCERA INFERIORE,995.251
MODANE,SALBERTRAND,35.842
MODANE,TORINO PORTA NUOVA,104.825
MODANE,VENEZIA S LUCIA,509.759
MODENA,ANCONA,240.704
MODENA,BATTIPAGLIA,661.584
MODENA,BOLOGNA CENTRALE,36.669
MODENA,CARPI,15.772
MODENA,CASTELFRANCO D EMILIA,11.915
MODENA,FORMIGINE,11.224
MODENA,GENOVA BRIGNOLE,247.722
MODENA,GENOVA P PRINCIPE,245.271
MODENA,GONZAGA REGGIOLO,34.838
MODENA,MANTOVA,135.005
MODENA,MILANO CENTRALE,175.409
MODENA,MILANO PORTA GARIBALDI,177.645
MODENA,MODENA PIAZZA MANZONI,3.48
MODENA,PARMA,54.602
MODENA,PIACENZA,110.423
MODENA,QUATTRO VILLE,5.583
MODENA,REGGIO EMILIA,25.124
MODENA,ROLO NOVI FABBRICO,27.497
MODENA,ROMA TERMINI,387.739
MODENA,ROMANORE,50.373
MODENA,SASSUOLO,18.089
MODENA,SASSUOLO TERMINAL,19.397
MODENA,SOLIERA MODENESE,8.963
MODENA,SUZZARA,92.125
MODENA,TORINO PORTA NUOVA,296.764
MODENA,VOGHERA,168.541
MODENA PIAZZA MANZONI,MODENA,3.48
MODENA PIAZZA MANZONI,SASSUOLO,14.609
MODICA,AUGUSTA,117.332
MODICA,AVOLA,66.336
MODICA,CALTANISSETTA CENTRALE,201.588
MODICA,CALTANISSETTA XIRBI,208.022
MODICA,CAMPOBELLO RAVANUSA,155.964
MODICA,CANICATTI,172.623
MODICA,CATANIA CENTRALE,173.623
MODICA,COMISO,53.127
MODICA,GELA,90.41
MODICA,ISPICA,38.57
MODICA,NOTO,59.78
MODICA,POZZALLO,30.119
MODICA,PRIOLO MELILLI,103.982
MODICA,RAGUSA,19.775
MODICA,ROSOLINI,44.209
MODICA,SAMPIERI,20.107
MODICA,SCICLI,9.77
MODICA,SIRACUSA,92.269
MODICA,VITTORIA,60.966
MOGLIANO VENETO,VENEZIA MESTRE,9.316
MOGLIANO VENETO,VENEZIA S LUCIA,17.7
MOLA DI BARI,BARI CENTRALE,19.143
MOLA DI BARI,BARLETTA,73.916
MOLFETTA,BARI CENTRALE,24.762
MOLFETTA,BARLETTA,30.015
MOLFETTA,FASANO,79.14
MOLFETTA,MILANO CENTRALE,832.583
MOLINA CASTELVECCHIO SUBEQUO,L AQUILA,41.562
MOLINA CASTELVECCHIO SUBEQUO,SULMONA,18.875
MOLINELLA,BOLOGNA CENTRALE,143.582
MOLTENO,BESANA,10.722
MOLTENO,CANTU,15.812
MOLTENO,COMO S GIOVANNI,27.061
MOLTENO,LECCO,17.138
MOLTENO,MERONE,5.313
MOLTENO,MILANO PORTA GARIBALDI,40.989
MOLTENO,MONZA,35.474
MOLTENO,SESTO S GIOVANNI,34.276
MOMBALDONE ROCCAVERANO,ALESSANDRIA,55.571
MOMBARUZZO,ASTI,81.298
MONASTERACE STILO,CATANZARO LIDO,46.107
MONASTERACE STILO,REGGIO CALABRIA CENTRALE,131.986
MONCALIERI,ALBA,57.72
MONCALIERI,ASTI,47.113
MONCALIERI,CIRE,33.185
MONCALIERI,FOSSANO,54.882
MONCALIERI,TORINO STURA,17.142
MONCALIERI SANGONE,CHIVASSO,32.268
MONDOVI,FOSSANO,18.984
MONDOVI,S GIUSEPPE DI CAIRO,44.502
MONDOVI,SAVONA,65.708
MONDOVI,TORINO PORTA NUOVA,82.363
MONFALCONE,CARNIA,86.252
MONFALCONE,CASARSA,80.895
MONFALCONE,CERVIGNANO A G,18.236
MONFALCONE,CERVIGNANO AQUILEIA GRADO,18.075
MONFALCONE,GORIZIA CENTRALE,24.027
MONFALCONE,MILANO CENTRALE,373.311
MONFALCONE,PORTOGRUARO CAORLE,100.37
MONFALCONE,ROMA TERMINI,619.366
MONFALCONE,S GIOVANNI AL NATISONE,41.518
MONFALCONE,SACILE,107.146
MONFALCONE,TARVISIO BOSCOVERDE,135.423
MONFALCONE,TORINO PORTA NUOVA,520.385
MONFALCONE,TRIESTE CENTRALE,25.817
MONFALCONE,UDINE,46.51
MONFALCONE,VENEZIA MESTRE,119.413
MONFALCONE,VENEZIA S LUCIA,127.798
MONGRASSANO CERVICATI,SIBARI,37.891
MONGUELFO VALLE DI CASIES,FORTEZZA,51.977
MONGUELFO VALLE DI CASIES,ROMA TERMINI,704.692
MONGUELFO VALLE DI CASIES,S CANDIDO,13.655
MONOPOLI,BARLETTA,95.311
MONSELICE,BOLOGNA CENTRALE,101.737
MONSELICE,CASTEL D ARIO,65.345
MONSELICE,CEREA,45.336
MONSELICE,ESTE,8.222
MONSELICE,FERRARA,52.761
MONSELICE,GAZZO DI BIGARELLO,71.825
MONSELICE,LEGNAGO,37.91
MONSELICE,MANTOVA,83.9
MONSELICE,MANTOVA FRASSINE,77.577
MONSELICE,MONTAGNANA,24.227
MONSELICE,NOGARA,58.278
MONSELICE,PADOVA,23.068
MONSELICE,ROVIGO,21.202
MONSELICE,SALERNO,703.684
MONSELICE,SALETTO,18.265
MONSELICE,SANGUINETTO,50.834
MONSELICE,VENEZIA MESTRE,51.803
MONSELICE,VENEZIA S LUCIA,59.686
MONTAGNANA,LEGNAGO,13.683
MONTAGNANA,MANTOVA,59.673
MONTAGNANA,MONSELICE,24.227
MONTAGNANA,VENEZIA MESTRE,76.03
MONTALE AGLIANA,FIRENZE S MARIA NOVELLA,25.554
MONTALTO DI CASTRO,CIVITAVECCHIA,36.144
MONTALTO DI CASTRO,LADISPOLI CERVETERI,66.601
MONTALTO DI CASTRO,PISA CENTRALE,216.074
MONTALTO DI CASTRO,ROMA AURELIA,96.708
MONTALTO DI CASTRO,ROMA OSTIENSE,107.232
MONTALTO DI CASTRO,ROMA TERMINI,114.132
MONTALTO DI CASTRO,ROMA TUSCOLANA,110.708
MONTALTO DI CASTRO,TARQUINIA,16.247
MONTANARO,IVREA,27.263
MONTANARO,NOVARA,76.983
MONTANARO,TORINO PORTA NUOVA,32.956
MONTE ANTICO,GROSSETO,308.27
MONTE ANTICO,ROMA OSTIENSE,255.223
MONTE ANTICO,SIENA,56.567
MONTE S BIAGIO,NAPOLI CENTRALE,110.953
MONTE S BIAGIO,REGGIO CALABRIA CENTRALE,552.698
MONTE S BIAGIO,ROMA TERMINI,102.76
MONTE S BIAGIO TERRACINA MARE,NAPOLI CENTRALE,110.953
MONTE S BIAGIO TERRACINA MARE,ROMA TERMINI,102.76
MONTEBELLUNA,BELLUNO,68.224
MONTEBELLUNA,CALALZO PIEVE CADORE CORTINA,111.75
MONTEBELLUNA,CAMPOSAMPIERO,25.582
MONTEBELLUNA,CASTELFRANCO VENETO,13.44
MONTEBELLUNA,FANZOLO,6.676
MONTEBELLUNA,FELTRE,37.601
MONTEBELLUNA,PADOVA,47.465
MONTEBELLUNA,POSTIOMA,43.845
MONTEBELLUNA,SEDICO BRIBANO,56.148
MONTEBELLUNA,TREVISO C,36.775
MONTEBELLUNA,TREVISO CENTRALE,36.775
MONTEBELLUNA,VIGODARZERE,38.78
MONTECARLO S SALVATORE,FIRENZE S MARIA NOVELLA,58.675
MONTECATINI TERME,FIRENZE S MARIA NOVELLA,46.817
MONTECATINI TERME,LUCCA,30.627
MONTECATINI TERME,MONTECARLO S SALVATORE,11.858
MONTECATINI TERME,PISA CENTRALE,53.603
MONTECATINI TERME,PISTOIA,13.384
MONTECATINI TERME,VIAREGGIO,52.586
MONTECATINI TERME MONSUMMANO,FIRENZE CAMPO MARTE,48.086
MONTECATINI TERME MONSUMMANO,FIRENZE CASTELLO,41.69
MONTECATINI TERME MONSUMMANO,FIRENZE RIFREDI,45.213
MONTECATINI TERME MONSUMMANO,FIRENZE S MARIA NOVELLA,46.424
MONTECATINI TERME MONSUMMANO,LUCCA,31.02
MONTECATINI TERME MONSUMMANO,MONTEVARCHI TERRANUOVA,87.153
MONTECATINI TERME MONSUMMANO,PISA CENTRALE,53.997
MONTECATINI TERME MONSUMMANO,PISTOIA,12.991
MONTECATINI TERME MONSUMMANO,PORCARI,21.762
MONTECATINI TERME MONSUMMANO,PRATO CENTRALE,30.011
MONTECATINI TERME MONSUMMANO,VIAREGGIO,52.979
MONTECOSARO,MACERATA,19.791
MONTEGROSSO,ACQUI TERME,33.452
MONTELLA,BENEVENTO,74.07
MONTELLO GORLAGO,BERGAMO,11.188
MONTELLO GORLAGO,BRESCIA,37.468
MONTELLO GORLAGO,CREMONA,116.842
MONTELLO GORLAGO,GRUMELLO DEL MONTE,6.288
MONTELLO GORLAGO,OLMENETA,77.802
MONTEMARANO,BENEVENTO,67.166
MONTENERO PETACCIATO,PESCARA,76.683
MONTEPESCALI,FIRENZE S MARIA NOVELLA,181.021
MONTEPESCALI,GROSSETO,339.241
MONTEPESCALI,LIVORNO CENTRALE,214.777
MONTEPESCALI,PISA CENTRALE,196.369
MONTEPESCALI,S VINCENZO,269.569
MONTEPULCIANO,CHIUSI C T,19.078
MONTEPULCIANO,CHIUSI CHIANCIANO TERME,19.078
MONTEPULCIANO,EMPOLI,133.133
MONTEPULCIANO,GRANAIOLO,122.543
MONTEPULCIANO,SIENA,70.012
MONTEREALE VALCELLINA,MANIAGO,3.088
MONTEREALE VALCELLINA,SACILE,27.181
MONTEREALE VALCELLINA,TREVISO C,145.37
MONTEREALE VALCELLINA,UDINE,87.896
MONTERONI D ARBIA,BUONCONVENTO,12.69
MONTERONI D ARBIA,EMPOLI,79.551
MONTERONI D ARBIA,FIRENZE S MARIA NOVELLA,109.912
MONTERONI D ARBIA,GROSSETO,268.132
MONTERONI D ARBIA,SIENA,16.429
MONTEROSSO,GENOVA BRIGNOLE,68.398
MONTEROSSO,GENOVA P PRINCIPE,70.974
MONTEROSSO,LA SPEZIA CENTRALE,16.114
MONTEROSSO,LA SPEZIA MIGLIARINA,18.142
MONTEROSSO,MILANO CENTRALE,208.821
MONTEROSSO,MILANO PORTA GARIBALDI,211.057
MONTEROSSO,SARZANA,34.571
MONTEROSSO,SESTRI LEVANTE,25.596
MONTEROTONDO MENTANA,BRACCIANO,68.515
MONTEROTONDO MENTANA,CESANO DI ROMA,56.97
MONTEROTONDO MENTANA,FARA SABINA MONTELIBRETTI,11.567
MONTEROTONDO MENTANA,FIUMICINO AEROPORTO,53.193
MONTEROTONDO MENTANA,LA STORTA,48.104
MONTEROTONDO MENTANA,ORIOLO,82.706
MONTEROTONDO MENTANA,ORTE,57.272
MONTEROTONDO MENTANA,POGGIO MIRTETO,22.959
MONTEROTONDO MENTANA,ROMA OSTIENSE,28.246
MONTEROTONDO MENTANA,ROMA S PIETRO,33.465
MONTEROTONDO MENTANA,ROMA TIBURTINA,21.212
MONTEROTONDO MENTANA,ROMA TUSCOLANA,24.77
MONTEROTONDO MENTANA,VETRALLA,105.398
MONTEROTONDO MENTANA,VITERBO PORTA ROMANA,111.234
MONTESANTO,FERRARA,181.2
MONTESANTO,RAVENNA,55.679
MONTESILVANO,ANCONA,139.073
MONTESILVANO,GIULIANOVA,30.643
MONTESILVANO,MILANO CENTRALE,554.825
MONTESILVANO,PESCARA,6.97
MONTESILVANO,SULMONA,75.506
MONTESILVANO,TERAMO,52.915
MONTEVARCHI TERRANUOVA,AREZZO,30.659
MONTEVARCHI TERRANUOVA,CHIUSI C T,80.656
MONTEVARCHI TERRANUOVA,COMPIOBBI,39.283
MONTEVARCHI TERRANUOVA,FIGLINE VALDARNO,12.976
MONTEVARCHI TERRANUOVA,FIRENZE CAMPO MARTE,39.074
MONTEVARCHI TERRANUOVA,FIRENZE CASTELLO,45.463
MONTEVARCHI TERRANUOVA,FIRENZE RIFREDI,42.95
MONTEVARCHI TERRANUOVA,FIRENZE S MARIA NOVELLA,43.48
MONTEVARCHI TERRANUOVA,FOLIGNO,143.78
MONTEVARCHI TERRANUOVA,INCISA,17.341
MONTEVARCHI TERRANUOVA,MONTECATINI TERME MONSUMMANO,87.153
MONTEVARCHI TERRANUOVA,PISTOIA,74.164
MONTEVARCHI TERRANUOVA,PONTASSIEVE,32.894
MONTEVARCHI TERRANUOVA,PRATO CENTRALE,57.142
MONTEVARCHI TERRANUOVA,S BENEDETTO SAMBRO CAST PEPOLI,97.035
MONTEVARCHI TERRANUOVA,S GIOVANNI VALDARNO,5.394
MONTEVARCHI TERRANUOVA,VAIANO,67.911
MONTEVARCHI TERRANUOVA,VERNIO MONTEPIANO CANTAGALLO,77.627
MONTI TELTI,CAGLIARI,254.554
MONTI TELTI,OZIERI CHILIVANI,48.275
MONTI TELTI,SASSARI,96.454
MONTIGLIO MURISENGO,ASTI,24.276
MONTIGLIO MURISENGO,BIELLA S PAOLO,83.059
MONTIGLIO MURISENGO,CUNEO,139.058
MONTIGLIO MURISENGO,TORINO LINGOTTO,56.191
MONTIGLIO MURISENGO,TORINO PORTA NUOVA,55.248
MONTIRONE,PARMA,81.651
MONTORO FORINO,MERCATO S SEVERINO,4.468
MONTORO FORINO,SALERNO,22.181
MONZA,ALBAIRATE VERMEZZO,39.758
MONZA,BERGAMO,105.891
MONZA,BESANA,24.752
MONZA,CALOLZIOCORTE OLGINATE,36.223
MONZA,CAMNAGO LENTATE,17.823
MONZA,CARIMATE,19.893
MONZA,CARNATE USMATE,17.927
MONZA,CHIASSO,36.421
MONZA,COLICO,82.055
MONZA,COMO S GIOVANNI,34.821
MONZA,COSTA MASNAGA,32.77
MONZA,DESIO,6.638
MONZA,FIRENZE CAMPO MARTE,316.186
MONZA,LECCO,40.941
MONZA,MILANO CENTRALE,11.166
MONZA,MILANO LAMBRATE,14.397
MONZA,MILANO PORTA GARIBALDI,11.578
MONZA,MILANO ROGOREDO,15.883
MONZA,MILANO S CRISTOFORO,22.653
MONZA,MOLTENO,35.474
MONZA,MORBEGNO,97.643
MONZA,OGGIONO,38.473
MONZA,PADERNO ROBBIATE,24.024
MONZA,PONTE S PIETRO,35.823
MONZA,RHO,23.33
MONZA,SARONNO,25.373
MONZA,SEREGNO,9.988
MONZA,SESTO S GIOVANNI,4.865
MONZA,SESTRI LEVANTE,194.376
MONZA,SONDRIO,122.516
MONZA,TIRANO,148.522
MONZA,TRIUGGIO PONTE ALBIATE,17.742
MONZA,VALMADRERA,46.492
MONZA,VILLASANTA,10.042
MONZA,VILLASANTA PARCO,10.042
MONZUNO,BOLOGNA CENTRALE,26.949
MONZUNO VADO,BOLOGNA CENTRALE,26.949
MONZUNO VADO,PRATO CENTRALE,57.615
MORANO SUL PO,ALESSANDRIA,42.668
MORBEGNO,CARNATE USMATE,79.717
MORBEGNO,COLICO,15.588
MORBEGNO,LECCO,56.704
MORBEGNO,MILANO CENTRALE,102.747
MORBEGNO,MILANO GRECO PIRELLI,100.123
MORBEGNO,MILANO PORTA GARIBALDI,103.158
MORBEGNO,MONZA,97.643
MORBEGNO,SESTO S GIOVANNI,96.445
MORBEGNO,TIRANO,50.879
MORCONE,BENEVENTO,148.51
MORNAGO CIMBRO,LUINO,36.855
MORNAGO CIMBRO,MILANO CERTOSA,43.589
MOROLO,CASSINO,65.781
MOROLO,ROMA TERMINI,70.16
MORTARA,ABBIATEGRASSO,23.855
MORTARA,ALBAIRATE VERMEZZO,27.207
MORTARA,ALESSANDRIA,42.407
MORTARA,CANDIA LOMELLINA,58.659
MORTARA,CASALE MONFERRATO,44.127
MORTARA,CAVA CARBONARA,30.039
MORTARA,GARLASCO,17.014
MORTARA,MILANO CENTRALE,55.814
MORTARA,MILANO CERTOSA,61.905
MORTARA,MILANO LAMBRATE,52.818
MORTARA,MILANO PORTA GARIBALDI,58.05
MORTARA,MILANO ROGOREDO,54.591
MORTARA,MILANO S CRISTOFORO,44.314
MORTARA,NOVARA,24.671
MORTARA,PARONA LOMELLINA,5.593
MORTARA,PAVIA,37.517
MORTARA,ROBBIO,57.373
MORTARA,VALENZA,30.307
MORTARA,VERCELLI,46.137
MORTARA,VIGEVANO,13.238
MOTTA DI LIVENZA,TREVISO C,108.863
MOTTA DI LIVENZA,TREVISO CENTRALE,108.863
MOTTA S DAMIANO,CODOGNO,39.759
MOTTA S DAMIANO,PAVIA,6.702
MOZIA BIRGI,CASTELVETRANO,55.753
MOZIA BIRGI,PIRAINETO,143.756
MOZIA BIRGI,TRAPANI,18.636
MOZZECANE,MANTOVA,69.52
MOZZECANE,VERONA PORTA NUOVA,19.534
NAPOLI AFRAGOLA,MILANO CENTRALE,778.103
NAPOLI AFRAGOLA,ROMA TERMINI,219.877
NAPOLI AFRAGOLA,ROMA TIBURTINA,219.945
NAPOLI AFRAGOLA,VENEZIA S LUCIA,724.778
NAPOLI CAMPI FLEGREI,ACERRA,26.73
NAPOLI CAMPI FLEGREI,ANGRI,40.149
NAPOLI CAMPI FLEGREI,BAGNOLI AGNANO TERME,2.479
NAPOLI CAMPI FLEGREI,CANCELLO,33.404
NAPOLI CAMPI FLEGREI,CAPUA,52.749
NAPOLI CAMPI FLEGREI,CASALNUOVO,18.199
NAPOLI CAMPI FLEGREI,CASERTA,42.75
NAPOLI CAMPI FLEGREI,CASTELLAMMARE DI STABIA,36.05
NAPOLI CAMPI FLEGREI,CAVA DEI TIRRENI,53.87
NAPOLI CAMPI FLEGREI,CAVALLEGGERI AOSTA,1.827
NAPOLI CAMPI FLEGREI,GIUGLIANO QUALIANO,18.781
NAPOLI CAMPI FLEGREI,GRICIGNANO,27.832
NAPOLI CAMPI FLEGREI,NAPOLI GIANTURCO,9.877
NAPOLI CAMPI FLEGREI,NAPOLI MERGELLINA,2.455
NAPOLI CAMPI FLEGREI,NAPOLI MONTESANTO,5.604
NAPOLI CAMPI FLEGREI,NAPOLI PIAZZA GARIBALDI,8.485
NAPOLI CAMPI FLEGREI,NAPOLI PIAZZA LEOPARDI,0.554
NAPOLI CAMPI FLEGREI,NAPOLI S GIOV BARRA,13.17
NAPOLI CAMPI FLEGREI,NAPOLI S GIOVANNI BARRA,13.765
NAPOLI CAMPI FLEGREI,NOCERA INFERIORE,46.444
NAPOLI CAMPI FLEGREI,NOCERA SUPERIORE,48.339
NAPOLI CAMPI FLEGREI,PAGANI,43.645
NAPOLI CAMPI FLEGREI,POMPEI,33.887
NAPOLI CAMPI FLEGREI,PORTICI ERCOLANO,16.839
NAPOLI CAMPI FLEGREI,POZZUOLI SOLFATARA,7.196
NAPOLI CAMPI FLEGREI,S MARCELLINO FRIGNANO,32.611
NAPOLI CAMPI FLEGREI,S MARIA CAPUA VETERE,47.9
NAPOLI CAMPI FLEGREI,S MARIA LA BRUNA,25.556
NAPOLI CAMPI FLEGREI,SALERNO,60.058
NAPOLI CAMPI FLEGREI,SAPRI,184.696
NAPOLI CAMPI FLEGREI,SCAFATI,35.724
NAPOLI CAMPI FLEGREI,TORRE ANNUNZIATA CENTRALE,30.721
NAPOLI CAMPI FLEGREI,TORRE DEL GRECO,21.291
NAPOLI CAMPI FLEGREI,VILLA LITERNO,27.544
NAPOLI CENTRALE,1°BIVIO VALDARNO SUD,424.22
NAPOLI CENTRALE,ACERRA,18.079
NAPOLI CENTRALE,AGROPOLI CASTELLABATE,101.075
NAPOLI CENTRALE,ALBANOVA,27.649
NAPOLI CENTRALE,AMOROSI MELIZZANO,49.037
NAPOLI CENTRALE,AREZZO,408.179
NAPOLI CENTRALE,ASCEA,132.127
NAPOLI CENTRALE,AVELLINO,79.404
NAPOLI CENTRALE,AVERSA,19.174
NAPOLI CENTRALE,BARDONECCHIA,941.374
NAPOLI CENTRALE,BARI CENTRALE,301.019
NAPOLI CENTRALE,BATTIPAGLIA,71.362
NAPOLI CENTRALE,BENEVENTO,74.057
NAPOLI CENTRALE,BERGAMO,782.961
NAPOLI CENTRALE,BOIANO,152.133
NAPOLI CENTRALE,BOLOGNA CENTRALE,561.571
NAPOLI CENTRALE,BOLZANO,816.62
NAPOLI CENTRALE,BRESCIA,734.306
NAPOLI CENTRALE,BUTTAPIETRA,662.197
NAPOLI CENTRALE,CAMPOBASSO,167.094
NAPOLI CENTRALE,CAMPOLEONE,180.317
NAPOLI CENTRALE,CANCELLO,24.753
NAPOLI CENTRALE,CAPACCIO ROCCADASPIDE,89.072
NAPOLI CENTRALE,CAPO BONIFATI,241.105
NAPOLI CENTRALE,CAPUA,44.099
NAPOLI CENTRALE,CARPINONE,134.668
NAPOLI CENTRALE,CASALNUOVO,9.549
NAPOLI CENTRALE,CASERTA,34.1
NAPOLI CENTRALE,CASORIA,9.119
NAPOLI CENTRALE,CASORIA AFRAGOLA,8.961
NAPOLI CENTRALE,CASSINO,92.848
NAPOLI CENTRALE,CASTIGLIONE COSENTINO,289.956
NAPOLI CENTRALE,CECINA,487.126
NAPOLI CENTRALE,CELLE BULGHERIA ROCCAGLORIOSA,154.655
NAPOLI CENTRALE,CETRARO,249.16
NAPOLI CENTRALE,CISTERNA DI LATINA,163.819
NAPOLI CENTRALE,CONTURSI TERME,95.917
NAPOLI CENTRALE,COSENZA,294.281
NAPOLI CENTRALE,DIAMANTE BUONVICINO,226.92
NAPOLI CENTRALE,EBOLI,77.631
NAPOLI CENTRALE,FALCIANO MONDRAGONE CAR,49.044
NAPOLI CENTRALE,FERRARA,606.161
NAPOLI CENTRALE,FIRENZE CAMPO MARTE,466.906
NAPOLI CENTRALE,FIRENZE CASTELLO,473.295
NAPOLI CENTRALE,FIRENZE S MARIA NOVELLA,471.312
NAPOLI CENTRALE,FIUMICINO AEROPORTO,239.746
NAPOLI CENTRALE,FOGGIA,183.005
NAPOLI CENTRALE,FONDI SPERLONGA,104.25
NAPOLI CENTRALE,FORMIA GAETA,85.436
NAPOLI CENTRALE,FRAGNETO MONFORTE,108.516
NAPOLI CENTRALE,FRATTAMAGGIORE,13.67
NAPOLI CENTRALE,GORIZIA CENTRALE,843.651
NAPOLI CENTRALE,GRICIGNANO,19.182
NAPOLI CENTRALE,GRICIGNANO TEVEROLA,22.848
NAPOLI CENTRALE,ISERNIA,124.64
NAPOLI CENTRALE,ISOLA DELLA SCALA,654.182
NAPOLI CENTRALE,ITRI,91.368
NAPOLI CENTRALE,LA SPEZIA CENTRALE,612.641
NAPOLI CENTRALE,LATINA,152.805
NAPOLI CENTRALE,LECCE,409.039
NAPOLI CENTRALE,LIVORNO CENTRALE,520.831
NAPOLI CENTRALE,MADDALONI INFERIORE,30.781
NAPOLI CENTRALE,METAPONTO,270.187
NAPOLI CENTRALE,MEZZOCORONA,777.917
NAPOLI CENTRALE,MILANO CENTRALE,771.934
NAPOLI CENTRALE,MILANO LAMBRATE,769.03
NAPOLI CENTRALE,MILANO PORTA GARIBALDI,774.17
NAPOLI CENTRALE,MILANO ROGOREDO,767.207
NAPOLI CENTRALE,MINTURNO,75.411
NAPOLI CENTRALE,MODENA,596.885
NAPOLI CENTRALE,MONTE S BIAGIO,110.953
NAPOLI CENTRALE,MONTE S BIAGIO TERRACINA MARE,110.953
NAPOLI CENTRALE,MONTECORVINO,68.107
NAPOLI CENTRALE,NAPOLI AFRAGOLA,12.497
NAPOLI CENTRALE,NAPOLI CAMPI FLEGREI,10.043
NAPOLI CENTRALE,NAPOLI S GIOV BARRA,4.536
NAPOLI CENTRALE,NOCERA INFERIORE,37.811
NAPOLI CENTRALE,OMIGNANO SALENTO,118.2
NAPOLI CENTRALE,PADOVA,681.99
NAPOLI CENTRALE,PAOLA,268.695
NAPOLI CENTRALE,PIACENZA,707.297
NAPOLI CENTRALE,PICERNO,145.802
NAPOLI CENTRALE,PIETRELCINA,95.865
NAPOLI CENTRALE,PIGNATARO MAGGIORE,53.414
NAPOLI CENTRALE,PISA CENTRALE,538.106
NAPOLI CENTRALE,PISCIOTTA PALINURO,140.77
NAPOLI CENTRALE,POMEZIA S PALOMBA,189.912
NAPOLI CENTRALE,POMPEI,25.253
NAPOLI CENTRALE,PONTE CASALDUNI,70.303
NAPOLI CENTRALE,PONTECAGNANO,61.305
NAPOLI CENTRALE,PORDENONE,786.669
NAPOLI CENTRALE,PORTICI ERCOLANO,8.205
NAPOLI CENTRALE,POTENZA CENTRALE,162.915
NAPOLI CENTRALE,POTENZA INFERIORE,171.554
NAPOLI CENTRALE,PRAJA AJETA TORTORA,200.633
NAPOLI CENTRALE,PRATO CENTRALE,484.974
NAPOLI CENTRALE,PRIVERNO FOSSANOVA,128.43
NAPOLI CENTRALE,REGGIO CALABRIA CENTRALE,445.347
NAPOLI CENTRALE,REGGIO DI CALABRIA CENTRALE,445.347
NAPOLI CENTRALE,ROCCA D EVANDRO,84.422
NAPOLI CENTRALE,ROCCA RAVINDOLA,106.555
NAPOLI CENTRALE,ROMA CASILINA,208.727
NAPOLI CENTRALE,ROMA OSTIENSE,214.8
NAPOLI CENTRALE,ROMA PRENESTINA,213.943
NAPOLI CENTRALE,ROMA S PIETRO,220.019
NAPOLI CENTRALE,ROMA TERMINI,213.708
NAPOLI CENTRALE,ROMA TIBURTINA,213.776
NAPOLI CENTRALE,ROMA TUSCOLANA,211.918
NAPOLI CENTRALE,ROVIGO,637.921
NAPOLI CENTRALE,S ANTIMO S ARPINO,15.394
NAPOLI CENTRALE,S LORENZO MAGGIORE,66.023
NAPOLI CENTRALE,S MARCELLINO FRIGNANO,23.961
NAPOLI CENTRALE,S MARIA CAPUA VETERE,39.249
NAPOLI CENTRALE,S MARIA LA BRUNA,16.923
NAPOLI CENTRALE,SALERNO,51.424
NAPOLI CENTRALE,SAPRI,176.062
NAPOLI CENTRALE,SESSA AURUNCA R,60.693
NAPOLI CENTRALE,SESSA AURUNCA ROCCAMONFINA,60.444
NAPOLI CENTRALE,SESTRI LEVANTE,654.34
NAPOLI CENTRALE,SIBARI,343.975
NAPOLI CENTRALE,SOLOPACA,58.11
NAPOLI CENTRALE,SPARANISE,59.393
NAPOLI CENTRALE,TARANTO,313.686
NAPOLI CENTRALE,TELESE CERRETO,53.898
NAPOLI CENTRALE,TORINO PORTA NUOVA,858.3
NAPOLI CENTRALE,TORINO PORTA SUSA,859.872
NAPOLI CENTRALE,TORINO STURA,865.822
NAPOLI CENTRALE,TORRE ANNUNZIATA CENTRALE,22.087
NAPOLI CENTRALE,TORRICOLA,201.674
NAPOLI CENTRALE,TRENTO,761.063
NAPOLI CENTRALE,TRIESTE CENTRALE,854.329
NAPOLI CENTRALE,UDINE,835.359
NAPOLI CENTRALE,VAIRANO,78.796
NAPOLI CENTRALE,VAIRANO CAIANELLO,78.796
NAPOLI CENTRALE,VALLE DI MADDALONI,34.545
NAPOLI CENTRALE,VALLO DELLA LUC CASTELNUOVO,121.484
NAPOLI CENTRALE,VALLO DELLA LUCANIA CASTELNUOVO,121.484
NAPOLI CENTRALE,VENAFRO,100.12
NAPOLI CENTRALE,VENEZIA MESTRE,710.725
NAPOLI CENTRALE,VENEZIA S LUCIA,718.608
NAPOLI CENTRALE,VERONA PORTA NUOVA,674.969
NAPOLI CENTRALE,VERONA PORTA VESCOVO,678.334
NAPOLI CENTRALE,VILLA LITERNO,33.552
NAPOLI CENTRALE,VILLA S GIOVANNI,431.267
NAPOLI CENTRALE,VINCHIATURO,154.624
NAPOLI CENTRALE,ZAGAROLO,188.93
NAPOLI GIANTURCO,CASTELLAMMARE DI STABIA,26.174
NAPOLI GIANTURCO,NAPOLI CAMPI FLEGREI,9.877
NAPOLI GIANTURCO,NAPOLI S GIOV BARRA,3.293
NAPOLI GIANTURCO,NAPOLI S GIOVANNI BARRA,3.888
NAPOLI GIANTURCO,POZZUOLI SOLFATARA,16.808
NAPOLI GIANTURCO,ROMA TERMINI,213.828
NAPOLI GIANTURCO,SALERNO,50.181
NAPOLI PIAZZA AMEDEO,NAPOLI CAMPI FLEGREI,4.11
NAPOLI PIAZZA GARIBALDI,NAPOLI CAMPI FLEGREI,8.485
NAPOLI PIAZZA GARIBALDI,POZZUOLI SOLFATARA,15.416
NAPOLI S GIOV BARRA,BENEVENTO,75.312
NAPOLI S GIOV BARRA,CASTELLAMMARE DI STABIA,25.812
NAPOLI S GIOV BARRA,CAVALLEGGERI AOSTA,13.8
NAPOLI S GIOV BARRA,COSENZA,289.752
NAPOLI S GIOV BARRA,EBOLI,73.102
NAPOLI S GIOV BARRA,NAPOLI CAMPI FLEGREI,13.17
NAPOLI S GIOV BARRA,NAPOLI CENTRALE,4.536
NAPOLI S GIOV BARRA,NAPOLI GIANTURCO,3.293
NAPOLI S GIOV BARRA,NAPOLI MERGELLINA,10.715
NAPOLI S GIOV BARRA,NAPOLI MONTESANTO,7.566
NAPOLI S GIOV BARRA,NAPOLI PIAZZA GARIBALDI,4.688
NAPOLI S GIOV BARRA,NAPOLI PIAZZA LEOPARDI,12.616
NAPOLI S GIOV BARRA,NOCERA INFERIORE,33.281
NAPOLI S GIOV BARRA,PAOLA,264.165
NAPOLI S GIOV BARRA,POZZUOLI SOLFATARA,20.101
NAPOLI S GIOV BARRA,SALERNO,46.895
NAPOLI S GIOV BARRA,SAPRI,171.533
NAPOLI S GIOV BARRA,TORRE ANNUNZIATA CENTRALE,17.557
NAPOLI S GIOV BARRA,VILLA LITERNO,35.604
NAPOLI S GIOVANNI BARRA,CASTELLAMMARE DI STABIA,26.407
NAPOLI S GIOVANNI BARRA,CAVALLEGGERI AOSTA,14.395
NAPOLI S GIOVANNI BARRA,NAPOLI CAMPI FLEGREI,13.765
NAPOLI S GIOVANNI BARRA,NAPOLI GIANTURCO,3.888
NAPOLI S GIOVANNI BARRA,NAPOLI PIAZZA AMEDEO,9.655
NAPOLI S GIOVANNI BARRA,NAPOLI PIAZZA CAVOUR,6.829
NAPOLI S GIOVANNI BARRA,NOCERA INFERIORE,32.686
NAPOLI S GIOVANNI BARRA,PAOLA,263.57
NAPOLI S GIOVANNI BARRA,POZZUOLI SOLFATARA,20.696
NAPOLI S GIOVANNI BARRA,S MARIA LA BRUNA,11.798
NAPOLI S GIOVANNI BARRA,SALERNO,46.3
NAPOLI S GIOVANNI BARRA,TORRE ANNUNZIATA CENTRALE,16.962
NAVACCHIO,FIRENZE S MARIA NOVELLA,69.684
NAVACCHIO,PISA CENTRALE,7.661
NETTUNO,ANZIO,2.913
NETTUNO,APRILIA,19.589
NETTUNO,CAMPO DI CARNE,15.083
NETTUNO,CAMPOLEONE,26.976
NETTUNO,MARECHIARO,5.949
NETTUNO,PADIGLIONE,9.368
NETTUNO,POMEZIA S PALOMBA,35.244
NETTUNO,ROMA OSTIENSE,60.132
NETTUNO,ROMA TERMINI,59.039
NETTUNO,ROMA TIBURTINA,59.108
NETTUNO,ROMA TUSCOLANA,57.249
NETTUNO,TORRICOLA,47.005
NICORVO,MORTARA,63.57
NICOTERA,LAMEZIA TERME CENTRALE,69.63
NIZZA MONFERRATO,ACQUI TERME,25.243
NIZZA MONFERRATO,ASTI,93.473
NIZZA MONFERRATO,ROMA OSTIENSE,567.692
NIZZA MONFERRATO,TORINO PORTA NUOVA,107.06
NOALE SCORZE,BASSANO DEL GRAPPA,36.494
NOALE SCORZE,CASTELFRANCO VENETO,17.75
NOALE SCORZE,VENEZIA MESTRE,18.365
NOALE SCORZE,VENEZIA S LUCIA,26.249
NOCERA INFERIORE,BARONISSI,16.144
NOCERA INFERIORE,BATTIPAGLIA,34.643
NOCERA INFERIORE,BUCCINO S GREGORIO MAGNO,73.133
NOCERA INFERIORE,CAMPAGNA SERRE PERSANO,46.894
NOCERA INFERIORE,CODOLA,3.682
NOCERA INFERIORE,CONTURSI TERME,59.198
NOCERA INFERIORE,EBOLI,40.912
NOCERA INFERIORE,FISCIANO,14.393
NOCERA INFERIORE,FRATTE,17.363
NOCERA INFERIORE,MERCATO S SEVERINO,11.383
NOCERA INFERIORE,NAPOLI CAMPI FLEGREI,46.444
NOCERA INFERIORE,NAPOLI CENTRALE,37.811
NOCERA INFERIORE,NAPOLI GIANTURCO,36.568
NOCERA INFERIORE,NAPOLI S GIOV BARRA,33.281
NOCERA INFERIORE,NAPOLI S GIOVANNI BARRA,32.686
NOCERA INFERIORE,NOCERA SUPERIORE,2.986
NOCERA INFERIORE,POMPEI,12.557
NOCERA INFERIORE,PONTECAGNANO,24.586
NOCERA INFERIORE,S MARIA LA BRUNA,20.89
NOCERA INFERIORE,SALERNO,14.705
NOCERA INFERIORE,SCAFATI,10.721
NOCERA INFERIORE,SICIGNANO DEGLI ALBURNI,65.496
NOCERA INFERIORE,TARANTO,276.966
NOCERA INFERIORE,TORRE ANNUNZIATA CENTRALE,15.726
NOCERA UMBRA,ANCONA,109.517
NOCERA UMBRA,ORTE,101.035
NOCERA UMBRA,ROMA TERMINI,168.411
NOGARA,BOLOGNA CENTRALE,83.436
NOGARA,BRESCIA,90.654
NOGARA,MONSELICE,58.278
NOGARA,VERONA PORTA NUOVA,31.317
NOLA,BATTIPAGLIA,57.526
NOLA,CANCELLO,14.194
NOLA,CASERTA,24.336
NOLA,SALERNO,37.588
NONE,CANDIOLO,5.435
NONE,CHIVASSO,44.737
NONE,PINEROLO,17.261
NONE,TORINO LINGOTTO,15.643
NONE,TORINO STURA,28.463
NOTO,DONNAFUGATA,99.186
NOTO,RAGUSA,79.555
NOTO,SIRACUSA,32.489
NOTO,VITTORIA,120.745
NOVARA,ALESSANDRIA,67.078
NOVARA,AREZZO,419.888
NOVARA,ARONA,39.016
NOVARA,BIELLA S PAOLO,50.903
NOVARA,BORGO TICINO,27.709
NOVARA,BORGOMANERO,30.796
NOVARA,CALTIGNAGA,8.23
NOVARA,CALUSO,85.684
NOVARA,CANDIA CANAVESE,89.234
NOVARA,CASALE MONFERRATO,68.798
NOVARA,CASALEGGIO,12.179
NOVARA,CASSANO D ADDA,75.505
NOVARA,CHIVASSO,71.754
NOVARA,COSSATO,36.646
NOVARA,CRESSA FONTANETO,24.107
NOVARA,DOMODOSSOLA,87.383
NOVARA,GARBAGNA,8.615
NOVARA,GOZZANO,35.674
NOVARA,GRAVELLONA TOCE,59.203
NOVARA,IVREA,104.246
NOVARA,LIVORNO FERRARIS,53.589
NOVARA,MAGENTA,21.397
NOVARA,MILANO CENTRALE,51.013
NOVARA,MILANO CERTOSA,43.338
NOVARA,MILANO LAMBRATE,54.244
NOVARA,MILANO LANCETTI,46.86
NOVARA,MILANO PORTA GARIBALDI,51.389
NOVARA,MILANO PORTA VITTORIA,52.795
NOVARA,MILANO ROGOREDO,55.73
NOVARA,MONTANARO,76.983
NOVARA,MORTARA,24.671
NOVARA,OLEGGIO,16.775
NOVARA,OMEGNA,51.85
NOVARA,ORTA MIASINO,42.251
NOVARA,PAVIA,62.188
NOVARA,PIEVE VERGONTE,76.021
NOVARA,PIOLTELLO LIMITO,60.895
NOVARA,PONZANA,10.081
NOVARA,PREMOSELLO CHIOVENDA,72.085
NOVARA,RHO,35.549
NOVARA,RODALLO,82.353
NOVARA,ROMAGNANO SESIA,29.117
NOVARA,ROVASENDA,27.448
NOVARA,SANTHIA,41.504
NOVARA,STRAMBINO,95.167
NOVARA,TORINO LINGOTTO,100.859
NOVARA,TORINO PORTA NUOVA,99.916
NOVARA,TORINO STURA,88.027
NOVARA,TORREBERETTI,46.954
NOVARA,TRECATE,9.448
NOVARA,TREVIGLIO,81.333
NOVARA,VALENZA,54.979
NOVARA,VARALLO SESIA,51.275
NOVARA,VENEZIA MESTRE,306.524
NOVARA,VERCELLI,21.947
NOVARA,VESPOLATE,12.453
NOVARA,VIGNALE,3.427
NOVARA,VILLADOSSOLA,82.662
NOVARA,VITTUONE ARLUNO,27.171
NOVARA MONTALBANO FURNARI,MESSINA CENTRALE,46.828
NOVARA NORD,BUSTO ARSIZIO NORD,25.59
NOVARA NORD,CASTANO PRIMO,16.918
NOVARA NORD,CESATE,44.755
NOVARA NORD,MILANO CADORNA,61.166
NOVARA NORD,MILANO QUARTO OGGIARO,54.85
NOVARA NORD,NOVATE MILANESE,53.009
NOVARA NORD,RESCALDINA,33.33
NOVARA NORD,SARONNO,39.613
NOVATE MEZZOLA,CHIAVENNA,13.354
NOVATE MEZZOLA,COLICO,13.224
NOVATE MILANESE,COMO LAGO,37.982
NOVATE MILANESE,MALPENSA AEROPORTO T1,40.281
NOVATE MILANESE,MALPENSA AEROPORTO T2,40.764
NOVATE MILANESE,MILANO BOVISA,4.029
NOVATE MILANESE,MILANO CADORNA,8.157
NOVATE MILANESE,PAVIA,44.839
NOVATE MILANESE,SARONNO,13.396
NOVELLARA,GUASTALLA,10.721
NOVELLARA,REGGIO EMILIA,68.496
NOVELLARA,S LAZZARO,19.967
NOVI LIGURE,ALESSANDRIA,21.902
NOVI LIGURE,ARQUATA SCRIVIA,11.516
NOVI LIGURE,ASTI,56.175
NOVI LIGURE,BARDONECCHIA,194.858
NOVI LIGURE,GENOVA BOLZANETO,41.486
NOVI LIGURE,GENOVA BRIGNOLE,49.379
NOVI LIGURE,GENOVA P PRINCIPE,46.928
NOVI LIGURE,GENOVA PIAZZA PRINCIPE,47.04
NOVI LIGURE,GENOVA RIVAROLO,44.211
NOVI LIGURE,GENOVA SAMPIERDARENA,46.122
NOVI LIGURE,ISOLA DEL CANTONE,21.323
NOVI LIGURE,MILANO CENTRALE,96.315
NOVI LIGURE,MILANO CERTOSA,102.515
NOVI LIGURE,MILANO GRECO PIRELLI,99.381
NOVI LIGURE,MILANO LAMBRATE,93.412
NOVI LIGURE,MILANO PORTA GARIBALDI,98.551
NOVI LIGURE,MILANO ROGOREDO,91.588
NOVI LIGURE,PAVIA,60.022
NOVI LIGURE,RONCO SCRIVIA,21.538
NOVI LIGURE,TORINO PORTA NUOVA,111.784
NOVI LIGURE,TORTONA,18.645
NOVI LIGURE,TROFARELLO,98.898
NOVI LIGURE,VOGHERA,35.07
NUS,IVREA,53.802
NUS,TORINO PORTA NUOVA,114.02
ODERZO,TREVISO CENTRALE,99.622
OFFIDA CASTEL DI LAMA,ANCONA,105.176
OFFIDA CASTEL DI LAMA,ASCOLI PICENO,12.013
OFFIDA CASTEL DI LAMA,S BENEDETTO DEL TRONTO,20.63
OGGIONO,MILANO PORTA GARIBALDI,43.988
OGGIONO,MONZA,38.473
OLBIA,BERCHIDDA,38.851
OLBIA,BONORVA,104.837
OLBIA,CAGLIARI,277.094
OLBIA,DECIMOMANNU,260.7
OLBIA,ENAS,10.237
OLBIA,GOLFO ARANCI,20.987
OLBIA,MACOMER,124.317
OLBIA,MONTI TELTI,22.54
OLBIA,OLBIA TERRANOVA,0.719
OLBIA,ORISTANO,183.935
OLBIA,OSCHIRI,48.86
OLBIA,OZIERI CHILIVANI,70.815
OLBIA,S GAVINO,227.592
OLBIA,SASSARI,118.994
OLBIA TERRANOVA,BONORVA,104.118
OLBIA TERRANOVA,CAGLIARI,276.375
OLBIA TERRANOVA,DECIMOMANNU,259.981
OLBIA TERRANOVA,ENAS,9.518
OLBIA TERRANOVA,MACOMER,123.598
OLBIA TERRANOVA,ORISTANO,183.216
OLBIA TERRANOVA,OZIERI CHILIVANI,70.096
OLBIA TERRANOVA,SASSARI,118.275
OLEGGIO,ARONA,22.577
OLEGGIO,NOVARA,16.775
OLIVERI TINDARI,MESSINA CENTRALE,54.191
OLMENETA,BERGAMO,88.99
OLMENETA,BRESCIA,40.335
OLMENETA,CASALETTO VAPRIO,38.866
OLMENETA,CREMA,32.538
OLMENETA,CREMONA,107.839
OLMENETA,MANERBIO,18.334
OLMENETA,MILANO CERTOSA,91.882
OLMENETA,MILANO PORTA GARIBALDI,86.444
OLMENETA,S ZENO FOLZANO,34.651
OLMENETA,TREVIGLIO,59.194
OMEGNA,DOMODOSSOLA,35.534
OMEGNA,NOVARA,51.85
ORA,FIRENZE CAMPO MARTE,333.634
ORBETELLO,CAMPIGLIA MARITTIMA,90.455
ORBETELLO,CASTELLINA CH,268.843
ORBETELLO,CECINA,125.425
ORBETELLO,CERTALDO,244.851
ORBETELLO,EMPOLI,221.227
ORBETELLO,FIRENZE S MARIA NOVELLA,251.589
ORBETELLO,GAVORRANO,58.415
ORBETELLO,GROSSETO,31.373
ORBETELLO,LIVORNO CENTRALE,159.13
ORBETELLO,MILANO CENTRALE,454.03
ORBETELLO,PISA CENTRALE,176.405
ORBETELLO,ROMA TERMINI,153.802
ORBETELLO,S VINCENZO,101.046
ORBETELLO,SIENA,283.076
ORBETELLO,VADA,131.359
ORBETELLO MONTE ARGENTARIO,ALBINIA,6.519
ORBETELLO MONTE ARGENTARIO,CAMPIGLIA MARITTIMA,96.984
ORBETELLO MONTE ARGENTARIO,CECINA,131.953
ORBETELLO MONTE ARGENTARIO,GROSSETO,37.901
ORBETELLO MONTE ARGENTARIO,LIVORNO CENTRALE,165.659
ORBETELLO MONTE ARGENTARIO,PISA CENTRALE,182.933
ORBETELLO MONTE ARGENTARIO,ROMA TERMINI,147.275
ORBETELLO MONTE ARGENTARIO,S VINCENZO,107.574
ORIA,TARANTO,39.036
ORIOLO,ROMA OSTIENSE,54.46
ORIOLO,ROMA TIBURTINA,61.796
ORISTANO,CAGLIARI,93.159
ORISTANO,CAGLIARI ELMAS,85.197
ORISTANO,DECIMOMANNU,76.765
ORISTANO,MARRUBIU TERRALBA ARBOREA,17.306
ORISTANO,OLBIA,183.935
ORISTANO,PORTO TORRES MARITTIMA,177.03
ORISTANO,S GAVINO,43.657
ORISTANO,SAMASSI SERRENTI,55.93
ORISTANO,SASSARI,157.721
ORISTANO,SERRAMANNA NURAMINIS,62.437
ORISTANO,URAS MOGORO,25.649
ORMEA,TORINO PORTA NUOVA,137.034
ORTA MIASINO,NOVARA,42.251
ORTANOVA,BARI CENTRALE,102.878
ORTE,ANCONA,210.553
ORTE,AREZZO,131.53
ORTE,ATTIGLIANO,14.688
ORTE,ATTIGLIANO BOMARZO,14.688
ORTE,CASTELPLANIO CUPRAMONTANA,169.176
ORTE,CHIUSI C T,76.925
ORTE,CHIUSI CHIANCIANO TERME,76.925
ORTE,CIVITA CASTELLANA MAGLIANO,13.124
ORTE,COLLEVECCHIO,22.061
ORTE,CONTIGLIANO,60.4
ORTE,FABRO FICULLE,63.411
ORTE,FARA SABINA,45.248
ORTE,FARA SABINA MONTELIBRETTI,45.705
ORTE,FIGLINE VALDARNO,168.735
ORTE,FIRENZE CAMPO MARTE,190.257
ORTE,FIRENZE S MARIA NOVELLA,194.663
ORTE,FIUMICINO AEROPORTO,95.834
ORTE,FOLIGNO,82.344
ORTE,GALLESE IN TEVERINA,9.019
ORTE,GROTTE S STEFANO,29.569
ORTE,LORETO,234.199
ORTE,MILANO CENTRALE,495.285
ORTE,MONTEROTONDO MENTANA,57.272
ORTE,NUOVO SALARIO,58.001
ORTE,ORVIETO,41.334
ORTE,PERUGIA,121.919
ORTE,POGGIO MIRTETO,34.314
ORTE,PONTE GALERIA,86.702
ORTE,RIETI,69.021
ORTE,ROMA OSTIENSE,70.888
ORTE,ROMA TERMINI,68.445
ORTE,ROMA TIBURTINA,63.854
ORTE,ROMA TUSCOLANA,67.411
ORTE,SETTE BAGNI,53.873
ORTE,SIPICCIANO,18.643
ORTE,SPOLETO,57.29
ORTE,STIMIGLIANO,26.062
ORTE,TARVISIO BOSCOVERDE,647.623
ORTE,TERNI,27.965
ORTE,TERONTOLA CORTONA,105.449
ORTE,TRIESTE CENTRALE,577.68
ORTE,VITERBO PORTA FIORENTINA,52.347
ORTONA,PESCARA,21.964
ORTONA,TERMOLI,67.12
ORTONA,VASTO S SALVO,44.138
ORVIETO,CHIUSI C T,35.737
ORVIETO,FIRENZE S MARIA NOVELLA,153.475
ORVIETO,FOLIGNO,123.678
ORVIETO,ORTE,41.334
ORVIETO,PERUGIA,106.894
ORVIETO,ROMA TERMINI,108.837
ORVIETO,TERNI,69.299
OSOPPO,PORDENONE,81.593
OSOPPO,SACILE,69.568
OSOPPO,TREVISO C,187.757
OSOPPO,TRIESTE CENTRALE,201.735
OSPEDALETTO LODIGIANO,BELGIOIOSO,20.553
OSPEDALETTO LODIGIANO,CREMONA,38.643
OSPEDALETTO LODIGIANO,PAVIA,34.857
OSPITALETTO TRAVAGLIATO,BERGAMO,37.466
OSPITALETTO TRAVAGLIATO,BRESCIA,11.189
OSPITALETTO TRAVAGLIATO,MILANO GRECO PIRELLI,72.038
OSTIA PARMENSE,LA SPEZIA CENTRALE,65.782
OSTIA PARMENSE,PARMA,53.41
OSTUNI,BARI CENTRALE,74.476
OSTUNI,BOLOGNA CENTRALE,721.455
OULX CESANA CLAVIERE SESTRIERE,TORINO PORTA NUOVA,74.916
OVADA,ACQUI TERME,14.855
OVADA,GENOVA BRIGNOLE,45.253
OZIERI CHILIVANI,CAGLIARI,206.279
OZIERI CHILIVANI,OLBIA,70.815
OZIERI CHILIVANI,OLBIA TERRANOVA,70.096
OZIERI CHILIVANI,ORISTANO,113.12
OZIERI CHILIVANI,PLOAGHE,21.059
OZIERI CHILIVANI,PORTO TORRES MARITTIMA,67.489
OZIERI CHILIVANI,SASSARI,48.179
PACECO,CASTELVETRANO,69.886
PACECO,PIRAINETO,157.888
PADERNO ROBBIATE,CARNATE USMATE,6.277
PADERNO ROBBIATE,MILANO CENTRALE,29.128
PADERNO ROBBIATE,MILANO CERTOSA,33.517
PADERNO ROBBIATE,MILANO GRECO PIRELLI,26.504
PADERNO ROBBIATE,MILANO PORTA GARIBALDI,29.539
PADERNO ROBBIATE,MONZA,24.024
PADERNO ROBBIATE,PONTE S PIETRO,11.798
PADERNO ROBBIATE,SESTO S GIOVANNI,22.826
PADIGLIONE,APRILIA,10.221
PADIGLIONE,CAMPO DI CARNE,5.715
PADIGLIONE,CAMPOLEONE,17.608
PADIGLIONE,ROMA TERMINI,49.672
PADIGLIONE,ROMA TIBURTINA,49.74
PADOVA,ALANO FENER VALDOBBIADENE,67.788
PADOVA,BASSANO DEL GRAPPA,51.427
PADOVA,BELLUNO,115.689
PADOVA,BOLOGNA CENTRALE,124.805
PADOVA,BRESCIA,146.63
PADOVA,BUSCHE LENTIAI MEL,92.19
PADOVA,CALALZO PIEVE CADORE CORTINA,150.112
PADOVA,CAMPOSAMPIERO,21.883
PADOVA,CASTELFRANCO VENETO,34.028
PADOVA,CHIASSO,274.364
PADOVA,CITTADELLA,43.947
PADOVA,DOMODOSSOLA,349.582
PADOVA,FANZOLO,40.789
PADOVA,FELTRE,85.066
PADOVA,FERRARA,75.829
PADOVA,GRISIGNANO DI ZOCCO,16.11
PADOVA,ISTRANA,47.263
PADOVA,LA SPEZIA CENTRALE,326.747
PADOVA,LEGNAGO,60.978
PADOVA,LIVORNO CENTRALE,300.99
PADOVA,MANTOVA,106.967
PADOVA,MILANO CENTRALE,226.79
PADOVA,MILANO LAMBRATE,224.01
PADOVA,MILANO PORTA GARIBALDI,229.028
PADOVA,MONSELICE,23.068
PADOVA,MONTAGNANA,47.294
PADOVA,MONTEBELLUNA,47.465
PADOVA,NAPOLI CENTRALE,681.99
PADOVA,QUERO VAS,73.326
PADOVA,ROMA TERMINI,472.844
PADOVA,ROVIGO,44.269
PADOVA,S GIUSTINA CESIO,99.331
PADOVA,S PIETRO IN CASALE,99.06
PADOVA,SALERNO,726.751
PADOVA,SALETTO,41.333
PADOVA,SEDICO BRIBANO,103.613
PADOVA,TERME EUGANEE ABANO MONTEGR,13.273
PADOVA,TORINO PORTA NUOVA,373.864
PADOVA,TORTONA,298.761
PADOVA,TREVISO C,58.58
PADOVA,TREVISO CENTRALE,58.58
PADOVA,VENEZIA MESTRE,28.74
PADOVA,VENEZIA S LUCIA,36.624
PADOVA,VENTIMIGLIA,495.837
PADOVA,VERONA PORTA NUOVA,82.047
PADOVA,VICENZA,30.513
PADOVA,VIGODARZERE,8.685
PAESTUM,NAPOLI CENTRALE,92.723
PAESTUM,PARMA,737.537
PAGANICA,SULMONA,52.838
PALAZZO REALE ORLEANS,PALERMO AEROPORTO,32.216
PALAZZOLO,MILANO BOVISA,10.015
PALAZZOLO,MILANO ROGOREDO,21.092
PALAZZOLO MILANESE,MILANO AFFORI,7.02
PALAZZOLO MILANESE,MILANO BOVISA,10.015
PALAZZOLO MILANESE,MILANO CADORNA,13.467
PALAZZOLO MILANESE,MILANO ROGOREDO,21.092
PALAZZOLO MILANESE,PADERNO DUGNANO,1.842
PALAZZOLO SULL OGLIO,BERGAMO,21.482
PALAZZOLO SULL OGLIO,BRESCIA,27.174
PALAZZOLO SULL OGLIO,MILANO CENTRALE,73.257
PALAZZOLO SULL OGLIO,PISA CENTRALE,294.447
PALAZZOLO SULL OGLIO,ROMA TERMINI,552.334
PALERMO AEROPORTO,ACQUAVIVA CASTELTERMINI,131.774
PALERMO AEROPORTO,AGRIGENTO CENTRALE,169.933
PALERMO AEROPORTO,ALTAVILLA MILICIA,53.725
PALERMO AEROPORTO,ARAGONA CALDARE,157.217
PALERMO AEROPORTO,BAGHERIA,45.644
PALERMO AEROPORTO,CAMMARATA S GIOVANNI GEMINI,121.212
PALERMO AEROPORTO,CAMPOFELICE,86.101
PALERMO AEROPORTO,CAMPOFRANCO,139.393
PALERMO AEROPORTO,CARINI,12.634
PALERMO AEROPORTO,CEFALU,99.531
PALERMO AEROPORTO,ISOLA DELLE FEMMINE,17.25
PALERMO AEROPORTO,MESSINA CENTRALE,367.74
PALERMO AEROPORTO,MILAZZO,396.841
PALERMO AEROPORTO,MONTEMAGGIORE BELSITO,94.05
PALERMO AEROPORTO,PALERMO BRANCACCIO,36.226
PALERMO AEROPORTO,PALERMO CENTRALE,35.923
PALERMO AEROPORTO,PALERMO NOTARBARTOLO,29.472
PALERMO AEROPORTO,ROCCAPALUMBA ALIA,102.746
PALERMO AEROPORTO,TERMINI IMERESE,69.82
PALERMO BRANCACCIO,PALERMO AEROPORTO,36.226
PALERMO BRANCACCIO,TERMINI IMERESE,33.595
PALERMO CENTRALE,ACQUAVIVA,98.425
PALERMO CENTRALE,ACQUEDOLCI S FRATELLO,119.758
PALERMO CENTRALE,AGRIGENTO BASSA,133.58
PALERMO CENTRALE,AGRIGENTO CENTRALE,136.585
PALERMO CENTRALE,ALCAMO DIRAMAZIONE,78.103
PALERMO CENTRALE,ALTAVILLA M,20.376
PALERMO CENTRALE,ALTAVILLA MILICIA,20.376
PALERMO CENTRALE,ARAGONA CALDARE,123.869
PALERMO CENTRALE,BAGHERIA,12.296
PALERMO CENTRALE,BARCELLONA,371.398
PALERMO CENTRALE,BICOCCA,233.77
PALERMO CENTRALE,CALTANISSETTA CENTRALE,132.984
PALERMO CENTRALE,CALTANISSETTA XIRBI,126.55
PALERMO CENTRALE,CAMMARATA S GIOVANNI GEMINI,87.864
PALERMO CENTRALE,CAMPOFELICE,52.753
PALERMO CENTRALE,CAMPOFRANCO,106.044
PALERMO CENTRALE,CAPO D ORLANDO NASO,138.175
PALERMO CENTRALE,CARINI,23.289
PALERMO CENTRALE,CARONIA,106.317
PALERMO CENTRALE,CASTELVETRANO,119.739
PALERMO CENTRALE,CATANIA ACQUICELLA,238.317
PALERMO CENTRALE,CATANIA CENTRALE,241.211
PALERMO CENTRALE,CATENANUOVA,196.654
PALERMO CENTRALE,CEFALU,66.183
PALERMO CENTRALE,CERDA,45.167
PALERMO CENTRALE,COMITINI,128.336
PALERMO CENTRALE,DITTAINO,172.838
PALERMO CENTRALE,ENNA,152.406
PALERMO CENTRALE,GIACHERY,10.049
PALERMO CENTRALE,GIOJOSA MAREA,151.981
PALERMO CENTRALE,ISOLA DELLE FEMMINE,18.681
PALERMO CENTRALE,LEONFORTE PIRATO,163.601
PALERMO CENTRALE,MAZARA DEL VALLO,142.443
PALERMO CENTRALE,MESSINA CENTRALE,334.392
PALERMO CENTRALE,MILAZZO,363.493
PALERMO CENTRALE,MONTEMAGGIORE,60.702
PALERMO CENTRALE,MONTEMAGGIORE BELSITO,60.702
PALERMO CENTRALE,PACE DEL MELA,358.61
PALERMO CENTRALE,PALAZZO REALE ORLEANS,3.707
PALERMO CENTRALE,PALERMO AEROPORTO,35.923
PALERMO CENTRALE,PALERMO BRANCACCIO,2.878
PALERMO CENTRALE,PALERMO CARDILLO,12.724
PALERMO CENTRALE,PALERMO LA MALFA,11.406
PALERMO CENTRALE,PALERMO NOTARBARTOLO,6.45
PALERMO CENTRALE,PATTI S PIERO PATTI,393.308
PALERMO CENTRALE,PIRAINETO,31.736
PALERMO CENTRALE,POLLINA,81.24
PALERMO CENTRALE,POLLINA S MAURO CASTELVERDE,81.24
PALERMO CENTRALE,PORTO EMPEDOCLE,142.99
PALERMO CENTRALE,PUNTA RAISI,35.923
PALERMO CENTRALE,ROCCALUMERA MANDANICI,305.792
PALERMO CENTRALE,ROCCAPALUMBA ALIA,69.397
PALERMO CENTRALE,ROMETTA MESSINESE,349.677
PALERMO CENTRALE,S AGATA M,124.767
PALERMO CENTRALE,S NICOLA T,26.799
PALERMO CENTRALE,S STEFANO DI CAMASTRA,97.48
PALERMO CENTRALE,S STEFANO DI CAMASTRA MISTRETTA,97.48
PALERMO CENTRALE,SALEMI GIBELLINA,103.677
PALERMO CENTRALE,SIRACUSA,309.119
PALERMO CENTRALE,TAORMINA,287.768
PALERMO CENTRALE,TAORMINA GIARDINI,287.116
PALERMO CENTRALE,TERMINI IMERESE,36.472
PALERMO CENTRALE,TUSA,88.712
PALERMO CENTRALE,VALLELUNGA,95.077
PALERMO CENTRALE,VILLAROSA,141.425
PALERMO CENTRALE,ZAPPULLA,132.243
PALERMO NOTARBARTOLO,AGRIGENTO CENTRALE,140.461
PALERMO NOTARBARTOLO,BAGHERIA,16.172
PALERMO NOTARBARTOLO,CEFALU,70.059
PALERMO NOTARBARTOLO,GIACHERY,3.599
PALERMO NOTARBARTOLO,ISOLA DELLE FEMMINE,12.231
PALERMO NOTARBARTOLO,PALERMO AEROPORTO,29.472
PALERMO NOTARBARTOLO,PALERMO CENTRALE,6.45
PALERMO NOTARBARTOLO,PUNTA RAISI,29.472
PALERMO NOTARBARTOLO,TERMINI IMERESE,40.348
PALIZZI,ROCCELLA JONICA,63.607
PALMA S GENNARO,CASERTA,31.145
PALMANOVA,CARNIA,57.691
PALMANOVA,PORDENONE,65.764
PALMANOVA,PORTOGRUARO CAORLE,71.809
PALMANOVA,TREVISO CENTRALE,167.538
PALMANOVA,TRIESTE CENTRALE,54.379
PALMANOVA,UDINE,17.949
PALMI,MELITO DI PORTO SALVO,71.58
PALMI,REGGIO CALABRIA CENTRALE,41.785
PAOLA,AGROPOLI CASTELLABATE,167.624
PAOLA,AMANTEA,25.347
PAOLA,BAGNARA,145.099
PAOLA,BATTIPAGLIA,197.337
PAOLA,BOLZANO,1078.652
PAOLA,CAPACCIO ROCCADASPIDE,179.623
PAOLA,CAPO BONIFATI,27.592
PAOLA,CASTIGLIONE COSENTINO,21.266
PAOLA,CELLE BULGHERIA ROCCAGLORIOSA,114.06
PAOLA,CETRARO,19.535
PAOLA,COSENZA,25.591
PAOLA,DIAMANTE BUONVICINO,41.776
PAOLA,GIOIA TAURO,126.457
PAOLA,LAMEZIA TERME CENTRALE,56.613
PAOLA,MARATEA,80.257
PAOLA,MELITO DI PORTO SALVO,206.452
PAOLA,MILETO,103.592
PAOLA,NAPOLI CENTRALE,268.695
PAOLA,NAPOLI S GIOV BARRA,264.165
PAOLA,NOCERA INFERIORE,231.975
PAOLA,POLICASTRO BUSSENTINO,101.34
PAOLA,PRAJA AJETA TORTORA,68.063
PAOLA,REGGIO CALABRIA CENTRALE,176.657
PAOLA,REGGIO DI CALABRIA CENTRALE,176.657
PAOLA,ROMA OSTIENSE,479.892
PAOLA,ROMA TERMINI,477.356
PAOLA,ROSARNO,116.563
PAOLA,SALERNO,217.27
PAOLA,SAPRI,92.632
PAOLA,SCALEA S DOMENICA TALAO,57.356
PAOLA,SIBARI,75.285
PAOLA,VALLO DELLA LUC CASTELNUOVO,147.211
PAOLA,VIBO VALENTIA PIZZO,83.273
PAOLA,VILLA S GIOVANNI,162.576
PARABIAGO,ARONA,46.095
PARABIAGO,DOMODOSSOLA,98.611
PARABIAGO,MILANO CENTRALE,24.197
PARABIAGO,MILANO CERTOSA,16.522
PARABIAGO,MILANO LAMBRATE,27.427
PARABIAGO,MILANO PORTA GARIBALDI,24.572
PARABIAGO,PIOLTELLO LIMITO,34.079
PARABIAGO,PORTO CERESIO,50.354
PARABIAGO,TREVIGLIO,54.516
PARABIAGO,VARESE,52.707
PARATICO SARNICO,MILANO CENTRALE,82.88
PARGHELIA,ROSARNO,34.037
PARMA,ANCONA,295.295
PARMA,ASOLA,52.451
PARMA,AULLA LUNIGIANA,98.345
PARMA,BERCETO,45.014
PARMA,BOLOGNA CENTRALE,91.26
PARMA,BORETTO,23.828
PARMA,BORGO VAL DI TARO,60.323
PARMA,BRESCELLO VIADANA,21.092
PARMA,BRESCIA,92.613
PARMA,BUSSETO,34.977
PARMA,CANNETO SULL OGLIO,44.212
PARMA,CASALMAGGIORE,24.926
PARMA,CASALPUSTERLENGO,74.195
PARMA,CASTELFRANCO EMILIA,66.505
PARMA,CASTELGUELFO,10.758
PARMA,CODOGNO,69.194
PARMA,COLLECCHIO,11.977
PARMA,COLORNO,16.599
PARMA,CREMONA,55.01
PARMA,DEIVA MARINA,148.914
PARMA,FIDENZA,22.104
PARMA,FILATTIERA,84.929
PARMA,FIORENZUOLA,35.063
PARMA,FIRENZE CAMPO MARTE,184.578
PARMA,FORNOVO,23.052
PARMA,GENOVA BRIGNOLE,194.35
PARMA,GENOVA NERVI,195.11
PARMA,GENOVA P PRINCIPE,191.899
PARMA,GENOVA PIAZZA PRINCIPE,192.011
PARMA,GHEDI,76.128
PARMA,GUASTALLA,32.98
PARMA,LA SPEZIA CENTRALE,119.192
PARMA,LA SPEZIA MIGLIARINA,117.164
PARMA,LECCE,886.248
PARMA,LODI,92.931
PARMA,LUZZARA,38.897
PARMA,MEZZANI RONDANI,21.018
PARMA,MILANO CENTRALE,122.037
PARMA,MILANO LAMBRATE,119.134
PARMA,MILANO PORTA GARIBALDI,124.273
PARMA,MILANO ROGOREDO,117.311
PARMA,MODENA,54.602
PARMA,MONTIRONE,81.651
PARMA,OSTIA PARMENSE,53.41
PARMA,PESARO,235.763
PARMA,PESCARA,441.336
PARMA,PIACENZA,57.051
PARMA,PIADENA,41.408
PARMA,PONTREMOLI,78.299
PARMA,RAVENNA,174.382
PARMA,REGGIO EMILIA,29.482
PARMA,REMEDELLO SOPRA,59.168
PARMA,RIMINI,202.431
PARMA,RUBIERA,41.311
PARMA,S BENEDETTO DEL TRONTO,379.841
PARMA,S GIOVANNI IN CROCE,34.901
PARMA,S STEFANO DI MAGRA,105.13
PARMA,S ZENO FOLZANO,86.93
PARMA,SALSOMAGGIORE T,31.02
PARMA,SALSOMAGGIORE TERME,31.02
PARMA,SESTRI LEVANTE,160.891
PARMA,STRADELLA,90.223
PARMA,SUZZARA,45.165
PARMA,TORINO PORTA SUSA,244.965
PARMA,TORRILE S POLO,13.3
PARMA,VEZZANO LIGURE,111.953
PARMA,VIADANA BRESCIANA,70.438
PARMA,VICOFERTILE,7.539
PARMA,VILLAFRANCA BAGNONE,89.373
PARMA,VILLANOVA D ARDA,41.748
PARMA,VISANO,63.451
PARMA,VOGHERA,115.17
PARONA LOMELLINA,MILANO ROGOREDO,48.997
PARONA LOMELLINA,MILANO S CRISTOFORO,38.721
PARONA LOMELLINA,MORTARA,5.593
PARTINICO,CASTELVETRANO,68.066
PARTINICO,MARSALA,111.775
PARTINICO,TRAPANI,142.455
PASSIGNANO SUL TRASIMENO,FIRENZE S MARIA NOVELLA,112.448
PASSIGNANO SUL TRASIMENO,FOLIGNO,70.236
PASSIGNANO SUL TRASIMENO,PERUGIA,30.661
PATERNOPOLI,BENEVENTO,56.793
PATTI S PIERO PATTI,BARCELLONA,21.909
PATTI S PIERO PATTI,MESSINA CENTRALE,61.458
PATTI S PIERO PATTI,NOVARA MONTALBANO FURNARI,16.678
PATTI S PIERO PATTI,OLIVERI TINDARI,9.316
PATTI S PIERO PATTI,PALERMO CENTRALE,393.308
PATTI S PIERO PATTI,ROMETTA MESSINESE,43.632
PATTI S PIERO PATTI,S AGATA M,432.302
PATTI S PIERO PATTI,TERME VIGLIATORE,18.672
PAVIA,ACQUANEGRA CREMONESE,63.075
PAVIA,ALBENGA,175.314
PAVIA,ALESSANDRIA,63.292
PAVIA,ASTI,95.306
PAVIA,BELGIOIOSO,14.304
PAVIA,BUSTO ARSIZIO,69.991
PAVIA,CASALPUSTERLENGO,41.454
PAVIA,CAVA CARBONARA,7.48
PAVIA,CAVA TIGOZZI,68.631
PAVIA,CERTOSA DI PAVIA,7.802
PAVIA,CHIASSO,81.266
PAVIA,CHIGNOLO PO,28.436
PAVIA,CODOGNO,46.462
PAVIA,CORTEOLONA,18.858
PAVIA,CREMONA,73.5
PAVIA,GARBAGNATE MILANESE,51.424
PAVIA,GARLASCO,20.503
PAVIA,GENOVA BRIGNOLE,104.132
PAVIA,GENOVA PIAZZA PRINCIPE,101.793
PAVIA,LOCATE TRIULZI,20.428
PAVIA,LOMELLO,30.395
PAVIA,MILANO BOVISA,40.84
PAVIA,MILANO CENTRALE,36.303
PAVIA,MILANO CERTOSA,42.503
PAVIA,MILANO GRECO PIRELLI,39.369
PAVIA,MILANO LAMBRATE,33.4
PAVIA,MILANO LANCETTI,38.981
PAVIA,MILANO PORTA GARIBALDI,38.539
PAVIA,MILANO PORTA VITTORIA,33.046
PAVIA,MILANO REPUBBLICA,36.475
PAVIA,MILANO ROGOREDO,31.577
PAVIA,MILANO VENEZIA,35.567
PAVIA,MORTARA,37.517
PAVIA,MOTTA S DAMIANO,6.702
PAVIA,NICORVO,99.439
PAVIA,NOVARA,62.188
PAVIA,NOVI LIGURE,60.022
PAVIA,OSPEDALETTO LODIGIANO,34.857
PAVIA,PAVIA PORTA GARIBALDI,2.448
PAVIA,PIACENZA,58.611
PAVIA,ROBBIO,94.891
PAVIA,SANNAZZARO,21.463
PAVIA,STRADELLA,29.356
PAVIA,TORREBERETTI,42.926
PAVIA,TORTONA,41.38
PAVIA,VALENZA,51.275
PAVIA,VENTIMIGLIA,238.455
PAVIA,VERCELLI,83.654
PAVIA,VILLAMAGGIORE,15.431
PAVIA,VOGHERA,24.952
PAVONA,CIAMPINO,13.064
PAVONA,ROMA TERMINI,23.181
PAVONA,ROMA TIBURTINA,23.25
PAVONA,VELLETRI,18.042
PC CIVITELLA DI AGLIANO,ROMA TERMINI,93.627
PEDASO,ANCONA,68.58
PEDASO,MILANO CENTRALE,484.332
PEGOGNAGA,FERRARA,128.354
PEGOGNAGA,RIMINI,197.826
PEGOGNAGA,SERMIDE,158.88
PEGOGNAGA,SUZZARA V N,3.469
PELLEZZANO,MERCATO S SEVERINO,8.22
PELLEZZANO,SALERNO,9.494
PERAROLO DI CADORE,CALALZO PIEVE CADORE CORTINA,9.915
PERGINE,BASSANO DEL GRAPPA,79.589
PERGINE,BORGO VALSUGANA EST,27.113
PERGINE,TRENTO,17.447
PERGOLA,ANCONA,101.997
PERGOLA,FABRIANO,31.981
PERI,BOLZANO,110.048
PERUGIA,AREZZO,77.3
PERUGIA,ASSISI,24.022
PERUGIA,BASTIA,20.445
PERUGIA,CHIUSI C T,71.814
PERUGIA,FIGLINE VALDARNO,117.181
PERUGIA,FIRENZE CAMPO MARTE,138.703
PERUGIA,FIRENZE S MARIA NOVELLA,143.109
PERUGIA,FOLIGNO,39.575
PERUGIA,L AQUILA,197.671
PERUGIA,MILANO CENTRALE,443.731
PERUGIA,ORTE,121.919
PERUGIA,ORVIETO,106.894
PERUGIA,PASSIGNANO SUL TRASIMENO,30.661
PERUGIA,PERUGIA PONTE S GIOVANNI,13.338
PERUGIA,ROMA OSTIENSE,191.738
PERUGIA,ROMA TERMINI,189.295
PERUGIA,ROMA TIBURTINA,184.704
PERUGIA,SPELLO,34.662
PERUGIA,SPOLETO,64.629
PERUGIA,TERNI,94.004
PERUGIA,TERONTOLA CORTONA,42.633
PERUGIA,TORINO PORTA NUOVA,537.897
PERUGIA,TORINO PORTA SUSA,539.47
PERUGIA CAPITINI,PERUGIA,4.276
PERUGIA PONTE S GIOVANNI,FOLIGNO,31.1
PERUGIA PONTE S GIOVANNI,ORTE,113.444
PERUGIA PONTE S GIOVANNI,ROMA TERMINI,180.82
PERUGIA PONTE S GIOVANNI,SPOLETO,56.154
PERUGIA PONTE S GIOVANNI,TERNI,85.529
PERUGIA PONTE S GIOVANNI,TERONTOLA CORTONA,55.971
PESARO,ANCONA,59.532
PESARO,ASTI,422.316
PESARO,BERGAMO,367.248
PESARO,BOLOGNA CENTRALE,145.857
PESARO,BRESCIA,318.592
PESARO,CASTEL S PIETRO TERME,121.258
PESARO,CASTELBOLOGNESE,102.497
PESARO,CASTELFRANCO D EMILIA,169.257
PESARO,CERVIA MILANO MARITTIMA,62.004
PESARO,CESENATICO,54.567
PESARO,FAENZA,94.179
PESARO,FANO,12.447
PESARO,FERRARA,190.302
PESARO,FIDENZA,256.637
PESARO,FIORENZUOLA,269.596
PESARO,FOLIGNO,171.75
PESARO,FORLI,79.556
PESARO,IMOLA,110.237
PESARO,LECCE,650.484
PESARO,LIDO DI CLASSE LIDO DI SAVIO,69.618
PESARO,LODI,327.464
PESARO,MAROTTA MONDOLFO,24.656
PESARO,MILANO CENTRALE,356.22
PESARO,MILANO LAMBRATE,353.317
PESARO,MILANO PORTA GARIBALDI,358.456
PESARO,MILANO ROGOREDO,351.494
PESARO,PARMA,235.763
PESARO,PESCARA,205.573
PESARO,PIACENZA,291.584
PESARO,PORTO D ASCOLI,148.889
PESARO,RAVENNA,83.211
PESARO,REGGIO EMILIA,206.286
PESARO,RIMINI,33.338
PESARO,ROMA S PIETRO,328.364
PESARO,ROMA TERMINI,320.702
PESARO,S BENEDETTO DEL TRONTO,144.078
PESARO,SENIGALLIA,33.76
PESARO,TORINO PORTA NUOVA,477.925
PESARO,VENEZIA S LUCIA,302.75
PESCARA,ANCONA,146.041
PESCARA,ANVERSA VILLALAGO SCANNO,78.473
PESCARA,AVEZZANO,133.339
PESCARA,BAGNI DI TIVOLI,220.348
PESCARA,BARI CENTRALE,295.548
PESCARA,BOLOGNA CENTRALE,351.43
PESCARA,BOLZANO,606.479
PESCARA,BUSSI,50.035
PESCARA,CASTELLALTO CANZANO,52.36
PESCARA,CELANO OVINDOLI,122.721
PESCARA,CHIETI,15.209
PESCARA,CIVITANOVA MARCHE MONTEGRANARO,103.3
PESCARA,COCULLO,98.707
PESCARA,COLLARMELE,113.587
PESCARA,FAENZA,299.752
PESCARA,FIDENZA,462.209
PESCARA,FORLI,285.129
PESCARA,FRANCAVILLA AL MARE,9.265
PESCARA,GIULIANOVA,37.611
PESCARA,L AQUILA,127.007
PESCARA,LECCE,444.912
PESCARA,LORETO,122.399
PESCARA,LUNGHEZZA,228.996
PESCARA,MANDELA SAMBUCI,186.994
PESCARA,MANOPPELLO,24.093
PESCARA,MARCELLINA PALOMBARA,207.074
PESCARA,MILANO CENTRALE,561.793
PESCARA,MILANO ROGOREDO,557.066
PESCARA,MODENA,386.745
PESCARA,MONTESILVANO,6.97
PESCARA,ORTONA,21.964
PESCARA,PARMA,441.336
PESCARA,PESARO,205.573
PESCARA,PESCARA PORTA NUOVA,1.436
PESCARA,PIACENZA,497.157
PESCARA,PINETO ATRI,19.221
PESCARA,POPOLI VITTORITO,53.302
PESCARA,PORTO D ASCOLI,56.684
PESCARA,PORTO DI VASTO,54.76
PESCARA,PORTO RECANATI,118.209
PESCARA,PORTO S GIORGIO FERMO,87.696
PESCARA,POTENZA PICENA MONTELUPONE,109.437
PESCARA,PRATOLA PELIGNA,62.961
PESCARA,REGGIO EMILIA,411.858
PESCARA,RIMINI,238.911
PESCARA,ROMA PRENESTINA,236.613
PESCARA,ROMA TERMINI,241.08
PESCARA,ROMA TIBURTINA,239.508
PESCARA,ROSETO DEGLI ABRUZZI,28.298
PESCARA,S BENEDETTO DEL TRONTO,61.495
PESCARA,S DEMETRIO DE VESTINI,111.362
PESCARA,S VITO LANCIANO,28.177
PESCARA,SCAFA S VALENTINO CARAMANICO T,31.847
PESCARA,SCAFA S VALENTINO CARAMANICO TERME,31.847
PESCARA,SULMONA,68.536
PESCARA,TARANTO,395.659
PESCARA,TERAMO,59.883
PESCARA,TERMOLI,89.059
PESCARA,TIVOLI,201.158
PESCARA,TORINO PORTA NUOVA,683.498
PESCARA,TORRE DEI PASSERI,38.757
PESCARA,VALLE DELL ANIENE MANDELA SAMBUCI,186.994
PESCARA,VARANO,140.517
PESCARA,VASTO S SALVO,66.078
PESCARA,VENEZIA S LUCIA,508.322
PESCARA PORTA NUOVA,L AQUILA,126.3
PESCARA PORTA NUOVA,PESCARA,1.436
PESCARA PORTA NUOVA,SULMONA,67.829
PESCARA PORTA NUOVA,TORRE DEI PASSERI,38.049
PESCHIERA DEL GARDA,BRESCIA,42.064
PESCHIERA DEL GARDA,EMPOLI,245.856
PESCHIERA DEL GARDA,GENOVA P PRINCIPE,254.497
PESCHIERA DEL GARDA,MILANO CENTRALE,122.224
PESCHIERA DEL GARDA,PIOLTELLO LIMITO,112.328
PESCHIERA DEL GARDA,ROMA TERMINI,483.101
PESCHIERA DEL GARDA,VENEZIA S LUCIA,141.19
PESCHIERA DEL GARDA,VERONA PORTA NUOVA,22.531
PETROSINO STRASATTI,CASTELVETRANO,34.103
PETROSINO STRASATTI,PIRAINETO,122.106
PETROSINO STRASATTI,TRAPANI,40.286
PIACENZA,ANCONA,351.116
PIACENZA,ARENA PO,28.497
PIACENZA,ARQUATA SCRIVIA,100.139
PIACENZA,BARBIANELLO,41.525
PIACENZA,BOLOGNA CENTRALE,147.081
PIACENZA,BORGOLOMBARDO,55.093
PIACENZA,BRESSANA BOTTARONE,47.112
PIACENZA,BRONI,36.994
PIACENZA,BUSALLA,114.891
PIACENZA,CASALPUSTERLENGO,17.157
PIACENZA,CASTEL S GIOVANNI,21.846
PIACENZA,CASTEL S PIETRO TERME,170.326
PIACENZA,CASTELBOLOGNESE,189.087
PIACENZA,CASTELGUELFO,46.294
PIACENZA,CATTOLICA S GIOVANNI GABICCE,276.522
PIACENZA,CERTOSA DI PAVIA,65.236
PIACENZA,CESENA,229.849
PIACENZA,CODOGNO,12.156
PIACENZA,FAENZA,197.404
PIACENZA,FALCONARA MARITTIMA,347.522
PIACENZA,FANO,304.031
PIACENZA,FIDENZA,34.948
PIACENZA,FIORENZUOLA,21.988
PIACENZA,FIRENZE CAMPO MARTE,240.398
PIACENZA,FORLI,212.028
PIACENZA,GENOVA BOLZANETO,129.413
PIACENZA,GENOVA BRIGNOLE,137.306
PIACENZA,GENOVA P PRINCIPE,134.855
PIACENZA,GENOVA PIAZZA PRINCIPE,134.968
PIACENZA,GENOVA PONTEDECIMO,125.282
PIACENZA,GENOVA SAMPIERDARENA,134.049
PIACENZA,IMOLA,181.346
PIACENZA,LECCE,942.068
PIACENZA,LIVORNO CENTRALE,230.653
PIACENZA,LODI,35.893
PIACENZA,MAROTTA MONDOLFO,316.24
PIACENZA,MILANO CENTRALE,66.567
PIACENZA,MILANO CERTOSA,72.931
PIACENZA,MILANO GRECO PIRELLI,69.632
PIACENZA,MILANO LAMBRATE,63.663
PIACENZA,MILANO PORTA GARIBALDI,68.803
PIACENZA,MILANO ROGOREDO,61.84
PIACENZA,MODENA,110.423
PIACENZA,PARMA,57.051
PIACENZA,PAVIA,58.611
PIACENZA,PESARO,291.584
PIACENZA,PESCARA,497.157
PIACENZA,PINAROLO PO,44.337
PIACENZA,RAVENNA,230.202
PIACENZA,REGGIO EMILIA,85.302
PIACENZA,RIMINI,258.252
PIACENZA,ROMA TERMINI,498.151
PIACENZA,RONCO SCRIVIA,109.465
PIACENZA,ROTTOFRENO,12.867
PIACENZA,RUBIERA,97.132
PIACENZA,S BENEDETTO DEL TRONTO,435.662
PIACENZA,S ZENONE AL LAMBRO,47.066
PIACENZA,SECUGNAGO,24.015
PIACENZA,SENIGALLIA,325.344
PIACENZA,STRADELLA,33.179
PIACENZA,TARANTO,892.815
PIACENZA,TAVAZZANO,43.601
PIACENZA,TERNI,458.613
PIACENZA,VOGHERA,58.126
PIADENA,BRESCIA,51.205
PIADENA,CASALMAGGIORE,16.482
PIADENA,CODOGNO,54.942
PIADENA,COLORNO,24.809
PIADENA,CREMONA,28.517
PIADENA,MANTOVA,165.797
PIADENA,MILANO CENTRALE,111.834
PIADENA,MILANO LAMBRATE,108.931
PIADENA,PARMA,41.408
PIADENA,S GIOVANNI IN CROCE,6.508
PIADENA,TORRILE S POLO,28.108
PIANA,ALESSANDRIA,67.73
PIANCAMUNO GRATACASOLO,ISEO,26.018
PIANORO,BOLOGNA CENTRALE,17.914
PIANORO,BOLOGNA S RUFFILLO,9.948
PIANORO,CASALECCHIO GARIBALDI,25.14
PIANORO,MARZABOTTO,42.98
PIANORO,PIOPPE DI SALVARO,49.328
PIANORO,PORRETTA TERME,74.94
PIANORO,PRATO CENTRALE,66.653
PIANORO,RIOLA,63.029
PIANORO,S BENEDETTO SAMBRO CAST PEPOLI,24.27
PIANORO,S BENEDETTO SAMBRO CASTIGLIONE PEPOLI,24.27
PIANORO,SASSO MARCONI,35.441
PIANORO,VERGATO,54.752
PIAZZA AL SERCHIO,AULLA LUNIGIANA,32.717
PIAZZA AL SERCHIO,BAGNI DI LUCCA,34.105
PIAZZA AL SERCHIO,CASTELNUOVO DI GARFAGNANA,12.525
PIAZZA AL SERCHIO,DIECIMO PESCAGLIA,41.031
PIAZZA AL SERCHIO,FORNACI DI BARGA,25.938
PIAZZA AL SERCHIO,GRAGNOLA,18.85
PIAZZA AL SERCHIO,LUCCA,57.515
PIAZZA AL SERCHIO,MINUCCIANO PIEVE CASOLA,8.44
PIAZZA AL SERCHIO,PISA CENTRALE,80.635
PIAZZA AL SERCHIO,RIGOLI,69.222
PIAZZA AL SERCHIO,S GIULIANO TERME,69.222
PIAZZA AL SERCHIO,S PIETRO A VICO,52.244
PIAZZA AL SERCHIO,VIAREGGIO,79.618
PICERNO,POTENZA CENTRALE,17.113
PICERNO,POTENZA INFERIORE,25.752
PICERNO,SALERNO,94.378
PIEDIMONTE VILLA S LUCIA AQUINO,AVEZZANO,87.432
PIEDIMONTE VILLA S LUCIA AQUINO,FALCONARA MARITTIMA,379.975
PIEDIMONTE VILLA S LUCIA AQUINO,REGGIO DI CALABRIA CENTRALE,534.05
PIETRA LIGURE,MILANO CENTRALE,199.755
PIETRA LIGURE,VENTIMIGLIA,74.994
PIETRARSA,NAPOLI CENTRALE,6.352
PIETRARSA S GIORGIO A CREMANO,ROMA TERMINI,217.577
PIETRASANTA,FIRENZE S MARIA NOVELLA,109.127
PIETRASANTA,PISA CENTRALE,31.785
PIETRELCINA,NAPOLI CENTRALE,95.865
PIEVE LIGURE,GENOVA BRIGNOLE,12.688
PIEVE VERGONTE,NOVARA,76.021
PINAROLO PO,MILANO GRECO PIRELLI,57.557
PINAROLO PO,MILANO PORTA GARIBALDI,56.727
PINAROLO PO,MILANO ROGOREDO,49.764
PINAROLO PO,PIACENZA,44.337
PINAROLO PO,STRADELLA,11.158
PINEROLO,AIRASCA,12.637
PINEROLO,CANDIOLO,22.696
PINEROLO,CHIVASSO,61.997
PINEROLO,MONCALIERI SANGONE,29.729
PINEROLO,NONE,17.261
PINEROLO,PISCINA DI PINEROLO,8.018
PINEROLO,TORINO LINGOTTO,32.903
PINEROLO,TORINO REBAUDENGO FOSSATA,42.272
PINEROLO,TORINO STURA,45.724
PINETO ATRI,ANCONA,126.821
PINETO ATRI,PESCARA,19.221
PINETO ATRI,TERAMO,40.664
PINZANO,TREVISO CENTRALE,171.093
PINZANO,UDINE,113.619
PIOLTELLO LIMITO,ALBIZZATE SOLBIATE ARNO,59.153
PIOLTELLO LIMITO,BERGAMO,84.843
PIOLTELLO LIMITO,BRESCIA,70.264
PIOLTELLO LIMITO,BUSTO ARSIZIO,45.044
PIOLTELLO LIMITO,CASSANO D ADDA,14.61
PIOLTELLO LIMITO,CAVARIA OGGIONA JERAGO,56.283
PIOLTELLO LIMITO,CREMONA,88.126
PIOLTELLO LIMITO,GALLARATE,53.166
PIOLTELLO LIMITO,MAGENTA,39.498
PIOLTELLO LIMITO,MILANO CENTRALE,9.896
PIOLTELLO LIMITO,MILANO CERTOSA,17.572
PIOLTELLO LIMITO,MILANO GRECO PIRELLI,12.963
PIOLTELLO LIMITO,MILANO PORTA GARIBALDI,12.134
PIOLTELLO LIMITO,MILANO PORTA VITTORIA,9.344
PIOLTELLO LIMITO,MILANO REPUBBLICA,12.769
PIOLTELLO LIMITO,NOVARA,60.895
PIOLTELLO LIMITO,PARABIAGO,34.079
PIOLTELLO LIMITO,PESCHIERA DEL GARDA,112.328
PIOLTELLO LIMITO,RHO,25.347
PIOLTELLO LIMITO,TRECATE,51.447
PIOLTELLO LIMITO,TREVIGLIO,20.437
PIOLTELLO LIMITO,VARESE,62.888
PIOLTELLO LIMITO,VERONA PORTA NUOVA,134.853
PIOLTELLO LIMITO,VITTUONE ARLUNO,33.724
PIOMBINO,CAMPIGLIA MARITTIMA,13.206
PIOMBINO,FIRENZE S MARIA NOVELLA,171.995
PIOMBINO,PISA CENTRALE,96.811
PIOMBINO BINARI MARE,CAMPIGLIA MARITTIMA,15.382
PIOMBINO BINARI MARE,CECINA,48.008
PIOMBINO BINARI MARE,EMPOLI,143.81
PIOMBINO BINARI MARE,FIRENZE S MARIA NOVELLA,174.172
PIOMBINO BINARI MARE,LIVORNO CENTRALE,81.713
PIOMBINO BINARI MARE,PIOMBINO,2.176
PIOMBINO BINARI MARE,PISA CENTRALE,98.987
PIOMBINO BINARI MARE,ROSIGNANO,58.667
PIOMBINO BINARI MARE,S VINCENZO,23.629
PIOMBINO BINARI MARE,VADA,53.942
PIOMBINO DESE,VENEZIA MESTRE,26.87
PIOMBINO DESE,VENEZIA S LUCIA,34.753
PIOMBINO MARITTIMA,CAMPIGLIA MARITTIMA,15.382
PIOMBINO MARITTIMA,EMPOLI,143.81
PIOMBINO MARITTIMA,FIRENZE S MARIA NOVELLA,174.172
PIOMBINO MARITTIMA,LIVORNO CENTRALE,81.713
PIOMBINO MARITTIMA,PISA CENTRALE,98.987
PIONA,SONDRIO,42.737
PIOPPE DI SALVARO,BOLOGNA CENTRALE,32.768
PIOPPE DI SALVARO,BOLOGNA S RUFFILLO,39.38
PIOPPE DI SALVARO,PIANORO,49.328
PIOVE DI SACCO,VENEZIA MESTRE,126.699
PIOVE DI SACCO,VENEZIA S LUCIA,134.582
PIRAINETO,ALCAMO DIRAMAZIONE,46.367
PIRAINETO,CAMPOBELLO DI MAZARA,96.484
PIRAINETO,CASTELLAMMARE DEL GOLFO,40.266
PIRAINETO,CASTELVETRANO,88.003
PIRAINETO,CINISI TERRASINI,6.053
PIRAINETO,MARAUSA,148.779
PIRAINETO,MARSALA,131.712
PIRAINETO,MAZARA DEL VALLO,110.707
PIRAINETO,PALERMO CENTRALE,31.736
PIRAINETO,PARTINICO,19.937
PIRAINETO,PETROSINO STRASATTI,122.106
PIRAINETO,SALEMI GIBELLINA,71.941
PIRAINETO,TRAPANI,162.392
PISA CENTRALE,ALESSANDRIA,230.315
PISA CENTRALE,ALTOPASCIO,36.902
PISA CENTRALE,ANCONA,331.904
PISA CENTRALE,AREZZO,144.157
PISA CENTRALE,AULLA LUNIGIANA,77.548
PISA CENTRALE,BAGNI DI LUCCA,46.53
PISA CENTRALE,BERGAMO,315.929
PISA CENTRALE,BOLGHERI,58.86
PISA CENTRALE,BORGO A BUGGIANO,49.887
PISA CENTRALE,BORGO VAL DI TARO,115.571
PISA CENTRALE,BRESCIA,267.274
PISA CENTRALE,CAMPIGLIA MARITTIMA,85.949
PISA CENTRALE,CAPALBIO,195.215
PISA CENTRALE,CASCINA,12.541
PISA CENTRALE,CASTELNUOVO DI GARFAGNANA,68.11
PISA CENTRALE,CECINA,50.981
PISA CENTRALE,CHIASSO,322.755
PISA CENTRALE,CIVITAVECCHIA,252.217
PISA CENTRALE,CREMONA,210.6
PISA CENTRALE,DIECIMO PESCAGLIA,39.604
PISA CENTRALE,EMPOLI,46.983
PISA CENTRALE,EQUI TERME,93.438
PISA CENTRALE,FIDENZA,177.693
PISA CENTRALE,FILATTIERA,90.962
PISA CENTRALE,FIRENZE CAMPO MARTE,79.007
PISA CENTRALE,FIRENZE CASTELLO,73.783
PISA CENTRALE,FIRENZE RIFREDI,76.133
PISA CENTRALE,FIRENZE S MARIA NOVELLA,77.344
PISA CENTRALE,FOLLONICA,103.535
PISA CENTRALE,FORNACI DI BARGA,54.697
PISA CENTRALE,FORNOVO,152.839
PISA CENTRALE,FORTE DEI MARMI SERAVEZZA QUERCETA,35.215
PISA CENTRALE,FORTE DEI MARMI SERRAVEZZA Q,35.215
PISA CENTRALE,GAVORRANO,117.99
PISA CENTRALE,GENOVA BRIGNOLE,159.039
PISA CENTRALE,GENOVA P PRINCIPE,161.615
PISA CENTRALE,GENOVA PIAZZA PRINCIPE,161.376
PISA CENTRALE,GRAGNOLA,91.165
PISA CENTRALE,GROSSETO,145.032
PISA CENTRALE,LA SPEZIA CENTRALE,74.538
PISA CENTRALE,LA SPEZIA MIGLIARINA,72.51
PISA CENTRALE,LADISPOLI CERVETERI,282.674
PISA CENTRALE,LIVORNO CENTRALE,19.373
PISA CENTRALE,LUCCA,23.12
PISA CENTRALE,MACCARESE FREGENE,298.851
PISA CENTRALE,MASSA CENTRO,42.388
PISA CENTRALE,MASSA ZONA INDUSTRIALE,119.614
PISA CENTRALE,MILANO CENTRALE,277.628
PISA CENTRALE,MILANO LAMBRATE,274.724
PISA CENTRALE,MILANO PORTA GARIBALDI,279.864
PISA CENTRALE,MILANO ROGOREDO,272.901
PISA CENTRALE,MINUCCIANO PIEVE CASOLA,89.075
PISA CENTRALE,MONTALTO DI CASTRO,216.074
PISA CENTRALE,MONTECATINI CENTRO,53.137
PISA CENTRALE,MONTECATINI TERME,53.603
PISA CENTRALE,MONTECATINI TERME MONSUMMANO,53.997
PISA CENTRALE,MONTEPESCALI,196.369
PISA CENTRALE,NAPOLI CENTRALE,538.106
PISA CENTRALE,NAVACCHIO,7.661
PISA CENTRALE,ORBETELLO,176.405
PISA CENTRALE,ORBETELLO MONTE ARGENTARIO,182.933
PISA CENTRALE,PALAZZOLO SULL OGLIO,294.447
PISA CENTRALE,PIAZZA AL SERCHIO,80.635
PISA CENTRALE,PIETRASANTA,31.785
PISA CENTRALE,PIOMBINO,96.811
PISA CENTRALE,PIOMBINO BINARI MARE,98.987
PISA CENTRALE,PIOMBINO MARITTIMA,98.987
PISA CENTRALE,PISA S ROSSORE,2.207
PISA CENTRALE,PISTOIA,66.988
PISA CENTRALE,POGGIO CAREGGINE VAGLI,74.575
PISA CENTRALE,PONTEDERA CASCIANA TERME,19.404
PISA CENTRALE,PONTREMOLI,97.593
PISA CENTRALE,PORCARI,32.234
PISA CENTRALE,PRATO CENTRALE,84.008
PISA CENTRALE,QUERCIANELLA,32.597
PISA CENTRALE,RIGOLI,11.412
PISA CENTRALE,ROMA AURELIA,312.782
PISA CENTRALE,ROMA OSTIENSE,323.305
PISA CENTRALE,ROMA S PIETRO,318.364
PISA CENTRALE,ROMA TERMINI,330.205
PISA CENTRALE,ROMA TIBURTINA,330.642
PISA CENTRALE,ROMA TUSCOLANA,326.782
PISA CENTRALE,ROSIGNANO,42.416
PISA CENTRALE,S GIULIANO TERME,11.412
PISA CENTRALE,S PIETRO A VICO,28.391
PISA CENTRALE,S ROMANO MONTOPOLI S CROCE,31.473
PISA CENTRALE,S STEFANO DI MAGRA,70.764
PISA CENTRALE,S VINCENZO,75.36
PISA CENTRALE,SARZANA,56.08
PISA CENTRALE,SERIATE,311.776
PISA CENTRALE,TARQUINIA,232.321
PISA CENTRALE,TORINO PORTA SUSA,321.769
PISA CENTRALE,TORRE DEL LAGO PUCCINI,16.138
PISA CENTRALE,VADA,45.046
PISA CENTRALE,VENEZIA S LUCIA,319.201
PISA CENTRALE,VEROLANUOVA,282.653
PISA CENTRALE,VEZZANO LIGURE,67.299
PISA CENTRALE,VIAREGGIO,21.279
PISA CENTRALE,VOLTERRA SALINE POMARANCE,79.238
PISA S ROSSORE,LA SPEZIA CENTRALE,73.754
PISA S ROSSORE,LUCCA,20.913
PISA S ROSSORE,PISA CENTRALE,2.207
PISA S ROSSORE,PONTREMOLI,96.81
PISCINA DI PINEROLO,CHIVASSO,53.979
PISCINA DI PINEROLO,TORINO LINGOTTO,24.885
PISCIOTTA PALINURO,BATTIPAGLIA,69.412
PISCIOTTA PALINURO,MILANO CENTRALE,906.041
PISCIOTTA PALINURO,NAPOLI CENTRALE,140.77
PISCIOTTA PALINURO,SALERNO,89.346
PISCIOTTA PALINURO,VALLO DELLA LUC CASTELNUOVO,19.286
PISOGNE,BRESCIA,47.475
PISOGNE,ISEO,21.182
PISOGNE,PILZONE,18.429
PISTOIA,ALTOPASCIO,30.086
PISTOIA,ANCONA,287.994
PISTOIA,AREZZO,100.247
PISTOIA,COMPIOBBI,43.542
PISTOIA,CORBEZZI,17.627
PISTOIA,FABRIANO,272.328
PISTOIA,FIGLINE VALDARNO,61.189
PISTOIA,FIRENZE CAMPO MARTE,35.097
PISTOIA,FIRENZE CASTELLO,28.701
PISTOIA,FIRENZE RIFREDI,32.223
PISTOIA,FIRENZE S MARIA NOVELLA,33.435
PISTOIA,FIRENZE STATUTO,32.696
PISTOIA,INCISA,56.945
PISTOIA,LIVORNO CENTRALE,85.0
PISTOIA,LUCCA,44.012
PISTOIA,MARRADI,98.781
PISTOIA,MONTECATINI TERME,13.384
PISTOIA,MONTECATINI TERME MONSUMMANO,12.991
PISTOIA,MONTEVARCHI TERRANUOVA,74.164
PISTOIA,PISA CENTRALE,66.988
PISTOIA,PITECCIO,11.468
PISTOIA,PONTASSIEVE,51.145
PISTOIA,PORRETTA TERME,40.007
PISTOIA,PRACCHIA,25.623
PISTOIA,PRATO CENTRALE,17.022
PISTOIA,S GIOVANNI VALDARNO,68.776
PISTOIA,SESTO FIORENTINO,25.403
PISTOIA,VALDIBRANA,5.277
PISTOIA,VIAREGGIO,65.97
PITECCIO,PISTOIA,11.468
PITECCIO,PORRETTA TERME,28.539
PIZZIGHETTONE,BOZZOLO,56.161
PIZZIGHETTONE,CREMONA,19.411
PIZZIGHETTONE,MANTOVA,212.763
PIZZO,REGGIO CALABRIA CENTRALE,91.512
PIZZO,REGGIO DI CALABRIA CENTRALE,91.512
PLOAGHE,CAGLIARI,223.759
PLOAGHE,OZIERI CHILIVANI,21.059
PLOAGHE,SASSARI,27.121
POGGIBONSI,CERTALDO,13.15
POGGIBONSI,EMPOLI,38.047
POGGIBONSI,FIRENZE S MARIA NOVELLA,68.408
POGGIBONSI,GRANAIOLO,27.457
POGGIBONSI,SIENA,25.075
POGGIBONSI S GIMIGNANO,EMPOLI,37.874
POGGIBONSI S GIMIGNANO,FIRENZE S MARIA NOVELLA,68.235
POGGIBONSI S GIMIGNANO,PONTE A ELSA,32.79
POGGIBONSI S GIMIGNANO,SIENA,25.248
POGGIO MIRTETO,FARA SABINA,10.936
POGGIO MIRTETO,FARA SABINA MONTELIBRETTI,11.392
POGGIO MIRTETO,FIUMICINO AEROPORTO,76.152
POGGIO MIRTETO,MONTEROTONDO MENTANA,22.959
POGGIO MIRTETO,PONTE GALERIA,67.02
POGGIO MIRTETO,ROMA OSTIENSE,51.206
POGGIO MIRTETO,ROMA TIBURTINA,44.172
POGGIO MIRTETO,ROMA TUSCOLANA,47.729
POGGIO RENATICO,BOLOGNA CENTRALE,35.801
POGGIO RENATICO,FERRARA,13.178
POGGIO RUSCO,BOLOGNA CENTRALE,58.622
POGGIO RUSCO,BRENNERO,286.579
POGGIO RUSCO,CREVALCORE,29.266
POGGIO RUSCO,FERRARA,98.246
POGGIO RUSCO,PESARO,203.125
POGGIO RUSCO,RIMINI,169.793
POGGIO RUSCO,S FELICE SUL PANARO,15.784
POGGIO RUSCO,S GIOVANNI IN PERSICETO,38.214
POGGIO RUSCO,SERMIDE,128.771
POGGIO RUSCO,SUZZARA,175.55
POGGIO RUSCO,VERONA PORTA NUOVA,56.131
POLESELLA,VENEZIA S LUCIA,94.288
POLICORO TURSI,REGGIO CALABRIA CENTRALE,307.302
POLIGNANO A MARE,BARI CENTRALE,33.913
POLIGNANO A MARE,BARLETTA,88.686
POLLINA,PALERMO CENTRALE,81.24
POMEZIA S PALOMBA,BATTIPAGLIA,257.671
POMEZIA S PALOMBA,LATINA,37.107
POMEZIA S PALOMBA,NAPOLI CENTRALE,189.912
POMEZIA S PALOMBA,NETTUNO,35.244
POMEZIA S PALOMBA,ROMA TERMINI,23.796
POMPEI,FIRENZE CAMPO MARTE,489.675
POMPEI,FIRENZE S MARIA NOVELLA,494.082
POMPEI,NAPOLI CAMPI FLEGREI,33.887
POMPEI,ROMA TERMINI,236.478
PONT SAINT MARTIN,AOSTA,50.043
PONT SAINT MARTIN,IVREA,16.211
PONTASSIEVE,AREZZO,58.976
PONTASSIEVE,BORGO S LORENZO,32.802
PONTASSIEVE,CANCELLO,455.371
PONTASSIEVE,CHIUSI C T,108.973
PONTASSIEVE,CHIUSI CHIANCIANO TERME,108.973
PONTASSIEVE,CONTEA LONDA,14.716
PONTASSIEVE,DICOMANO,18.174
PONTASSIEVE,FIRENZE CAMPO MARTE,16.055
PONTASSIEVE,FIRENZE RIFREDI,19.93
PONTASSIEVE,FIRENZE S MARIA NOVELLA,20.461
PONTASSIEVE,FIRENZE STATUTO,18.448
PONTASSIEVE,FOLIGNO,172.098
PONTASSIEVE,MILANO CERTOSA,327.447
PONTASSIEVE,MONTECATINI TERME MONSUMMANO,64.134
PONTASSIEVE,MONTEVARCHI TERRANUOVA,32.894
PONTASSIEVE,PISTOIA,51.145
PONTASSIEVE,PRATO CENTRALE,34.123
PONTASSIEVE,ROMA OSTIENSE,254.022
PONTASSIEVE,ROMA TIBURTINA,246.988
PONTASSIEVE,RUFINA,7.559
PONTASSIEVE,VERNIO MONTEPIANO CANTAGALLO,54.607
PONTASSIEVE,VICCHIO,25.209
PONTE A ELSA,CHIUSI C T,147.128
PONTE A ELSA,POGGIBONSI,32.963
PONTE A ELSA,SIENA,58.038
PONTE CASALDUNI,CASERTA,49.792
PONTE CASALDUNI,NAPOLI CENTRALE,70.303
PONTE D ADIGE,BOLZANO,6.643
PONTE D ADIGE,MERANO,26.598
PONTE DI PIAVE,PORTOGRUARO CAORLE,33.746
PONTE DI PIAVE,TREVISO C,92.815
PONTE GALERIA,FARA SABINA,56.088
PONTE GALERIA,FARA SABINA MONTELIBRETTI,55.628
PONTE GALERIA,FIUMICINO AEROPORTO,9.142
PONTE GALERIA,LADISPOLI CERVETERI,28.186
PONTE GALERIA,MACCARESE,11.884
PONTE GALERIA,MACCARESE FREGENE,12.009
PONTE GALERIA,MONTEROTONDO MENTANA,44.061
PONTE GALERIA,NAPOLI CENTRALE,230.614
PONTE GALERIA,ORTE,86.702
PONTE GALERIA,POGGIO MIRTETO,67.02
PONTE GALERIA,ROMA OSTIENSE,15.814
PONTE GALERIA,ROMA TERMINI,22.714
PONTE GALERIA,ROMA TIBURTINA,23.15
PONTE GARDENA,BRENNERO,66.499
PONTE GARDENA,MERANO,55.54
PONTE GARDENA,VERONA PORTA NUOVA,168.549
PONTE GARDENA LAION,BOLZANO,22.303
PONTE GARDENA LAION,BRENNERO,66.499
PONTE IN VALTELLINA,LECCO,90.187
PONTE IN VALTELLINA,MILANO CENTRALE,136.23
PONTE IN VALTELLINA,SONDRIO,8.61
PONTE NELLE ALPI POLPET,BELLUNO,7.554
PONTE NELLE ALPI POLPET,CALALZO PIEVE CADORE CORTINA,35.973
PONTE NELLE ALPI POLPET,CONEGLIANO,40.161
PONTE NELLE ALPI POLPET,TREVISO C,112.553
PONTE NELLE ALPI POLPET,TREVISO CENTRALE,112.553
PONTE NELLE ALPI POLPET,VENEZIA S LUCIA,96.532
PONTE S PIETRO,ARCORE,23.147
PONTE S PIETRO,BERGAMO,135.651
PONTE S PIETRO,CALOLZIOCORTE OLGINATE,18.346
PONTE S PIETRO,CALUSCO,9.237
PONTE S PIETRO,CARNATE USMATE,18.075
PONTE S PIETRO,CISANO CAPRINO BERGAMASCO,10.234
PONTE S PIETRO,LECCO,23.063
PONTE S PIETRO,LECCO MAGGIANICO,23.063
PONTE S PIETRO,MILANO CENTRALE,40.927
PONTE S PIETRO,MILANO CERTOSA,45.315
PONTE S PIETRO,MILANO GRECO PIRELLI,38.303
PONTE S PIETRO,MILANO LAMBRATE,44.157
PONTE S PIETRO,MILANO PORTA GARIBALDI,41.338
PONTE S PIETRO,MONZA,35.823
PONTE S PIETRO,PADERNO ROBBIATE,11.798
PONTE S PIETRO,SESTO S GIOVANNI,34.625
PONTE S PIETRO,TERNO,4.054
PONTEBBA,LA SPEZIA CENTRALE,542.024
PONTEBBA,TRIESTE CENTRALE,134.235
PONTEBBA,UDINE,61.91
PONTECAGNANO,CASERTA,71.805
PONTECAGNANO,NAPOLI CENTRALE,61.305
PONTECAGNANO,ROMA TERMINI,269.967
PONTECAGNANO,SALERNO,9.881
PONTEDERA CASCIANA TERME,CAMPIGLIA MARITTIMA,103.192
PONTEDERA CASCIANA TERME,CASCINA,6.863
PONTEDERA CASCIANA TERME,EMPOLI,27.58
PONTEDERA CASCIANA TERME,FIRENZE RIFREDI,56.73
PONTEDERA CASCIANA TERME,FIRENZE S MARIA NOVELLA,57.941
PONTEDERA CASCIANA TERME,FOLLONICA,120.778
PONTEDERA CASCIANA TERME,GROSSETO,162.275
PONTEDERA CASCIANA TERME,LA SPEZIA CENTRALE,93.939
PONTEDERA CASCIANA TERME,LIVORNO CENTRALE,37.811
PONTEDERA CASCIANA TERME,LUCCA,42.522
PONTEDERA CASCIANA TERME,MASSA CENTRO,61.789
PONTEDERA CASCIANA TERME,NAVACCHIO,11.743
PONTEDERA CASCIANA TERME,ORBETELLO,193.648
PONTEDERA CASCIANA TERME,ORBETELLO MONTE ARGENTARIO,200.176
PONTEDERA CASCIANA TERME,PIOMBINO BINARI MARE,116.231
PONTEDERA CASCIANA TERME,PIOMBINO MARITTIMA,116.231
PONTEDERA CASCIANA TERME,PISA CENTRALE,19.404
PONTEDERA CASCIANA TERME,SARZANA,75.481
PONTEDERA CASCIANA TERME,VIAREGGIO,40.68
PONTICINO,FIRENZE S MARIA NOVELLA,61.305
PONTICINO,FOLIGNO,133.089
PONTICINO,PRATO CENTRALE,74.967
PONTREMOLI,AULLA LUNIGIANA,20.047
PONTREMOLI,BORGO VAL DI TARO,17.979
PONTREMOLI,COLLECCHIO,66.322
PONTREMOLI,EMPOLI,144.574
PONTREMOLI,FILATTIERA,6.631
PONTREMOLI,FIRENZE RIFREDI,173.724
PONTREMOLI,FIRENZE S MARIA NOVELLA,174.935
PONTREMOLI,FORNOVO,55.247
PONTREMOLI,FORTE DEI MARMI SERAVEZZA QUERCETA,62.378
PONTREMOLI,FORTE DEI MARMI SERRAVEZZA Q,62.378
PONTREMOLI,GENOVA BRIGNOLE,125.396
PONTREMOLI,LA SPEZIA CENTRALE,40.894
PONTREMOLI,LA SPEZIA MIGLIARINA,38.866
PONTREMOLI,LIVORNO CENTRALE,115.606
PONTREMOLI,MASSA CENTRO,55.206
PONTREMOLI,MILANO CENTRALE,180.036
PONTREMOLI,MILANO PORTA GARIBALDI,182.272
PONTREMOLI,OSTIA PARMENSE,24.889
PONTREMOLI,PARMA,78.299
PONTREMOLI,PISA CENTRALE,97.593
PONTREMOLI,PONTEDERA CASCIANA TERME,116.995
PONTREMOLI,S ROMANO MONTOPOLI S CROCE,129.064
PONTREMOLI,S STEFANO DI MAGRA,26.832
PONTREMOLI,SARZANA,41.513
PONTREMOLI,SIGNA,162.452
PONTREMOLI,VEZZANO LIGURE,33.655
PONTREMOLI,VIAREGGIO,76.316
PONTREMOLI,VICOFERTILE,70.76
PONTREMOLI,VILLAFRANCA BAGNONE,11.076
POPOLI VITTORITO,AVEZZANO,80.037
POPOLI VITTORITO,PESCARA,53.302
POPOLI VITTORITO,SULMONA,15.234
POPOLI VITTORITO,TERAMO,113.185
PORCARI,FIRENZE S MARIA NOVELLA,68.186
PORCARI,MONTECATINI TERME MONSUMMANO,21.762
PORCARI,PISTOIA,34.753
PORCARI,VIAREGGIO,31.217
PORDENONE,GEMONA DEL FRIULI,76.929
PORDENONE,GORIZIA CENTRALE,81.548
PORDENONE,MANIAGO,42.295
PORDENONE,MILANO CENTRALE,331.469
PORDENONE,MONFALCONE,94.325
PORDENONE,OSOPPO,81.593
PORDENONE,PALMANOVA,65.764
PORDENONE,TREVISO C,131.01
PORDENONE,TREVISO CENTRALE,131.01
PORDENONE,TRIESTE CENTRALE,120.142
PORDENONE,UDINE,48.69
PORDENONE,VENEZIA MESTRE,77.877
PORDENONE,VENEZIA S LUCIA,86.261
PORRETTA TERME,BOLOGNA CENTRALE,58.38
PORRETTA TERME,BOLOGNA S RUFFILLO,64.992
PORRETTA TERME,CASALECCHIO GARIBALDI,49.8
PORRETTA TERME,CORBEZZI,22.38
PORRETTA TERME,FIRENZE S MARIA NOVELLA,73.439
PORRETTA TERME,MARZABOTTO,31.96
PORRETTA TERME,PIANORO,74.94
PORRETTA TERME,PIOPPE DI SALVARO,25.612
PORRETTA TERME,PISTOIA,40.007
PORRETTA TERME,PISTOIA OVEST,38.285
PORRETTA TERME,PITECCIO,28.539
PORRETTA TERME,PRACCHIA,14.764
PORRETTA TERME,RIOLA,11.911
PORRETTA TERME,SASSO MARCONI,39.498
PORRETTA TERME,VERGATO,20.188
PORTICI ERCOLANO,NAPOLI CENTRALE,8.205
PORTICI ERCOLANO,NAPOLI S GIOVANNI BARRA,3.081
PORTICI ERCOLANO,ROMA OSTIENSE,220.522
PORTO CERESIO,ALBIZZATE SOLBIATE ARNO,25.278
PORTO CERESIO,BUSTO ARSIZIO,40.034
PORTO CERESIO,CAVARIA OGGIONA IERAGO,28.148
PORTO CERESIO,GALLARATE,34.602
PORTO CERESIO,GAZZADA SCHIANNO MORAZZONE,18.759
PORTO CERESIO,MILANO CENTRALE,72.841
PORTO CERESIO,MILANO CERTOSA,66.874
PORTO CERESIO,MILANO PORTA GARIBALDI,73.252
PORTO CERESIO,PARABIAGO,50.354
PORTO CERESIO,RHO,59.651
PORTO CERESIO,VARESE,81.774
PORTO D ASCOLI,ANCONA,89.357
PORTO D ASCOLI,ASCOLI PICENO,27.832
PORTO D ASCOLI,S BENEDETTO DEL TRONTO,4.811
PORTO DI VASTO,PESCARA,54.76
PORTO EMPEDOCLE,PALERMO CENTRALE,142.99
PORTO S GIORGIO FERMO,ANCONA,58.346
PORTO S GIORGIO FERMO,ASCOLI PICENO,58.844
PORTO TORRES,SASSARI,18.747
PORTO TORRES MARITTIMA,CAGLIARI,270.19
PORTO TORRES MARITTIMA,DECIMOMANNU,253.795
PORTO TORRES MARITTIMA,MACOMER,117.412
PORTO TORRES MARITTIMA,OLBIA,138.304
PORTO TORRES MARITTIMA,ORISTANO,177.03
PORTO TORRES MARITTIMA,OZIERI CHILIVANI,67.489
PORTO TORRES MARITTIMA,S GAVINO,220.687
PORTO TORRES MARITTIMA,SASSARI,19.31
PORTO TORRES MARITTIMA,VILLASOR,244.712
PORTO VALTRAVAGLIA,GALLARATE,38.945
PORTO VALTRAVAGLIA,MILANO PORTA GARIBALDI,81.169
PORTOGRUARO CAORLE,BIVIO D AURISINA,111.527
PORTOGRUARO CAORLE,CASARSA,19.475
PORTOGRUARO CAORLE,CERVIGNANO A G,82.135
PORTOGRUARO CAORLE,CERVIGNANO AQUILEIA GRADO,82.296
PORTOGRUARO CAORLE,CORDOVADO SESTO,8.663
PORTOGRUARO CAORLE,LATISANA LIGNANO BIBIONE,107.771
PORTOGRUARO CAORLE,MILANO CENTRALE,327.02
PORTOGRUARO CAORLE,MONFALCONE,100.37
PORTOGRUARO CAORLE,MOTTA DI LIVENZA,17.698
PORTOGRUARO CAORLE,ODERZO,26.939
PORTOGRUARO CAORLE,PALMANOVA,71.809
PORTOGRUARO CAORLE,PONTE DI PIAVE,33.746
PORTOGRUARO CAORLE,QUARTO D ALTINO,87.948
PORTOGRUARO CAORLE,S BIAGIO DI CALLALTA,41.442
PORTOGRUARO CAORLE,S DONA DI PIAVE,104.581
PORTOGRUARO CAORLE,S DONA DI PIAVE JESOLO,104.581
PORTOGRUARO CAORLE,S GIORGIO DI NOGARO,90.174
PORTOGRUARO CAORLE,S STINO DI LIVENZA,118.09
PORTOGRUARO CAORLE,S VITO AL TAGLIAMENTO,16.01
PORTOGRUARO CAORLE,TREVISO C,126.561
PORTOGRUARO CAORLE,TREVISO CENTRALE,126.561
PORTOGRUARO CAORLE,TRIESTE CENTRALE,126.187
PORTOGRUARO CAORLE,VENEZIA MESTRE,73.427
PORTOGRUARO CAORLE,VENEZIA S LUCIA,81.812
PORTOMAGGIORE,BOLOGNA CENTRALE,130.325
PORTOMAGGIORE,BOLOGNA S VITALE,126.116
PORTOMAGGIORE,BUDRIO,31.017
PORTOMAGGIORE,CASTENASO,36.75
PORTOMAGGIORE,FERRARA,174.77
PORTOMAGGIORE,MEZZOLARA,23.91
PORTOMAGGIORE,MOLINELLA,14.725
PORTOMAGGIORE,RAVENNA,49.249
PORTOMAGGIORE,RIMINI,100.089
PORTOMAGGIORE,SUZZARA,256.616
POSTIOMA,BELLUNO,112.069
POSTIOMA,MONTEBELLUNA,43.845
POSTIOMA,TREVISO C,10.149
POSTIOMA,TREVISO CENTRALE,10.149
POTENZA CENTRALE,AVIGLIANO LUCANIA,14.1
POTENZA CENTRALE,BARAGIANO,29.131
POTENZA CENTRALE,BARAGIANO RUOTI,29.131
POTENZA CENTRALE,BARI CENTRALE,148.821
POTENZA CENTRALE,BATTIPAGLIA,91.556
POTENZA CENTRALE,BELLA MURO,31.528
POTENZA CENTRALE,BUCCINO S GREGORIO MAGNO,53.063
POTENZA CENTRALE,CASTEL LAGOPESOLE,23.948
POTENZA CENTRALE,CONTURSI TERME,66.998
POTENZA CENTRALE,EBOLI,85.284
POTENZA CENTRALE,FERRANDINA SCALO MATERA,70.183
POTENZA CENTRALE,FOGGIA,118.775
POTENZA CENTRALE,FORENZA,35.407
POTENZA CENTRALE,FORMIA GAETA,244.747
POTENZA CENTRALE,MELFI,53.177
POTENZA CENTRALE,METAPONTO,107.622
POTENZA CENTRALE,NAPOLI CENTRALE,162.915
POTENZA CENTRALE,PICERNO,17.113
POTENZA CENTRALE,PONTECAGNANO,101.61
POTENZA CENTRALE,POTENZA SUPERIORE,3.825
POTENZA CENTRALE,RIONERO ATELLA RIPACANDIDA,43.801
POTENZA CENTRALE,RIONERO ATELLA RIPACANDITA,43.801
POTENZA CENTRALE,ROCCHETTA S ANT LAC,69.406
POTENZA CENTRALE,ROMA TERMINI,371.576
POTENZA CENTRALE,ROMAGNANO V,45.812
POTENZA CENTRALE,ROMAGNANO VIETRI SALVITELLE,45.812
POTENZA CENTRALE,SALANDRA,56.959
POTENZA CENTRALE,SALERNO,111.491
POTENZA CENTRALE,SAPRI,194.861
POTENZA CENTRALE,SICIGNANO DEGLI ALBURNI,60.7
POTENZA CENTRALE,TARANTO,151.121
POTENZA CENTRALE,TITO,10.291
POTENZA CENTRALE,TORINO PORTA NUOVA,975.327
POTENZA CENTRALE,TRIVIGNO,22.397
POTENZA INFERIORE,AVIGLIANO LUCANIA,14.298
POTENZA INFERIORE,BARAGIANO,37.77
POTENZA INFERIORE,BATTIPAGLIA,100.195
POTENZA INFERIORE,BELLA MURO,40.167
POTENZA INFERIORE,BRINDISI DI MONTAGNA,26.285
POTENZA INFERIORE,CANDELA,84.727
POTENZA INFERIORE,CASTEL LAGOPESOLE,24.146
POTENZA INFERIORE,CONTURSI TERME,75.637
POTENZA INFERIORE,EBOLI,93.923
POTENZA INFERIORE,FOGGIA,118.973
POTENZA INFERIORE,FORENZA,35.605
POTENZA INFERIORE,MELFI,53.375
POTENZA INFERIORE,METAPONTO,116.261
POTENZA INFERIORE,NAPOLI CENTRALE,171.554
POTENZA INFERIORE,PICERNO,25.752
POTENZA INFERIORE,POTENZA SUPERIORE,4.815
POTENZA INFERIORE,POTENZA UNIV,5.864
POTENZA INFERIORE,RIONERO ATELLA RIPACANDITA,43.999
POTENZA INFERIORE,ROCCHETTA S ANT LAC,69.604
POTENZA INFERIORE,ROMA TERMINI,380.216
POTENZA INFERIORE,ROMAGNANO V,54.451
POTENZA INFERIORE,SALERNO,120.13
POTENZA INFERIORE,SICIGNANO DEGLI ALBURNI,69.339
POTENZA INFERIORE,TARANTO,159.76
POTENZA SUPERIORE,POTENZA CENTRALE,3.825
POTENZA SUPERIORE,POTENZA INFERIORE,4.815
POZZALLO,SIRACUSA,62.15
POZZOLO FORMIGARO,VOGHERA,30.508
POZZUOLI SOLFATARA,BAGNOLI AGNANO TERME,6.564
POZZUOLI SOLFATARA,CASERTA,49.681
POZZUOLI SOLFATARA,CAVALLEGGERI AOSTA,6.559
POZZUOLI SOLFATARA,NAPOLI CAMPI FLEGREI,7.196
POZZUOLI SOLFATARA,NAPOLI GIANTURCO,16.808
POZZUOLI SOLFATARA,NAPOLI MERGELLINA,9.644
POZZUOLI SOLFATARA,NAPOLI MONTESANTO,12.535
POZZUOLI SOLFATARA,NAPOLI PIAZZA GARIBALDI,15.416
POZZUOLI SOLFATARA,NAPOLI PIAZZA LEOPARDI,7.751
POZZUOLI SOLFATARA,NAPOLI S GIOV BARRA,20.101
POZZUOLI SOLFATARA,NAPOLI S GIOVANNI BARRA,20.696
POZZUOLI SOLFATARA,S MARIA LA BRUNA,32.488
POZZUOLI SOLFATARA,VILLA LITERNO,31.629
PRACCHIA,PISTOIA,25.623
PRACCHIA,PITECCIO,14.156
PRACCHIA,PORRETTA TERME,14.764
PRAJA AJETA TORTORA,LAMEZIA TERME CENTRALE,124.671
PRAJA AJETA TORTORA,PAOLA,68.063
PRASCO CREMOLINO,GENOVA BORZOLI,43.397
PRASCO CREMOLINO,GENOVA BRIGNOLE,53.162
PRASCO CREMOLINO,GENOVA P PRINCIPE,50.711
PRATO CENTRALE,AREZZO,83.225
PRATO CENTRALE,BOLOGNA CENTRALE,84.564
PRATO CENTRALE,BOLOGNA S RUFFILLO,76.597
PRATO CENTRALE,CHIUSI C T,133.222
PRATO CENTRALE,CHIUSI CHIANCIANO TERME,133.222
PRATO CENTRALE,COMPIOBBI,26.52
PRATO CENTRALE,FIGLINE VALDARNO,44.167
PRATO CENTRALE,FIRENZE CAMPO MARTE,18.075
PRATO CENTRALE,FIRENZE CASTELLO,11.679
PRATO CENTRALE,FIRENZE RIFREDI,15.201
PRATO CENTRALE,FIRENZE S MARIA NOVELLA,16.413
PRATO CENTRALE,FORMIA GAETA,399.538
PRATO CENTRALE,GRIZZANA,47.47
PRATO CENTRALE,INCISA,39.923
PRATO CENTRALE,LUCCA,61.032
PRATO CENTRALE,MONTECATINI TERME MONSUMMANO,30.011
PRATO CENTRALE,MONTEVARCHI TERRANUOVA,57.142
PRATO CENTRALE,MONZUNO VADO,57.615
PRATO CENTRALE,NAPOLI CENTRALE,484.974
PRATO CENTRALE,PIANORO,66.653
PRATO CENTRALE,PISA CENTRALE,84.008
PRATO CENTRALE,PISTOIA,17.022
PRATO CENTRALE,PONTASSIEVE,34.123
PRATO CENTRALE,RIGNANO SULL ARNO REGGELLO,42.306
PRATO CENTRALE,ROMA TERMINI,275.828
PRATO CENTRALE,ROMA TIBURTINA,271.237
PRATO CENTRALE,S BENEDETTO SAMBRO CAST PEPOLI,42.39
PRATO CENTRALE,S BENEDETTO SAMBRO CASTIGLIONE PEPOLI,42.39
PRATO CENTRALE,S GIOVANNI VALDARNO,51.754
PRATO CENTRALE,TARVISIO BOSCOVERDE,447.27
PRATO CENTRALE,TERNI,236.29
PRATO CENTRALE,TORRICOLA,283.3
PRATO CENTRALE,TRIESTE CENTRALE,377.326
PRATO CENTRALE,VAIANO,13.266
PRATO CENTRALE,VAIRANO CAIANELLO,437.545
PRATO CENTRALE,VERNIO MONTEPIANO CANTAGALLO,22.982
PRATO CENTRALE,VIAREGGIO,82.99
PRATOLA PELIGNA,L AQUILA,64.046
PRATOLA PELIGNA,PESCARA,62.961
PRATOLA PELIGNA,TERAMO,122.844
PRATOVECCHIO STIA,AREZZO,44.364
PRATOVECCHIO STIA,FIRENZE CAMPO MARTE,107.985
PRATOVECCHIO STIA,FIRENZE S MARIA NOVELLA,112.391
PREMOSELLO CHIOVENDA,ARONA,37.002
PREMOSELLO CHIOVENDA,GALLARATE,64.006
PREMOSELLO CHIOVENDA,MILANO CENTRALE,107.29
PREMOSELLO CHIOVENDA,MILANO PORTA GARIBALDI,107.666
PREMOSELLO CHIOVENDA,NOVARA,72.085
PRIMOLANO,BASSANO DEL GRAPPA,29.825
PRIMOLANO,CALDONAZZO,40.547
PRIMOLANO,LEVICO,36.945
PRIMOLANO,PERGINE,49.764
PRIMOLANO,RONCEGNO BAGNI MARTER,28.175
PRIMOLANO,TRENTO,67.211
PRIOLO MELILLI,CATANIA CENTRALE,69.641
PRIOLO MELILLI,RAGUSA,123.757
PRIOLO MELILLI,SIRACUSA,13.743
PRIVERNO FOSSANOVA,FORMIA GAETA,42.994
PRIVERNO FOSSANOVA,NAPOLI CENTRALE,128.43
PRIVERNO FOSSANOVA,ROMA TERMINI,85.278
PRIVERNO FOSSANOVA,ROMA TIBURTINA,85.346
PUNTA RAISI,ACQUAVIVA,131.774
PUNTA RAISI,AGRIGENTO CENTRALE,169.933
PUNTA RAISI,BAGHERIA,45.644
PUNTA RAISI,CAMMARATA S GIOVANNI GEMINI,121.212
PUNTA RAISI,CAMPOFRANCO,139.393
PUNTA RAISI,CARINI,12.634
PUNTA RAISI,CEFALU,99.531
PUNTA RAISI,ISOLA DELLE FEMMINE,17.25
PUNTA RAISI,MILAZZO,396.841
PUNTA RAISI,PALAZZO REALE ORLEANS,32.216
PUNTA RAISI,PALERMO BRANCACCIO,36.226
PUNTA RAISI,PALERMO CENTRALE,35.923
PUNTA RAISI,PALERMO NOTARBARTOLO,29.472
PUNTA RAISI,PIRAINETO,4.187
PUNTA RAISI,ROCCAPALUMBA ALIA,102.746
PUNTA RAISI,TERMINI IMERESE,69.82
QUARTESANA,FERRARA,201.496
QUARTO D ALTINO,PORTOGRUARO CAORLE,87.948
QUARTO D ALTINO,TRIESTE CENTRALE,129.085
QUARTO D ALTINO,VENEZIA MESTRE,16.147
QUARTO D ALTINO,VENEZIA S LUCIA,24.532
QUATTRO VILLE,CARPI,10.189
QUATTRO VILLE,MANTOVA,139.936
QUATTRO VILLE,MODENA,5.583
QUERO VAS,TREVISO C,62.636
QUISTELLO,FERRARA,141.975
QUISTELLO,RIMINI,211.446
RACCONIGI,CUNEO,51.164
RACCONIGI,TORINO STURA,46.039
RAGUSA,AVOLA,86.111
RAGUSA,MODICA,19.775
RAGUSA,NOTO,79.555
RAGUSA,SIRACUSA,112.044
RAIANO,L AQUILA,49.678
RAPOLANO TERME,CHIUSI C T,47.371
RAPOLANO TERME,EMPOLI,104.841
RAPOLANO TERME,SIENA,41.719
RAVENNA,ALFONSINE,17.74
RAVENNA,ARGENTA,39.519
RAVENNA,ARQUATA SCRIVIA,330.333
RAVENNA,BAGNACAVALLO,22.704
RAVENNA,BOLOGNA CENTRALE,84.476
RAVENNA,BUSALLA,345.085
RAVENNA,CASTEL S PIETRO TERME,59.876
RAVENNA,CASTELBOLOGNESE,48.769
RAVENNA,CASTELBOLOGNESE RIOLO TERME,48.769
RAVENNA,CATTOLICA S GIOVANNI GABICCE,68.149
RAVENNA,CERVIA MILANO MARITTIMA,21.207
RAVENNA,CESENATICO,28.645
RAVENNA,FABRIANO,196.006
RAVENNA,FAENZA,50.993
RAVENNA,FERRARA,128.921
RAVENNA,FIDENZA,195.255
RAVENNA,FIORENZUOLA,208.214
RAVENNA,FIRENZE S MARIA NOVELLA,150.328
RAVENNA,FOLIGNO,254.961
RAVENNA,GAIBANELLA,62.888
RAVENNA,GENOVA BOLZANETO,359.607
RAVENNA,GENOVA BRIGNOLE,367.501
RAVENNA,GENOVA P PRINCIPE,365.05
RAVENNA,GENOVA PIAZZA PRINCIPE,365.162
RAVENNA,GENOVA SAMPIERDARENA,364.243
RAVENNA,GRANAROLO,24.969
RAVENNA,GRANAROLO FAENTINO,24.969
RAVENNA,IGEA MARINA,36.582
RAVENNA,IMOLA,48.856
RAVENNA,LAVEZZOLA,32.748
RAVENNA,LIDO DI CLASSE LIDO DI SAVIO,13.593
RAVENNA,LUGO,29.53
RAVENNA,MILANO CENTRALE,294.838
RAVENNA,MONTESANTO,55.679
RAVENNA,PARMA,174.382
RAVENNA,PESARO,83.211
RAVENNA,PIACENZA,230.202
RAVENNA,PISTOIA,177.925
RAVENNA,PORTOMAGGIORE,49.249
RAVENNA,REGGIO EMILIA,144.904
RAVENNA,RIMINI,50.843
RAVENNA,RIMINI VISERBA,45.686
RAVENNA,ROMA TERMINI,398.486
RAVENNA,RONCO SCRIVIA,339.66
RAVENNA,RUSSI,16.336
RAVENNA,SOLAROLO,35.582
RAVENNA,STRADELLA,263.374
RAVENNA,SUZZARA,210.767
RAVENNA,VOGHERA,288.321
RECCO,GENOVA BRIGNOLE,17.668
RECCO,GENOVA NERVI,9.085
RECCO,GENOVA P PRINCIPE,20.244
RECCO,GENOVA PRA,31.538
RECCO,GENOVA SAMPIERDARENA,23.202
RECCO,GENOVA SESTRI PONENTE,25.745
RECCO,GENOVA SESTRI PONENTE AEROPORTO,26.723
RECCO,GENOVA VOLTRI,33.974
RECCO,LA SPEZIA CENTRALE,66.841
RECCO,MILANO CENTRALE,158.091
RECCO,ROMA OSTIENSE,464.681
RECCO,SARZANA,85.298
RECCO,SAVONA,62.036
RECCO,SESTRI LEVANTE,25.142
RECCO,VENTIMIGLIA,162.29
REGGIO CALABRIA CENTRALE,AGROPOLI CASTELLABATE,344.277
REGGIO CALABRIA CENTRALE,ALESSANDRIA,1210.162
REGGIO CALABRIA CENTRALE,AMANTEA,151.31
REGGIO CALABRIA CENTRALE,AVERSA,460.918
REGGIO CALABRIA CENTRALE,BADOLATO,147.176
REGGIO CALABRIA CENTRALE,BAGNARA,31.567
REGGIO CALABRIA CENTRALE,BARI CENTRALE,467.225
REGGIO CALABRIA CENTRALE,BATTIPAGLIA,373.989
REGGIO CALABRIA CENTRALE,BIANCO,75.955
REGGIO CALABRIA CENTRALE,BOVALINO,83.401
REGGIO CALABRIA CENTRALE,BRANCALEONE,61.128
REGGIO CALABRIA CENTRALE,BRIATICO,104.001
REGGIO CALABRIA CENTRALE,CALOPEZZATI,293.425
REGGIO CALABRIA CENTRALE,CAMPOLEONE,622.061
REGGIO CALABRIA CENTRALE,CARIATI,278.506
REGGIO CALABRIA CENTRALE,CASTELLANETA MARINA,346.636
REGGIO CALABRIA CENTRALE,CASTIGLIONE COSENTINO,195.399
REGGIO CALABRIA CENTRALE,CATANZARO LIDO,163.271
REGGIO CALABRIA CENTRALE,CISTERNA DI LATINA,605.563
REGGIO CALABRIA CENTRALE,CONDOFURI,38.257
REGGIO CALABRIA CENTRALE,CORIGLIANO CALABRO,265.3
REGGIO CALABRIA CENTRALE,COSENZA,199.724
REGGIO CALABRIA CENTRALE,CROTONE,223.166
REGGIO CALABRIA CENTRALE,FERRUZZANO,67.451
REGGIO CALABRIA CENTRALE,FIRENZE RIFREDI,909.465
REGGIO CALABRIA CENTRALE,FORMIA GAETA,527.18
REGGIO CALABRIA CENTRALE,GENOVA BRIGNOLE,1138.886
REGGIO CALABRIA CENTRALE,GIOIA TAURO,50.2
REGGIO CALABRIA CENTRALE,GROSSETO,834.818
REGGIO CALABRIA CENTRALE,LAMEZIA TERME CENTRALE,120.044
REGGIO CALABRIA CENTRALE,LATINA,594.549
REGGIO CALABRIA CENTRALE,LECCE,467.577
REGGIO CALABRIA CENTRALE,LOCRI,95.358
REGGIO CALABRIA CENTRALE,LONGOBARDI,160.251
REGGIO CALABRIA CENTRALE,MELITO DI PORTO SALVO,29.801
REGGIO CALABRIA CENTRALE,METAPONTO,329.312
REGGIO CALABRIA CENTRALE,MILANO CENTRALE,1210.618
REGGIO CALABRIA CENTRALE,MILANO PORTA GARIBALDI,1212.854
REGGIO CALABRIA CENTRALE,MILETO,73.065
REGGIO CALABRIA CENTRALE,MINTURNO,517.155
REGGIO CALABRIA CENTRALE,MODENA,1035.569
REGGIO CALABRIA CENTRALE,MONASTERACE STILO,131.986
REGGIO CALABRIA CENTRALE,MONTE S BIAGIO,552.698
REGGIO CALABRIA CENTRALE,MONTEPAONE MONTAURO,165.496
REGGIO CALABRIA CENTRALE,MOTTA S GIOVANNI LAZZARO,16.709
REGGIO CALABRIA CENTRALE,NAPOLI CENTRALE,445.347
REGGIO CALABRIA CENTRALE,NICOTERA,68.625
REGGIO CALABRIA CENTRALE,NOCERA SUPERIORE,407.405
REGGIO CALABRIA CENTRALE,NOVARA,1260.321
REGGIO CALABRIA CENTRALE,PALAGIANO CHIATONA,355.62
REGGIO CALABRIA CENTRALE,PALIZZI,48.417
REGGIO CALABRIA CENTRALE,PALMI,41.785
REGGIO CALABRIA CENTRALE,PAOLA,176.657
REGGIO CALABRIA CENTRALE,PARGHELIA,92.982
REGGIO CALABRIA CENTRALE,PIZZO,91.512
REGGIO CALABRIA CENTRALE,POLESELLA,1063.01
REGGIO CALABRIA CENTRALE,POLICORO TURSI,307.302
REGGIO CALABRIA CENTRALE,POMEZIA S PALOMBA,631.656
REGGIO CALABRIA CENTRALE,PRAJA AJETA TORTORA,244.715
REGGIO CALABRIA CENTRALE,PRATO CENTRALE,923.658
REGGIO CALABRIA CENTRALE,PRIVERNO FOSSANOVA,570.174
REGGIO CALABRIA CENTRALE,REGGIO DI CALABRIA GALLICO,7.904
REGGIO CALABRIA CENTRALE,REGGIO DI CALABRIA PELLARO,10.23
REGGIO CALABRIA CENTRALE,REGGIO DI CALABRIA S CATERINA,3.122
REGGIO CALABRIA CENTRALE,ROCCA IMPERIALE,293.558
REGGIO CALABRIA CENTRALE,ROCCELLA JONICA,112.024
REGGIO CALABRIA CENTRALE,ROMA OSTIENSE,656.544
REGGIO CALABRIA CENTRALE,ROMA TERMINI,654.009
REGGIO CALABRIA CENTRALE,ROMA TUSCOLANA,653.662
REGGIO CALABRIA CENTRALE,ROSARNO,60.095
REGGIO CALABRIA CENTRALE,S CATERINA DELL JONIO,142.479
REGGIO CALABRIA CENTRALE,S LUCIDO MARINA,171.749
REGGIO CALABRIA CENTRALE,SALERNO,393.923
REGGIO CALABRIA CENTRALE,SALINE DI REGGIO,23.069
REGGIO CALABRIA CENTRALE,SAPRI,269.285
REGGIO CALABRIA CENTRALE,SAVONA,1183.255
REGGIO CALABRIA CENTRALE,SCALEA S DOMENICA TALAO,234.008
REGGIO CALABRIA CENTRALE,SESSA AURUNCA R,502.437
REGGIO CALABRIA CENTRALE,SESTRI LEVANTE,1096.084
REGGIO CALABRIA CENTRALE,SIBARI,249.418
REGGIO CALABRIA CENTRALE,SIDERNO,100.708
REGGIO CALABRIA CENTRALE,SIMERI CRICHI,174.562
REGGIO CALABRIA CENTRALE,SOVERATO,159.881
REGGIO CALABRIA CENTRALE,TARANTO,372.224
REGGIO CALABRIA CENTRALE,TERONTOLA CORTONA,820.782
REGGIO CALABRIA CENTRALE,TORINO LINGOTTO,1295.862
REGGIO CALABRIA CENTRALE,TORINO PORTA NUOVA,1300.044
REGGIO CALABRIA CENTRALE,TORINO PORTA SUSA,1301.617
REGGIO CALABRIA CENTRALE,TORRICOLA,643.418
REGGIO CALABRIA CENTRALE,TREBISACCE,263.994
REGGIO CALABRIA CENTRALE,TROPEA,89.872
REGGIO CALABRIA CENTRALE,VALLO DELLA LUC CASTELNUOVO,323.864
REGGIO CALABRIA CENTRALE,VENEZIA MESTRE,1149.409
REGGIO CALABRIA CENTRALE,VENEZIA S LUCIA,1157.293
REGGIO CALABRIA CENTRALE,VENTIMIGLIA,1283.509
REGGIO CALABRIA CENTRALE,VERCELLI,1282.268
REGGIO CALABRIA CENTRALE,VIBO MARINA,112.692
REGGIO CALABRIA CENTRALE,VILLA LITERNO,475.296
REGGIO CALABRIA CENTRALE,VILLA S G CANNITELLO,17.17
REGGIO CALABRIA CENTRALE,VILLA S GIOVANNI,14.081
REGGIO CALABRIA CENTRALE,ZAMBRONE,99.021
REGGIO DI CALABRIA CENTRALE,ALESSANDRIA,1210.162
REGGIO DI CALABRIA CENTRALE,AMANTEA,151.31
REGGIO DI CALABRIA CENTRALE,ASTI,1244.435
REGGIO DI CALABRIA CENTRALE,AVERSA,460.918
REGGIO DI CALABRIA CENTRALE,BADOLATO,147.176
REGGIO DI CALABRIA CENTRALE,BAGNARA,31.567
REGGIO DI CALABRIA CENTRALE,BARI CENTRALE,467.225
REGGIO DI CALABRIA CENTRALE,BATTIPAGLIA,373.989
REGGIO DI CALABRIA CENTRALE,BIANCO,75.955
REGGIO DI CALABRIA CENTRALE,BOVALINO,83.401
REGGIO DI CALABRIA CENTRALE,BRANCALEONE,61.128
REGGIO DI CALABRIA CENTRALE,BRIATICO,104.001
REGGIO DI CALABRIA CENTRALE,CASTIGLIONE COSENTINO,195.399
REGGIO DI CALABRIA CENTRALE,CATANZARO LIDO,163.271
REGGIO DI CALABRIA CENTRALE,CONDOFURI,38.257
REGGIO DI CALABRIA CENTRALE,COSENZA,199.724
REGGIO DI CALABRIA CENTRALE,CROTONE,223.166
REGGIO DI CALABRIA CENTRALE,FIRENZE CAMPO MARTE,905.59
REGGIO DI CALABRIA CENTRALE,FIRENZE S MARIA NOVELLA,909.996
REGGIO DI CALABRIA CENTRALE,FORMIA GAETA,527.18
REGGIO DI CALABRIA CENTRALE,GENOVA BRIGNOLE,1138.886
REGGIO DI CALABRIA CENTRALE,GIOIA TAURO,50.2
REGGIO DI CALABRIA CENTRALE,LAMEZIA TERME CENTRALE,120.044
REGGIO DI CALABRIA CENTRALE,LATINA,594.549
REGGIO DI CALABRIA CENTRALE,LECCE,467.577
REGGIO DI CALABRIA CENTRALE,LOCRI,95.358
REGGIO DI CALABRIA CENTRALE,MELITO DI PORTO SALVO,29.801
REGGIO DI CALABRIA CENTRALE,METAPONTO,329.312
REGGIO DI CALABRIA CENTRALE,MILANO CENTRALE,1210.618
REGGIO DI CALABRIA CENTRALE,MILETO,73.065
REGGIO DI CALABRIA CENTRALE,MONASTERACE STILO,131.986
REGGIO DI CALABRIA CENTRALE,NAPOLI CENTRALE,445.347
REGGIO DI CALABRIA CENTRALE,NICOTERA,68.625
REGGIO DI CALABRIA CENTRALE,PALIZZI,48.417
REGGIO DI CALABRIA CENTRALE,PALMI,41.785
REGGIO DI CALABRIA CENTRALE,PAOLA,176.657
REGGIO DI CALABRIA CENTRALE,PARGHELIA,92.982
REGGIO DI CALABRIA CENTRALE,PIEDIMONTE VILLA S LUCIA AQUINO,534.05
REGGIO DI CALABRIA CENTRALE,PIZZO,91.512
REGGIO DI CALABRIA CENTRALE,PRIVERNO FOSSANOVA,570.174
REGGIO DI CALABRIA CENTRALE,REGGIO DI CALABRIA GALLICO,7.904
REGGIO DI CALABRIA CENTRALE,REGGIO DI CALABRIA PELLARO,10.23
REGGIO DI CALABRIA CENTRALE,RIACE,125.196
REGGIO DI CALABRIA CENTRALE,RICADI CAPO VATICANO,82.375
REGGIO DI CALABRIA CENTRALE,ROCCELLA JONICA,112.024
REGGIO DI CALABRIA CENTRALE,ROMA OSTIENSE,656.544
REGGIO DI CALABRIA CENTRALE,ROMA TERMINI,654.009
REGGIO DI CALABRIA CENTRALE,ROMA TIBURTINA,652.437
REGGIO DI CALABRIA CENTRALE,ROSARNO,60.095
REGGIO DI CALABRIA CENTRALE,SALERNO,393.923
REGGIO DI CALABRIA CENTRALE,SALINE DI REGGIO,23.069
REGGIO DI CALABRIA CENTRALE,SAVONA,1183.255
REGGIO DI CALABRIA CENTRALE,SCALEA S DOMENICA TALAO,234.008
REGGIO DI CALABRIA CENTRALE,SCILLA,22.666
REGGIO DI CALABRIA CENTRALE,SIBARI,249.418
REGGIO DI CALABRIA CENTRALE,SIDERNO,100.708
REGGIO DI CALABRIA CENTRALE,SOVERATO,159.881
REGGIO DI CALABRIA CENTRALE,TORINO PORTA NUOVA,1300.044
REGGIO DI CALABRIA CENTRALE,TROPEA,89.872
REGGIO DI CALABRIA CENTRALE,VENEZIA MESTRE,1149.409
REGGIO DI CALABRIA CENTRALE,VENEZIA S LUCIA,1157.293
REGGIO DI CALABRIA CENTRALE,VENTIMIGLIA,1283.509
REGGIO DI CALABRIA CENTRALE,VIBO MARINA,112.692
REGGIO DI CALABRIA CENTRALE,VIBO VALENTIA PIZZO,115.817
REGGIO DI CALABRIA CENTRALE,VILLA LITERNO,475.296
REGGIO DI CALABRIA CENTRALE,VILLA S GIOVANNI,14.081
REGGIO DI CALABRIA CENTRALE,VILLA S GIOVANNI CANNITELLO,17.17
REGGIO DI CALABRIA GALLICO,LAMEZIA TERME CENTRALE,112.141
REGGIO DI CALABRIA GALLICO,MELITO DI PORTO SALVO,37.7
REGGIO DI CALABRIA GALLICO,REGGIO CALABRIA CENTRALE,7.904
REGGIO DI CALABRIA PELLARO,CATANZARO LIDO,167.865
REGGIO DI CALABRIA PELLARO,COSENZA,209.948
REGGIO DI CALABRIA PELLARO,MELITO DI PORTO SALVO,19.573
REGGIO DI CALABRIA PELLARO,PAOLA,186.881
REGGIO DI CALABRIA PELLARO,VILLA S GIOVANNI,24.305
REGGIO DI CALABRIA S GREGORIO,ROCCELLA JONICA,106.062
REGGIO EMILIA,ANCONA,265.818
REGGIO EMILIA,BAGNOLO IN PIANO,78.541
REGGIO EMILIA,BARCO,13.065
REGGIO EMILIA,BOLOGNA CENTRALE,61.783
REGGIO EMILIA,BOLOGNA FIERE,64.996
REGGIO EMILIA,CASALGRANDE,16.258
REGGIO EMILIA,CHIASSO,195.416
REGGIO EMILIA,CIANO D ENZA,26.073
REGGIO EMILIA,GUASTALLA,58.302
REGGIO EMILIA,MILANO CENTRALE,150.288
REGGIO EMILIA,MODENA,25.124
REGGIO EMILIA,NOVELLARA,68.496
REGGIO EMILIA,PESARO,206.286
REGGIO EMILIA,PESCARA,411.858
REGGIO EMILIA,PIACENZA,85.302
REGGIO EMILIA,REGGIO MEDIOPADANA,82.99
REGGIO EMILIA,REGGIO S CROCE,85.062
REGGIO EMILIA,REGGIO S STEFANO,2.064
REGGIO EMILIA,RIMINI,172.953
REGGIO EMILIA,ROMA TERMINI,412.853
REGGIO EMILIA,S BENEDETTO DEL TRONTO,350.364
REGGIO EMILIA,S LAZZARO,88.463
REGGIO EMILIA,SALERNO,666.76
REGGIO EMILIA,SASSUOLO RADICI,22.531
REGGIO EMILIA,SCANDIANO,12.5
REGGIO EMILIA,TORINO PORTA NUOVA,271.643
REGGIO EMILIA AV MEDIOPADANA,FIRENZE CAMPO MARTE,233.485
REGGIO MEDIOPADANA,GUASTALLA,25.216
REGGIO MEDIOPADANA,S LAZZARO,5.473
REGGIO S CROCE,GUASTALLA,27.288
REGGIO S CROCE,NOVELLARA,16.566
REGGIO S LAZZARO,BAGNOLO IN PIANO,9.922
REGGIO S LAZZARO,GUASTALLA,30.688
REGGIO S LAZZARO,NOVELLARA,19.967
REGGIO S LAZZARO,REGGIO EMILIA,88.463
REGGIO S LAZZARO,REGGIO MEDIOPADANA,5.473
REGGIO S LAZZARO,REGGIO S CROCE,3.401
REGGIO S STEFANO,CIANO D ENZA,24.009
REGGIO S STEFANO,REGGIO EMILIA,2.064
REMEDELLO SOPRA,BRESCIA,33.445
RHO,ARONA,55.392
RHO,BOLOGNA CENTRALE,225.872
RHO,CAMNAGO LENTATE,29.947
RHO,CARIMATE,34.489
RHO,CASSANO D ADDA,39.957
RHO,CHIASSO,51.017
RHO,COMO S GIOVANNI,49.417
RHO,CUCCIAGO,40.03
RHO,DOMODOSSOLA,107.908
RHO,FIRENZE CAMPO MARTE,319.189
RHO,FIRENZE S MARIA NOVELLA,317.527
RHO,GALLARATE,28.387
RHO,LA SPEZIA CENTRALE,235.083
RHO,MAGENTA,14.151
RHO,MILANO CENTRALE,15.465
RHO,MILANO CERTOSA,7.79
RHO,MILANO GRECO PIRELLI,14.787
RHO,MILANO PORTA GARIBALDI,15.84
RHO,MILANO PORTA VITTORIA,17.247
RHO,MILANO ROGOREDO,20.181
RHO,MODENA,189.563
RHO,MONZA,23.33
RHO,NOVARA,35.549
RHO,PIOLTELLO LIMITO,25.347
RHO,PORTO CERESIO,59.651
RHO,PREGNANA MILANESE,3.551
RHO,ROMA S PIETRO,584.604
RHO,SEREGNO,33.062
RHO,SESTO S GIOVANNI,18.466
RHO,TORTONA,91.662
RHO,TRECATE,26.1
RHO,TREVIGLIO,45.784
RHO,VARESE,56.337
RHO,VENTIMIGLIA,288.738
RHO FIERA,BOLOGNA CENTRALE,222.139
RHO FIERA,FIRENZE CAMPO MARTE,315.456
RHO FIERA,PARMA,132.459
RHO FIERA,ROMA TERMINI,573.209
RHO FIERA,VERONA PORTA NUOVA,156.467
RICADI CAPO VATICANO,LAMEZIA TERME CENTRALE,60.102
RICADI CAPO VATICANO,REGGIO DI CALABRIA CENTRALE,82.375
RICCIONE,FIRENZE CAMPO MARTE,171.399
RIETI,L AQUILA,62.611
RIETI,ORTE,69.021
RIETI,ROMA TERMINI,136.397
RIETI,ROMA TIBURTINA,131.805
RIETI,TERNI,41.056
RIGNANO SULL ARNO REGGELLO,PISTOIA,59.328
RIGOLI,AULLA LUNIGIANA,76.732
RIGOLI,FIRENZE S MARIA NOVELLA,88.754
RIGOLI,FORNACI DI BARGA,43.285
RIGOLI,LUCCA,11.708
RIGOLI,PISA CENTRALE,11.412
RIGOMAGNO,CHIUSI C T,38.457
RIMINI,ANCONA,92.87
RIMINI,ARGENTA,90.36
RIMINI,ASTI,388.983
RIMINI,BAGNACAVALLO,73.545
RIMINI,BARI CENTRALE,534.459
RIMINI,BERGAMO,333.916
RIMINI,BOLOGNA CENTRALE,112.525
RIMINI,BOLZANO,367.574
RIMINI,BRENNERO,456.372
RIMINI,BRESCIA,285.26
RIMINI,BRISIGHELLA,74.979
RIMINI,CASALPUSTERLENGO,275.396
RIMINI,CASTEL S PIETRO TERME,87.926
RIMINI,CASTELBOLOGNESE,69.164
RIMINI,CASTELBOLOGNESE RIOLO TERME,69.164
RIMINI,CASTELMAGGIORE,119.913
RIMINI,CASTELPLANIO CUPRAMONTANA,117.488
RIMINI,CATTOLICA S GIOVANNI GABICCE,18.276
RIMINI,CERVIA MILANO MARITTIMA,29.636
RIMINI,CESENA,28.403
RIMINI,CESENATICO,22.198
RIMINI,CHIASSO,368.015
RIMINI,CODOGNO,270.394
RIMINI,DICOMANO,143.155
RIMINI,FABRIANO,146.133
RIMINI,FAENZA,60.847
RIMINI,FALCONARA MARITTIMA,89.276
RIMINI,FANO,45.785
RIMINI,FERRARA,156.97
RIMINI,FIDENZA,223.304
RIMINI,FIORENZUOLA,236.263
RIMINI,FIRENZE S MARIA NOVELLA,163.873
RIMINI,FOLIGNO,205.088
RIMINI,FORLI,46.224
RIMINI,GIULIANOVA,201.3
RIMINI,IGEA MARINA,14.26
RIMINI,IMOLA,76.905
RIMINI,LECCE,683.822
RIMINI,LIDO DI CLASSE LIDO DI SAVIO,37.25
RIMINI,LUGO,80.371
RIMINI,MAROTTA MONDOLFO,57.994
RIMINI,MARRADI,96.35
RIMINI,MILANO CENTRALE,322.888
RIMINI,MILANO LAMBRATE,319.984
RIMINI,MILANO PORTA GARIBALDI,325.124
RIMINI,MILANO ROGOREDO,318.161
RIMINI,MODENA,147.839
RIMINI,MONTESANTO,106.519
RIMINI,PARMA,202.431
RIMINI,PESARO,33.338
RIMINI,PESCARA,238.911
RIMINI,PIACENZA,258.252
RIMINI,POGGIO RUSCO,169.793
RIMINI,PORTOMAGGIORE,100.089
RIMINI,RAVENNA,50.843
RIMINI,REGGIO EMILIA,172.953
RIMINI,RIMINI VISERBA,5.157
RIMINI,ROMA TERMINI,354.04
RIMINI,RUSSI,67.177
RIMINI,S BENEDETTO DEL TRONTO,177.416
RIMINI,S GIORGIO DI PIANO,127.618
RIMINI,S ILARIO,190.366
RIMINI,S PIETRO IN CASALE,133.738
RIMINI,SANTARCANGELO DI ROMAGNA,10.444
RIMINI,SENIGALLIA,67.098
RIMINI,SOLAROLO,76.258
RIMINI,SUZZARA,238.816
RIMINI,TARANTO,634.569
RIMINI,TORINO PORTA NUOVA,444.592
RIMINI,TRENTO,312.017
RIMINI,VENEZIA S LUCIA,269.417
RIMINI,VERONA PORTA NUOVA,225.923
RIMINI VISERBA,BOLOGNA CENTRALE,115.647
RIMINI VISERBA,CASTELBOLOGNESE,72.286
RIMINI VISERBA,RAVENNA,45.686
RIO DI PUSTERIA,BRUNICO,24.917
RIO DI PUSTERIA,S CANDIDO,57.466
RIOLA,BOLOGNA CENTRALE,46.469
RIOLA,BOLOGNA S RUFFILLO,53.081
RIOLA,PIANORO,63.029
RIONERO ATELLA RIPACANDIDA,POTENZA CENTRALE,43.801
RIONERO ATELLA RIPACANDITA,POTENZA CENTRALE,43.801
RIONERO ATELLA RIPACANDITA,POTENZA INFERIORE,43.999
RIVAROLO,BOSCONERO,7.375
RIVAROLO,CHIERI,56.947
RIVAROLO,FELETTO,3.096
RIVAROLO,MONCALIERI,43.989
RIVAROLO,S BENIGNO,13.094
RIVAROLO,SETTIMO,22.481
RIVAROLO,TORINO LINGOTTO,39.679
RIVAROLO,TORINO REBAUDENGO FOSSATA,30.301
RIVAROLO,TORINO STURA,26.847
RIVAROLO,TROFARELLO,48.371
RIVAROLO,VOLPIANO,15.113
ROBBIO,MILANO CENTRALE,84.197
ROBBIO,MORTARA,57.373
ROBBIO,PAVIA,94.891
ROBECCO PONTEVICO,BRESCIA,33.829
ROBECCO PONTEVICO,CREMONA,101.334
ROBILANTE,CUNEO,13.079
ROBILANTE,FOSSANO,39.574
ROCCA D EVANDRO,CANCELLO,72.666
ROCCA D EVANDRO,CASERTA,60.857
ROCCA D EVANDRO,NAPOLI CENTRALE,84.422
ROCCA D EVANDRO,ROMA TERMINI,145.55
ROCCA D EVANDRO S VITTORE,CASERTA,60.857
ROCCA D EVANDRO S VITTORE,NAPOLI CENTRALE,84.422
ROCCA DI CORNO,TERNI,79.214
ROCCA DI FONDI,TERNI,73.135
ROCCA RAVINDOLA,CANCELLO,85.375
ROCCA RAVINDOLA,CASERTA,73.567
ROCCA RAVINDOLA,COLLEFERRO SEGNI PALIANO,117.653
ROCCA RAVINDOLA,NAPOLI CENTRALE,106.555
ROCCA RAVINDOLA,ROMA TERMINI,169.364
ROCCA RAVINDOLA,ROMA TIBURTINA,167.792
ROCCA RAVINDOLA,VAIRANO,27.759
ROCCA RAVINDOLA,VENAFRO,6.435
ROCCALUMERA MANDANICI,MESSINA CENTRALE,28.6
ROCCAPALUMBA ALIA,AGRIGENTO CENTRALE,67.187
ROCCAPALUMBA ALIA,ALTAVILLA M,49.021
ROCCAPALUMBA ALIA,BAGHERIA,57.106
ROCCAPALUMBA ALIA,CALTANISSETTA CENTRALE,63.587
ROCCAPALUMBA ALIA,CALTANISSETTA XIRBI,57.153
ROCCAPALUMBA ALIA,DITTAINO,103.441
ROCCAPALUMBA ALIA,MONTEMAGGIORE,8.696
ROCCAPALUMBA ALIA,PALERMO CENTRALE,69.397
ROCCAPALUMBA ALIA,SIRACUSA,239.721
ROCCAPALUMBA ALIA,TERMINI IMERESE,32.931
ROCCAPALUMBA ALIA,VALLELUNGA,25.679
ROCCARASO,SULMONA,52.434
ROCCASTRADA,EMPOLI,135.844
ROCCASTRADA,GROSSETO,324.425
ROCCASTRADA,SIENA,72.722
ROCCELLA JONICA,ARDORE,24.818
ROCCELLA JONICA,BADOLATO,35.152
ROCCELLA JONICA,BIANCO,36.069
ROCCELLA JONICA,BOVA MARINA,69.396
ROCCELLA JONICA,BOVALINO,28.623
ROCCELLA JONICA,BRANCALEONE,50.896
ROCCELLA JONICA,CATANZARO LIDO,66.069
ROCCELLA JONICA,CONDOFURI,73.767
ROCCELLA JONICA,FERRUZZANO,44.574
ROCCELLA JONICA,LAMEZIA TERME CENTRALE,110.288
ROCCELLA JONICA,LECCE,457.412
ROCCELLA JONICA,LOCRI,16.667
ROCCELLA JONICA,MELITO DI PORTO SALVO,82.224
ROCCELLA JONICA,MONASTERACE STILO,19.962
ROCCELLA JONICA,PALIZZI,63.607
ROCCELLA JONICA,REGGIO CALABRIA CENTRALE,112.024
ROCCELLA JONICA,REGGIO DI CALABRIA CENTRALE,112.024
ROCCELLA JONICA,REGGIO DI CALABRIA PELLARO,101.796
ROCCELLA JONICA,REGGIO DI CALABRIA S GREGORIO,106.062
ROCCELLA JONICA,S CATERINA DELLO JONIO,30.455
ROCCELLA JONICA,SIDERNO,11.317
ROCCELLA JONICA,SOVERATO,47.857
ROCCHETTA S ANT LAC,FOGGIA,49.369
ROCCHETTA S ANTONIO LACEDONIA,FOGGIA,49.369
RODALLO,TORINO PORTA NUOVA,38.326
ROGOREDO,LODI,25.998
ROGOREDO,MILANO BOVISA,11.695
ROLO NOVI FABBRICO,MANTOVA,120.885
ROLO NOVI FABBRICO,MODENA,27.497
ROLO NOVI FABBRICO,SUZZARA,109.314
ROMA AURELIA,CIVITAVECCHIA,60.564
ROMA AURELIA,GROSSETO,167.75
ROMA AURELIA,LADISPOLI CERVETERI,30.107
ROMA AURELIA,MONTALTO DI CASTRO,96.708
ROMA AURELIA,PISA CENTRALE,312.782
ROMA AURELIA,ROMA TERMINI,17.424
ROMA AURELIA,ROMA TIBURTINA,17.86
ROMA AURELIA,ROMA TUSCOLANA,14.001
ROMA AURELIA,VENEZIA S LUCIA,522.429
ROMA CASILINA,CANCELLO,206.938
ROMA CASILINA,CASSINO,132.906
ROMA CASILINA,CIAMPINO,11.789
ROMA CASILINA,NAPOLI CENTRALE,208.727
ROMA CASILINA,ROMA TIBURTINA,5.315
ROMA OSTIENSE,ALBANO LAZIALE,29.412
ROMA OSTIENSE,ANCONA,280.371
ROMA OSTIENSE,ASCIANO,204.135
ROMA OSTIENSE,BARI CENTRALE,481.709
ROMA OSTIENSE,BOLGHERI,264.446
ROMA OSTIENSE,BRACCIANO,40.268
ROMA OSTIENSE,CAMPIGLIA MARITTIMA,237.356
ROMA OSTIENSE,CAPRANICA,62.107
ROMA OSTIENSE,CAPRANICA SUTRI,63.743
ROMA OSTIENSE,CASERTA,201.202
ROMA OSTIENSE,CASSINO,138.979
ROMA OSTIENSE,CESANO DI ROMA,28.723
ROMA OSTIENSE,CHIASSO,610.358
ROMA OSTIENSE,CIAMPINO,17.862
ROMA OSTIENSE,CIVITAVECCHIA,71.088
ROMA OSTIENSE,FARA SABINA,40.274
ROMA OSTIENSE,FARA SABINA MONTELIBRETTI,39.814
ROMA OSTIENSE,FIRENZE S MARIA NOVELLA,264.609
ROMA OSTIENSE,FIUMICINO AEROPORTO,24.946
ROMA OSTIENSE,FRASCATI,21.439
ROMA OSTIENSE,FROSINONE,86.597
ROMA OSTIENSE,GENOVA BRIGNOLE,482.342
ROMA OSTIENSE,GENOVA P PRINCIPE,484.918
ROMA OSTIENSE,GENOVA PIAZZA PRINCIPE,484.679
ROMA OSTIENSE,GROSSETO,178.274
ROMA OSTIENSE,LA STORTA,19.857
ROMA OSTIENSE,LADISPOLI CERVETERI,40.631
ROMA OSTIENSE,LATINA,61.995
ROMA OSTIENSE,LECCE,620.236
ROMA OSTIENSE,LIVORNO CENTRALE,306.031
ROMA OSTIENSE,MANZIANA CANALE MONTERANO,49.512
ROMA OSTIENSE,MARATEA,399.635
ROMA OSTIENSE,MILANO CENTRALE,565.231
ROMA OSTIENSE,MINTURNO,139.389
ROMA OSTIENSE,MONTALTO DI CASTRO,107.232
ROMA OSTIENSE,MONTEROTONDO MENTANA,28.246
ROMA OSTIENSE,NAPOLI CENTRALE,214.8
ROMA OSTIENSE,NETTUNO,60.132
ROMA OSTIENSE,NIZZA MONFERRATO,567.692
ROMA OSTIENSE,ORIOLO,54.46
ROMA OSTIENSE,ORTE,70.888
ROMA OSTIENSE,ORVIETO,111.28
ROMA OSTIENSE,PAOLA,479.892
ROMA OSTIENSE,PISA CENTRALE,323.305
ROMA OSTIENSE,POGGIO MIRTETO,51.206
ROMA OSTIENSE,PONTE GALERIA,15.814
ROMA OSTIENSE,PORTICI ERCOLANO,220.522
ROMA OSTIENSE,REGGIO DI CALABRIA CENTRALE,656.544
ROMA OSTIENSE,ROMA AURELIA,10.524
ROMA OSTIENSE,ROMA S FILIPPO NERI,12.256
ROMA OSTIENSE,ROMA S PIETRO,5.219
ROMA OSTIENSE,ROMA TERMINI,6.9
ROMA OSTIENSE,ROMA TIBURTINA,7.336
ROMA OSTIENSE,ROMA TUSCOLANA,3.477
ROMA OSTIENSE,S ANGELO CINIGIANO,248.835
ROMA OSTIENSE,S VINCENZO,247.947
ROMA OSTIENSE,SALERNO,262.621
ROMA OSTIENSE,SESTRI LEVANTE,439.54
ROMA OSTIENSE,SIENA,235.961
ROMA OSTIENSE,TORINO PORTA NUOVA,643.5
ROMA OSTIENSE,TORRE ANNUNZIATA CENTRALE,234.403
ROMA OSTIENSE,VENEZIA MESTRE,504.022
ROMA OSTIENSE,VENEZIA S LUCIA,511.906
ROMA OSTIENSE,VENTIMIGLIA,626.964
ROMA OSTIENSE,VERONA PORTA VESCOVO,471.632
ROMA OSTIENSE,VETRALLA,77.151
ROMA OSTIENSE,VIGNA CLARA,13.48
ROMA OSTIENSE,VITERBO PORTA FIORENTINA,88.777
ROMA OSTIENSE,VITERBO PORTA ROMANA,87.162
ROMA PRENESTINA,AVEZZANO,103.274
ROMA PRENESTINA,NAPOLI CENTRALE,213.943
ROMA PRENESTINA,PESCARA,236.613
ROMA PRENESTINA,ROMA TERMINI,4.473
ROMA PRENESTINA,TIVOLI,35.455
ROMA S FILIPPO NERI,ROMA TIBURTINA,19.592
ROMA S PIETRO,ALBANO LAZIALE,34.631
ROMA S PIETRO,ANCONA,285.59
ROMA S PIETRO,ASSISI,172.935
ROMA S PIETRO,AVERSA,200.845
ROMA S PIETRO,BATTIPAGLIA,287.778
ROMA S PIETRO,BENEVENTO,265.867
ROMA S PIETRO,BOLOGNA CENTRALE,360.086
ROMA S PIETRO,BRACCIANO,35.327
ROMA S PIETRO,CESANO DI ROMA,23.782
ROMA S PIETRO,CIVITAVECCHIA,66.147
ROMA S PIETRO,FARA SABINA,45.493
ROMA S PIETRO,FASANO,541.306
ROMA S PIETRO,FIRENZE CAMPO MARTE,265.421
ROMA S PIETRO,FIRENZE S MARIA NOVELLA,269.827
ROMA S PIETRO,GROSSETO,173.333
ROMA S PIETRO,LA STORTA,14.916
ROMA S PIETRO,MILANO CENTRALE,570.449
ROMA S PIETRO,MONTALTO DI CASTRO,102.291
ROMA S PIETRO,MONTEPESCALI,291.412
ROMA S PIETRO,MONTEROTONDO MENTANA,33.465
ROMA S PIETRO,PESARO,328.364
ROMA S PIETRO,PISA CENTRALE,318.364
ROMA S PIETRO,RHO,584.604
ROMA S PIETRO,ROMA OSTIENSE,5.219
ROMA S PIETRO,ROMA SMISTAMENTO,12.512
ROMA S PIETRO,ROMA TERMINI,12.119
ROMA S PIETRO,ROMA TIBURTINA,12.555
ROMA S PIETRO,SALERNO,267.84
ROMA S PIETRO,SPOLETO,132.328
ROMA S PIETRO,TORINO PORTA NUOVA,638.559
ROMA S PIETRO,TORRE ANNUNZIATA CENTRALE,239.622
ROMA S PIETRO,TREVIGLIO,587.969
ROMA S PIETRO,VIAREGGIO,339.641
ROMA S PIETRO,VICENZA,507.856
ROMA S PIETRO,VIGNA CLARA,8.539
ROMA S PIETRO,VITERBO PORTA FIORENTINA,83.836
ROMA S PIETRO,VITERBO PORTA ROMANA,82.221
ROMA SMISTAMENTO,S GIUSEPPE DI CAIRO,551.899
ROMA TERMINI,1 BIVIO ORTE SUD,64.639
ROMA TERMINI,1°BIVIO VALDARNO SUD,215.074
ROMA TERMINI,AGROPOLI CASTELLABATE,309.736
ROMA TERMINI,ALASSIO,577.117
ROMA TERMINI,ALBA,606.943
ROMA TERMINI,ALBANO LAZIALE,28.32
ROMA TERMINI,ALBINIA,153.791
ROMA TERMINI,ALESSANDRIA,560.518
ROMA TERMINI,ANAGNI FIUGGI,60.619
ROMA TERMINI,ANCONA,277.929
ROMA TERMINI,APRILIA,39.45
ROMA TERMINI,AREZZO,199.033
ROMA TERMINI,ARIANO IRPINO,298.252
ROMA TERMINI,ARQUATA SCRIVIA,527.103
ROMA TERMINI,ASSISI,165.273
ROMA TERMINI,ASTI,594.791
ROMA TERMINI,ATTIGLIANO,83.133
ROMA TERMINI,ATTIGLIANO BOMARZO,83.133
ROMA TERMINI,AVERSA,194.534
ROMA TERMINI,AVEZZANO,107.741
ROMA TERMINI,BAGNI DI TIVOLI,20.732
ROMA TERMINI,BAIANO DI SPOLETO,117.765
ROMA TERMINI,BARAGIANO,342.446
ROMA TERMINI,BARDONECCHIA,733.474
ROMA TERMINI,BARI CENTRALE,478.669
ROMA TERMINI,BARLETTA,425.775
ROMA TERMINI,BASTIA,168.85
ROMA TERMINI,BATTIPAGLIA,280.024
ROMA TERMINI,BELLA MURO,340.049
ROMA TERMINI,BENEVENTO,257.608
ROMA TERMINI,BERGAMO,573.815
ROMA TERMINI,BIVIO D AURISINA,630.523
ROMA TERMINI,BOIANO,214.942
ROMA TERMINI,BOLOGNA CENTRALE,352.425
ROMA TERMINI,BOLOGNA CENTRALE/AV,350.852
ROMA TERMINI,BOLZANO,607.474
ROMA TERMINI,BRENNERO,696.272
ROMA TERMINI,BRESCIA,525.16
ROMA TERMINI,CALALZO PIEVE CADORE CORTINA,622.951
ROMA TERMINI,CAMPIGLIA MARITTIMA,244.256
ROMA TERMINI,CAMPO DI CARNE,43.956
ROMA TERMINI,CAMPOBASSO,244.648
ROMA TERMINI,CAMPOLEONE,33.394
ROMA TERMINI,CANCELLO,209.97
ROMA TERMINI,CAPUA,187.052
ROMA TERMINI,CARSOLI,75.058
ROMA TERMINI,CASABIANCA,15.824
ROMA TERMINI,CASARSA,592.549
ROMA TERMINI,CASERTA,198.162
ROMA TERMINI,CASSINO,135.939
ROMA TERMINI,CASTEL GANDOLFO,25.867
ROMA TERMINI,CASTELPLANIO CUPRAMONTANA,236.552
ROMA TERMINI,CATTOLICA S GIOVANNI GABICCE,335.764
ROMA TERMINI,CECCHINA,28.32
ROMA TERMINI,CECINA,279.226
ROMA TERMINI,CELANO OVINDOLI,118.359
ROMA TERMINI,CEPRANO FALVATERRA,108.645
ROMA TERMINI,CERIGNOLA,390.125
ROMA TERMINI,CERVIGNANO A G,601.13
ROMA TERMINI,CERVIGNANO AQUILEIA GRADO,601.291
ROMA TERMINI,CETRARO,457.821
ROMA TERMINI,CHIAVARI,453.901
ROMA TERMINI,CHIETI,225.871
ROMA TERMINI,CHIUSI C T,144.428
ROMA TERMINI,CHIUSI CHIANCIANO TERME,144.428
ROMA TERMINI,CIAMPINO,16.769
ROMA TERMINI,CISTERNA DI LATINA,49.889
ROMA TERMINI,CIVITA CASTELLANA MAGLIANO,69.952
ROMA TERMINI,CIVITAVECCHIA,77.988
ROMA TERMINI,COLLE MATTIA,25.572
ROMA TERMINI,COLLEFERRO SEGNI PALIANO,53.661
ROMA TERMINI,COLONNA GALLERIA,28.14
ROMA TERMINI,DOBBIACO,714.543
ROMA TERMINI,EMPOLI,289.776
ROMA TERMINI,FABRIANO,207.912
ROMA TERMINI,FALCONARA MARITTIMA,264.765
ROMA TERMINI,FERRARA,397.016
ROMA TERMINI,FIGLINE VALDARNO,236.238
ROMA TERMINI,FIRENZE CAMPO MARTE,257.76
ROMA TERMINI,FIRENZE RIFREDI,261.635
ROMA TERMINI,FIRENZE S MARIA NOVELLA,262.166
ROMA TERMINI,FIUMICINO AEROPORTO,31.846
ROMA TERMINI,FOGGIA,360.655
ROMA TERMINI,FOLIGNO,149.72
ROMA TERMINI,FOLLONICA,226.674
ROMA TERMINI,FONDI SPERLONGA,109.461
ROMA TERMINI,FORMIA GAETA,128.272
ROMA TERMINI,FORTEZZA,656.009
ROMA TERMINI,FOSSATO DI VICO GUBBIO,191.575
ROMA TERMINI,FRANCIOSA,349.386
ROMA TERMINI,FRASCATI,20.346
ROMA TERMINI,FROSINONE,83.557
ROMA TERMINI,FUSCALDO,471.07
ROMA TERMINI,GAIFANA,178.63
ROMA TERMINI,GENOVA BRIGNOLE,489.242
ROMA TERMINI,GENOVA NERVI,480.659
ROMA TERMINI,GENOVA P PRINCIPE,491.818
ROMA TERMINI,GENOVA PIAZZA PRINCIPE,491.579
ROMA TERMINI,GIOIA TAURO,603.809
ROMA TERMINI,GIOVINAZZO,460.247
ROMA TERMINI,GIUNCANO,107.427
ROMA TERMINI,GRASSANO,559.195
ROMA TERMINI,GRICIGNANO,194.823
ROMA TERMINI,GROSSETO,185.174
ROMA TERMINI,GUALDO TADINO,185.724
ROMA TERMINI,IMPERIA,594.87
ROMA TERMINI,ISERNIA,187.449
ROMA TERMINI,JESI,251.263
ROMA TERMINI,LA SPEZIA CENTRALE,404.741
ROMA TERMINI,LADISPOLI CERVETERI,47.531
ROMA TERMINI,LAMEZIA TERME CENTRALE,533.964
ROMA TERMINI,LANUVIO,32.322
ROMA TERMINI,LATINA,60.903
ROMA TERMINI,LECCE,617.7
ROMA TERMINI,LIVORNO CENTRALE,312.931
ROMA TERMINI,LORETO,301.575
ROMA TERMINI,LUNGHEZZA,12.088
ROMA TERMINI,MACCARESE,31.229
ROMA TERMINI,MACCARESE FREGENE,31.354
ROMA TERMINI,MAGLIANA,14.865
ROMA TERMINI,MANDELA SAMBUCI,54.086
ROMA TERMINI,MANTOVA,460.127
ROMA TERMINI,MARCELLINA PALOMBARA,34.006
ROMA TERMINI,MARECHIARO,53.09
ROMA TERMINI,MARINO,22.575
ROMA TERMINI,MARINO LAZIALE,22.575
ROMA TERMINI,MASSA CENTRO,372.591
ROMA TERMINI,METAPONTO,478.848
ROMA TERMINI,MEZZOCORONA,568.771
ROMA TERMINI,MILANO CENTRALE,562.788
ROMA TERMINI,MILANO PORTA GARIBALDI,565.024
ROMA TERMINI,MILANO ROGOREDO,558.061
ROMA TERMINI,MINTURNO,138.297
ROMA TERMINI,MINTURNO SCAURI,138.297
ROMA TERMINI,MODENA,387.739
ROMA TERMINI,MONFALCONE,619.366
ROMA TERMINI,MONSELICE,449.776
ROMA TERMINI,MONTALTO DI CASTRO,114.132
ROMA TERMINI,MONTE S BIAGIO,102.76
ROMA TERMINI,MONTE S BIAGIO TERRACINA MARE,102.76
ROMA TERMINI,MONTEPESCALI,283.751
ROMA TERMINI,MONTEVARCHI TERRANUOVA,223.262
ROMA TERMINI,MOROLO,70.16
ROMA TERMINI,NAPOLI AFRAGOLA,219.877
ROMA TERMINI,NAPOLI CENTRALE,213.708
ROMA TERMINI,NETTUNO,59.039
ROMA TERMINI,NICOTERA,603.594
ROMA TERMINI,NOCERA UMBRA,168.411
ROMA TERMINI,ORBETELLO,153.802
ROMA TERMINI,ORBETELLO MONTE ARGENTARIO,147.275
ROMA TERMINI,ORTE,68.445
ROMA TERMINI,ORVIETO,108.837
ROMA TERMINI,OSPITALETTO TRAVAGLIATO,536.349
ROMA TERMINI,PADIGLIONE,49.672
ROMA TERMINI,PADOVA,472.844
ROMA TERMINI,PALAZZOLO SULL OGLIO,552.334
ROMA TERMINI,PAOLA,477.356
ROMA TERMINI,PAVIA,556.749
ROMA TERMINI,PAVONA,23.181
ROMA TERMINI,PC CIVITELLA DI AGLIANO,93.627
ROMA TERMINI,PERUGIA,189.295
ROMA TERMINI,PERUGIA PONTE S GIOVANNI,180.82
ROMA TERMINI,PESCARA,241.08
ROMA TERMINI,PESCARA PORTA NUOVA,240.372
ROMA TERMINI,PIACENZA,498.151
ROMA TERMINI,PICERNO,354.464
ROMA TERMINI,PIEDIMONTE VILLA S LUCIA AQUINO,127.021
ROMA TERMINI,PIETRARSA S GIORGIO A CREMANO,217.577
ROMA TERMINI,PIGNATARO MAGGIORE,188.368
ROMA TERMINI,PISA CENTRALE,330.205
ROMA TERMINI,PISA S ROSSORE,332.411
ROMA TERMINI,PISCIOTTA PALINURO,349.432
ROMA TERMINI,PIZZO,562.5
ROMA TERMINI,POGGIO MIRTETO,48.763
ROMA TERMINI,POMEZIA S PALOMBA,23.796
ROMA TERMINI,POMPEI,236.478
ROMA TERMINI,PONTASSIEVE,251.579
ROMA TERMINI,PONTE CASALDUNI,247.954
ROMA TERMINI,PONTE GALERIA,22.714
ROMA TERMINI,PONTICINO,213.816
ROMA TERMINI,POPOLI VITTORITO,187.778
ROMA TERMINI,POTENZA CENTRALE,371.576
ROMA TERMINI,POTENZA INFERIORE,380.216
ROMA TERMINI,PRATO CENTRALE,275.828
ROMA TERMINI,PRIVERNO FOSSANOVA,85.278
ROMA TERMINI,QUARTO D ALTINO,516.1
ROMA TERMINI,RAVENNA,398.486
ROMA TERMINI,RECALE,199.372
ROMA TERMINI,REGGIO CALABRIA CENTRALE,654.009
ROMA TERMINI,REGGIO DI CALABRIA CENTRALE,654.009
ROMA TERMINI,REGGIO EMILIA,412.853
ROMA TERMINI,RHO FIERA,573.209
ROMA TERMINI,RICADI CAPO VATICANO,594.067
ROMA TERMINI,RIMINI,354.04
ROMA TERMINI,ROCCA D EVANDRO,145.55
ROMA TERMINI,ROCCA RAVINDOLA,169.364
ROMA TERMINI,ROMA AURELIA,17.424
ROMA TERMINI,ROMA CASILINA,4.983
ROMA TERMINI,ROMA OSTIENSE,6.9
ROMA TERMINI,ROMA PRENESTINA,4.473
ROMA TERMINI,ROMA S PIETRO,12.119
ROMA TERMINI,ROMA SMISTAMENTO,4.087
ROMA TERMINI,ROMA TIBURTINA,4.891
ROMA TERMINI,ROMA TRASTEVERE,8.611
ROMA TERMINI,ROMA TUSCOLANA,3.687
ROMA TERMINI,ROSARNO,593.915
ROMA TERMINI,ROSIGNANO,289.885
ROMA TERMINI,ROVIANO,62.294
ROMA TERMINI,ROVIGO,428.775
ROMA TERMINI,S BENEDETTO DEL TRONTO,302.575
ROMA TERMINI,S CANDIDO,718.347
ROMA TERMINI,S DONA DI PIAVE,532.733
ROMA TERMINI,S GENNARO,35.967
ROMA TERMINI,S GIORGIO DI NOGARO,590.802
ROMA TERMINI,S GIOVANNI VALDARNO,228.656
ROMA TERMINI,S LORENZO MAGGIORE,243.673
ROMA TERMINI,S MARCELLINO FRIGNANO,189.747
ROMA TERMINI,S MARIA CAPUA VETERE,191.901
ROMA TERMINI,S MARINELLA,69.056
ROMA TERMINI,S SEVERA,59.88
ROMA TERMINI,S VINCENZO,254.847
ROMA TERMINI,SACILE,564.703
ROMA TERMINI,SALERNO,260.086
ROMA TERMINI,SAPRI,384.724
ROMA TERMINI,SAVONA,533.61
ROMA TERMINI,SCALEA S DOMENICA TALAO,420.001
ROMA TERMINI,SESSA AURUNCA R,153.016
ROMA TERMINI,SESSA AURUNCA ROCCAMONFINA,153.265
ROMA TERMINI,SESTRI LEVANTE,446.44
ROMA TERMINI,SEZZE ROMANO,70.084
ROMA TERMINI,SGURGOLA,65.391
ROMA TERMINI,SIBARI,552.636
ROMA TERMINI,SICIGNANO DEGLI ALBURNI,310.877
ROMA TERMINI,SIENA,233.518
ROMA TERMINI,SOLOPACA,235.76
ROMA TERMINI,SPELLO,154.633
ROMA TERMINI,SPOLETO,124.666
ROMA TERMINI,SULMONA,172.544
ROMA TERMINI,TAGGIA ARMA,611.148
ROMA TERMINI,TAGLIACOZZO,91.767
ROMA TERMINI,TARANTO,522.347
ROMA TERMINI,TARQUINIA,97.885
ROMA TERMINI,TARVISIO BOSCOVERDE,715.126
ROMA TERMINI,TELESE CERRETO,231.549
ROMA TERMINI,TERNI,95.341
ROMA TERMINI,TERONTOLA CORTONA,172.952
ROMA TERMINI,TITO,361.285
ROMA TERMINI,TIVOLI,39.922
ROMA TERMINI,TORINO LINGOTTO,646.217
ROMA TERMINI,TORINO PORTA NUOVA,650.4
ROMA TERMINI,TORINO PORTA SUSA,651.972
ROMA TERMINI,TORINO STURA,657.922
ROMA TERMINI,TORRE ANNUNZIATA CENTRALE,233.311
ROMA TERMINI,TORRICOLA,12.034
ROMA TERMINI,TRENTO,551.917
ROMA TERMINI,TREVIGLIO,580.308
ROMA TERMINI,TREVISO C,525.393
ROMA TERMINI,TRIESTE CENTRALE,645.183
ROMA TERMINI,TRINITAPOLI S FERDINANDO DI PUGLIA,407.783
ROMA TERMINI,UDINE,626.213
ROMA TERMINI,VAIRANO,167.896
ROMA TERMINI,VAIRANO CAIANELLO,167.896
ROMA TERMINI,VALLE DELL ANIENE MANDELA SAMBUCI,54.086
ROMA TERMINI,VALLE DI MADDALONI,212.195
ROMA TERMINI,VALLO DELLA LUC CASTELNUOVO,330.145
ROMA TERMINI,VELLETRI,41.223
ROMA TERMINI,VENAFRO,162.929
ROMA TERMINI,VENEZIA MESTRE,501.579
ROMA TERMINI,VENEZIA S LUCIA,509.463
ROMA TERMINI,VENTIMIGLIA,633.865
ROMA TERMINI,VERNIO MONTEPIANO CANTAGALLO,296.313
ROMA TERMINI,VERONA PORTA NUOVA,465.823
ROMA TERMINI,VERONA PORTA VESCOVO,469.189
ROMA TERMINI,VEZZANO LIGURE,397.502
ROMA TERMINI,VIAREGGIO,351.482
ROMA TERMINI,VIBO MARINA,563.75
ROMA TERMINI,VIBO VALENTIA PIZZO,560.624
ROMA TERMINI,VICENZA,500.195
ROMA TERMINI,VILLA LITERNO,180.156
ROMA TERMINI,VILLA S GIOVANNI,639.928
ROMA TERMINI,VITERBO PORTA FIORENTINA,95.677
ROMA TERMINI,ZAGAROLO,34.745
ROMA TIBURTINA,ALBANO LAZIALE,28.388
ROMA TIBURTINA,ANCONA,273.337
ROMA TIBURTINA,ANVERSA VILLALAGO SCANNO,161.035
ROMA TIBURTINA,AREZZO,194.442
ROMA TIBURTINA,AVERSA,194.603
ROMA TIBURTINA,AVEZZANO,106.169
ROMA TIBURTINA,BAGNI DI TIVOLI,19.16
ROMA TIBURTINA,BENEVENTO,256.036
ROMA TIBURTINA,BOIANO,213.37
ROMA TIBURTINA,BOLOGNA CENTRALE,347.834
ROMA TIBURTINA,BOLZANO,602.883
ROMA TIBURTINA,BRACCIANO,47.605
ROMA TIBURTINA,CAMPOBASSO,243.076
ROMA TIBURTINA,CAMPOLEONE,33.463
ROMA TIBURTINA,CANCELLO,208.398
ROMA TIBURTINA,CAPRANICA,69.444
ROMA TIBURTINA,CAPRANICA SUTRI,71.08
ROMA TIBURTINA,CARSOLI,73.486
ROMA TIBURTINA,CASERTA,196.59
ROMA TIBURTINA,CASSINO,134.367
ROMA TIBURTINA,CASTEL MADAMA,46.142
ROMA TIBURTINA,CASTELFRANCO VENETO,496.25
ROMA TIBURTINA,CECCHINA,28.388
ROMA TIBURTINA,CESANO DI ROMA,36.06
ROMA TIBURTINA,CHIUSI C T,139.837
ROMA TIBURTINA,CHIUSI CHIANCIANO TERME,139.837
ROMA TIBURTINA,CIAMPINO,16.838
ROMA TIBURTINA,CISTERNA DI LATINA,49.957
ROMA TIBURTINA,CIVITA CASTELLANA MAGLIANO,65.36
ROMA TIBURTINA,CIVITAVECCHIA,78.424
ROMA TIBURTINA,COLLEFERRO SEGNI PALIANO,53.73
ROMA TIBURTINA,CONTIGLIANO,123.185
ROMA TIBURTINA,FABRIANO,203.321
ROMA TIBURTINA,FARA SABINA,33.24
ROMA TIBURTINA,FARA SABINA MONTELIBRETTI,32.78
ROMA TIBURTINA,FIGLINE VALDARNO,231.646
ROMA TIBURTINA,FIRENZE CAMPO MARTE,253.169
ROMA TIBURTINA,FIRENZE RIFREDI,257.044
ROMA TIBURTINA,FIRENZE S MARIA NOVELLA,257.575
ROMA TIBURTINA,FIUMICINO AEROPORTO,32.282
ROMA TIBURTINA,FOLIGNO,145.129
ROMA TIBURTINA,FORMIA GAETA,128.34
ROMA TIBURTINA,FRASCATI,20.415
ROMA TIBURTINA,FROSINONE,81.985
ROMA TIBURTINA,GENOVA P PRINCIPE,492.254
ROMA TIBURTINA,ISERNIA,185.877
ROMA TIBURTINA,JESI,246.672
ROMA TIBURTINA,LA STORTA,27.193
ROMA TIBURTINA,LADISPOLI CERVETERI,47.967
ROMA TIBURTINA,LANUVIO,32.391
ROMA TIBURTINA,LATINA,60.972
ROMA TIBURTINA,LECCE,616.128
ROMA TIBURTINA,LORETO,296.984
ROMA TIBURTINA,LUNGHEZZA,10.516
ROMA TIBURTINA,MANDELA SAMBUCI,52.514
ROMA TIBURTINA,MANZIANA CANALE MONTERANO,56.848
ROMA TIBURTINA,MARCELLINA PALOMBARA,32.434
ROMA TIBURTINA,MILANO CENTRALE,558.197
ROMA TIBURTINA,MILANO ROGOREDO,553.47
ROMA TIBURTINA,MINTURNO,138.365
ROMA TIBURTINA,MINTURNO SCAURI,138.365
ROMA TIBURTINA,MONTE S BIAGIO TERRACINA MARE,102.829
ROMA TIBURTINA,MONTEROTONDO MENTANA,21.212
ROMA TIBURTINA,NAPOLI AFRAGOLA,219.945
ROMA TIBURTINA,NAPOLI CENTRALE,213.776
ROMA TIBURTINA,NETTUNO,59.108
ROMA TIBURTINA,ORIOLO,61.796
ROMA TIBURTINA,ORTE,63.854
ROMA TIBURTINA,PAVONA,23.25
ROMA TIBURTINA,PERUGIA,184.704
ROMA TIBURTINA,PESCARA,239.508
ROMA TIBURTINA,POGGIO MIRTETO,44.172
ROMA TIBURTINA,PONTE GALERIA,23.15
ROMA TIBURTINA,POPOLI VITTORITO,186.206
ROMA TIBURTINA,PRATO CENTRALE,271.237
ROMA TIBURTINA,PRIVERNO FOSSANOVA,85.346
ROMA TIBURTINA,QUATTRO VENTI,10.376
ROMA TIBURTINA,REGGIO DI CALABRIA CENTRALE,652.437
ROMA TIBURTINA,RIETI,131.805
ROMA TIBURTINA,ROCCA D EVANDRO,143.978
ROMA TIBURTINA,ROCCA RAVINDOLA,167.792
ROMA TIBURTINA,ROMA MONTE MARIO,18.622
ROMA TIBURTINA,ROMA OSTIENSE,7.336
ROMA TIBURTINA,ROMA PRENESTINA,2.9
ROMA TIBURTINA,ROMA S FILIPPO NERI,19.592
ROMA TIBURTINA,ROMA S PIETRO,12.555
ROMA TIBURTINA,ROMA SMISTAMENTO,2.363
ROMA TIBURTINA,ROMA TERMINI,4.891
ROMA TIBURTINA,ROMA TRASTEVERE,9.047
ROMA TIBURTINA,ROMA TUSCOLANA,3.859
ROMA TIBURTINA,ROVIANO,60.722
ROMA TIBURTINA,S GENNARO,36.036
ROMA TIBURTINA,S GIOVANNI VALDARNO,224.065
ROMA TIBURTINA,SAVONA,534.047
ROMA TIBURTINA,SERENISSIMA,3.905
ROMA TIBURTINA,SESTRI LEVANTE,446.876
ROMA TIBURTINA,SULMONA,170.972
ROMA TIBURTINA,TAGLIACOZZO,90.195
ROMA TIBURTINA,TARVISIO BOSCOVERDE,710.535
ROMA TIBURTINA,TERNI,90.75
ROMA TIBURTINA,TERONTOLA CORTONA,168.361
ROMA TIBURTINA,TIVOLI,38.35
ROMA TIBURTINA,TORANO LATTARICO,507.974
ROMA TIBURTINA,TORINO PORTA NUOVA,650.836
ROMA TIBURTINA,TRIESTE CENTRALE,640.592
ROMA TIBURTINA,UDINE,621.622
ROMA TIBURTINA,VAL D ALA,4.056
ROMA TIBURTINA,VALLE DELL ANIENE MANDELA SAMBUCI,52.514
ROMA TIBURTINA,VELLETRI,41.291
ROMA TIBURTINA,VENAFRO,161.357
ROMA TIBURTINA,VENEZIA MESTRE,496.988
ROMA TIBURTINA,VENEZIA S LUCIA,504.871
ROMA TIBURTINA,VERONA PORTA NUOVA,461.232
ROMA TIBURTINA,VETRALLA,84.487
ROMA TIBURTINA,VILLA LITERNO,180.225
ROMA TIBURTINA,VITERBO PORTA FIORENTINA,96.113
ROMA TIBURTINA,VITERBO PORTA ROMANA,94.498
ROMA TIBURTINA,ZAGAROLO,34.813
ROMA TUSCOLANA,ALBANO LAZIALE,26.529
ROMA TUSCOLANA,BRACCIANO,43.745
ROMA TUSCOLANA,CAMPO DI CARNE,42.166
ROMA TUSCOLANA,CAMPOLEONE,31.604
ROMA TUSCOLANA,CASSINO,135.776
ROMA TUSCOLANA,CECCHINA,26.529
ROMA TUSCOLANA,CESANO DI ROMA,32.2
ROMA TUSCOLANA,CIAMPINO,14.979
ROMA TUSCOLANA,CIVITAVECCHIA,74.565
ROMA TUSCOLANA,FARA SABINA,36.797
ROMA TUSCOLANA,FARA SABINA MONTELIBRETTI,36.337
ROMA TUSCOLANA,FIUMICINO AEROPORTO,28.423
ROMA TUSCOLANA,FORMIA GAETA,126.482
ROMA TUSCOLANA,FRASCATI,18.556
ROMA TUSCOLANA,FROSINONE,83.394
ROMA TUSCOLANA,GENOVA P PRINCIPE,488.395
ROMA TUSCOLANA,GROSSETO,181.75
ROMA TUSCOLANA,LA STORTA,23.334
ROMA TUSCOLANA,LADISPOLI CERVETERI,44.108
ROMA TUSCOLANA,LANUVIO,30.532
ROMA TUSCOLANA,MACCARESE,27.806
ROMA TUSCOLANA,MARECHIARO,51.3
ROMA TUSCOLANA,METAPONTO,478.501
ROMA TUSCOLANA,MILANO CENTRALE,561.754
ROMA TUSCOLANA,MINTURNO,136.506
ROMA TUSCOLANA,MONTEROTONDO MENTANA,24.77
ROMA TUSCOLANA,NAPOLI CENTRALE,211.918
ROMA TUSCOLANA,NETTUNO,57.249
ROMA TUSCOLANA,ORTE,67.411
ROMA TUSCOLANA,PADIGLIONE,47.881
ROMA TUSCOLANA,PAVONA,21.391
ROMA TUSCOLANA,PISA CENTRALE,326.782
ROMA TUSCOLANA,POGGIO MIRTETO,47.729
ROMA TUSCOLANA,POMEZIA S PALOMBA,22.005
ROMA TUSCOLANA,ROMA AURELIA,14.001
ROMA TUSCOLANA,ROMA OSTIENSE,3.477
ROMA TUSCOLANA,ROMA TERMINI,3.687
ROMA TUSCOLANA,ROMA TIBURTINA,3.859
ROMA TUSCOLANA,S SEVERA,56.457
ROMA TUSCOLANA,SALERNO,259.739
ROMA TUSCOLANA,TARANTO,522.0
ROMA TUSCOLANA,VELLETRI,39.433
ROMA TUSCOLANA,VITERBO PORTA FIORENTINA,92.254
ROMA TUSCOLANA,VITERBO PORTA ROMANA,90.639
ROMAGNANO SESIA,NOVARA,29.117
ROMAGNANO V,SALERNO,65.679
ROMANO,BRESCIA,36.734
ROMANO,MILANO CENTRALE,43.425
ROMANO,MILANO GRECO PIRELLI,46.493
ROMANO,VERONA PORTA NUOVA,101.324
ROMANORE,BOLOGNA CENTRALE,85.965
ROMANORE,MANTOVA,98.009
ROMANORE,MODENA,50.373
ROMETTA MESSINESE,PALERMO CENTRALE,349.677
ROMETTA MESSINESE,PATTI S PIERO PATTI,43.632
RONCEGNO BAGNI MARTER,PRIMOLANO,28.175
RONCEGNO BAGNI MARTER,TRENTO,39.037
RONCHI DEI LEGIONARI NORD,CARNIA,82.994
RONCHI DEI LEGIONARI NORD,UDINE,43.252
RONCHI DEI LEGIONARI NORD,VENEZIA S LUCIA,124.54
RONCHI DEI LEGIONARI SUD,UDINE,43.252
RONCO SCRIVIA,GENOVA BRIGNOLE,27.841
RONCO SCRIVIA,GENOVA PIAZZA PRINCIPE,25.502
RONCO SCRIVIA,MILANO CENTRALE,112.584
RONCO SCRIVIA,PIACENZA,109.465
RONCO SCRIVIA,RIMINI,367.709
RONCO SCRIVIA,TORINO PORTA NUOVA,133.318
RONCO SCRIVIA,VOGHERA,51.339
RONTA,FIRENZE S MARIA NOVELLA,44.194
RONTA,MARRADI,23.33
ROSARNO,BAGNARA,28.537
ROSARNO,COSENZA,139.63
ROSARNO,GIOIA TAURO,9.895
ROSARNO,LAMEZIA TERME CENTRALE,59.951
ROSARNO,MELITO DI PORTO SALVO,89.89
ROSARNO,NICOTERA,9.68
ROSARNO,PALMI,18.31
ROSARNO,PAOLA,116.563
ROSARNO,PARGHELIA,34.037
ROSARNO,REGGIO CALABRIA CENTRALE,60.095
ROSARNO,REGGIO DI CALABRIA CENTRALE,60.095
ROSARNO,REGGIO DI CALABRIA GALLICO,52.191
ROSARNO,ROMA TERMINI,593.915
ROSARNO,TROPEA,30.927
ROSARNO,VILLA S GIOVANNI,46.014
ROSARNO,ZAMBRONE,40.077
ROSETO DEGLI ABRUZZI,ANCONA,117.743
ROSIGNANO,CAMPIGLIA MARITTIMA,45.629
ROSIGNANO,FIRENZE S MARIA NOVELLA,118.795
ROSIGNANO,ROMA TERMINI,289.885
ROSOLINI,AVOLA,22.127
ROSOLINI,GELA,134.619
ROSOLINI,NOTO,15.571
ROSOLINI,SIRACUSA,48.06
ROSSANO,CATANZARO LIDO,147.034
ROSSIGLIONE,ACQUI TERME,23.413
ROVASENDA,BIELLA S PAOLO,23.455
ROVASENDA,NOVARA,27.448
ROVATO,BERGAMO,32.064
ROVATO,BRESCIA,17.15
ROVATO,CREMONA,96.524
ROVATO,MILANO CENTRALE,63.011
ROVATO,MILANO GRECO PIRELLI,66.079
ROVATO,MILANO LAMBRATE,60.231
ROVATO,SERIATE,27.911
ROVATO,VERONA PORTA NUOVA,81.739
ROVERETO,ALA,16.462
ROVERETO,BOLOGNA CENTRALE,177.183
ROVERETO,BOLZANO,79.22
ROVERETO,BRENNERO,168.018
ROVERETO,BRONZOLO,68.237
ROVERETO,EGNA TERMENO,57.32
ROVERETO,MEZZOCORONA,40.517
ROVERETO,TRENTO,23.663
ROVERETO,VERONA PORTA NUOVA,67.029
ROVIANO,AVEZZANO,45.447
ROVIANO,ROMA TERMINI,62.294
ROVIGO,ADRIA,24.569
ROVIGO,BADIA POLESINE,30.092
ROVIGO,BOLOGNA CENTRALE,80.736
ROVIGO,BOVOLONE,65.903
ROVIGO,BUTTAPIETRA,87.54
ROVIGO,CASTAGNARO,37.44
ROVIGO,CEREA,56.052
ROVIGO,CHIOGGIA,55.878
ROVIGO,COSTA,9.518
ROVIGO,FERRARA,31.759
ROVIGO,FRATTA,13.945
ROVIGO,ISOLA DELLA SCALA,79.524
ROVIGO,LAMA,12.965
ROVIGO,LEGNAGO,48.626
ROVIGO,LENDINARA,20.308
ROVIGO,LIVORNO CENTRALE,256.92
ROVIGO,LOREO,35.652
ROVIGO,MONSELICE,21.202
ROVIGO,PADOVA,44.269
ROVIGO,S PIETRO IN CASALE,54.991
ROVIGO,TERME EUGANEE ABANO MONTEGR,30.997
ROVIGO,TERME EUGANEE ABANO MONTEGROTTO,30.997
ROVIGO,VENEZIA MESTRE,73.005
ROVIGO,VENEZIA S LUCIA,80.888
ROVIGO,VERONA PORTA NUOVA,100.311
RUBIERA,ANCONA,253.984
RUBIERA,BOLOGNA CENTRALE,49.949
RUFINA,BORGO S LORENZO,25.244
RUFINA,FIRENZE RIFREDI,27.484
RUFINA,FIRENZE S MARIA NOVELLA,28.015
RUFINA,PONTASSIEVE,7.559
RUSSI,BOLOGNA CENTRALE,68.142
RUSSI,FAENZA,34.659
RUSSI,GENOVA BRIGNOLE,351.168
RUSSI,GENOVA P PRINCIPE,348.717
RUSSI,RAVENNA,16.336
S AGATA M,ALTAVILLA M,104.391
S AGATA M,BAGHERIA,112.476
S AGATA M,BROLO FICARRA,21.305
S AGATA M,CAMPOFELICE,72.015
S AGATA M,CAPO D ORLANDO NASO,13.408
S AGATA M,CEFALU,58.585
S AGATA M,GIOJOSA MAREA,27.214
S AGATA M,MESSINA CENTRALE,373.387
S AGATA M,MILAZZO,402.488
S AGATA M,NOVARA MONTALBANO FURNARI,417.673
S AGATA M,OLIVERI TINDARI,425.035
S AGATA M,PACE DEL MELA,397.605
S AGATA M,PALERMO CENTRALE,124.767
S AGATA M,PATTI S PIERO PATTI,432.302
S AGATA M,POLLINA,43.528
S AGATA M,ROMETTA MESSINESE,388.672
S AGATA M,S STEFANO DI CAMASTRA,27.288
S AGATA M,TERMINI IMERESE,88.301
S AGATA M,TUSA,36.055
S AGATA M,ZAPPULLA,7.476
S ANTONIO MANTOVANO,VERONA PORTA NUOVA,33.384
S BENEDETTO DEL TRONTO,ANCONA,84.546
S BENEDETTO DEL TRONTO,ASCOLI PICENO,32.643
S BENEDETTO DEL TRONTO,BOLOGNA CENTRALE,289.936
S BENEDETTO DEL TRONTO,CIVITANOVA MARCHE MONTEGRANARO,41.805
S BENEDETTO DEL TRONTO,FAENZA,238.258
S BENEDETTO DEL TRONTO,FOLIGNO,195.127
S BENEDETTO DEL TRONTO,FORLI,223.635
S BENEDETTO DEL TRONTO,LANCIANO,99.062
S BENEDETTO DEL TRONTO,LORETO,60.904
S BENEDETTO DEL TRONTO,MANOPPELLO,85.588
S BENEDETTO DEL TRONTO,MILANO CENTRALE,500.298
S BENEDETTO DEL TRONTO,OFFIDA CASTEL DI LAMA,20.63
S BENEDETTO DEL TRONTO,ORTE,276.703
S BENEDETTO DEL TRONTO,PARMA,379.841
S BENEDETTO DEL TRONTO,PESARO,144.078
S BENEDETTO DEL TRONTO,PESCARA,61.495
S BENEDETTO DEL TRONTO,PIACENZA,435.662
S BENEDETTO DEL TRONTO,POPOLI VITTORITO,114.797
S BENEDETTO DEL TRONTO,PORTO D ASCOLI,4.811
S BENEDETTO DEL TRONTO,PORTO S GIORGIO FERMO,26.201
S BENEDETTO DEL TRONTO,PRATOLA PELIGNA,124.456
S BENEDETTO DEL TRONTO,REGGIO EMILIA,350.364
S BENEDETTO DEL TRONTO,RIMINI,177.416
S BENEDETTO DEL TRONTO,ROMA TERMINI,302.575
S BENEDETTO DEL TRONTO,S VITO LANCIANO,89.672
S BENEDETTO DEL TRONTO,SCAFA S VALENTINO CARAMANICO T,93.341
S BENEDETTO DEL TRONTO,SULMONA,130.031
S BENEDETTO DEL TRONTO,TORRE DEI PASSERI,100.252
S BENEDETTO PO,FERRARA,135.707
S BENEDETTO PO,PORTOMAGGIORE,222.978
S BENEDETTO PO,RAVENNA,177.129
S BENEDETTO PO,SERMIDE,166.232
S BENEDETTO SAMBRO CAST PEPOLI,AREZZO,123.117
S BENEDETTO SAMBRO CAST PEPOLI,BOLOGNA CENTRALE,42.181
S BENEDETTO SAMBRO CAST PEPOLI,BOLOGNA S RUFFILLO,34.214
S BENEDETTO SAMBRO CAST PEPOLI,FIRENZE CAMPO MARTE,57.967
S BENEDETTO SAMBRO CAST PEPOLI,FIRENZE RIFREDI,55.094
S BENEDETTO SAMBRO CAST PEPOLI,FIRENZE S MARIA NOVELLA,56.305
S BENEDETTO SAMBRO CAST PEPOLI,GRIZZANA,5.087
S BENEDETTO SAMBRO CAST PEPOLI,MONZUNO,15.232
S BENEDETTO SAMBRO CAST PEPOLI,PRATO CENTRALE,42.39
S BENEDETTO SAMBRO CASTIGLIONE PEPOLI,BOLOGNA CENTRALE,42.181
S BENEDETTO SAMBRO CASTIGLIONE PEPOLI,BOLOGNA S RUFFILLO,34.214
S BENEDETTO SAMBRO CASTIGLIONE PEPOLI,GROSSETO,268.226
S BENEDETTO SAMBRO CASTIGLIONE PEPOLI,PIANORO,24.27
S BENEDETTO SAMBRO CASTIGLIONE PEPOLI,PRATO CENTRALE,42.39
S BENIGNO,CHIERI,43.854
S BENIGNO,TROFARELLO,35.278
S BIAGIO DI CALLALTA,PORTOGRUARO CAORLE,41.442
S BONIFACIO,VENEZIA MESTRE,86.686
S BONIFACIO,VENEZIA S LUCIA,94.569
S BONIFACIO,VERONA PORTA NUOVA,24.096
S CANDIDO,BOLZANO,110.877
S CANDIDO,BRUNICO,32.549
S CANDIDO,CASTELDARNE,41.446
S CANDIDO,DOBBIACO,3.804
S CANDIDO,FORTEZZA,65.633
S CANDIDO,MERANO,144.114
S CANDIDO,MERANO MAIA BASSA,141.797
S CANDIDO,MONGUELFO VALLE DI CASIES,13.655
S CANDIDO,RIO DI PUSTERIA,57.466
S CANDIDO,ROMA TERMINI,718.347
S CANDIDO,S LORENZO,35.673
S CANDIDO,VALDAORA ANTERSELVA,20.813
S CANDIDO,VANDOIES,51.948
S CANDIDO,VILLABASSA BRAIES,8.637
S CANDIDO,VIPITENO,84.492
S CASSIANO,BORGO S LORENZO,41.745
S CASSIANO,FIRENZE S MARIA NOVELLA,77.092
S CATERINA DELL JONIO,REGGIO CALABRIA CENTRALE,142.479
S CATERINA DELLO JONIO,REGGIO DI CALABRIA CENTRALE,142.479
S CROCE DEL LAGO,BELLUNO,20.273
S CROCE DEL LAGO,CONEGLIANO,27.441
S CROCE DEL LAGO,PONTE NELLE ALPI POLPET,12.719
S CROCE DEL LAGO,VENEZIA S LUCIA,83.813
S DEMETRIO DE VESTINI,SULMONA,44.792
S DONA DI PIAVE,PORTOGRUARO CAORLE,104.581
S DONA DI PIAVE,TRIESTE CENTRALE,112.449
S DONA DI PIAVE,VENEZIA MESTRE,32.781
S DONA DI PIAVE,VENEZIA S LUCIA,41.166
S DONA DI PIAVE JESOLO,PORTOGRUARO CAORLE,104.581
S DONA DI PIAVE JESOLO,TRIESTE CENTRALE,112.449
S DONA DI PIAVE JESOLO,VENEZIA MESTRE,32.781
S DONA DI PIAVE JESOLO,VENEZIA S LUCIA,41.166
S ELENA ESTE,VENEZIA S LUCIA,65.603
S FELICE SUL PANARO,BOLOGNA CENTRALE,42.838
S FELICE SUL PANARO,POGGIO RUSCO,15.784
S GAVINO,CAGLIARI,49.502
S GAVINO,DECIMOMANNU,33.108
S GAVINO,MACOMER,107.267
S GAVINO,OLBIA,227.592
S GAVINO,OLBIA TERRANOVA,226.873
S GAVINO,OZIERI CHILIVANI,156.777
S GAVINO,PORTO TORRES MARITTIMA,220.687
S GAVINO,SAMASSI SERRENTI,12.273
S GAVINO,SASSARI,201.378
S GAVINO,SERRAMANNA NURAMINIS,18.78
S GAVINO,VILLASOR,24.024
S GIORGIO DI NOGARO,TRIESTE CENTRALE,54.381
S GIORGIO DI NOGARO,VENEZIA MESTRE,90.85
S GIORGIO DI PIANO,BOLOGNA CENTRALE,19.624
S GIORGIO DI PIANO,IMOLA,50.713
S GIORGIO DI PIANO,VENEZIA S LUCIA,141.799
S GIORGIO P,BOLOGNA CENTRALE,19.624
S GIORGIO P,FERRARA,29.352
S GIORGIO P,IMOLA,50.713
S GIORGIO P,RIMINI,127.618
S GIOVANNI AL NATISONE,TRIESTE CENTRALE,67.335
S GIOVANNI IN CROCE,BRESCIA,57.713
S GIOVANNI IN CROCE,PARMA,34.901
S GIOVANNI IN PERSICETO,POGGIO RUSCO,38.214
S GIOVANNI VALDARNO,AREZZO,36.053
S GIOVANNI VALDARNO,CHIUSI C T,86.05
S GIOVANNI VALDARNO,CHIUSI CHIANCIANO TERME,86.05
S GIOVANNI VALDARNO,FIRENZE CAMPO MARTE,33.686
S GIOVANNI VALDARNO,FIRENZE CASTELLO,40.075
S GIOVANNI VALDARNO,FIRENZE S MARIA NOVELLA,38.092
S GIOVANNI VALDARNO,FOLIGNO,149.174
S GIOVANNI VALDARNO,MONTECATINI TERME MONSUMMANO,81.765
S GIOVANNI VALDARNO,MONTEVARCHI TERRANUOVA,5.394
S GIOVANNI VALDARNO,PISTOIA,68.776
S GIOVANNI VALDARNO,PRATO CENTRALE,51.754
S GIOVANNI VALDARNO,ROMA TERMINI,228.656
S GIOVANNI VALDARNO,TERONTOLA CORTONA,66.966
S GIOVANNI VALDARNO,VERNIO MONTEPIANO CANTAGALLO,72.239
S GIULIANO TERME,AULLA LUNIGIANA,76.732
S GIULIANO TERME,FIRENZE S MARIA NOVELLA,88.754
S GIULIANO TERME,FORNACI DI BARGA,43.285
S GIULIANO TERME,LUCCA,11.708
S GIULIANO TERME,PISA CENTRALE,11.412
S GIUSEPPE DI CAIRO,ACQUI TERME,48.829
S GIUSEPPE DI CAIRO,ALESSANDRIA,82.909
S GIUSEPPE DI CAIRO,CENGIO,8.693
S GIUSEPPE DI CAIRO,CEVA,25.356
S GIUSEPPE DI CAIRO,FOSSANO,63.486
S GIUSEPPE DI CAIRO,MAGLIANO CRAVA MOROZZO,50.573
S GIUSEPPE DI CAIRO,MONDOVI,44.502
S GIUSEPPE DI CAIRO,SAVONA,21.208
S GIUSEPPE DI CAIRO,TORINO PORTA NUOVA,126.865
S GIUSTINA CESIO,BELLUNO,16.358
S GIUSTINA CESIO,TREVISO C,88.641
S ILARIO,BOLOGNA CENTRALE,79.196
S ILARIO D ENZA,BOLOGNA CENTRALE,79.822
S LAZZARO,BAGNOLO IN PIANO,9.922
S LAZZARO,GUASTALLA,30.688
S LAZZARO,NOVELLARA,19.967
S LAZZARO,REGGIO EMILIA,88.463
S LORENZO MAGGIORE,CASERTA,45.511
S LORENZO MAGGIORE,NAPOLI CENTRALE,66.023
S MARCELLINO FRIGNANO,NAPOLI CENTRALE,23.961
S MARCO ROGGIANO,PAOLA,45.883
S MARCO ROGGIANO,SIBARI,29.402
S MARIA CAPUA VETERE,NAPOLI CAMPI FLEGREI,47.9
S MARIA CAPUA VETERE,NAPOLI CENTRALE,39.249
S MARIA LA BRUNA,NAPOLI CAMPI FLEGREI,25.556
S MARIA LA BRUNA,NAPOLI CENTRALE,16.923
S MARIA LA BRUNA,NAPOLI GIANTURCO,15.68
S MARIA LA BRUNA,NAPOLI S GIOVANNI BARRA,11.798
S MARIA LA BRUNA,NOCERA INFERIORE,20.89
S MARIA LA BRUNA,ROMA TERMINI,228.147
S MARIA LA BRUNA,SALERNO,34.504
S MARIA LA BRUNA,VILLA LITERNO,47.991
S MAURIZIO,ALBA,88.23
S MAURIZIO,BRA,70.703
S MAURIZIO,CARMAGNOLA,50.837
S MAURIZIO,FOSSANO,85.392
S MAURIZIO CANAVESE,ALBA,88.23
S MAURIZIO CANAVESE,CARMAGNOLA,50.837
S MAURIZIO CANAVESE,FOSSANO,85.392
S PAOLO,SIRACUSA,162.289
S PIERO A SIEVE,BORGO S LORENZO,4.739
S PIERO A SIEVE,FIRENZE CAMPO MARTE,28.641
S PIERO A SIEVE,FIRENZE S MARIA NOVELLA,31.12
S PIETRO A VICO,AULLA LUNIGIANA,83.642
S PIETRO A VICO,CASTELNUOVO DI GARFAGNANA,39.719
S PIETRO A VICO,LUCCA,5.271
S PIETRO A VICO,MINUCCIANO PIEVE CASOLA,60.684
S PIETRO A VICO,PIAZZA AL SERCHIO,52.244
S PIETRO A VICO,PISA CENTRALE,28.391
S PIETRO BERBENNO,LECCO,71.101
S PIETRO BERBENNO,SONDRIO,10.476
S PIETRO IN CASALE,BOLOGNA CENTRALE,25.745
S PIETRO IN CASALE,CASTEL S PIETRO TERME,45.812
S PIETRO IN CASALE,CASTELMAGGIORE,13.826
S PIETRO IN CASALE,FERRARA,23.232
S PIETRO IN CASALE,IMOLA,56.833
S PIETRO IN CASALE,PADOVA,99.06
S PIETRO IN CASALE,RIMINI,133.738
S PIETRO IN CASALE,ROVIGO,54.991
S PIETRO IN CASALE,S GIORGIO P,6.12
S PIETRO IN CASALE,VENEZIA MESTRE,127.796
S PIETRO IN CASALE,VENEZIA S LUCIA,135.679
S PIETRO IN GU,TREVISO C,46.822
S PIETRO IN GU,TREVISO CENTRALE,46.822
S PIETRO IN GU,VICENZA,13.193
S ROMANO MONTOPOLI S CROCE,CAMPIGLIA MARITTIMA,115.262
S ROMANO MONTOPOLI S CROCE,FIRENZE S MARIA NOVELLA,45.871
S ROMANO MONTOPOLI S CROCE,PISA CENTRALE,31.473
S ROMANO MONTOPOLI S CROCE,VIAREGGIO,52.75
S SEVERA,CIVITAVECCHIA,18.108
S SEVERA,GROSSETO,125.294
S SEVERA,MILANO CENTRALE,547.951
S SEVERA,MONTALTO DI CASTRO,54.252
S SEVERA,PISA CENTRALE,270.325
S SEVERA,ROMA OSTIENSE,52.98
S SEVERA,ROMA TERMINI,59.88
S SEVERO,BARI CENTRALE,150.948
S SEVERO,BARI S SPIRITO,139.393
S SEVERO,BARLETTA,98.053
S SEVERO,BOLOGNA CENTRALE,496.031
S SEVERO,FASANO,205.326
S SEVERO,FOGGIA,28.454
S SEVERO,INCORONATA,38.725
S SEVERO,LECCE,300.311
S SEVERO,MILANO CENTRALE,706.394
S SEVERO,TARANTO,251.058
S STEFANO DI CAMASTRA,MESSINA CENTRALE,346.099
S STEFANO DI CAMASTRA MISTRETTA,MESSINA CENTRALE,346.099
S STEFANO DI MAGRA,FIRENZE S MARIA NOVELLA,148.106
S STEFANO DI MAGRA,GENOVA BRIGNOLE,98.566
S STEFANO DI MAGRA,LA SPEZIA CENTRALE,14.065
S STEFANO DI MAGRA,LIVORNO CENTRALE,88.777
S STEFANO DI MAGRA,MASSA CENTRO,28.377
S STEFANO DI MAGRA,MILANO PORTA GARIBALDI,209.103
S STEFANO DI MAGRA,PARMA,105.13
S STEFANO DI MAGRA,PISA CENTRALE,70.764
S STEFANO DI MAGRA,PONTREMOLI,26.832
S STEFANO DI MAGRA,SARZANA,14.684
S STINO DI LIVENZA,VENEZIA S LUCIA,54.674
S TERESA DI RIVA,CATANIA CENTRALE,60.804
S TERESA DI RIVA,MESSINA CENTRALE,32.378
S TERESA DI RIVA,SIRACUSA,144.187
S VINCENZO,FIRENZE S MARIA NOVELLA,150.544
S VINCENZO,GROSSETO,69.673
S VINCENZO,LIVORNO CENTRALE,58.085
S VINCENZO,PISA CENTRALE,75.36
S VINCENZO,ROMA TERMINI,254.847
S VITO AL TAGLIAMENTO,CASARSA,3.465
S VITO AL TAGLIAMENTO,PORTOGRUARO CAORLE,16.01
S VITO AL TAGLIAMENTO,UDINE,38.725
S VITO LANCIANO,GIULIANOVA,65.788
S VITO LANCIANO,PESCARA,28.177
S VITO LANCIANO,TERAMO,88.06
S VITTORIA,CIRIE,80.15
S VITTORIA,GERMAGNANO,92.528
S VITTORIA,TORINO STURA,64.106
S ZENO FOLZANO,BERGAMO,54.339
S ZENO FOLZANO,CASALMAGGIORE,62.004
S ZENO FOLZANO,CREMONA,73.691
S ZENO FOLZANO,OLMENETA,34.651
S ZENO FOLZANO,PARMA,86.93
S ZENO FOLZANO,PIADENA,45.521
S ZENO FOLZANO,TORRILE S POLO,73.63
SACILE,AVIANO,16.117
SACILE,BASILIANO,50.319
SACILE,BUDOIA POLCENIGO,10.471
SACILE,CASARSA,29.415
SACILE,CONEGLIANO,17.069
SACILE,GEMONA DEL FRIULI,89.75
SACILE,GORIZIA CENTRALE,94.369
SACILE,MANIAGO,30.269
SACILE,MONFALCONE,107.146
SACILE,MONTEREALE VALCELLINA,27.181
SACILE,OSOPPO,69.568
SACILE,SPRESIANO,30.206
SACILE,TRAVESIO,46.408
SACILE,TREVISO C,118.189
SACILE,TREVISO CENTRALE,118.189
SACILE,TRIESTE CENTRALE,132.963
SACILE,UDINE,61.511
SACILE,VENEZIA MESTRE,65.056
SACILE,VENEZIA S LUCIA,73.44
SALBERTRAND,AVIGLIANA,45.043
SALBERTRAND,BUSSOLENO,23.867
SALBERTRAND,TORINO PORTA NUOVA,68.992
SALE MARASINO,ISEO,8.033
SALEMI GIBELLINA,CASTELVETRANO,16.061
SALEMI GIBELLINA,MARSALA,59.771
SALEMI GIBELLINA,PALERMO CENTRALE,103.677
SALEMI GIBELLINA,TRAPANI,90.45
SALERNO,AGROPOLI CASTELLABATE,49.65
SALERNO,ALESSANDRIA,816.239
SALERNO,ANGRI,19.91
SALERNO,ARBOSTELLA,4.559
SALERNO,ARECHI,5.714
SALERNO,ARQUATA SCRIVIA,782.825
SALERNO,ASTI,850.512
SALERNO,AVELLINO,47.924
SALERNO,AVERSA,66.995
SALERNO,BARAGIANO,82.36
SALERNO,BARAGIANO RUOTI,82.36
SALERNO,BARONISSI,12.267
SALERNO,BATTIPAGLIA,19.938
SALERNO,BELLA MURO,79.963
SALERNO,BENEVENTO,77.828
SALERNO,BOLOGNA CENTRALE,606.332
SALERNO,BOLOGNA CENTRALE/AV,604.759
SALERNO,BOLZANO,861.381
SALERNO,BUCCINO S GREGORIO MAGNO,58.428
SALERNO,CAMPAGNA SERRE PERSANO,32.189
SALERNO,CANCELLO,51.782
SALERNO,CAPACCIO ROCCADASPIDE,37.648
SALERNO,CAPO BONIFATI,189.68
SALERNO,CASERTA,61.924
SALERNO,CASTEL S GIORGIO ROCCAPIEMONTE,20.342
SALERNO,CAVA DEI TIRRENI,8.739
SALERNO,CECINA,534.947
SALERNO,CETRARO,197.735
SALERNO,CHIVASSO,897.37
SALERNO,CIVITAVECCHIA,333.709
SALERNO,CODOLA,18.386
SALERNO,CONTURSI TERME,44.493
SALERNO,COSENZA,242.857
SALERNO,DIAMANTE BUONVICINO,175.496
SALERNO,EBOLI,26.207
SALERNO,EMPOLI,543.684
SALERNO,FIDENZA,717.111
SALERNO,FIRENZE CAMPO MARTE,511.667
SALERNO,FIRENZE S MARIA NOVELLA,516.073
SALERNO,FISCIANO,14.018
SALERNO,FONDI SPERLONGA,152.071
SALERNO,FORMIA GAETA,133.257
SALERNO,FRATTE,3.474
SALERNO,GENOVA BRIGNOLE,744.963
SALERNO,GENOVA P PRINCIPE,747.539
SALERNO,LATINA,200.626
SALERNO,LODI,787.939
SALERNO,MERCATELLO,3.475
SALERNO,MERCATO S SEVERINO,17.714
SALERNO,MILANO CENTRALE,816.695
SALERNO,MILANO PORTA GARIBALDI,818.931
SALERNO,MODENA,641.646
SALERNO,MONCALIERI,897.618
SALERNO,MONTE S BIAGIO,158.775
SALERNO,MONTORO FORINO,22.181
SALERNO,NAPOLI CAMPI FLEGREI,60.058
SALERNO,NAPOLI CENTRALE,51.424
SALERNO,NAPOLI GIANTURCO,50.181
SALERNO,NAPOLI MERGELLINA,57.603
SALERNO,NAPOLI MONTESANTO,54.454
SALERNO,NAPOLI PIAZZA AMEDEO,55.948
SALERNO,NAPOLI PIAZZA LEOPARDI,59.504
SALERNO,NAPOLI S GIOV BARRA,46.895
SALERNO,NAPOLI S GIOVANNI BARRA,46.3
SALERNO,NOCERA INFERIORE,14.705
SALERNO,NOLA,37.588
SALERNO,NOVARA,866.398
SALERNO,ORTE,322.352
SALERNO,PAGANI,16.413
SALERNO,PALMA S GENNARO,30.78
SALERNO,PAOLA,217.27
SALERNO,PELLEZZANO,9.494
SALERNO,PIACENZA,752.059
SALERNO,PICERNO,94.378
SALERNO,PISA CENTRALE,585.927
SALERNO,PISCIOTTA PALINURO,89.346
SALERNO,PONTECAGNANO,9.881
SALERNO,PORTICI ERCOLANO,43.219
SALERNO,POTENZA CENTRALE,111.491
SALERNO,POTENZA INFERIORE,120.13
SALERNO,PRIVERNO FOSSANOVA,176.251
SALERNO,ROMA AURELIA,273.145
SALERNO,ROMA OSTIENSE,262.621
SALERNO,ROMA S PIETRO,267.84
SALERNO,ROMA TERMINI,260.086
SALERNO,ROMAGNANO V,65.679
SALERNO,S MARIA LA BRUNA,34.504
SALERNO,SALERNO IRNO,1.424
SALERNO,SAPRI,124.638
SALERNO,SARNO,22.142
SALERNO,SCAFATI,24.334
SALERNO,SCALEA S DOMENICA TALAO,159.915
SALERNO,SECUGNAGO,776.061
SALERNO,SESTRI LEVANTE,702.161
SALERNO,SICIGNANO DEGLI ALBURNI,50.791
SALERNO,SOLOFRA,36.076
SALERNO,TARANTO,262.261
SALERNO,TERNI,349.248
SALERNO,TITO,101.199
SALERNO,TORINO LINGOTTO,901.939
SALERNO,TORINO PORTA NUOVA,906.121
SALERNO,TORINO STURA,913.643
SALERNO,TORRE ANNUNZIATA CENTRALE,29.339
SALERNO,TORRE ANNUNZIATA CITTA,29.339
SALERNO,TORRE DEL GRECO,57.941
SALERNO,TROFARELLO,893.235
SALERNO,VADA,540.882
SALERNO,VALLE DI MERCATO S SEVERINO,20.396
SALERNO,VALLO DELLA LUC CASTELNUOVO,70.059
SALERNO,VENEZIA MESTRE,755.486
SALERNO,VENEZIA S LUCIA,763.37
SALERNO,VERCELLI,888.345
SALERNO,VIETRI SUL MARE AMALFI,4.822
SALERNO,VILLA LITERNO,81.373
SALETTO,LEGNAGO,19.645
SALETTO,MANTOVA,65.635
SALETTO,MANTOVA FRASSINE,59.313
SALETTO,MONSELICE,18.265
SALINE DI REGGIO,CATANZARO LIDO,155.025
SALINE DI REGGIO,REGGIO DI CALABRIA CENTRALE,23.069
SALINE DI REGGIO,ROSARNO,83.158
SALINE DI REGGIO,VILLA S GIOVANNI,37.144
SALSOMAGGIORE T,FIDENZA,8.917
SALSOMAGGIORE T,PARMA,31.02
SALSOMAGGIORE TERME,FIDENZA,8.917
SALSOMAGGIORE TERME,PARMA,31.02
SALUSSOLA,SANTHIA,11.628
SALUZZO,SAVIGLIANO,14.889
SAMASSI SERRENTI,CAGLIARI,37.229
SAMPIERI,SIRACUSA,72.161
SANGUINETTO,MONSELICE,50.834
SANNAZZARO,ALESSANDRIA,41.911
SANNAZZARO,PAVIA,21.463
SANTARCANGELO DI ROMAGNA,BOLOGNA CENTRALE,102.081
SANTARCANGELO DI ROMAGNA,CATTOLICA S GIOVANNI GABICCE,28.714
SANTARCANGELO DI ROMAGNA,FAENZA,50.403
SANTARCANGELO DI ROMAGNA,IMOLA,66.461
SANTARCANGELO DI ROMAGNA,PIACENZA,247.808
SANTARCANGELO DI ROMAGNA,RIMINI,10.444
SANTHIA,BIELLA S PAOLO,27.22
SANTHIA,CHIVASSO,30.254
SANTHIA,IVREA,62.746
SANTHIA,MILANO CENTRALE,92.517
SANTHIA,MILANO PORTA GARIBALDI,92.892
SANTHIA,NOVARA,41.504
SANTHIA,SALUSSOLA,11.628
SANTHIA,TORINO LINGOTTO,59.36
SANTHIA,TORINO PORTA NUOVA,58.416
SANTHIA,VERCELLI,19.557
SAPRI,AGROPOLI CASTELLABATE,74.992
SAPRI,ASCEA,43.943
SAPRI,BATTIPAGLIA,104.704
SAPRI,CAPACCIO ROCCADASPIDE,86.99
SAPRI,CAPO BONIFATI,65.042
SAPRI,CASTIGLIONE COSENTINO,113.894
SAPRI,CELLE BULGHERIA ROCCAGLORIOSA,21.427
SAPRI,CETRARO,73.097
SAPRI,COSENZA,118.218
SAPRI,DIAMANTE BUONVICINO,50.858
SAPRI,FUSCALDO,86.346
SAPRI,LAMEZIA TERME CENTRALE,149.24
SAPRI,MARATEA,12.375
SAPRI,MARCELLINA VERBICARO ORSOMARSO,40.453
SAPRI,MILANO CENTRALE,941.333
SAPRI,NAPOLI CAMPI FLEGREI,184.696
SAPRI,NAPOLI CENTRALE,176.062
SAPRI,NAPOLI S GIOV BARRA,171.533
SAPRI,NAPOLI S GIOVANNI BARRA,170.938
SAPRI,NOCERA INFERIORE,139.343
SAPRI,PAOLA,92.632
SAPRI,PISCIOTTA PALINURO,35.309
SAPRI,POLICASTRO BUSSENTINO,8.707
SAPRI,PONTECAGNANO,114.757
SAPRI,PRAJA AJETA TORTORA,24.571
SAPRI,REGGIO CALABRIA CENTRALE,269.285
SAPRI,ROMA TERMINI,384.724
SAPRI,SALERNO,124.638
SAPRI,SCALEA S DOMENICA TALAO,35.277
SAPRI,TORRE ANNUNZIATA CENTRALE,153.977
SAPRI,VALLO DELLA LUC CASTELNUOVO,54.579
SAPRI,VALLO DELLA LUCANIA CASTELNUOVO,54.579
SAPRI,VILLA S GIOVANNI,255.204
SARNO,BATTIPAGLIA,42.079
SARNO,CANCELLO,29.642
SARNO,CASERTA,39.784
SARNO,PALMA S GENNARO,8.64
SARNO,SALERNO,22.142
SARONNO,ALBAIRATE VERMEZZO,50.429
SARONNO,BOLLATE CENTRO,12.092
SARONNO,BOLLATE NORD,10.692
SARONNO,CESANO MADERNO,22.756
SARONNO,CESATE,5.142
SARONNO,COMO LAGO,24.767
SARONNO,DESIO,18.735
SARONNO,FINALE LIGURE MARINA,214.735
SARONNO,GARBAGNATE MILANESE,8.135
SARONNO,LODI,55.087
SARONNO,MALPENSA AEROPORTO T1,26.885
SARONNO,MELEGNANO,40.299
SARONNO,MILANO BOVISA,17.425
SARONNO,MILANO CADORNA,21.553
SARONNO,MILANO CENTRALE,24.875
SARONNO,MILANO CERTOSA,20.187
SARONNO,MILANO FORLANINI,26.669
SARONNO,MILANO GRECO PIRELLI,24.509
SARONNO,MILANO LAMBRATE,27.414
SARONNO,MILANO LANCETTI,19.253
SARONNO,MILANO PORTA GARIBALDI,25.164
SARONNO,MILANO PORTA VITTORIA,25.188
SARONNO,MILANO QUARTO OGGIARO,15.237
SARONNO,MILANO ROGOREDO,29.187
SARONNO,MILANO S CRISTOFORO,33.324
SARONNO,MONZA,25.373
SARONNO,NOVARA NORD,39.613
SARONNO,NOVATE MILANESE,13.396
SARONNO,SARONNO SUD,2.236
SARONNO,SEREGNO,15.385
SARONNO,SESTO S GIOVANNI,28.187
SARONNO,TAGGIA ARMA,273.963
SARONNO,TAVAZZANO,47.376
SARZANA,BORGO VAL DI TARO,59.491
SARZANA,COGOLETO,129.745
SARZANA,CORNIGLIA,28.156
SARZANA,FIRENZE CAMPO MARTE,135.085
SARZANA,FIRENZE RIFREDI,132.211
SARZANA,FIRENZE S MARIA NOVELLA,133.422
SARZANA,GENOVA BRIGNOLE,102.959
SARZANA,GENOVA P PRINCIPE,105.535
SARZANA,GENOVA SESTRI PONENTE,111.036
SARZANA,GENOVA VOLTRI,119.265
SARZANA,LA SPEZIA CENTRALE,18.457
SARZANA,LA SPEZIA MIGLIARINA,16.429
SARZANA,LEVANTO,39.018
SARZANA,MILANO CENTRALE,221.547
SARZANA,MILANO ROGOREDO,216.821
SARZANA,MONTEROSSO,34.571
SARZANA,PISA CENTRALE,56.08
SARZANA,RECCO,85.298
SARZANA,S ROMANO MONTOPOLI S CROCE,87.551
SARZANA,SAVONA,147.327
SARZANA,SESTRI LEVANTE,60.156
SARZANA,VIAREGGIO,34.803
SASSA TORNIMPARTE,TERNI,95.704
SASSARI,ARDARA,36.398
SASSARI,BERCHIDDA,80.143
SASSARI,CAGLIARI,250.88
SASSARI,DECIMOMANNU,234.485
SASSARI,GOLFO ARANCI,139.982
SASSARI,MACOMER,98.102
SASSARI,MONTI TELTI,96.454
SASSARI,OLBIA,118.994
SASSARI,OLBIA TERRANOVA,118.275
SASSARI,ORISTANO,157.721
SASSARI,OZIERI CHILIVANI,48.179
SASSARI,PLOAGHE,27.121
SASSARI,PORTO TORRES,18.747
SASSARI,PORTO TORRES MARITTIMA,19.31
SASSARI,S GAVINO,201.378
SASSARI,URAS MOGORO,183.37
SASSO MARCONI,BOLOGNA CENTRALE,18.882
SASSO MARCONI,BOLOGNA S RUFFILLO,25.494
SASSO MARCONI,PIANORO,35.441
SASSUOLO,FORMIGINE,6.865
SASSUOLO,MODENA,18.089
SASSUOLO,MODENA PIAZZA MANZONI,14.609
SASSUOLO RADICI,CASALGRANDE,6.274
SASSUOLO RADICI,REGGIO EMILIA,22.531
SASSUOLO RADICI,SCANDIANO,10.031
SASSUOLO TERMINAL,FORMIGINE,8.173
SASSUOLO TERMINAL,MODENA,19.397
SASSUOLO TERMINAL,MODENA PIAZZA MANZONI,15.917
SAVIGLIANO,SALUZZO,14.889
SAVONA,ACQUI TERME,69.555
SAVONA,ALASSIO,43.507
SAVONA,ALBENGA,37.113
SAVONA,ALBISOLA,5.141
SAVONA,ALESSANDRIA,103.635
SAVONA,ALTARE,17.981
SAVONA,ANDORA,49.814
SAVONA,ARENZANO,20.772
SAVONA,ARQUATA SCRIVIA,71.932
SAVONA,ASTI,137.785
SAVONA,BARI CENTRALE,964.073
SAVONA,BOGLIASCO,54.893
SAVONA,CAIRO MONTENOTTE,24.116
SAVONA,CARMAGNOLA,119.241
SAVONA,CASSINE,82.434
SAVONA,CAVALLERMAGGIORE,103.711
SAVONA,CENGIO,29.899
SAVONA,CEVA,46.562
SAVONA,CHIAVARI,79.71
SAVONA,COGOLETO,17.582
SAVONA,DEIVA MARINA,99.148
SAVONA,FINALE LIGURE MARINA,18.31
SAVONA,FORTE DEI MARMI SERAVEZZA QUERCETA,168.192
SAVONA,FORTE DEI MARMI SERRAVEZZA Q,168.192
SAVONA,FOSSANO,84.693
SAVONA,GALLARATE,216.304
SAVONA,GENOVA BRIGNOLE,44.37
SAVONA,GENOVA NERVI,52.952
SAVONA,GENOVA P PRINCIPE,41.919
SAVONA,GENOVA P PRINCIPE SOTTERRANEA,41.797
SAVONA,GENOVA PIAZZA PRINCIPE,42.031
SAVONA,GENOVA QUARTO DEI MILLE,49.075
SAVONA,GENOVA SESTRI PONENTE,36.291
SAVONA,GENOVA SESTRI PONENTE AEROPORTO,35.315
SAVONA,GENOVA STURLA,47.517
SAVONA,GENOVA VOLTRI,28.062
SAVONA,IMPERIA,61.26
SAVONA,LA SPEZIA CENTRALE,128.87
SAVONA,LEVANTO,108.309
SAVONA,LOANO,28.505
SAVONA,MILANO CENTRALE,174.494
SAVONA,MILANO LAMBRATE,171.591
SAVONA,MILANO ROGOREDO,169.767
SAVONA,MONDOVI,65.708
SAVONA,MONTEROSSO,112.767
SAVONA,PAVIA,138.201
SAVONA,PIETRA LIGURE,25.261
SAVONA,PIETRASANTA,171.622
SAVONA,PISA CENTRALE,203.407
SAVONA,PONTI,56.397
SAVONA,RECCO,62.036
SAVONA,REGGIO DI CALABRIA CENTRALE,1183.255
SAVONA,RIVA TRIGOSO,90.108
SAVONA,ROMA TERMINI,533.61
SAVONA,S GIUSEPPE DI CAIRO,21.208
SAVONA,SANTUARIO,6.876
SAVONA,SARZANA,147.327
SAVONA,SAVIGLIANO,96.848
SAVONA,SESTRI LEVANTE,87.171
SAVONA,SPIGNO,43.953
SAVONA,STREVI,75.646
SAVONA,TAGGIA ARMA,77.538
SAVONA,TORINO LINGOTTO,143.889
SAVONA,TORINO PORTA NUOVA,148.071
SAVONA,VALLECROSIA,97.375
SAVONA,VARAZZE,10.372
SAVONA,VENTIMIGLIA,100.254
SAVONA,VIAREGGIO,182.13
SAVONA,VOGHERA,113.249
SCAFA S VALENTINO CARAMANICO T,PESCARA,31.847
SCAFA S VALENTINO CARAMANICO T,TERAMO,91.73
SCAFA S VALENTINO CARAMANICO TERME,GIULIANOVA,69.458
SCAFA S VALENTINO CARAMANICO TERME,PESCARA,31.847
SCAFA S VALENTINO CARAMANICO TERME,TERAMO,91.73
SCALEA S DOMENICA TALAO,PAOLA,57.356
SCANDIANO,REGGIO EMILIA,12.5
SCANDIANO,SASSUOLO RADICI,10.031
SCARLINO,GROSSETO,35.022
SCHIO,CAVAZZALE,23.408
SCHIO,DUEVILLE,18.457
SCHIO,THIENE,9.38
SCHIO,TREVISO C,85.053
SCHIO,VENEZIA MESTRE,88.133
SCHIO,VICENZA,31.182
SCHIVENOGLIA,FERRARA,149.597
SCORDIA,CALTAGIRONE,53.059
SCORDIA,CATANIA CENTRALE,36.69
SECUGNAGO,MANTOVA,232.257
SECUGNAGO,MILANO GRECO PIRELLI,48.092
SEDICO BRIBANO,PADOVA,103.613
SEDICO BRIBANO,TREVISO C,92.924
SELLA DI CORNO,TERNI,84.348
SENIGALLIA,ANCONA,25.772
SENIGALLIA,FABRIANO,79.035
SENIGALLIA,LECCE,616.725
SENIGALLIA,PARMA,269.523
SENIGALLIA,PESARO,33.76
SENIGALLIA,PESCARA,171.813
SENIGALLIA,PIACENZA,325.344
SENIGALLIA,RIMINI,67.098
SENIGALLIA,S BENEDETTO DEL TRONTO,110.318
SEREGNO,ALBAIRATE VERMEZZO,49.746
SEREGNO,CARIMATE,9.905
SEREGNO,CHIASSO,26.433
SEREGNO,COMO S GIOVANNI,24.833
SEREGNO,LA SPEZIA CENTRALE,242.067
SEREGNO,MILANO CENTRALE,21.155
SEREGNO,MILANO CERTOSA,25.272
SEREGNO,MILANO GRECO PIRELLI,18.531
SEREGNO,MILANO LAMBRATE,24.385
SEREGNO,MILANO PORTA GARIBALDI,21.566
SEREGNO,MILANO ROGOREDO,25.871
SEREGNO,MILANO S CRISTOFORO,32.641
SEREGNO,MONZA,9.988
SEREGNO,RHO,33.062
SEREGNO,SARONNO,15.385
SEREGNO,SESTO S GIOVANNI,14.853
SERIATE,BERGAMO,4.153
SERIATE,BRESCIA,44.503
SERIATE,ROVATO,27.911
SERMIDE,BONDENO,14.615
SERMIDE,FERRARA,32.845
SERMIDE,LAVEZZOLA,188.794
SERMIDE,PEGOGNAGA,158.88
SERMIDE,POGGIO RUSCO,128.771
SERMIDE,QUISTELLO,172.5
SERMIDE,RIMINI,187.495
SERMIDE,S BENEDETTO PO,166.232
SERMIDE,SCHIVENOGLIA,180.123
SERMIDE,SUZZARA,199.871
SERMIDE,VIGARANO PIEVE,23.929
SERRA S QUIRICO,ANCONA,47.629
SERRAMANNA NURAMINIS,CAGLIARI,30.722
SERRAMANNA NURAMINIS,S GAVINO,18.78
SESSA AURUNCA R,CAMPOLEONE,119.624
SESSA AURUNCA R,LATINA,92.112
SESSA AURUNCA R,NAPOLI CENTRALE,60.693
SESSA AURUNCA R,ROMA TERMINI,153.016
SESSA AURUNCA ROCCAMONFINA,FORMIA GAETA,24.993
SESSA AURUNCA ROCCAMONFINA,NAPOLI CENTRALE,60.444
SESSA AURUNCA ROCCAMONFINA,ROMA TERMINI,153.265
SESTO CALENDE,ARONA,11.673
SESTO CALENDE,BUSTO ARSIZIO,24.103
SESTO CALENDE,DOMODOSSOLA,64.189
SESTO CALENDE,MILANO CENTRALE,58.617
SESTO CALENDE,MILANO CERTOSA,50.942
SESTO CALENDE,MILANO PORTA GARIBALDI,58.992
SESTO S GIOVANNI,ALBAIRATE VERMEZZO,34.894
SESTO S GIOVANNI,BERGAMO,101.028
SESTO S GIOVANNI,CALOLZIOCORTE OLGINATE,35.025
SESTO S GIOVANNI,CAMNAGO LENTATE,22.687
SESTO S GIOVANNI,CARIMATE,24.758
SESTO S GIOVANNI,CARNATE USMATE,16.729
SESTO S GIOVANNI,CHIASSO,41.286
SESTO S GIOVANNI,COLICO,80.856
SESTO S GIOVANNI,COMO S GIOVANNI,39.686
SESTO S GIOVANNI,LECCO,39.742
SESTO S GIOVANNI,MILANO PORTA GARIBALDI,6.714
SESTO S GIOVANNI,MILANO ROGOREDO,11.019
SESTO S GIOVANNI,MILANO S CRISTOFORO,17.789
SESTO S GIOVANNI,MONZA,4.865
SESTO S GIOVANNI,PADERNO ROBBIATE,22.826
SESTO S GIOVANNI,PIACENZA,72.854
SESTO S GIOVANNI,PONTE S PIETRO,34.625
SESTO S GIOVANNI,RHO,18.466
SESTO S GIOVANNI,SARONNO,28.187
SESTO S GIOVANNI,SEREGNO,14.853
SESTO S GIOVANNI,SONDRIO,121.318
SESTO S GIOVANNI,TIRANO,147.324
SESTO S GIOVANNI,TRIUGGIO PONTE ALBIATE,16.543
SESTO S GIOVANNI,VARESE,56.547
SESTO S GIOVANNI,VILLASANTA PARCO,8.844
SESTRI LEVANTE,ALASSIO,130.678
SESTRI LEVANTE,ALBENGA,124.283
SESTRI LEVANTE,ARENZANO,66.4
SESTRI LEVANTE,AREZZO,260.391
SESTRI LEVANTE,AVERSA,635.166
SESTRI LEVANTE,BORDIGHERA,181.946
SESTRI LEVANTE,CECINA,167.216
SESTRI LEVANTE,CHIASSO,228.188
SESTRI LEVANTE,CHIAVARI,7.461
SESTRI LEVANTE,CISTERNA DI LATINA,490.521
SESTRI LEVANTE,CIVITAVECCHIA,368.451
SESTRI LEVANTE,COGOLETO,69.589
SESTRI LEVANTE,CORNIGLIA,32.0
SESTRI LEVANTE,DEIVA MARINA,11.977
SESTRI LEVANTE,FINALE LIGURE MARINA,105.481
SESTRI LEVANTE,FOLLONICA,219.769
SESTRI LEVANTE,FORMIA GAETA,568.904
SESTRI LEVANTE,GENOVA BRIGNOLE,42.802
SESTRI LEVANTE,GENOVA NERVI,34.219
SESTRI LEVANTE,GENOVA P PRINCIPE,45.379
SESTRI LEVANTE,GENOVA P PRINCIPE SOTTERRANEA,45.374
SESTRI LEVANTE,GENOVA PIAZZA PRINCIPE,45.139
SESTRI LEVANTE,GENOVA QUARTO DEI MILLE,38.096
SESTRI LEVANTE,GENOVA SAMPIERDARENA,48.337
SESTRI LEVANTE,GENOVA SESTRI PONENTE,50.88
SESTRI LEVANTE,GENOVA SESTRI PONENTE AEROPORTO,51.858
SESTRI LEVANTE,GENOVA VOLTRI,59.109
SESTRI LEVANTE,LA SPEZIA CENTRALE,41.699
SESTRI LEVANTE,LA SPEZIA MIGLIARINA,43.727
SESTRI LEVANTE,LATINA,501.535
SESTRI LEVANTE,LAVAGNA,5.262
SESTRI LEVANTE,LEVANTO,21.138
SESTRI LEVANTE,LIVORNO CENTRALE,134.249
SESTRI LEVANTE,MANAROLA,34.086
SESTRI LEVANTE,MILANO CENTRALE,183.226
SESTRI LEVANTE,MILANO LAMBRATE,180.322
SESTRI LEVANTE,MILANO ROGOREDO,178.499
SESTRI LEVANTE,MONEGLIA,8.16
SESTRI LEVANTE,MONTEROSSO,25.596
SESTRI LEVANTE,NAPOLI CENTRALE,654.34
SESTRI LEVANTE,PARMA,160.891
SESTRI LEVANTE,PIEVE LIGURE,30.114
SESTRI LEVANTE,PISA CENTRALE,116.237
SESTRI LEVANTE,POMEZIA S PALOMBA,464.428
SESTRI LEVANTE,PONTREMOLI,82.593
SESTRI LEVANTE,PRIVERNO FOSSANOVA,525.91
SESTRI LEVANTE,RECCO,25.142
SESTRI LEVANTE,ROMA OSTIENSE,439.54
SESTRI LEVANTE,ROMA TERMINI,446.44
SESTRI LEVANTE,RONCO SCRIVIA,70.642
SESTRI LEVANTE,SARZANA,60.156
SESTRI LEVANTE,SAVONA,87.171
SESTRI LEVANTE,TAGGIA ARMA,164.709
SESTRI LEVANTE,TARVISIO BOSCOVERDE,610.728
SESTRI LEVANTE,TORTONA,105.553
SESTRI LEVANTE,VARAZZE,76.8
SESTRI LEVANTE,VENTIMIGLIA,187.425
SESTRI LEVANTE,VEZZANO LIGURE,48.946
SESTRI LEVANTE,VILLA LITERNO,620.788
SESTRI LEVANTE,VOGHERA,121.981
SETTIMO,CHIERI,34.947
SETTIMO,IVREA,43.482
SETTIMO,MILANO CENTRALE,134.193
SETTIMO,PINEROLO,50.571
SETTIMO,RIVAROLO,22.481
SETTIMO,TORINO LINGOTTO,17.679
SETTIMO,TROFARELLO,26.371
SEVESO,CAMNAGO LENTATE,2.291
SEVESO,CORMANO CUSANO MILANINO,12.02
SEVESO,MARIANO COMENSE,6.754
SEVESO,MILANO BOVISA,17.78
SEVESO,MILANO BRUZZANO PARCO NORD,13.388
SEVESO,MILANO CADORNA,21.231
SEVESO,MILANO LANCETTI,18.923
SEVESO,MILANO ROGOREDO,28.856
SEVESO,VAREDO,6.132
SEZZADIO,ALESSANDRIA,15.425
SIBARI,BARI CENTRALE,217.807
SIBARI,BOLZANO,1085.824
SIBARI,BOTRICELLO,149.444
SIBARI,CALOPEZZATI,44.007
SIBARI,CARIATI,59.046
SIBARI,CASTIGLIONE COSENTINO,59.635
SIBARI,CATANZARO LIDO,174.28
SIBARI,CIRO,82.121
SIBARI,CORIGLIANO CALABRO,15.882
SIBARI,COSENZA,63.96
SIBARI,CROPANI,153.484
SIBARI,CROTONE,114.386
SIBARI,CRUCOLI,68.518
SIBARI,CUTRO,131.221
SIBARI,LAMEZIA TERME CENTRALE,129.374
SIBARI,MANDATORICCIO CAMPANA,52.969
SIBARI,METAPONTO,79.894
SIBARI,MIRTO CROSIA,39.186
SIBARI,MONGRASSANO CERVICATI,37.891
SIBARI,PAOLA,75.285
SIBARI,REGGIO CALABRIA CENTRALE,249.418
SIBARI,REGGIO DI CALABRIA CENTRALE,249.418
SIBARI,ROMA TERMINI,552.636
SIBARI,ROSSANO,27.247
SIBARI,S MARCO ROGGIANO,29.402
SIBARI,SIMERI CRICHI,162.989
SIBARI,SPEZZANO ALBANESE TERME,16.115
SIBARI,STRONGOLI,98.151
SIBARI,TARANTO,122.806
SIBARI,TORANO LATTARICO,43.09
SIBARI,TORRE MELISSA,89.471
SIBARI,TREBISACCE,14.576
SIBARI,TRENTO,1030.267
SIBARI,VERONA PORTA NUOVA,944.173
SIBARI,VILLA S GIOVANNI,235.337
SICIGNANO DEGLI ALBURNI,BATTIPAGLIA,30.856
SICIGNANO DEGLI ALBURNI,NAPOLI CENTRALE,102.215
SICIGNANO DEGLI ALBURNI,SALERNO,50.791
SIDERNO,CATANZARO LIDO,77.386
SIDERNO,LAMEZIA TERME CENTRALE,121.605
SIDERNO,REGGIO CALABRIA CENTRALE,100.708
SIDERNO,REGGIO DI CALABRIA CENTRALE,100.708
SIDERNO,ROCCELLA JONICA,11.317
SIENA,ARBIA,9.788
SIENA,ASCIANO,31.828
SIENA,BARBERINO VAL D ELSA,29.926
SIENA,BUONCONVENTO,29.12
SIENA,CASTELFIORENTINO,46.835
SIENA,CASTELLINA CH,14.233
SIENA,CASTELLINA IN CHIANTI MONTERIGGIONI,14.233
SIENA,CASTELNUOVO BERARDENGA,16.7
SIENA,CERTALDO,38.225
SIENA,CHIUSI C T,89.09
SIENA,CHIUSI CHIANCIANO TERME,89.09
SIENA,EMPOLI,63.122
SIENA,FIRENZE RIFREDI,92.272
SIENA,FIRENZE S MARIA NOVELLA,93.483
SIENA,GRANAIOLO,52.532
SIENA,GROSSETO,251.703
SIENA,MONTE ANTICO,56.567
SIENA,MONTELUPO CAPRAIA,69.34
SIENA,MONTEPESCALI,87.538
SIENA,MONTEPULCIANO,70.012
SIENA,MONTERONI D ARBIA,16.429
SIENA,POGGIBONSI,25.075
SIENA,POGGIBONSI S GIMIGNANO,25.248
SIENA,PONTE A ELSA,58.038
SIENA,RAPOLANO TERME,41.719
SIENA,RIGOMAGNO,50.633
SIENA,ROCCASTRADA,72.722
SIENA,ROMA OSTIENSE,235.961
SIENA,ROMA TERMINI,233.518
SIENA,S ANGELO CINIGIANO,62.149
SIENA,SIENA ZONA INDUSTRIALE,10.782
SIENA,SINALUNGA,56.54
SIENA ZONA INDUSTRIALE,FIRENZE S MARIA NOVELLA,104.265
SINALUNGA,CASTELNUOVO BERARDENGA,39.84
SINALUNGA,CHIUSI C T,32.55
SINALUNGA,CHIUSI CHIANCIANO TERME,32.55
SINALUNGA,EMPOLI,119.662
SINALUNGA,SIENA,56.54
SIPICCIANO,ORTE,18.643
SIPICCIANO,VITERBO PORTA FIORENTINA,33.704
SIRACUSA,ACIREALE,95.457
SIRACUSA,ALCANTARA,124.972
SIRACUSA,AUGUSTA,27.093
SIRACUSA,AVOLA,25.933
SIRACUSA,BICOCCA,75.943
SIRACUSA,CALTAGIRONE,127.583
SIRACUSA,CALTANISSETTA XIRBI,182.903
SIRACUSA,CANNIZZARO,88.924
SIRACUSA,CATANIA ACQUICELLA,80.49
SIRACUSA,CATANIA CENTRALE,83.384
SIRACUSA,COMISO,145.395
SIRACUSA,DONNAFUGATA,131.675
SIRACUSA,ENNA,156.712
SIRACUSA,FIUMEFREDDO DI SICILIA,119.663
SIRACUSA,GALATI,166.337
SIRACUSA,GELA,182.679
SIRACUSA,GIAMPILIERI,161.172
SIRACUSA,GIARRE RIPOSTO,106.985
SIRACUSA,ISPICA,53.698
SIRACUSA,LENTINI,54.683
SIRACUSA,LETOJANNI,134.27
SIRACUSA,MESSINA CENTRALE,176.565
SIRACUSA,MILAZZO,205.666
SIRACUSA,MODICA,92.269
SIRACUSA,NOTO,32.489
SIRACUSA,PALERMO CENTRALE,309.119
SIRACUSA,POZZALLO,62.15
SIRACUSA,PRIOLO MELILLI,13.743
SIRACUSA,RAGUSA,112.044
SIRACUSA,ROCCALUMERA MANDANICI,147.965
SIRACUSA,ROSOLINI,48.06
SIRACUSA,S PAOLO,162.289
SIRACUSA,S TERESA DI RIVA,144.187
SIRACUSA,SAMPIERI,72.161
SIRACUSA,SCICLI,82.499
SIRACUSA,TAORMINA,129.941
SIRACUSA,TAORMINA GIARDINI,129.29
SIRACUSA,TARGIA,6.696
SIRACUSA,TERMINI IMERESE,272.652
SIRACUSA,VITTORIA,153.234
SIZZANO,NOVARA,21.562
SOLAROLO,BOLOGNA CENTRALE,48.894
SOLAROLO,RAVENNA,35.582
SOLAROLO,RIMINI,76.258
SOLARUSSA,CAGLIARI,102.893
SOLIERA MODENESE,CARPI,6.809
SOLIERA MODENESE,MANTOVA,139.418
SOLIERA MODENESE,MODENA,8.963
SOLOPACA,CASERTA,37.598
SOLOPACA,NAPOLI CENTRALE,58.11
SOMMA LOMBARDO,ARONA,21.187
SOMMA LOMBARDO,DOMODOSSOLA,73.703
SOMMA LOMBARDO,MILANO CENTRALE,49.103
SOMMA LOMBARDO,MILANO CERTOSA,41.428
SOMMA LOMBARDO,MILANO PORTA GARIBALDI,49.478
SOMMA LOMBARDO,STRESA,35.486
SOMMACAMPAGNA SONA,BRESCIA,53.703
SOMMACAMPAGNA SONA,VERONA PORTA NUOVA,10.888
SOMMARIVA BOSCO,CIRE,62.78
SOMMARIVA BOSCO,TORINO STURA,46.737
SOMMARIVA DEL BOSCO,GERMAGNANO,75.159
SOMMARIVA DEL BOSCO,TORINO AEROPORTO DI CASELLE,57.044
SOMMARIVA DEL BOSCO,TORINO STURA,46.737
SONDRIO,ABBADIA LARIANA,71.916
SONDRIO,ARDENNO MASINO,17.536
SONDRIO,BELLANO TARTAVALLE TERME,54.439
SONDRIO,BELLANO TARTAVELLE TERME,54.439
SONDRIO,BERGAMO,222.345
SONDRIO,CALOLZIOCORTE OLGINATE,86.297
SONDRIO,CARNATE USMATE,104.591
SONDRIO,COLICO,40.462
SONDRIO,COSIO TRAONA,28.334
SONDRIO,DELEBIO,33.348
SONDRIO,DERVIO,49.812
SONDRIO,DORIO,46.665
SONDRIO,LECCO,81.578
SONDRIO,LIERNA,64.465
SONDRIO,MANDELLO DEL LARIO,67.131
SONDRIO,MILANO CENTRALE,127.62
SONDRIO,MILANO GRECO PIRELLI,124.997
SONDRIO,MILANO PORTA GARIBALDI,128.032
SONDRIO,MONZA,122.516
SONDRIO,MORBEGNO,24.874
SONDRIO,PIONA,42.737
SONDRIO,POGGIRIDENTI TRESIVIO PIATEDA,4.927
SONDRIO,PONTE IN VALTELLINA,8.61
SONDRIO,S PIETRO BERBENNO,10.476
SONDRIO,SESTO S GIOVANNI,121.318
SONDRIO,TIRANO,26.006
SONDRIO,TRESENDA APRICA TEGLIO,16.889
SONDRIO,VARENNA ESINO,57.743
SORA,AVEZZANO,49.746
SORA,CASSINO,46.603
SORBOLO,SUZZARA,32.813
SORESINA,CREMONA,122.885
SORESINA,MILANO PORTA GARIBALDI,71.397
SORESINA,TREVIGLIO,44.148
SOVERATO,CATANZARO LIDO,18.212
SOVERATO,LOCRI,64.523
SOVERATO,REGGIO CALABRIA CENTRALE,159.881
SOVERATO,REGGIO DI CALABRIA CENTRALE,159.881
SPARANISE,BOIANO,92.74
SPARANISE,CASERTA,26.404
SPARANISE,NAPOLI CENTRALE,59.393
SPEZZANO ALBANESE TERME,COSENZA,47.845
SPIGNO,ALESSANDRIA,59.682
SPINAZZOLA,BARLETTA,67.554
SPINETTA,ALESSANDRIA,7.588
SPINETTA,ASTI,41.86
SPOLETO,ANCONA,153.262
SPOLETO,ASSISI,40.607
SPOLETO,FOLIGNO,25.054
SPOLETO,ORTE,57.29
SPOLETO,PERUGIA,64.629
SPOLETO,ROMA S PIETRO,132.328
SPOLETO,ROMA TERMINI,124.666
SPOLETO,TERNI,29.375
SPOLETO,TERONTOLA CORTONA,107.262
SPOTORNO NOLI,IMPERIA,50.43
SPRESIANO,TREVISO CENTRALE,87.983
SPRESIANO,VENEZIA S LUCIA,43.234
SQUILLACE,REGGIO CALABRIA CENTRALE,168.82
SQUINZANO,BARI CENTRALE,134.429
STABIO,ALBIZZATE SOLBIATE ARNO,25.103
STABIO,BUSTO ARSIZIO,39.859
STABIO,CANTELLO GAGGIOLO,3.472
STABIO,CHIASSO,11.996
STABIO,COMO S GIOVANNI,13.675
STABIO,GALLARATE,34.427
STABIO,MALPENSA AEROPORTO T1,43.408
STABIO,MALPENSA AEROPORTO T2,39.826
STABIO,MALPENSA AEROPORTO TERMINAL 2,39.947
STABIO,MILANO CENTRALE,59.584
STABIO,MILANO PORTA GARIBALDI,59.995
STABIO,VARESE,81.599
STATTE,MARTINA FRANCA,23.847
STRADELLA,BRESSANA BOTTARONE,13.933
STRADELLA,BRONI,3.814
STRADELLA,CERTOSA DI PAVIA,37.148
STRADELLA,FIDENZA,68.12
STRADELLA,MILANO CENTRALE,65.649
STRADELLA,MILANO CERTOSA,71.849
STRADELLA,MILANO GRECO PIRELLI,68.714
STRADELLA,MILANO LAMBRATE,62.745
STRADELLA,MILANO PORTA GARIBALDI,67.885
STRADELLA,MILANO ROGOREDO,60.922
STRADELLA,PAVIA,29.356
STRADELLA,PIACENZA,33.179
STRADELLA,PINAROLO PO,11.158
STRADELLA,RIMINI,291.423
STRADELLA,VOGHERA,24.947
STRAMBINO,CHIVASSO,23.729
STRAMBINO,NOVARA,95.167
STRAMBINO,TORINO PORTA NUOVA,51.139
STRESA,MILANO CENTRALE,84.588
STRESA,MILANO CERTOSA,76.913
STRESA,MILANO PORTA GARIBALDI,84.963
STRESA,SOMMA LOMBARDO,35.486
STREVI,ALESSANDRIA,27.989
STREVI,SAVONA,75.646
STRIGNO,TRENTO,48.624
SULMONA,ANVERSA VILLALAGO SCANNO,9.937
SULMONA,AVEZZANO,64.803
SULMONA,BAGNI DI TIVOLI,151.812
SULMONA,BEFFI,28.706
SULMONA,BUSSI,18.838
SULMONA,CASTELLALTO CANZANO,120.896
SULMONA,CHIETI,53.327
SULMONA,COCULLO,30.171
SULMONA,COLLARMELE,45.051
SULMONA,FAGNANO CAMPANA,39.246
SULMONA,GIULIANOVA,106.147
SULMONA,L AQUILA,60.437
SULMONA,MANDELA SAMBUCI,118.458
SULMONA,MANOPPELLO,44.443
SULMONA,MOLINA CASTEL VECCHIO SUBAQUEO,18.875
SULMONA,MOLINA CASTELVECCHIO SUBEQUO,18.875
SULMONA,MONTEROTONDO MENTANA,192.169
SULMONA,MONTESILVANO,75.506
SULMONA,ORTE,192.069
SULMONA,PAGANICA,52.838
SULMONA,PESCARA,68.536
SULMONA,PESCARA PORTA NUOVA,67.829
SULMONA,PINETO ATRI,87.757
SULMONA,POPOLI VITTORITO,15.234
SULMONA,PRATOLA PELIGNA,5.575
SULMONA,ROCCARASO,52.434
SULMONA,ROMA OSTIENSE,175.75
SULMONA,ROMA TERMINI,172.544
SULMONA,ROMA TIBURTINA,170.972
SULMONA,S DEMETRIO DE VESTINI,44.792
SULMONA,SCAFA S VALENTINO CARAMANICO T,36.689
SULMONA,TERAMO,128.419
SULMONA,TERNI,164.104
SULMONA,TIVOLI,132.622
SULMONA,TORRE DEI PASSERI,29.779
SUSA,ALPIGNANO,39.049
SUSA,AVIGLIANA,28.972
SUSA,BORGONE,14.994
SUSA,BUSSOLENO,7.797
SUSA,COLLEGNO,43.285
SUSA,CONDOVE,21.775
SUSA,ROSTA,33.852
SUSA,TORINO PORTA NUOVA,52.922
SUZZARA,ALFONSINE,225.107
SUZZARA,BOLOGNA CENTRALE,127.646
SUZZARA,BONDENO,185.256
SUZZARA,BRESCELLO VIADANA,24.074
SUZZARA,CARPI,97.589
SUZZARA,CERVIA MILANO MARITTIMA,231.971
SUZZARA,FERRARA,169.345
SUZZARA,GLORIE,220.842
SUZZARA,GUASTALLA,12.186
SUZZARA,LAVEZZOLA,240.115
SUZZARA,LIDO DI CLASSE LIDO DI SAVIO,224.358
SUZZARA,LUZZARA,6.27
SUZZARA,MAGNACAVALLO,208.377
SUZZARA,MANTOVA,225.985
SUZZARA,MEZZANO,217.949
SUZZARA,MODENA,92.125
SUZZARA,PARMA,45.165
SUZZARA,POGGIO RUSCO,175.55
SUZZARA,PORTOMAGGIORE,256.616
SUZZARA,QUISTELLO,146.5
SUZZARA,RAVENNA,210.767
SUZZARA,RIMINI,238.816
SUZZARA,ROLO NOVI FABBRICO,109.314
SUZZARA,S BENEDETTO PO,140.233
SUZZARA,SERMIDE,199.871
SUZZARA,SORBOLO,32.813
SUZZARA,VIGARANO PIEVE,175.941
TAGGIA ARMA,BATTIPAGLIA,886.807
TAGGIA ARMA,BERGAMO,341.069
TAGGIA ARMA,COGOLETO,95.12
TAGGIA ARMA,FOSSANO,144.877
TAGGIA ARMA,GALLARATE,293.841
TAGGIA ARMA,GENOVA BRIGNOLE,121.908
TAGGIA ARMA,MILANO BOVISA,256.569
TAGGIA ARMA,MILANO CENTRALE,252.032
TAGGIA ARMA,MILANO CERTOSA,258.232
TAGGIA ARMA,MILANO LAMBRATE,249.128
TAGGIA ARMA,MILANO PORTA GARIBALDI,254.268
TAGGIA ARMA,ROVATO,309.342
TAGGIA ARMA,SARONNO,273.963
TAGGIA ARMA,SAVONA,77.538
TAGGIA ARMA,SESTRI LEVANTE,164.709
TAGGIA ARMA,TORINO PORTA NUOVA,206.943
TAGGIA ARMA,TREVIGLIO,276.664
TAGGIA ARMA,VENTIMIGLIA,22.717
TAGGIA ARMA,VOGHERA,190.787
TAGLIACOZZO,ROMA TERMINI,91.767
TAGLIACOZZO,ROMA TIBURTINA,90.195
TAORMINA,ACIREALE,34.484
TAORMINA,ALCANTARA,4.969
TAORMINA,BICOCCA,54.0
TAORMINA,CANNIZZARO,41.018
TAORMINA,CATANIA ACQUICELLA,49.452
TAORMINA,CATANIA AEROPORTO FONTANAROSSA,51.786
TAORMINA,CATANIA CENTRALE,46.558
TAORMINA,FIUMEFREDDO DI SICILIA,10.279
TAORMINA,GIARRE RIPOSTO,22.957
TAORMINA,MESSINA CENTRALE,46.624
TAORMINA,PALERMO CENTRALE,287.768
TAORMINA,SIRACUSA,129.941
TAORMINA GIARDINI,ACIREALE,33.832
TAORMINA GIARDINI,ALCANTARA,4.317
TAORMINA GIARDINI,AUGUSTA,102.196
TAORMINA GIARDINI,BICOCCA,53.348
TAORMINA GIARDINI,CATANIA AEROPORTO FONTANAROSSA,51.134
TAORMINA GIARDINI,CATANIA CENTRALE,45.906
TAORMINA GIARDINI,GIARRE RIPOSTO,22.305
TAORMINA GIARDINI,LENTINI,74.606
TAORMINA GIARDINI,MESSINA CENTRALE,47.276
TAORMINA GIARDINI,PALERMO CENTRALE,287.116
TAORMINA GIARDINI,PRIOLO MELILLI,115.547
TAORMINA GIARDINI,SIRACUSA,129.29
TARANTO,ACQUAVIVA DELLE FONTI,67.062
TARANTO,AMENDOLARA ORIOLO,98.456
TARANTO,ANCONA,541.699
TARANTO,AVERSA,329.256
TARANTO,BARAGIANO,179.902
TARANTO,BARI CENTRALE,105.369
TARANTO,BARI S SPIRITO,111.665
TARANTO,BATTIPAGLIA,242.327
TARANTO,BELLA MURO,182.298
TARANTO,BELLAVISTA,8.112
TARANTO,BENEVENTO,340.09
TARANTO,BERNALDA,55.985
TARANTO,BITETTO PALO DEL COLLE,89.541
TARANTO,BOLOGNA CENTRALE,747.089
TARANTO,BRANCALEONE,412.955
TARANTO,BRESCIA,919.824
TARANTO,BUCCINO S GREGORIO MAGNO,203.834
TARANTO,CASERTA,324.185
TARANTO,CASTELLANETA,33.824
TARANTO,CASTELLANETA MARINA,25.588
TARANTO,CATANZARO LIDO,295.99
TARANTO,CORIGLIANO CALABRO,137.591
TARANTO,CROTONE,236.095
TARANTO,CUTRO,252.931
TARANTO,EBOLI,236.054
TARANTO,FERRANDINA SCALO MATERA,80.937
TARANTO,FIRENZE CAMPO MARTE,773.928
TARANTO,FOGGIA,223.53
TARANTO,FORMIA GAETA,395.518
TARANTO,FRANCAVILLA FONTANA,33.51
TARANTO,FRANCIOSA,172.961
TARANTO,GIOIA DEL COLLE,54.441
TARANTO,GRASSANO,975.491
TARANTO,GROTTAGLIE,18.498
TARANTO,LATIANO,47.49
TARANTO,LECCE,95.353
TARANTO,LOCRI,378.725
TARANTO,MARTINA FRANCA,35.182
TARANTO,MELITO DI PORTO SALVO,402.019
TARANTO,MESAGNE,54.727
TARANTO,METAPONTO,43.499
TARANTO,MILANO CENTRALE,957.452
TARANTO,MODUGNO,106.131
TARANTO,MONASTERACE STILO,342.097
TARANTO,MONTE GIORDANO,85.616
TARANTO,MONTEIASI,12.986
TARANTO,NAPOLI CENTRALE,313.686
TARANTO,NOCERA INFERIORE,276.966
TARANTO,ORIA,39.036
TARANTO,PALAGIANELLO,28.632
TARANTO,PALAGIANO MOTTOLA,21.676
TARANTO,PESCARA,395.659
TARANTO,PISTICCI,68.126
TARANTO,POLICORO TURSI,64.922
TARANTO,PONTE ALBANITO,234.661
TARANTO,PONTECAGNANO,252.38
TARANTO,POTENZA CENTRALE,151.121
TARANTO,POTENZA INFERIORE,159.76
TARANTO,PRIVERNO FOSSANOVA,438.512
TARANTO,REGGIO CALABRIA CENTRALE,372.224
TARANTO,RIMINI,634.569
TARANTO,ROCCELLA JONICA,362.059
TARANTO,ROMA OSTIENSE,524.882
TARANTO,ROMA TERMINI,522.347
TARANTO,ROMAGNANO V,196.583
TARANTO,ROSETO CAPO SPULICO,93.612
TARANTO,S CATERINA DELL JONIO,331.604
TARANTO,S SEVERO,251.058
TARANTO,SALERNO,262.261
TARANTO,SALINE DI REGGIO,395.288
TARANTO,SCANZANO J MONTALBANO J,59.498
TARANTO,SIBARI,122.806
TARANTO,SICIGNANO DEGLI ALBURNI,211.47
TARANTO,SQUILLACE,302.265
TARANTO,TERMOLI,306.603
TARANTO,TITO,161.062
TARANTO,TORINO PORTA NUOVA,1079.156
TARANTO,TREBISACCE,108.23
TARANTO,TRIVIGNO,128.724
TARANTO,VENTIMIGLIA,1151.847
TARANTO,VILLA LITERNO,343.634
TARANTO,VILLA S GIOVANNI,358.143
TARANTO GALESE,MARTINA FRANCA,33.571
TARCENTO,TRIESTE CENTRALE,90.752
TARGIA,MESSINA CENTRALE,169.87
TARGIA,SIRACUSA,6.696
TARQUINIA,PISA CENTRALE,232.321
TARQUINIA,ROMA TERMINI,97.885
TARVISIO BOSCOVERDE,ANCONA,567.945
TARVISIO BOSCOVERDE,AREZZO,522.523
TARVISIO BOSCOVERDE,BIVIO D AURISINA,146.58
TARVISIO BOSCOVERDE,BOLOGNA CENTRALE,367.087
TARVISIO BOSCOVERDE,BRESCIA,388.912
TARVISIO BOSCOVERDE,CARNIA,49.171
TARVISIO BOSCOVERDE,CERTOSA DI PAVIA,491.873
TARVISIO BOSCOVERDE,CERVIGNANO A G,117.187
TARVISIO BOSCOVERDE,CERVIGNANO AQUILEIA GRADO,117.349
TARVISIO BOSCOVERDE,CHIUSI C T,572.52
TARVISIO BOSCOVERDE,FIRENZE CAMPO MARTE,457.373
TARVISIO BOSCOVERDE,FIRENZE S MARIA NOVELLA,455.711
TARVISIO BOSCOVERDE,GEMONA DEL FRIULI,60.674
TARVISIO BOSCOVERDE,GENOVA P PRINCIPE,601.345
TARVISIO BOSCOVERDE,GORIZIA CENTRALE,120.231
TARVISIO BOSCOVERDE,LA SPEZIA CENTRALE,569.029
TARVISIO BOSCOVERDE,LIVORNO CENTRALE,543.272
TARVISIO BOSCOVERDE,MILANO CENTRALE,469.072
TARVISIO BOSCOVERDE,MILANO LAMBRATE,466.292
TARVISIO BOSCOVERDE,MILANO PORTA GARIBALDI,471.31
TARVISIO BOSCOVERDE,MONFALCONE,135.423
TARVISIO BOSCOVERDE,ORTE,647.623
TARVISIO BOSCOVERDE,PADOVA,242.287
TARVISIO BOSCOVERDE,PALMANOVA,106.862
TARVISIO BOSCOVERDE,PONTEBBA,27.005
TARVISIO BOSCOVERDE,ROMA TERMINI,715.126
TARVISIO BOSCOVERDE,ROMA TIBURTINA,710.535
TARVISIO BOSCOVERDE,ROVIGO,286.552
TARVISIO BOSCOVERDE,SESTRI LEVANTE,610.728
TARVISIO BOSCOVERDE,TERME EUGANEE ABANO MONTEGR,255.555
TARVISIO BOSCOVERDE,TRIESTE CENTRALE,161.24
TARVISIO BOSCOVERDE,UDINE,88.915
TARVISIO BOSCOVERDE,UGOVIZZA VALBRUNA,9.461
TARVISIO BOSCOVERDE,VENEZIA MESTRE,215.479
TARVISIO BOSCOVERDE,VENEZIA S LUCIA,223.864
TARVISIO BOSCOVERDE,VENTIMIGLIA,738.119
TARVISIO BOSCOVERDE,VERONA PORTA NUOVA,324.329
TASSIGNANO,FIRENZE S MARIA NOVELLA,72.096
TASSIGNANO CAPANNORI,FIRENZE S MARIA NOVELLA,72.096
TAVAZZANO,BOLOGNA CENTRALE,190.668
TAVAZZANO,BOZZOLO,95.24
TAVAZZANO,LODI,7.711
TAVAZZANO,MANTOVA,216.329
TAVAZZANO,MILANO BOVISA,29.981
TAVAZZANO,MILANO GRECO PIRELLI,28.507
TAVAZZANO,MILANO ROGOREDO,20.714
TAVAZZANO,PARMA,100.639
TAVAZZANO,PIACENZA,43.601
TAVAZZANO,SARONNO,47.376
TELESE CERRETO,BENEVENTO,76.784
TELESE CERRETO,CASERTA,33.387
TELESE CERRETO,NAPOLI CENTRALE,53.898
TELESE CERRETO,ROMA TERMINI,231.549
TERAMO,CASTELLALTO CANZANO,7.524
TERAMO,CHIETI,75.092
TERAMO,GIULIANOVA,25.079
TERAMO,MONTESILVANO,52.915
TERAMO,PESCARA,59.883
TERAMO,PINETO ATRI,40.664
TERAMO,PORTO DI VASTO,114.643
TERAMO,ROSETO DEGLI ABRUZZI,31.585
TERAMO,S VITO LANCIANO,88.06
TERAMO,SULMONA,128.419
TERAMO,TERMOLI,148.942
TERAMO,VASTO S SALVO,125.961
TERME EUGANEE ABANO MONTEGR,MILANO CENTRALE,236.9
TERME EUGANEE ABANO MONTEGR,PADOVA,13.273
TERME EUGANEE ABANO MONTEGR,ROVIGO,30.997
TERME EUGANEE ABANO MONTEGR,VENEZIA MESTRE,42.008
TERME EUGANEE ABANO MONTEGR,VENEZIA S LUCIA,49.892
TERME EUGANEE ABANO MONTEGROTTO,BOLOGNA CENTRALE,111.533
TERME EUGANEE ABANO MONTEGROTTO,PADOVA,13.273
TERME EUGANEE ABANO MONTEGROTTO,TRIESTE CENTRALE,185.612
TERME EUGANEE ABANO MONTEGROTTO,VENEZIA S LUCIA,49.892
TERMINI IMERESE,AGRIGENTO CENTRALE,100.118
TERMINI IMERESE,ALTAVILLA M,16.096
TERMINI IMERESE,ALTAVILLA MILICIA,16.096
TERMINI IMERESE,BAGHERIA,24.18
TERMINI IMERESE,CALTANISSETTA CENTRALE,96.518
TERMINI IMERESE,CATANIA CENTRALE,204.744
TERMINI IMERESE,DITTAINO,136.372
TERMINI IMERESE,MESSINA CENTRALE,297.926
TERMINI IMERESE,PALERMO AEROPORTO,69.82
TERMINI IMERESE,PALERMO BRANCACCIO,33.595
TERMINI IMERESE,PALERMO CENTRALE,36.472
TERMINI IMERESE,PUNTA RAISI,69.82
TERMINI IMERESE,S AGATA M,88.301
TERMINI IMERESE,SIRACUSA,272.652
TERMOLI,CASTELLALTO CANZANO,141.419
TERMOLI,FOGGIA,83.999
TERMOLI,FRANCAVILLA AL MARE,79.794
TERMOLI,GIULIANOVA,126.67
TERMOLI,LECCE,355.856
TERMOLI,MILANO CENTRALE,650.852
TERMOLI,MONTENERO PETACCIATO,12.376
TERMOLI,ORTONA,67.12
TERMOLI,PESCARA,89.059
TERMOLI,PESCARA PORTA NUOVA,87.624
TERMOLI,S SEVERO,55.545
TERMOLI,S VITO LANCIANO,60.882
TERMOLI,TERAMO,148.942
TERMOLI,TORINO PORTA NUOVA,772.557
TERMOLI,VASTO S SALVO,22.982
TERNATE VARANO BORGHI,GALLARATE,15.874
TERNATE VARANO BORGHI,LUINO,30.395
TERNATE VARANO BORGHI,MILANO PORTA GARIBALDI,58.098
TERNI,ANCONA,182.638
TERNI,ANTRODOCO BORGO VELINO,64.395
TERNI,ANTRODOCO CENTRO,65.083
TERNI,ASSISI,69.983
TERNI,BASTIA,73.559
TERNI,BOLOGNA CENTRALE,312.887
TERNI,CASTEL S ANGELO,58.509
TERNI,CITTADUCALE,50.187
TERNI,CONTIGLIANO,32.435
TERNI,FALCONARA MARITTIMA,169.474
TERNI,FIRENZE CAMPO MARTE,218.222
TERNI,FIRENZE S MARIA NOVELLA,222.628
TERNI,FOLIGNO,54.429
TERNI,GIUNCANO,12.136
TERNI,GRECCIO,26.474
TERNI,L AQUILA,103.667
TERNI,LODI,494.493
TERNI,MARMORE,15.334
TERNI,MILANO CENTRALE,523.25
TERNI,MILANO PORTA GARIBALDI,525.486
TERNI,MILANO ROGOREDO,518.523
TERNI,ORTE,27.965
TERNI,ORVIETO,69.299
TERNI,PERUGIA,94.004
TERNI,PERUGIA PONTE S GIOVANNI,85.529
TERNI,PIACENZA,458.613
TERNI,POGGIO MIRTETO,61.21
TERNI,PRATO CENTRALE,236.29
TERNI,RIETI,41.056
TERNI,ROCCA DI CORNO,79.214
TERNI,ROCCA DI FONDI,73.135
TERNI,ROMA TERMINI,95.341
TERNI,ROMA TIBURTINA,90.75
TERNI,SASSA TORNIMPARTE,95.704
TERNI,SELLA DI CORNO,84.348
TERNI,SPOLETO,29.375
TERNI,SULMONA,164.104
TERNI,TERONTOLA CORTONA,133.414
TERNI,TRIESTE CENTRALE,605.645
TERNO,CARNATE USMATE,14.022
TERNO,MILANO CENTRALE,36.873
TERNO,MILANO GRECO PIRELLI,34.249
TERNO,MILANO PORTA GARIBALDI,37.284
TERNO,SESTO S GIOVANNI,30.571
TERONTOLA CORTONA,AREZZO,34.666
TERONTOLA CORTONA,ASSISI,66.656
TERONTOLA CORTONA,CHIUSI C T,29.181
TERONTOLA CORTONA,CHIUSI CHIANCIANO TERME,29.181
TERONTOLA CORTONA,FIRENZE CAMPO MARTE,96.07
TERONTOLA CORTONA,FIRENZE S MARIA NOVELLA,100.476
TERONTOLA CORTONA,FOLIGNO,82.209
TERONTOLA CORTONA,ORTE,105.449
TERONTOLA CORTONA,PASSIGNANO SUL TRASIMENO,11.972
TERONTOLA CORTONA,PERUGIA,42.633
TERONTOLA CORTONA,PERUGIA PONTE S GIOVANNI,55.971
TERONTOLA CORTONA,REGGIO DI CALABRIA CENTRALE,820.782
TERONTOLA CORTONA,ROMA TERMINI,172.952
TERONTOLA CORTONA,ROMA TIBURTINA,168.361
TERONTOLA CORTONA,SPOLETO,107.262
TERONTOLA CORTONA,TERNI,133.414
TERONTOLA CORTONA,TORINO PORTA NUOVA,495.264
THIENE,SCHIO,9.38
THIENE,VENEZIA MESTRE,78.753
THIENE,VICENZA,21.802
TIRANO,ABBADIA LARIANA,97.922
TIRANO,ARDENNO MASINO,43.542
TIRANO,BELLANO TARTAVALLE TERME,80.445
TIRANO,BELLANO TARTAVELLE TERME,80.445
TIRANO,CALOLZIOCORTE OLGINATE,112.303
TIRANO,CARNATE USMATE,130.596
TIRANO,CASTIONE ANDEVENNO,31.166
TIRANO,COLICO,66.468
TIRANO,DELEBIO,59.354
TIRANO,LECCO,107.583
TIRANO,LECCO MAGGIANICO,107.583
TIRANO,LIERNA,90.471
TIRANO,MANDELLO DEL LARIO,93.137
TIRANO,MILANO CENTRALE,153.626
TIRANO,MILANO CERTOSA,158.015
TIRANO,MILANO GRECO PIRELLI,151.002
TIRANO,MILANO PORTA GARIBALDI,154.037
TIRANO,MONZA,148.522
TIRANO,MORBEGNO,50.879
TIRANO,PIONA,68.743
TIRANO,PONTE IN VALTELLINA,17.396
TIRANO,S PIETRO BERBENNO,36.482
TIRANO,SESTO S GIOVANNI,147.324
TIRANO,SONDRIO,26.006
TIRANO,TRESENDA APRICA TEGLIO,9.116
TITO,POTENZA CENTRALE,10.291
TITO,SALERNO,101.199
TIVOLI,AVEZZANO,67.819
TIVOLI,BAGNI DI TIVOLI,19.19
TIVOLI,CARSOLI,35.135
TIVOLI,LUNGHEZZA,27.838
TIVOLI,MANDELA SAMBUCI,14.163
TIVOLI,MARCELLINA PALOMBARA,5.916
TIVOLI,PESCARA,201.158
TIVOLI,ROMA PRENESTINA,35.455
TIVOLI,ROMA TERMINI,39.922
TIVOLI,ROMA TIBURTINA,38.35
TIVOLI,SERENISSIMA,34.454
TIVOLI,VAL D ALA,42.396
TIVOLI,VALLE DELL ANIENE MANDELA SAMBUCI,14.163
TORANO LATTARICO,ROMA TERMINI,509.546
TORANO LATTARICO,SIBARI,43.09
TORINO AEROPORTO,ALBA,85.169
TORINO AEROPORTO,ASTI,74.561
TORINO AEROPORTO,BRA,67.642
TORINO AEROPORTO,FOSSANO,82.33
TORINO AEROPORTO,TORINO LINGOTTO,23.139
TORINO AEROPORTO,TORINO REBAUDENGO FOSSATA,14.313
TORINO AEROPORTO,VILLANOVA,9.906
TORINO AEROPORTO DI CASELLE,ALBA,85.169
TORINO AEROPORTO DI CASELLE,ASTI,74.561
TORINO AEROPORTO DI CASELLE,BRA,67.642
TORINO AEROPORTO DI CASELLE,FOSSANO,82.33
TORINO AEROPORTO DI CASELLE,SOMMARIVA DEL BOSCO,57.044
TORINO AEROPORTO DI CASELLE,TORINO LINGOTTO,23.139
TORINO AEROPORTO DI CASELLE,TORINO REBAUDENGO FOSSATA,14.313
TORINO AEROPORTO DI CASELLE,TROFARELLO,31.831
TORINO AEROPORTO DI CASELLE,VILLAFRANCA CANTARANA,59.568
TORINO AEROPORTO DI CASELLE,VILLANOVA D ASTI,48.949
TORINO LINGOTTO,ALBA,62.041
TORINO LINGOTTO,ALESSANDRIA,85.701
TORINO LINGOTTO,ARQUATA SCRIVIA,119.115
TORINO LINGOTTO,ASTI,51.434
TORINO LINGOTTO,BIELLA S PAOLO,86.577
TORINO LINGOTTO,BOSCONERO,32.304
TORINO LINGOTTO,BRA,44.514
TORINO LINGOTTO,CAMBIANO SANTENA,12.131
TORINO LINGOTTO,CANELLI,90.16
TORINO LINGOTTO,CARMAGNOLA,24.648
TORINO LINGOTTO,CHIERI,17.279
TORINO LINGOTTO,CHIUSI CHIANCIANO TERME,510.166
TORINO LINGOTTO,CHIVASSO,29.105
TORINO LINGOTTO,CIRE,28.875
TORINO LINGOTTO,CIRIE,28.875
TORINO LINGOTTO,CUNEO,84.379
TORINO LINGOTTO,FIRENZE S MARIA NOVELLA,393.356
TORINO LINGOTTO,FOSSANO,59.203
TORINO LINGOTTO,GENOVA BRIGNOLE,156.977
TORINO LINGOTTO,GENOVA P PRINCIPE,154.526
TORINO LINGOTTO,GENOVA PIAZZA PRINCIPE,154.638
TORINO LINGOTTO,GENOVA SAMPIERDARENA,153.72
TORINO LINGOTTO,GERMAGNANO,41.254
TORINO LINGOTTO,IVREA,61.161
TORINO LINGOTTO,LA SPEZIA CENTRALE,241.477
TORINO LINGOTTO,LECCE,1124.227
TORINO LINGOTTO,LIVORNO CENTRALE,334.027
TORINO LINGOTTO,MATHI,34.48
TORINO LINGOTTO,MILANO CENTRALE,148.031
TORINO LINGOTTO,MILANO CERTOSA,140.358
TORINO LINGOTTO,MILANO PORTA GARIBALDI,148.406
TORINO LINGOTTO,MONCALIERI,4.321
TORINO LINGOTTO,MONTIGLIO MURISENGO,56.191
TORINO LINGOTTO,NONE,15.643
TORINO LINGOTTO,NOVARA,100.859
TORINO LINGOTTO,PINEROLO,32.903
TORINO LINGOTTO,REGGIO CALABRIA CENTRALE,1295.862
TORINO LINGOTTO,RIVAROLO,39.679
TORINO LINGOTTO,ROMA TERMINI,646.217
TORINO LINGOTTO,S MAURIZIO,26.2
TORINO LINGOTTO,SALERNO,901.939
TORINO LINGOTTO,SANTHIA,59.36
TORINO LINGOTTO,SAVONA,143.889
TORINO LINGOTTO,SETTIMO,17.679
TORINO LINGOTTO,TORINO AEROPORTO,23.139
TORINO LINGOTTO,TORINO AEROPORTO DI CASELLE,23.139
TORINO LINGOTTO,TORINO PORTA NUOVA,4.201
TORINO LINGOTTO,TORINO PORTA SUSA,5.766
TORINO LINGOTTO,TORINO REBAUDENGO FOSSATA,9.38
TORINO LINGOTTO,TORINO STURA,12.832
TORINO LINGOTTO,TROFARELLO,8.703
TORINO LINGOTTO,VENTIMIGLIA,180.291
TORINO LINGOTTO,VERCELLI,78.912
TORINO LINGOTTO,VILLAFRANCA C,36.44
TORINO LINGOTTO,VILLANOVA,33.045
TORINO PORTA NUOVA,ALBA,66.223
TORINO PORTA NUOVA,ALBENGA,184.355
TORINO PORTA NUOVA,ALESSANDRIA,89.884
TORINO PORTA NUOVA,ANCONA,537.457
TORINO PORTA NUOVA,ANDORA,197.056
TORINO PORTA NUOVA,AOSTA,126.472
TORINO PORTA NUOVA,ARQUATA SCRIVIA,123.297
TORINO PORTA NUOVA,ASTI,55.616
TORINO PORTA NUOVA,ATTIGLIANO BOMARZO,577.352
TORINO PORTA NUOVA,AVERSA,839.126
TORINO PORTA NUOVA,AVIGLIANA,23.949
TORINO PORTA NUOVA,BARDONECCHIA,86.275
TORINO PORTA NUOVA,BARI CENTRALE,979.046
TORINO PORTA NUOVA,BARLETTA,926.151
TORINO PORTA NUOVA,BATTIPAGLIA,926.059
TORINO PORTA NUOVA,BERGAMO,241.813
TORINO PORTA NUOVA,BIANZE,50.707
TORINO PORTA NUOVA,BIELLA S PAOLO,85.633
TORINO PORTA NUOVA,BOLOGNA CENTRALE,333.422
TORINO PORTA NUOVA,BOLOGNA CENTRALE/AV,333.64
TORINO PORTA NUOVA,BOLZANO,433.024
TORINO PORTA NUOVA,BORGONE,37.928
TORINO PORTA NUOVA,BRA,48.697
TORINO PORTA NUOVA,BRESCIA,227.233
TORINO PORTA NUOVA,BUSSOLENO,45.126
TORINO PORTA NUOVA,CAMPOLEONE,677.986
TORINO PORTA NUOVA,CANELLI,94.343
TORINO PORTA NUOVA,CARMAGNOLA,28.831
TORINO PORTA NUOVA,CASORIA,849.181
TORINO PORTA NUOVA,CASTAGNOLE DELLE LANZE,79.67
TORINO PORTA NUOVA,CAVALLERMAGGIORE,44.361
TORINO PORTA NUOVA,CENGIO,118.172
TORINO PORTA NUOVA,CENTALLO,75.326
TORINO PORTA NUOVA,CERIGNOLA,890.502
TORINO PORTA NUOVA,CEVA,101.509
TORINO PORTA NUOVA,CHATILLON SAINT VINCENT,101.913
TORINO PORTA NUOVA,CHIAVARI,196.499
TORINO PORTA NUOVA,CHIOMONTE,59.285
TORINO PORTA NUOVA,CHIVASSO,28.162
TORINO PORTA NUOVA,CIVITAVECCHIA,572.412
TORINO PORTA NUOVA,COGOLETO,162.341
TORINO PORTA NUOVA,COLLEGNO,9.636
TORINO PORTA NUOVA,CUNEO,88.561
TORINO PORTA NUOVA,EMPOLI,367.178
TORINO PORTA NUOVA,FANO,490.372
TORINO PORTA NUOVA,FINALE LIGURE MARINA,165.552
TORINO PORTA NUOVA,FIRENZE CAMPO MARTE,399.201
TORINO PORTA NUOVA,FIRENZE RIFREDI,396.328
TORINO PORTA NUOVA,FIRENZE S MARIA NOVELLA,397.539
TORINO PORTA NUOVA,FIUMICINO AEROPORTO,639.938
TORINO PORTA NUOVA,FOGGIA,856.552
TORINO PORTA NUOVA,FOLIGNO,577.472
TORINO PORTA NUOVA,FONDI SPERLONGA,754.053
TORINO PORTA NUOVA,FORMIA GAETA,772.864
TORINO PORTA NUOVA,FOSSANO,63.385
TORINO PORTA NUOVA,GAIFANA,607.15
TORINO PORTA NUOVA,GENOVA BRIGNOLE,161.16
TORINO PORTA NUOVA,GENOVA P PRINCIPE,158.709
TORINO PORTA NUOVA,GENOVA PIAZZA PRINCIPE,158.821
TORINO PORTA NUOVA,GENOVA SAMPIERDARENA,157.902
TORINO PORTA NUOVA,GIOVINAZZO,960.624
TORINO PORTA NUOVA,GROSSETO,465.226
TORINO PORTA NUOVA,GRUGLIASCO,7.328
TORINO PORTA NUOVA,HONE BARD,81.938
TORINO PORTA NUOVA,IMPERIA,208.502
TORINO PORTA NUOVA,IVREA,60.218
TORINO PORTA NUOVA,LADISPOLI CERVETERI,602.869
TORINO PORTA NUOVA,LAMEZIA TERME CENTRALE,1180.0
TORINO PORTA NUOVA,LATINA,705.495
TORINO PORTA NUOVA,LECCE,1128.409
TORINO PORTA NUOVA,LIVORNO CENTRALE,338.209
TORINO PORTA NUOVA,LIVORNO FERRARIS,46.329
TORINO PORTA NUOVA,LOANO,175.747
TORINO PORTA NUOVA,MAGENTA,121.313
TORINO PORTA NUOVA,MASSA CENTRO,277.809
TORINO PORTA NUOVA,MILANO CENTRALE,147.088
TORINO PORTA NUOVA,MILANO CERTOSA,139.414
TORINO PORTA NUOVA,MILANO PORTA GARIBALDI,147.463
TORINO PORTA NUOVA,MINTURNO,782.889
TORINO PORTA NUOVA,MODANE,104.825
TORINO PORTA NUOVA,MONCALIERI,8.503
TORINO PORTA NUOVA,MONDOVI,82.363
TORINO PORTA NUOVA,MONFALCONE,520.385
TORINO PORTA NUOVA,MONTALTO DI CASTRO,536.268
TORINO PORTA NUOVA,MONTIGLIO MURISENGO,55.248
TORINO PORTA NUOVA,NAPOLI AFRAGOLA,864.469
TORINO PORTA NUOVA,NAPOLI CENTRALE,858.3
TORINO PORTA NUOVA,NIZZA MONFERRATO,107.06
TORINO PORTA NUOVA,NOVARA,99.916
TORINO PORTA NUOVA,NOVI LIGURE,111.784
TORINO PORTA NUOVA,NUS,114.02
TORINO PORTA NUOVA,ORMEA,137.034
TORINO PORTA NUOVA,OSTUNI,1053.522
TORINO PORTA NUOVA,OULX CESANA CLAVIERE SESTRIERE,74.916
TORINO PORTA NUOVA,PADOVA,373.864
TORINO PORTA NUOVA,PALMI,1258.259
TORINO PORTA NUOVA,PAOLA,1123.391
TORINO PORTA NUOVA,PERUGIA,537.897
TORINO PORTA NUOVA,PESARO,477.925
TORINO PORTA NUOVA,PESCARA,683.498
TORINO PORTA NUOVA,PISA CENTRALE,320.197
TORINO PORTA NUOVA,PISCIOTTA PALINURO,995.467
TORINO PORTA NUOVA,PRIVERNO FOSSANOVA,729.87
TORINO PORTA NUOVA,REGGIO CALABRIA CENTRALE,1300.044
TORINO PORTA NUOVA,REGGIO DI CALABRIA CENTRALE,1300.044
TORINO PORTA NUOVA,REGGIO DI CALABRIA GALLICO,1292.141
TORINO PORTA NUOVA,RHO,135.464
TORINO PORTA NUOVA,RICADI CAPO VATICANO,1240.102
TORINO PORTA NUOVA,RICCIONE,454.596
TORINO PORTA NUOVA,RIMINI,444.592
TORINO PORTA NUOVA,RODALLO,38.326
TORINO PORTA NUOVA,ROMA OSTIENSE,643.5
TORINO PORTA NUOVA,ROMA S PIETRO,638.559
TORINO PORTA NUOVA,ROMA TERMINI,650.4
TORINO PORTA NUOVA,ROMA TIBURTINA,650.836
TORINO PORTA NUOVA,RONCO SCRIVIA,133.318
TORINO PORTA NUOVA,ROSARNO,1239.95
TORINO PORTA NUOVA,S AMBROGIO,27.566
TORINO PORTA NUOVA,S ANTONINO VAIE,34.391
TORINO PORTA NUOVA,S GIUSEPPE DI CAIRO,126.865
TORINO PORTA NUOVA,SALBERTRAND,68.992
TORINO PORTA NUOVA,SALERNO,906.121
TORINO PORTA NUOVA,SANTHIA,58.416
TORINO PORTA NUOVA,SAPRI,1030.759
TORINO PORTA NUOVA,SAVIGLIANO,51.568
TORINO PORTA NUOVA,SAVONA,148.071
TORINO PORTA NUOVA,SESTRI LEVANTE,203.96
TORINO PORTA NUOVA,SETTIMO,16.736
TORINO PORTA NUOVA,SOMMARIVA BOSCO,38.098
TORINO PORTA NUOVA,SOMMARIVA DEL BOSCO,38.098
TORINO PORTA NUOVA,STRAMBINO,51.139
TORINO PORTA NUOVA,SUSA,52.922
TORINO PORTA NUOVA,TAGGIA ARMA,206.943
TORINO PORTA NUOVA,TARANTO,1079.156
TORINO PORTA NUOVA,TARQUINIA,552.515
TORINO PORTA NUOVA,TERMOLI,772.557
TORINO PORTA NUOVA,TERONTOLA CORTONA,495.264
TORINO PORTA NUOVA,TORINO LINGOTTO,4.201
TORINO PORTA NUOVA,TORINO PORTA SUSA,4.823
TORINO PORTA NUOVA,TORINO STURA,11.889
TORINO PORTA NUOVA,TORRAZZA PIEMONTE,34.84
TORINO PORTA NUOVA,TORRE ANNUNZIATA CENTRALE,877.903
TORINO PORTA NUOVA,TRANI,936.954
TORINO PORTA NUOVA,TRECATE,109.364
TORINO PORTA NUOVA,TRIESTE CENTRALE,546.202
TORINO PORTA NUOVA,TRINITA BENE VAGIENNA,69.361
TORINO PORTA NUOVA,TROFARELLO,12.886
TORINO PORTA NUOVA,TROPEA,1232.605
TORINO PORTA NUOVA,UDINE,527.233
TORINO PORTA NUOVA,VENEZIA MESTRE,402.599
TORINO PORTA NUOVA,VENEZIA S LUCIA,410.482
TORINO PORTA NUOVA,VENTIMIGLIA,184.473
TORINO PORTA NUOVA,VERCELLI,77.969
TORINO PORTA NUOVA,VERONA PORTA NUOVA,291.823
TORINO PORTA NUOVA,VERRES,88.625
TORINO PORTA NUOVA,VILLANOVA,32.104
TORINO PORTA NUOVA,VILLANOVA D ASTI,30.004
TORINO PORTA NUOVA,VITTUONE ARLUNO,127.086
TORINO PORTA SUSA,ALBA,67.796
TORINO PORTA SUSA,ASTI,57.188
TORINO PORTA SUSA,FOSSANO,64.958
TORINO PORTA SUSA,IVREA,55.395
TORINO PORTA SUSA,MILANO CENTRALE,142.265
TORINO PORTA SUSA,NAPOLI CENTRALE,859.872
TORINO PORTA SUSA,REGGIO CALABRIA CENTRALE,1301.617
TORINO PORTA SUSA,ROMA TERMINI,651.972
TORINO PORTA SUSA,ROMA TIBURTINA,652.409
TORINO PORTA SUSA,SALERNO,907.694
TORINO PORTA SUSA,TORINO LINGOTTO,5.766
TORINO PORTA SUSA,TORINO PORTA NUOVA,4.823
TORINO PORTA SUSA,TRIESTE CENTRALE,541.38
TORINO PORTA SUSA,VENEZIA S LUCIA,405.66
TORINO REBAUDENGO FOSSATA,ALBA,71.41
TORINO REBAUDENGO FOSSATA,ASTI,60.802
TORINO REBAUDENGO FOSSATA,BRA,53.883
TORINO REBAUDENGO FOSSATA,CARMAGNOLA,34.017
TORINO REBAUDENGO FOSSATA,CHIERI,26.648
TORINO REBAUDENGO FOSSATA,CHIVASSO,19.727
TORINO REBAUDENGO FOSSATA,CIRIE,20.05
TORINO REBAUDENGO FOSSATA,FOSSANO,68.572
TORINO REBAUDENGO FOSSATA,GERMAGNANO,32.428
TORINO REBAUDENGO FOSSATA,PINEROLO,42.272
TORINO REBAUDENGO FOSSATA,RIVAROLO,30.301
TORINO REBAUDENGO FOSSATA,TORINO AEROPORTO DI CASELLE,14.313
TORINO REBAUDENGO FOSSATA,TORINO LINGOTTO,9.38
TORINO REBAUDENGO FOSSATA,TORINO STURA,3.454
TORINO REBAUDENGO FOSSATA,TROFARELLO,18.072
TORINO STURA,ALBA,74.862
TORINO STURA,AOSTA,114.583
TORINO STURA,ASTI,64.254
TORINO STURA,BOLOGNA CENTRALE,335.371
TORINO STURA,BRA,57.335
TORINO STURA,CAMBIANO SANTENA,24.952
TORINO STURA,CARMAGNOLA,37.469
TORINO STURA,CAVALLERMAGGIORE,52.999
TORINO STURA,CHIERI,30.1
TORINO STURA,CHIVASSO,16.273
TORINO STURA,FOSSANO,72.024
TORINO STURA,GENOVA P PRINCIPE,166.231
TORINO STURA,IVREA,48.329
TORINO STURA,MILANO CENTRALE,135.199
TORINO STURA,MILANO PORTA GARIBALDI,135.574
TORINO STURA,MODENA,298.713
TORINO STURA,MONCALIERI,17.142
TORINO STURA,NAPOLI CENTRALE,865.822
TORINO STURA,NONE,28.463
TORINO STURA,PARMA,245.341
TORINO STURA,PINEROLO,45.724
TORINO STURA,RIVAROLO,26.847
TORINO STURA,ROMA TERMINI,657.922
TORINO STURA,S VITTORIA,64.106
TORINO STURA,SOMMARIVA BOSCO,46.737
TORINO STURA,SOMMARIVA DEL BOSCO,46.737
TORINO STURA,TORINO LINGOTTO,12.832
TORINO STURA,TORINO PORTA NUOVA,11.889
TORINO STURA,TROFARELLO,21.524
TORINO STURA,VILLAFRANCA C,49.261
TORINO STURA,VILLANOVA,27.673
TORINO STURA,VILLANOVA D ASTI,38.642
TORRE ANNUNZIATA CENTRALE,BENEVENTO,87.223
TORRE ANNUNZIATA CENTRALE,CASERTA,53.703
TORRE ANNUNZIATA CENTRALE,CAVA DEI TIRRENI,23.151
TORRE ANNUNZIATA CENTRALE,COSENZA,272.196
TORRE ANNUNZIATA CENTRALE,EBOLI,55.546
TORRE ANNUNZIATA CENTRALE,NAPOLI CAMPI FLEGREI,30.721
TORRE ANNUNZIATA CENTRALE,NAPOLI CENTRALE,22.087
TORRE ANNUNZIATA CENTRALE,NAPOLI GIANTURCO,20.844
TORRE ANNUNZIATA CENTRALE,NAPOLI PIAZZA GARIBALDI,22.238
TORRE ANNUNZIATA CENTRALE,NAPOLI S GIOV BARRA,17.557
TORRE ANNUNZIATA CENTRALE,NAPOLI S GIOVANNI BARRA,16.962
TORRE ANNUNZIATA CENTRALE,NOCERA INFERIORE,15.726
TORRE ANNUNZIATA CENTRALE,PAOLA,246.61
TORRE ANNUNZIATA CENTRALE,ROMA OSTIENSE,234.403
TORRE ANNUNZIATA CENTRALE,ROMA S PIETRO,239.622
TORRE ANNUNZIATA CENTRALE,ROMA TERMINI,233.311
TORRE ANNUNZIATA CENTRALE,S MARIA LA BRUNA,5.166
TORRE ANNUNZIATA CENTRALE,SALERNO,29.339
TORRE ANNUNZIATA CENTRALE,SAPRI,153.977
TORRE ANNUNZIATA CENTRALE,TORRE DEL GRECO,28.603
TORRE DE PICENARDI,CASALPUSTERLENGO,53.548
TORRE DE PICENARDI,CREMONA,22.116
TORRE DE PICENARDI,MILANO CENTRALE,105.433
TORRE DEI PASSERI,CASTELLALTO CANZANO,91.117
TORRE DEI PASSERI,GIULIANOVA,76.368
TORRE DEI PASSERI,MANOPPELLO,14.664
TORRE DEI PASSERI,MONTESILVANO,45.727
TORRE DEI PASSERI,PESCARA,38.757
TORRE DEI PASSERI,SULMONA,29.779
TORRE DEI PASSERI,TERAMO,98.64
TORREBERETTI,ALESSANDRIA,20.448
TORREBERETTI,CAVA CARBONARA,35.447
TORREBERETTI,LOMELLO,12.531
TORREBERETTI,NOVARA,46.954
TORREBERETTI,PAVIA,42.926
TORREBERETTI,SANNAZZARO,21.463
TORRICOLA,LATINA,48.869
TORRICOLA,MINTURNO,126.263
TORRICOLA,MINTURNO SCAURI,126.263
TORRICOLA,NETTUNO,47.005
TORRICOLA,ROMA TERMINI,12.034
TORRILE S POLO,BRESCIA,79.313
TORRILE S POLO,PIADENA,28.108
TORRILE S POLO,S ZENO FOLZANO,73.63
TORTONA,ALASSIO,140.328
TORTONA,ALESSANDRIA,21.916
TORTONA,ARQUATA SCRIVIA,25.585
TORTONA,ASTI,56.188
TORTONA,BRESCIA,152.131
TORTONA,CHIASSO,122.635
TORTONA,GENOVA BRIGNOLE,62.753
TORTONA,GROSSETO,366.819
TORTONA,MILANO CENTRALE,77.672
TORTONA,MILANO CERTOSA,83.873
TORTONA,MILANO GRECO PIRELLI,80.738
TORTONA,MILANO LAMBRATE,74.769
TORTONA,MILANO PORTA GARIBALDI,79.908
TORTONA,MILANO ROGOREDO,72.946
TORTONA,NOVI LIGURE,18.645
TORTONA,PADOVA,298.761
TORTONA,PAVIA,41.38
TORTONA,TAGGIA ARMA,174.359
TORTONA,VOGHERA,16.428
TRANI,BARI CENTRALE,42.096
TRANI,BARI TORRE A MARE,53.418
TRANI,BARLETTA,12.682
TRANI,FASANO,96.474
TRANI,FOGGIA,81.327
TRAPANI,ALCAMO DIRAMAZIONE,116.96
TRAPANI,BALESTRATE,131.306
TRAPANI,CAMPOBELLO DI MAZARA,65.907
TRAPANI,CASTELLAMMARE DEL GOLFO,122.125
TRAPANI,CASTELVETRANO,74.389
TRAPANI,CINISI TERRASINI,156.338
TRAPANI,GALLITELLO,100.908
TRAPANI,MARAUSA,13.613
TRAPANI,MARSALA,30.68
TRAPANI,MAZARA DEL VALLO,51.685
TRAPANI,MOZIA BIRGI,18.636
TRAPANI,PACECO,4.503
TRAPANI,PARTINICO,142.455
TRAPANI,PETROSINO STRASATTI,40.286
TRAPANI,PIRAINETO,162.392
TRAPANI,SALEMI GIBELLINA,90.45
TRAPANI,TRAPPETO,134.32
TRAPPETO,CASTELVETRANO,59.931
TRAPPETO,MARSALA,103.641
TRAPPETO,TRAPANI,134.32
TRAVESIO,SACILE,46.408
TREBISACCE,SIBARI,14.576
TRECATE,MILANO CERTOSA,33.89
TRECATE,MILANO PORTA GARIBALDI,41.94
TRECATE,NOVARA,9.448
TRECATE,PIOLTELLO LIMITO,51.447
TRECATE,RHO,26.1
TRECATE,TREVIGLIO,71.884
TRENTO,ALA,40.125
TRENTO,BASSANO DEL GRAPPA,97.036
TRENTO,BOLOGNA CENTRALE,200.846
TRENTO,BOLZANO,55.559
TRENTO,BORGO VALSUGANA CENTRO,43.717
TRENTO,BORGO VALSUGANA EST,44.56
TRENTO,BRENNERO,144.357
TRENTO,BRESSANONE,93.869
TRENTO,BRONZOLO,44.576
TRENTO,CALDONAZZO,26.665
TRENTO,CARPANE VALSTAGNA,82.604
TRENTO,CISMON DEL GRAPPA,73.31
TRENTO,DOMEGLIARA,71.371
TRENTO,EGNA TERMENO,33.659
TRENTO,FORTEZZA,104.094
TRENTO,GRIGNO,58.292
TRENTO,LECCO,276.424
TRENTO,LEVICO,30.266
TRENTO,LEVICO TERME,30.266
TRENTO,MEZZOCORONA,16.857
TRENTO,MILANO CENTRALE,230.393
TRENTO,MILANO PORTA GARIBALDI,232.631
TRENTO,NAPOLI CENTRALE,761.063
TRENTO,PERGINE,17.447
TRENTO,PERI,54.491
TRENTO,PRIMOLANO,67.211
TRENTO,RIMINI,312.017
TRENTO,ROMA TERMINI,551.917
TRENTO,RONCEGNO BAGNI MARTER,39.037
TRENTO,ROVERETO,23.663
TRENTO,SIBARI,1030.267
TRENTO,STRIGNO,48.624
TRENTO,VENEZIA S LUCIA,158.681
TRENTO,VERONA PORTA NUOVA,90.693
TRENTO,VILLAZZANO,6.272
TRENTO,VIPITENO,122.954
TRESENDA APRICA TEGLIO,MILANO CENTRALE,144.51
TRESENDA APRICA TEGLIO,MONZA,139.406
TRESENDA APRICA TEGLIO,SONDRIO,16.889
TREVIGLIO,ALBIZZATE SOLBIATE ARNO,79.59
TREVIGLIO,ARCENE,6.394
TREVIGLIO,BERGAMO,69.727
TREVIGLIO,BOLOGNA CENTRALE,229.237
TREVIGLIO,BRESCIA,55.148
TREVIGLIO,BUSTO ARSIZIO,65.482
TREVIGLIO,CARAVAGGIO,10.571
TREVIGLIO,CASALBUTTANO,52.935
TREVIGLIO,CASALETTO VAPRIO,20.328
TREVIGLIO,CASSANO D ADDA,5.831
TREVIGLIO,CASTELLEONE,36.64
TREVIGLIO,CASTRONNO,82.101
TREVIGLIO,CREMA,26.656
TREVIGLIO,CREMONA,108.563
TREVIGLIO,FIRENZE CAMPO MARTE,322.555
TREVIGLIO,GALLARATE,73.604
TREVIGLIO,GENOVA SESTRI PONENTE,163.928
TREVIGLIO,LEGNANO,60.262
TREVIGLIO,MAGENTA,59.935
TREVIGLIO,MILANO CENTRALE,30.333
TREVIGLIO,MILANO CERTOSA,38.01
TREVIGLIO,MILANO GRECO PIRELLI,33.401
TREVIGLIO,MILANO LAMBRATE,27.553
TREVIGLIO,MILANO LANCETTI,35.712
TREVIGLIO,MILANO PORTA GARIBALDI,32.571
TREVIGLIO,MILANO PORTA VITTORIA,29.781
TREVIGLIO,MILANO REPUBBLICA,33.206
TREVIGLIO,NOVARA,81.333
TREVIGLIO,OLMENETA,59.194
TREVIGLIO,PARABIAGO,54.516
TREVIGLIO,PIOLTELLO LIMITO,20.437
TREVIGLIO,RHO,45.784
TREVIGLIO,RHO FIERA,42.051
TREVIGLIO,ROMA S PIETRO,587.969
TREVIGLIO,ROMA TERMINI,580.308
TREVIGLIO,ROVATO,38.0
TREVIGLIO,SORESINA,44.148
TREVIGLIO,STEZZANO,16.189
TREVIGLIO,TORINO PORTA NUOVA,177.407
TREVIGLIO,TRECATE,71.884
TREVIGLIO,TREVIGLIO OVEST,0.107
TREVIGLIO,TREVISO CENTRALE,231.279
TREVIGLIO,VARESE,83.325
TREVIGLIO,VENTIMIGLIA,299.38
TREVIGLIO,VERDELLO DALMINE,9.934
TREVIGLIO,VERONA PORTA NUOVA,119.737
TREVIGLIO,VITTUONE ARLUNO,54.162
TREVIGLIO OVEST,BERGAMO,69.835
TREVIGLIO OVEST,MILANO CENTRALE,30.441
TREVIGLIO OVEST,MILANO LAMBRATE,27.661
TREVIGLIO OVEST,MILANO PORTA GARIBALDI,32.679
TREVIGLIO OVEST,TREVIGLIO,0.107
TREVIGLIO OVEST,VENTIMIGLIA,299.488
TREVIGLIO OVEST,VERDELLO DALMINE,9.827
TREVISO C,BELLUNO,104.999
TREVISO C,BRENNERO,283.943
TREVISO C,BUSCHE LENTIAI MEL,81.5
TREVISO C,CALALZO PIEVE CADORE CORTINA,148.525
TREVISO C,CAMPOSAMPIERO,36.697
TREVISO C,CASTELFRANCO VENETO,24.556
TREVISO C,CITTADELLA,36.347
TREVISO C,CODROIPO,156.882
TREVISO C,CONEGLIANO,101.121
TREVISO C,CORNUDA,47.029
TREVISO C,FANNA CAVASSO,155.386
TREVISO C,FELTRE,74.376
TREVISO C,GEMONA DEL FRIULI,207.939
TREVISO C,GORIZIA CENTRALE,192.876
TREVISO C,ISTRANA,11.318
TREVISO C,MANIAGO,148.459
TREVISO C,MOGLIANO VENETO,62.45
TREVISO C,MONTEBELLUNA,36.775
TREVISO C,MONTEREALE VALCELLINA,145.37
TREVISO C,MOTTA DI LIVENZA,108.863
TREVISO C,OSOPPO,187.757
TREVISO C,PADOVA,58.58
TREVISO C,PAESE,6.676
TREVISO C,PONTE DI PIAVE,92.815
TREVISO C,PONTE NELLE ALPI POLPET,112.553
TREVISO C,PORDENONE,131.01
TREVISO C,PORTOGRUARO CAORLE,126.561
TREVISO C,POSTIOMA,10.149
TREVISO C,PREGANZIOL,67.105
TREVISO C,QUERO VAS,62.636
TREVISO C,ROMA TERMINI,525.393
TREVISO C,S BIAGIO DI CALLALTA,85.118
TREVISO C,S GIUSTINA CESIO,88.641
TREVISO C,S PIETRO IN GU,46.822
TREVISO C,SACILE,118.189
TREVISO C,SEDICO BRIBANO,92.924
TREVISO C,TREVIGNANO SIGNORESSA,15.151
TREVISO C,TRIESTE CENTRALE,203.554
TREVISO C,UDINE,179.7
TREVISO C,VENEZIA MESTRE,59.95
TREVISO C,VENEZIA S LUCIA,67.833
TREVISO C,VERONA PORTA NUOVA,111.547
TREVISO C,VERONA PORTA VESCOVO,108.177
TREVISO C,VICENZA,60.014
TREVISO C,VIGODARZERE,49.895
TREVISO C,VITTORIO VENETO,114.73
TREVISO CENTRALE,BELLUNO,104.999
TREVISO CENTRALE,CAMPOSAMPIERO,36.697
TREVISO CENTRALE,CASTELFRANCO VENETO,24.556
TREVISO CENTRALE,CITTADELLA,36.347
TREVISO CENTRALE,CONEGLIANO,101.121
TREVISO CENTRALE,CORNUDA,47.029
TREVISO CENTRALE,FELTRE,74.376
TREVISO CENTRALE,GEMONA DEL FRIULI,207.939
TREVISO CENTRALE,MANIAGO,148.459
TREVISO CENTRALE,MONTEBELLUNA,36.775
TREVISO CENTRALE,MOTTA DI LIVENZA,108.863
TREVISO CENTRALE,ODERZO,99.622
TREVISO CENTRALE,PADOVA,58.58
TREVISO CENTRALE,PALMANOVA,167.538
TREVISO CENTRALE,PINZANO,171.093
TREVISO CENTRALE,PONTE NELLE ALPI POLPET,112.553
TREVISO CENTRALE,PORDENONE,131.01
TREVISO CENTRALE,PORTOGRUARO CAORLE,126.561
TREVISO CENTRALE,POSTIOMA,10.149
TREVISO CENTRALE,S PIETRO IN GU,46.822
TREVISO CENTRALE,SACILE,118.189
TREVISO CENTRALE,TREVIGLIO,231.279
TREVISO CENTRALE,TRIESTE CENTRALE,203.554
TREVISO CENTRALE,UDINE,179.7
TREVISO CENTRALE,VENEZIA MESTRE,59.95
TREVISO CENTRALE,VENEZIA S LUCIA,67.833
TREVISO CENTRALE,VICENZA,60.014
TREVISO CENTRALE,VIGODARZERE,49.895
TRIESTE CENTRALE,ANCONA,498.002
TRIESTE CENTRALE,AREZZO,452.58
TRIESTE CENTRALE,ATTIGLIANO BOMARZO,565.581
TRIESTE CENTRALE,BIVIO D AURISINA,14.66
TRIESTE CENTRALE,BOLOGNA CENTRALE,297.144
TRIESTE CENTRALE,BOLOGNA CENTRALE/AV,297.007
TRIESTE CENTRALE,BRESCIA,318.969
TRIESTE CENTRALE,BUSTO ARSIZIO,434.277
TRIESTE CENTRALE,CARNIA,112.069
TRIESTE CENTRALE,CASARSA,106.712
TRIESTE CENTRALE,CERVIGNANO A G,44.054
TRIESTE CENTRALE,CERVIGNANO AQUILEIA GRADO,43.892
TRIESTE CENTRALE,CONEGLIANO,150.032
TRIESTE CENTRALE,CORMONS,61.904
TRIESTE CENTRALE,FABRIANO,551.264
TRIESTE CENTRALE,FALCONARA MARITTIMA,494.408
TRIESTE CENTRALE,FARA SABINA MONTELIBRETTI,623.384
TRIESTE CENTRALE,FIRENZE CAMPO MARTE,387.43
TRIESTE CENTRALE,FIRENZE RIFREDI,384.557
TRIESTE CENTRALE,FIRENZE S MARIA NOVELLA,385.768
TRIESTE CENTRALE,FIUMICINO AEROPORTO,672.572
TRIESTE CENTRALE,FOLIGNO,565.701
TRIESTE CENTRALE,GEMONA DEL FRIULI,100.566
TRIESTE CENTRALE,GIUNCANO,607.994
TRIESTE CENTRALE,GORIZIA CENTRALE,49.844
TRIESTE CENTRALE,JESI,507.911
TRIESTE CENTRALE,LATISANA LIGNANO BIBIONE,71.978
TRIESTE CENTRALE,MANZANO,69.517
TRIESTE CENTRALE,MILANO CENTRALE,399.128
TRIESTE CENTRALE,MILANO PORTA GARIBALDI,401.366
TRIESTE CENTRALE,MIRAMARE,7.066
TRIESTE CENTRALE,MONFALCONE,25.817
TRIESTE CENTRALE,MONTEVARCHI TERRANUOVA,426.497
TRIESTE CENTRALE,NAPOLI CENTRALE,854.329
TRIESTE CENTRALE,ORTE,577.68
TRIESTE CENTRALE,OSOPPO,201.735
TRIESTE CENTRALE,PADOVA,172.344
TRIESTE CENTRALE,PALMANOVA,54.379
TRIESTE CENTRALE,POGGIO RENATICO,261.345
TRIESTE CENTRALE,PONTEBBA,134.235
TRIESTE CENTRALE,PORDENONE,120.142
TRIESTE CENTRALE,PORTOGRUARO CAORLE,126.187
TRIESTE CENTRALE,PRATO CENTRALE,377.326
TRIESTE CENTRALE,QUARTO D ALTINO,129.085
TRIESTE CENTRALE,ROMA TERMINI,645.183
TRIESTE CENTRALE,S DONA DI PIAVE,112.449
TRIESTE CENTRALE,S DONA DI PIAVE JESOLO,112.449
TRIESTE CENTRALE,S GIORGIO DI NOGARO,54.381
TRIESTE CENTRALE,S GIOVANNI AL NATISONE,67.335
TRIESTE CENTRALE,S VITO AL TAGLIAMENTO,110.177
TRIESTE CENTRALE,SACILE,132.963
TRIESTE CENTRALE,TARCENTO,90.752
TRIESTE CENTRALE,TARVISIO BOSCOVERDE,161.24
TRIESTE CENTRALE,TERONTOLA CORTONA,483.493
TRIESTE CENTRALE,TORINO PORTA NUOVA,546.202
TRIESTE CENTRALE,TORINO PORTA SUSA,541.38
TRIESTE CENTRALE,TRENTO,294.401
TRIESTE CENTRALE,TREVISO C,203.554
TRIESTE CENTRALE,TREVISO CENTRALE,203.554
TRIESTE CENTRALE,TRIESTE AIRPORT,32.411
TRIESTE CENTRALE,UDINE,72.327
TRIESTE CENTRALE,UGOVIZZA VALBRUNA,151.78
TRIESTE CENTRALE,VENEZIA MESTRE,145.231
TRIESTE CENTRALE,VENEZIA S LUCIA,153.615
TRIESTE CENTRALE,VENZONE,107.285
TRIESTE CENTRALE,VERONA PORTA NUOVA,254.385
TRIESTE CENTRALE,VILLA OPICINA,20.763
TRINITAPOLI S FERDINANDO DI PUGLIA,BARI CENTRALE,70.886
TRINO VERCELLESE,ALESSANDRIA,48.729
TRINO VERCELLESE,CASALE MONFERRATO,15.977
TRINO VERCELLESE,CHIVASSO,32.404
TRIUGGIO PONTE ALBIATE,LECCO,34.869
TRIUGGIO PONTE ALBIATE,MILANO PORTA GARIBALDI,23.257
TRIUGGIO PONTE ALBIATE,MOLTENO,17.736
TRIUGGIO PONTE ALBIATE,MONZA,17.742
TRIVIGNO,TARANTO,128.724
TROFARELLO,ALBA,53.338
TROFARELLO,ALESSANDRIA,76.998
TROFARELLO,ASTI,42.73
TROFARELLO,BRA,35.811
TROFARELLO,CHIERI,8.576
TROFARELLO,CIRE,37.567
TROFARELLO,CIRIE,37.567
TROFARELLO,CUNEO,75.676
TROFARELLO,FOSSANO,50.5
TROFARELLO,GENOVA BRIGNOLE,148.274
TROFARELLO,GENOVA PIAZZA PRINCIPE,145.935
TROFARELLO,NOVI LIGURE,98.898
TROFARELLO,RIVAROLO,48.371
TROFARELLO,SETTIMO,26.371
TROFARELLO,TORINO AEROPORTO DI CASELLE,31.831
TROFARELLO,TORINO LINGOTTO,8.703
TROFARELLO,TORINO PORTA NUOVA,12.886
TROFARELLO,TORINO REBAUDENGO FOSSATA,18.072
TROFARELLO,TORINO STURA,21.524
TROFARELLO,VILLANOVA,41.737
TROFARELLO,VILLANOVA D ASTI,17.118
TROPEA,REGGIO CALABRIA CENTRALE,89.872
TROPEA,ROSARNO,30.927
TUSA,MESSINA CENTRALE,337.331
TUSA,PALERMO CENTRALE,88.712
UDINE,AURISINA,60.572
UDINE,BIVIO D AURISINA,57.667
UDINE,CARNIA,39.745
UDINE,CASARSA,35.26
UDINE,CERVIGNANO A G,28.275
UDINE,CERVIGNANO AQUILEIA GRADO,28.436
UDINE,CONEGLIANO,78.579
UDINE,FANNA CAVASSO,97.912
UDINE,FIUMICINO AEROPORTO,653.602
UDINE,GEMONA DEL FRIULI,28.241
UDINE,GORIZIA CENTRALE,32.997
UDINE,MANIAGO,90.984
UDINE,MILANO CENTRALE,380.159
UDINE,MILANO PORTA GARIBALDI,382.397
UDINE,MONFALCONE,46.51
UDINE,MONTEREALE VALCELLINA,87.896
UDINE,NAPOLI CENTRALE,835.359
UDINE,PALMANOVA,17.949
UDINE,PINZANO,113.619
UDINE,PONTEBBA,61.91
UDINE,PORDENONE,48.69
UDINE,ROMA TERMINI,626.213
UDINE,RONCHI DEI LEGIONARI NORD,43.252
UDINE,S GIOVANNI AL NATISONE,15.507
UDINE,SACILE,61.511
UDINE,SPRESIANO,91.717
UDINE,TARCENTO,18.427
UDINE,TARVISIO BOSCOVERDE,88.915
UDINE,TORINO PORTA NUOVA,527.233
UDINE,TREVISO C,179.7
UDINE,TREVISO CENTRALE,179.7
UDINE,TRIESTE CENTRALE,72.327
UDINE,UGOVIZZA VALBRUNA,79.455
UDINE,VENEZIA MESTRE,126.567
UDINE,VENEZIA S LUCIA,134.951
UDINE,VERONA PORTA NUOVA,235.416
UDINE,VILLA OPICINA,74.009
UGOVIZZA VALBRUNA,TRIESTE CENTRALE,151.78
UGOVIZZA VALBRUNA,UDINE,79.455
VADA,FOLLONICA,58.49
VADA,LIVORNO CENTRALE,27.771
VADA,PISA CENTRALE,45.046
VADA,ROMA TERMINI,285.16
VAGLIA,BORGO S LORENZO,12.04
VAGLIA,FIRENZE CAMPO MARTE,20.828
VAGLIA,FIRENZE S MARIA NOVELLA,23.307
VAIANO,AREZZO,93.993
VAIANO,BOLOGNA CENTRALE,71.297
VAIANO,FIRENZE CAMPO MARTE,28.844
VAIANO,PRATO CENTRALE,13.266
VAIO OSPEDALE,FIDENZA,3.321
VAIRANO,ACERRA,64.29
VAIRANO,AVERSA,60.178
VAIRANO,BENEVENTO,105.255
VAIRANO,CAMPOBASSO,103.043
VAIRANO,CANCELLO,57.616
VAIRANO,CAPUA,34.699
VAIRANO,CASERTA,45.808
VAIRANO,CASSINO,31.957
VAIRANO,NAPOLI CAMPI FLEGREI,87.447
VAIRANO,NAPOLI CENTRALE,78.796
VAIRANO,ROMA TERMINI,167.896
VAIRANO,SPARANISE,19.404
VAIRANO CAIANELLO,AVERSA,60.178
VAIRANO CAIANELLO,BOIANO,73.336
VAIRANO CAIANELLO,CANCELLO,57.616
VAIRANO CAIANELLO,CASERTA,45.808
VAIRANO CAIANELLO,CASSINO,31.957
VAIRANO CAIANELLO,NAPOLI CENTRALE,78.796
VAIRANO CAIANELLO,ROMA TERMINI,167.896
VAL D ALA,AVEZZANO,110.215
VAL D ALA,BAGNI DI TIVOLI,23.206
VAL D ALA,CARSOLI,77.532
VAL D ALA,LUNGHEZZA,14.562
VAL D ALA,MANDELA SAMBUCI,56.56
VAL D ALA,ROMA TIBURTINA,4.056
VAL D ALA,ROVIANO,64.768
VAL D ALA,TAGLIACOZZO,94.241
VAL D ALA,TIVOLI,42.396
VALDAORA ANTERSELVA,FORTEZZA,44.82
VALDAORA ANTERSELVA,MERANO,123.301
VALDAORA ANTERSELVA,RIO DI PUSTERIA,36.653
VALDAORA ANTERSELVA,S CANDIDO,20.813
VALENZA,ALESSANDRIA,12.099
VALENZA,BORGO REVEL,58.48
VALENZA,CHIVASSO,69.034
VALENZA,GIAROLE,8.82
VALENZA,MORANO SUL PO,30.569
VALENZA,MORTARA,30.307
VALENZA,NOVARA,54.979
VALENZA,PAVIA,51.275
VALLE AURELIA,ROMA TIBURTINA,13.667
VALLE DELL ANIENE MANDELA SAMBUCI,AVEZZANO,53.655
VALLE DELL ANIENE MANDELA SAMBUCI,MARCELLINA PALOMBARA,20.08
VALLE DELL ANIENE MANDELA SAMBUCI,PESCARA,186.994
VALLE DELL ANIENE MANDELA SAMBUCI,ROMA PRENESTINA,49.619
VALLE DELL ANIENE MANDELA SAMBUCI,ROMA TIBURTINA,52.514
VALLE DELL ANIENE MANDELA SAMBUCI,TIVOLI,14.163
VALLE DI MADDALONI,NAPOLI CENTRALE,34.545
VALLELUNGA,CALTANISSETTA CENTRALE,37.908
VALLELUNGA,CALTANISSETTA XIRBI,31.474
VALLELUNGA,PALERMO CENTRALE,95.077
VALLO DELLA LUC CASTELNUOVO,NAPOLI CENTRALE,121.484
VALLO DELLA LUC CASTELNUOVO,SALERNO,70.059
VALLO DELLA LUCANIA CASTELNUOVO,NAPOLI CENTRALE,121.484
VALLO DELLA LUCANIA CASTELNUOVO,SALERNO,70.059
VALMADRERA,COMO S GIOVANNI,38.078
VALMADRERA,MILANO PORTA GARIBALDI,52.007
VALMADRERA,MONZA,46.492
VANDOIES,S CANDIDO,51.948
VANZAGHELLO MAGNAGO,MILANO CADORNA,41.614
VANZAGHELLO MAGNAGO,NOVATE MILANESE,33.457
VARALLO SESIA,MILANO CENTRALE,102.258
VARALLO SESIA,NOVARA,51.275
VARANO,ANCONA,6.992
VARANO,PESCARA,140.517
VARAZZE,LA SPEZIA CENTRALE,118.499
VARAZZE,RECCO,51.665
VARAZZE,SAVONA,10.372
VARENNA ESINO,COLICO,17.281
VARENNA ESINO,MILANO CENTRALE,69.877
VARENNA ESINO,MILANO PORTA GARIBALDI,70.288
VARENNA ESINO,SONDRIO,57.743
VARESE,ALBIZZATE SOLBIATE ARNO,56.496
VARESE,BUSTO ARSIZIO,41.739
VARESE,CANTELLO GAGGIOLO,78.127
VARESE,CASSANO D ADDA,77.498
VARESE,CASTRONNO,59.007
VARESE,CESATE,33.501
VARESE,CHIASSO,69.787
VARESE,COCQUIO TREVISAGO,13.82
VARESE,COMO S GIOVANNI,68.187
VARESE,GALLARATE,50.509
VARESE,GAVIRATE VERBANO,12.247
VARESE,GAZZADA SCHIANNO MORAZZONE,63.015
VARESE,GEMONIO,16.302
VARESE,GERENZANO TURATE,25.538
VARESE,LAVENO,22.457
VARESE,LAVENO MOMBELLO LAGO,22.46
VARESE,MALPENSA AEROPORTO T1,55.425
VARESE,MALPENSA AEROPORTO TERMINAL 2,56.03
VARESE,MILANO BOVISA,45.784
VARESE,MILANO CADORNA,49.913
VARESE,MILANO CENTRALE,53.235
VARESE,MILANO CERTOSA,48.547
VARESE,MILANO LAMBRATE,55.774
VARESE,MILANO LANCETTI,47.613
VARESE,MILANO PORTA GARIBALDI,53.524
VARESE,MILANO PORTA VITTORIA,53.548
VARESE,MILANO QUARTO OGGIARO,43.597
VARESE,MILANO ROGOREDO,57.547
VARESE,NOVATE MILANESE,41.756
VARESE,PARABIAGO,52.707
VARESE,PIOLTELLO LIMITO,62.888
VARESE,PORTO CERESIO,81.774
VARESE,RHO,56.337
VARESE,SARONNO,28.541
VARESE,SEGRATE,60.475
VARESE,STABIO,81.599
VARESE,TREVIGLIO,83.325
VARESE CASBENO,MILANO CADORNA,52.914
VARESE CASBENO,VARESE,3.001
VASTO S SALVO,LECCE,378.834
VASTO S SALVO,PESCARA,66.078
VASTO S SALVO,PORTO DI VASTO,11.318
VASTO S SALVO,TERAMO,125.961
VELLETRI,CECCHINA,12.903
VELLETRI,CIAMPINO,31.106
VELLETRI,LANUVIO,8.9
VELLETRI,PAVONA,18.042
VELLETRI,ROMA CASILINA,36.242
VELLETRI,ROMA TERMINI,41.223
VELLETRI,ROMA TIBURTINA,41.291
VELLETRI,ROMA TUSCOLANA,39.433
VENAFRO,CAMPOBASSO,81.719
VENAFRO,CANCELLO,78.94
VENAFRO,CAPUA,56.022
VENAFRO,CASERTA,67.132
VENAFRO,CASSINO,26.99
VENAFRO,CASTRO POFI,64.208
VENAFRO,CIAMPINO,153.332
VENAFRO,FROSINONE,79.373
VENAFRO,MOROLO,92.772
VENAFRO,NAPOLI CENTRALE,100.12
VENAFRO,ROCCA D EVANDRO,17.38
VENAFRO,ROCCA RAVINDOLA,6.435
VENAFRO,ROMA TERMINI,162.929
VENAFRO,ROMA TIBURTINA,161.357
VENAFRO,SPARANISE,40.728
VENAFRO,VAIRANO,21.324
VENAFRO,ZAGAROLO,130.132
VENARIA,ALBA,77.763
VENARIA,ASTI,67.155
VENARIA,BRA,60.236
VENARIA,CARMAGNOLA,40.37
VENARIA,FOSSANO,74.924
VENARIA REALE REGGIA,ALBA,77.729
VENARIA REALE REGGIA,ASTI,67.122
VENARIA REALE REGGIA,FOSSANO,74.891
VENEZIA MESTRE,ADRIA,97.373
VENEZIA MESTRE,BASILIANO,115.375
VENEZIA MESTRE,BASSANO DEL GRAPPA,54.859
VENEZIA MESTRE,BELLUNO,95.702
VENEZIA MESTRE,BEVILACQUA,80.995
VENEZIA MESTRE,BOLOGNA CENTRALE,153.54
VENEZIA MESTRE,BOLZANO,206.355
VENEZIA MESTRE,BRENNERO,295.152
VENEZIA MESTRE,BRESCIA,175.365
VENEZIA MESTRE,CALALZO PIEVE CADORE CORTINA,123.304
VENEZIA MESTRE,CASTEL D ARIO,117.148
VENEZIA MESTRE,CASTELFRANCO VENETO,36.115
VENEZIA MESTRE,CASTELLO DI GODEGO,40.966
VENEZIA MESTRE,CERVIGNANO A G,101.178
VENEZIA MESTRE,CERVIGNANO AQUILEIA GRADO,101.339
VENEZIA MESTRE,CHIASSO,303.099
VENEZIA MESTRE,CITTADELLA,47.556
VENEZIA MESTRE,CONEGLIANO,47.987
VENEZIA MESTRE,DOMODOSSOLA,378.317
VENEZIA MESTRE,ESTE,60.024
VENEZIA MESTRE,FELTRE,86.436
VENEZIA MESTRE,FERRARA,104.564
VENEZIA MESTRE,FIUMICINO AEROPORTO,528.968
VENEZIA MESTRE,GENOVA BRIGNOLE,390.249
VENEZIA MESTRE,GORIZIA CENTRALE,134.553
VENEZIA MESTRE,ISOLA DELLA SCALA,120.611
VENEZIA MESTRE,LATISANA LIGNANO BIBIONE,73.257
VENEZIA MESTRE,LECCE,945.351
VENEZIA MESTRE,LEGNAGO,89.713
VENEZIA MESTRE,MANTOVA,135.703
VENEZIA MESTRE,MANTOVA FRASSINE,129.38
VENEZIA MESTRE,MILANO CENTRALE,255.525
VENEZIA MESTRE,MILANO ROGOREDO,254.581
VENEZIA MESTRE,MONFALCONE,119.413
VENEZIA MESTRE,MONSELICE,51.803
VENEZIA MESTRE,NAPOLI CENTRALE,710.725
VENEZIA MESTRE,NOALE SCORZE,18.365
VENEZIA MESTRE,NOGARA,110.081
VENEZIA MESTRE,PADOVA,28.74
VENEZIA MESTRE,PIOMBINO DESE,26.87
VENEZIA MESTRE,PIOVE DI SACCO,126.699
VENEZIA MESTRE,PORTOGRUARO CAORLE,73.427
VENEZIA MESTRE,QUARTO D ALTINO,16.147
VENEZIA MESTRE,REGGIO CALABRIA CENTRALE,1149.409
VENEZIA MESTRE,REGGIO DI CALABRIA CENTRALE,1149.409
VENEZIA MESTRE,ROMA TERMINI,501.579
VENEZIA MESTRE,ROMA TIBURTINA,496.988
VENEZIA MESTRE,ROVIGO,73.005
VENEZIA MESTRE,S DONA DI PIAVE,32.781
VENEZIA MESTRE,S DONA DI PIAVE JESOLO,32.781
VENEZIA MESTRE,S GIORGIO DI NOGARO,90.85
VENEZIA MESTRE,S STINO DI LIVENZA,46.29
VENEZIA MESTRE,SACILE,65.056
VENEZIA MESTRE,SALERNO,755.486
VENEZIA MESTRE,TARVISIO BOSCOVERDE,215.479
VENEZIA MESTRE,TERME EUGANEE ABANO MONTEGR,42.008
VENEZIA MESTRE,TORINO PORTA NUOVA,402.599
VENEZIA MESTRE,TRENTO,150.798
VENEZIA MESTRE,TREVISO C,59.95
VENEZIA MESTRE,TREVISO CENTRALE,59.95
VENEZIA MESTRE,TRIESTE CENTRALE,145.231
VENEZIA MESTRE,UDINE,126.567
VENEZIA MESTRE,VENEZIA PORTO MARGHERA,2.204
VENEZIA MESTRE,VENEZIA S LUCIA,8.384
VENEZIA MESTRE,VENTIMIGLIA,524.572
VENEZIA MESTRE,VERONA PORTA NUOVA,110.782
VENEZIA MESTRE,VERONA PORTA VESCOVO,107.411
VENEZIA MESTRE,VICENZA,59.249
VENEZIA S LUCIA,1°BIVIO VALDARNO SUD,294.388
VENEZIA S LUCIA,ADRIA,105.257
VENEZIA S LUCIA,ALTAVILLA TAVERNELLE,74.773
VENEZIA S LUCIA,ANCONA,362.282
VENEZIA S LUCIA,BARI CENTRALE,803.871
VENEZIA S LUCIA,BASILIANO,123.759
VENEZIA S LUCIA,BASSANO DEL GRAPPA,62.743
VENEZIA S LUCIA,BATTIPAGLIA,783.308
VENEZIA S LUCIA,BELLUNO,104.086
VENEZIA S LUCIA,BIVIO D AURISINA,138.955
VENEZIA S LUCIA,BOLOGNA CENTRALE,161.424
VENEZIA S LUCIA,BOLOGNA CENTRALE/AV,161.287
VENEZIA S LUCIA,BOLZANO,214.238
VENEZIA S LUCIA,BRENNERO,303.036
VENEZIA S LUCIA,BRESCIA,183.249
VENEZIA S LUCIA,CALALZO PIEVE CADORE CORTINA,131.688
VENEZIA S LUCIA,CASARSA,101.287
VENEZIA S LUCIA,CASSOLA,56.891
VENEZIA S LUCIA,CASTELFRANCO VENETO,43.998
VENEZIA S LUCIA,CASTELLO DI GODEGO,48.849
VENEZIA S LUCIA,CASTELMAGGIORE,149.505
VENEZIA S LUCIA,CATTOLICA S GIOVANNI GABICCE,287.688
VENEZIA S LUCIA,CERVIGNANO A G,109.562
VENEZIA S LUCIA,CERVIGNANO AQUILEIA GRADO,109.724
VENEZIA S LUCIA,CHIASSO,310.982
VENEZIA S LUCIA,CHIUSI CHIANCIANO TERME,366.856
VENEZIA S LUCIA,CONEGLIANO,56.372
VENEZIA S LUCIA,CORMONS,152.251
VENEZIA S LUCIA,DESENZANO,155.682
VENEZIA S LUCIA,DESENZANO DEL GARDA SIRMIONE,155.381
VENEZIA S LUCIA,DOMODOSSOLA,386.2
VENEZIA S LUCIA,FERRARA,112.447
VENEZIA S LUCIA,FIRENZE CAMPO MARTE,251.71
VENEZIA S LUCIA,FIRENZE RIFREDI,248.836
VENEZIA S LUCIA,FIRENZE S MARIA NOVELLA,250.048
VENEZIA S LUCIA,FIUMICINO AEROPORTO,536.852
VENEZIA S LUCIA,FOGGIA,681.377
VENEZIA S LUCIA,FORTEZZA,262.773
VENEZIA S LUCIA,GENOVA BRIGNOLE,398.132
VENEZIA S LUCIA,GENOVA P PRINCIPE,395.681
VENEZIA S LUCIA,GIOVINAZZO,785.448
VENEZIA S LUCIA,GORIZIA CENTRALE,142.937
VENEZIA S LUCIA,GRISIGNANO DI ZOCCO,52.729
VENEZIA S LUCIA,GROSSETO,462.072
VENEZIA S LUCIA,INCORONATA,691.647
VENEZIA S LUCIA,LAMEZIA TERME CENTRALE,1037.248
VENEZIA S LUCIA,LANCENIGO,35.686
VENEZIA S LUCIA,LATISANA LIGNANO BIBIONE,81.641
VENEZIA S LUCIA,LECCE,953.234
VENEZIA S LUCIA,LEGNAGO,97.596
VENEZIA S LUCIA,MAERNE DI MARTELLAGO,18.918
VENEZIA S LUCIA,MANTOVA,143.586
VENEZIA S LUCIA,MILANO CENTRALE,263.408
VENEZIA S LUCIA,MILANO LAMBRATE,260.628
VENEZIA S LUCIA,MILANO PORTA GARIBALDI,265.646
VENEZIA S LUCIA,MIRA MIRANO,17.578
VENEZIA S LUCIA,MODANE,509.759
VENEZIA S LUCIA,MOGLIANO VENETO,17.7
VENEZIA S LUCIA,MONFALCONE,127.798
VENEZIA S LUCIA,MONOPOLI,844.408
VENEZIA S LUCIA,MONSELICE,59.686
VENEZIA S LUCIA,MONTAGNANA,83.913
VENEZIA S LUCIA,NAPOLI AFRAGOLA,724.778
VENEZIA S LUCIA,NAPOLI CENTRALE,718.608
VENEZIA S LUCIA,NOALE SCORZE,26.249
VENEZIA S LUCIA,PADOVA,36.624
VENEZIA S LUCIA,PESARO,302.75
VENEZIA S LUCIA,PESCARA,508.322
VENEZIA S LUCIA,PIOMBINO DESE,34.753
VENEZIA S LUCIA,PIOVE DI SACCO,134.582
VENEZIA S LUCIA,PISA CENTRALE,319.201
VENEZIA S LUCIA,POGGIO RENATICO,125.625
VENEZIA S LUCIA,POLESELLA,94.288
VENEZIA S LUCIA,PONTE NELLE ALPI POLPET,96.532
VENEZIA S LUCIA,PORDENONE,86.261
VENEZIA S LUCIA,PORTOGRUARO CAORLE,81.812
VENEZIA S LUCIA,QUARTO D ALTINO,24.532
VENEZIA S LUCIA,RAVENNA,241.368
VENEZIA S LUCIA,REGGIO CALABRIA CENTRALE,1157.293
VENEZIA S LUCIA,REGGIO DI CALABRIA CENTRALE,1157.293
VENEZIA S LUCIA,RIMINI,269.417
VENEZIA S LUCIA,ROMA OSTIENSE,511.906
VENEZIA S LUCIA,ROMA TERMINI,509.463
VENEZIA S LUCIA,ROMA TIBURTINA,504.871
VENEZIA S LUCIA,RONCHI DEI LEGIONARI NORD,124.54
VENEZIA S LUCIA,ROVIGO,80.888
VENEZIA S LUCIA,S BONIFACIO,94.569
VENEZIA S LUCIA,S CROCE DEL LAGO,83.813
VENEZIA S LUCIA,S DONA DI PIAVE,41.166
VENEZIA S LUCIA,S DONA DI PIAVE JESOLO,41.166
VENEZIA S LUCIA,S ELENA ESTE,65.603
VENEZIA S LUCIA,S GIORGIO DI NOGARO,99.234
VENEZIA S LUCIA,S GIORGIO DI PIANO,141.799
VENEZIA S LUCIA,S GIORGIO P,141.799
VENEZIA S LUCIA,S GIOVANNI AL NATISONE,146.821
VENEZIA S LUCIA,S PIETRO IN CASALE,135.679
VENEZIA S LUCIA,S STINO DI LIVENZA,54.674
VENEZIA S LUCIA,SACILE,73.44
VENEZIA S LUCIA,SALERNO,763.37
VENEZIA S LUCIA,SEREGNO,284.549
VENEZIA S LUCIA,SPRESIANO,43.234
VENEZIA S LUCIA,TARVISIO BOSCOVERDE,223.864
VENEZIA S LUCIA,TERME EUGANEE ABANO MONTEGR,49.892
VENEZIA S LUCIA,TERME EUGANEE ABANO MONTEGROTTO,49.892
VENEZIA S LUCIA,TERMOLI,597.381
VENEZIA S LUCIA,TORINO LINGOTTO,411.426
VENEZIA S LUCIA,TORINO PORTA NUOVA,410.482
VENEZIA S LUCIA,TORINO STURA,398.594
VENEZIA S LUCIA,TORVISCOSA,104.908
VENEZIA S LUCIA,TRENTO,158.681
VENEZIA S LUCIA,TREVISO C,67.833
VENEZIA S LUCIA,TREVISO CENTRALE,67.833
VENEZIA S LUCIA,TRIESTE CENTRALE,153.615
VENEZIA S LUCIA,UDINE,134.951
VENEZIA S LUCIA,VASTO S SALVO,574.4
VENEZIA S LUCIA,VENEZIA MESTRE,8.384
VENEZIA S LUCIA,VENTIMIGLIA,532.455
VENEZIA S LUCIA,VERBANIA PALLANZA,356.743
VENEZIA S LUCIA,VERONA PORTA NUOVA,118.665
VENEZIA S LUCIA,VERONA PORTA VESCOVO,115.295
VENEZIA S LUCIA,VICENZA,67.132
VENEZIA S LUCIA,VIPITENO VAL DI VIZZE,281.633
VENEZIA S LUCIA,VITTORIO VENETO,69.981
VENTIMIGLIA,ALASSIO,56.747
VENTIMIGLIA,ALBENGA,63.142
VENTIMIGLIA,ANDORA,50.44
VENTIMIGLIA,ARENZANO,121.026
VENTIMIGLIA,ARQUATA SCRIVIA,172.186
VENTIMIGLIA,BARI CENTRALE,1064.327
VENTIMIGLIA,BERGAMO,363.786
VENTIMIGLIA,BORDIGHERA,5.479
VENTIMIGLIA,BORGO S DALMAZZO,87.333
VENTIMIGLIA,BRENNERO,643.795
VENTIMIGLIA,BUSTO ARSIZIO,308.436
VENTIMIGLIA,CAVALLERMAGGIORE,140.112
VENTIMIGLIA,CEVA,145.988
VENTIMIGLIA,CHIAVARI,179.964
VENTIMIGLIA,CIVITAVECCHIA,555.876
VENTIMIGLIA,COGOLETO,117.836
VENTIMIGLIA,CUNEO,95.912
VENTIMIGLIA,DIANO,43.818
VENTIMIGLIA,FERRANIA,116.919
VENTIMIGLIA,FINALE LIGURE MARINA,81.944
VENTIMIGLIA,FOSSANO,122.407
VENTIMIGLIA,GALLARATE,316.558
VENTIMIGLIA,GENOVA BRIGNOLE,144.624
VENTIMIGLIA,GENOVA P PRINCIPE,142.173
VENTIMIGLIA,GENOVA PIAZZA PRINCIPE,142.285
VENTIMIGLIA,GENOVA SESTRI PONENTE,136.545
VENTIMIGLIA,GENOVA SESTRI PONENTE AEROPORTO,135.569
VENTIMIGLIA,GENOVA VOLTRI,128.316
VENTIMIGLIA,GROSSETO,448.691
VENTIMIGLIA,IMPERIA,38.995
VENTIMIGLIA,LA SPEZIA CENTRALE,229.124
VENTIMIGLIA,LECCE,1213.69
VENTIMIGLIA,LIMONE,67.44
VENTIMIGLIA,LIVORNO CENTRALE,321.674
VENTIMIGLIA,LOANO,71.749
VENTIMIGLIA,MILANO CENTRALE,274.748
VENTIMIGLIA,MILANO CERTOSA,280.948
VENTIMIGLIA,MILANO GRECO PIRELLI,277.814
VENTIMIGLIA,MILANO LAMBRATE,271.845
VENTIMIGLIA,MILANO PORTA GARIBALDI,276.984
VENTIMIGLIA,MILANO ROGOREDO,270.022
VENTIMIGLIA,MILANO S CRISTOFORO,275.231
VENTIMIGLIA,MONDOVI,140.881
VENTIMIGLIA,PADOVA,495.837
VENTIMIGLIA,PAVIA,238.455
VENTIMIGLIA,PIACENZA,271.63
VENTIMIGLIA,PIETRA LIGURE,74.994
VENTIMIGLIA,RAPALLO,171.478
VENTIMIGLIA,RECCO,162.29
VENTIMIGLIA,REGGIO CALABRIA CENTRALE,1283.509
VENTIMIGLIA,REGGIO DI CALABRIA CENTRALE,1283.509
VENTIMIGLIA,RHO,288.738
VENTIMIGLIA,ROMA AURELIA,616.441
VENTIMIGLIA,ROMA OSTIENSE,626.964
VENTIMIGLIA,ROMA TERMINI,633.865
VENTIMIGLIA,S GIUSEPPE DI CAIRO,120.633
VENTIMIGLIA,SANTUARIO,106.301
VENTIMIGLIA,SAVIGLIANO,133.25
VENTIMIGLIA,SAVONA,100.254
VENTIMIGLIA,SESTRI LEVANTE,187.425
VENTIMIGLIA,SPOTORNO NOLI,89.425
VENTIMIGLIA,TAGGIA ARMA,22.717
VENTIMIGLIA,TARANTO,1151.847
VENTIMIGLIA,TORINO LINGOTTO,180.291
VENTIMIGLIA,TORINO PORTA NUOVA,184.473
VENTIMIGLIA,TORTONA,197.076
VENTIMIGLIA,TREVIGLIO,299.38
VENTIMIGLIA,VENEZIA MESTRE,524.572
VENTIMIGLIA,VENEZIA S LUCIA,532.455
VENTIMIGLIA,VERDELLO DALMINE,309.314
VENTIMIGLIA,VERONA PORTA NUOVA,413.796
VENTIMIGLIA,VOGHERA,213.503
VENZONE,TRIESTE CENTRALE,107.285
VERBANIA PALLANZA,MILANO CENTRALE,93.349
VERBANIA PALLANZA,MILANO PORTA GARIBALDI,93.724
VERCELLI,CAVA CARBONARA,76.175
VERCELLI,CHIVASSO,49.807
VERCELLI,GARLASCO,63.151
VERCELLI,GROPELLO CAIROLI,69.079
VERCELLI,IVREA,82.298
VERCELLI,MILANO CENTRALE,72.96
VERCELLI,MILANO PORTA GARIBALDI,73.335
VERCELLI,MORTARA,46.137
VERCELLI,NOVARA,21.947
VERCELLI,PALESTRO,10.36
VERCELLI,PAVIA,83.654
VERCELLI,ROBBIO,15.549
VERCELLI,TORINO LINGOTTO,78.912
VERCELLI,TORINO PORTA NUOVA,77.969
VERDELLO DALMINE,BERGAMO,79.661
VERDELLO DALMINE,MILANO CENTRALE,40.267
VERDELLO DALMINE,MILANO GRECO PIRELLI,43.334
VERDELLO DALMINE,MILANO LAMBRATE,37.487
VERDELLO DALMINE,MILANO PORTA GARIBALDI,42.505
VERDELLO DALMINE,TREVIGLIO,9.934
VERDELLO DALMINE,VENTIMIGLIA,309.314
VERGATO,BOLOGNA CENTRALE,38.192
VERGATO,PIANORO,54.752
VERNANTE,CUNEO,19.433
VERNANTE,FOSSANO,45.929
VERNIO MONTEPIANO CANTAGALLO,AREZZO,103.709
VERNIO MONTEPIANO CANTAGALLO,BOLOGNA CENTRALE,61.591
VERNIO MONTEPIANO CANTAGALLO,FIRENZE CAMPO MARTE,38.56
VERNIO MONTEPIANO CANTAGALLO,FIRENZE CASTELLO,32.164
VERNIO MONTEPIANO CANTAGALLO,FIRENZE RIFREDI,35.686
VERNIO MONTEPIANO CANTAGALLO,FIRENZE S MARIA NOVELLA,36.897
VERNIO MONTEPIANO CANTAGALLO,MONTEVARCHI TERRANUOVA,77.627
VERNIO MONTEPIANO CANTAGALLO,PONTASSIEVE,54.607
VERNIO MONTEPIANO CANTAGALLO,PRATO CENTRALE,22.982
VEROLANUOVA,CREMONA,94.754
VEROLANUOVA,PISA CENTRALE,282.653
VEROLENGO,ALESSANDRIA,74.414
VERONA PORTA NUOVA,ALA,50.568
VERONA PORTA NUOVA,ALTAVILLA TAVERNELLE,43.893
VERONA PORTA NUOVA,ANCONA,318.788
VERONA PORTA NUOVA,BADIA POLESINE,70.219
VERONA PORTA NUOVA,BARI CENTRALE,760.377
VERONA PORTA NUOVA,BERGAMO,113.245
VERONA PORTA NUOVA,BOLOGNA CENTRALE,114.753
VERONA PORTA NUOVA,BOLZANO,146.25
VERONA PORTA NUOVA,BOVOLONE,53.326
VERONA PORTA NUOVA,BRENNERO,235.047
VERONA PORTA NUOVA,BRESCIA,64.589
VERONA PORTA NUOVA,BRONZOLO,135.266
VERONA PORTA NUOVA,BUTTAPIETRA,12.772
VERONA PORTA NUOVA,CAMPO DI TRENS,208.707
VERONA PORTA NUOVA,CASSANO D ADDA,120.357
VERONA PORTA NUOVA,CASTAGNARO,62.871
VERONA PORTA NUOVA,CASTELFRANCO VENETO,86.995
VERONA PORTA NUOVA,CEREA,44.26
VERONA PORTA NUOVA,CHIASSO,192.323
VERONA PORTA NUOVA,CHIOGGIA,155.989
VERONA PORTA NUOVA,COLLE ISARCO,219.796
VERONA PORTA NUOVA,COSTA,90.793
VERONA PORTA NUOVA,CREVALCORE,85.396
VERONA PORTA NUOVA,DESENZANO,37.022
VERONA PORTA NUOVA,DESENZANO DEL GARDA SIRMIONE,36.722
VERONA PORTA NUOVA,DOMEGLIARA,19.323
VERONA PORTA NUOVA,DOMEGLIARA S AMBROGIO,19.435
VERONA PORTA NUOVA,DOMODOSSOLA,267.541
VERONA PORTA NUOVA,EGNA TERMENO,124.349
VERONA PORTA NUOVA,FIRENZE CAMPO MARTE,208.07
VERONA PORTA NUOVA,FIRENZE S MARIA NOVELLA,206.408
VERONA PORTA NUOVA,FORTEZZA,194.785
VERONA PORTA NUOVA,GRISIGNANO DI ZOCCO,65.936
VERONA PORTA NUOVA,ISOLA DELLA SCALA,20.787
VERONA PORTA NUOVA,LECCO,190.779
VERONA PORTA NUOVA,LEGNAGO,51.685
VERONA PORTA NUOVA,LENDINARA,80.003
VERONA PORTA NUOVA,LONATO,41.059
VERONA PORTA NUOVA,LOREO,135.763
VERONA PORTA NUOVA,MANTOVA,57.093
VERONA PORTA NUOVA,MEZZOCORONA,107.547
VERONA PORTA NUOVA,MILANO CENTRALE,144.749
VERONA PORTA NUOVA,MILANO CERTOSA,152.425
VERONA PORTA NUOVA,MILANO LAMBRATE,141.969
VERONA PORTA NUOVA,MILANO PORTA GARIBALDI,146.987
VERONA PORTA NUOVA,MOZZECANE,19.534
VERONA PORTA NUOVA,NAPOLI CENTRALE,674.969
VERONA PORTA NUOVA,NOGARA,31.317
VERONA PORTA NUOVA,OSPITALETTO TRAVAGLIATO,75.779
VERONA PORTA NUOVA,PADOVA,82.047
VERONA PORTA NUOVA,PERI,36.202
VERONA PORTA NUOVA,PESCARA,464.829
VERONA PORTA NUOVA,PESCHIERA DEL GARDA,22.531
VERONA PORTA NUOVA,PIOLTELLO LIMITO,134.853
VERONA PORTA NUOVA,PISA CENTRALE,273.257
VERONA PORTA NUOVA,POGGIO RUSCO,56.131
VERONA PORTA NUOVA,PONTE GARDENA LAION,168.549
VERONA PORTA NUOVA,RHO FIERA,156.467
VERONA PORTA NUOVA,ROMA TERMINI,465.823
VERONA PORTA NUOVA,ROMANO,101.324
VERONA PORTA NUOVA,ROVATO,81.739
VERONA PORTA NUOVA,ROVERETO,67.029
VERONA PORTA NUOVA,ROVIGO,100.311
VERONA PORTA NUOVA,S ANTONIO MANTOVANO,33.384
VERONA PORTA NUOVA,S BONIFACIO,24.096
VERONA PORTA NUOVA,S FELICE SUL PANARO,71.915
VERONA PORTA NUOVA,S MARTINO BUONALBERGO,9.387
VERONA PORTA NUOVA,SIBARI,944.173
VERONA PORTA NUOVA,SOMMACAMPAGNA SONA,10.888
VERONA PORTA NUOVA,TARVISIO BOSCOVERDE,324.329
VERONA PORTA NUOVA,TORINO PORTA NUOVA,291.823
VERONA PORTA NUOVA,TRENTO,90.693
VERONA PORTA NUOVA,TREVIGLIO,119.737
VERONA PORTA NUOVA,TREVISO C,111.547
VERONA PORTA NUOVA,TRIESTE CENTRALE,254.385
VERONA PORTA NUOVA,VENEZIA MESTRE,110.782
VERONA PORTA NUOVA,VENEZIA S LUCIA,118.665
VERONA PORTA NUOVA,VENTIMIGLIA,413.796
VERONA PORTA NUOVA,VERONA PORTA VESCOVO,3.371
VERONA PORTA NUOVA,VICENZA,51.533
VERONA PORTA NUOVA,VILLAFRANCA DI VERONA,14.432
VERONA PORTA NUOVA,VIPITENO,213.644
VERONA PORTA NUOVA,VIPITENO VAL DI VIZZE,213.644
VERONA PORTA VESCOVO,BOLOGNA CENTRALE,118.118
VERONA PORTA VESCOVO,FIRENZE S MARIA NOVELLA,209.774
VERONA PORTA VESCOVO,NAPOLI CENTRALE,678.334
VERONA PORTA VESCOVO,ROMA OSTIENSE,471.632
VERONA PORTA VESCOVO,TREVISO C,108.177
VERONA PORTA VESCOVO,VENEZIA S LUCIA,115.295
VERONA PORTA VESCOVO,VERONA PORTA NUOVA,3.371
VERRES,AOSTA,37.847
VERRES,IVREA,28.406
VERRES,TORINO PORTA NUOVA,88.625
VETRALLA,BRACCIANO,36.883
VETRALLA,ROMA OSTIENSE,77.151
VETRALLA,ROMA TIBURTINA,84.487
VEZZANO LIGURE,FIRENZE S MARIA NOVELLA,144.641
VEZZANO LIGURE,FORTE DEI MARMI SERAVEZZA QUERCETA,32.084
VEZZANO LIGURE,LA SPEZIA CENTRALE,7.247
VEZZANO LIGURE,LEVANTO,27.808
VEZZANO LIGURE,PARMA,111.953
VEZZANO LIGURE,PISA CENTRALE,67.299
VEZZANO LIGURE,PONTREMOLI,33.655
VEZZANO LIGURE,SAVONA,136.117
VEZZANO LIGURE,SESTRI LEVANTE,48.946
VEZZANO LIGURE,VIAREGGIO,46.021
VIA LUNGA,BOLOGNA CENTRALE,17.701
VIADANA BRESCIANA,BRESCIA,22.175
VIAREGGIO,ALTOPASCIO,35.884
VIAREGGIO,AREZZO,165.433
VIAREGGIO,AULLA LUNIGIANA,56.27
VIAREGGIO,BORGO A BUGGIANO,48.87
VIAREGGIO,BORGO VAL DI TARO,94.293
VIAREGGIO,CANCELLO,557.592
VIAREGGIO,CASTELNUOVO DI GARFAGNANA,67.093
VIAREGGIO,EMPOLI,68.26
VIAREGGIO,FIRENZE CASTELLO,94.669
VIAREGGIO,FIRENZE RIFREDI,97.41
VIAREGGIO,FIRENZE S MARIA NOVELLA,98.621
VIAREGGIO,FORNACI DI BARGA,53.68
VIAREGGIO,GENOVA PIAZZA PRINCIPE,140.098
VIAREGGIO,GROSSETO,166.309
VIAREGGIO,LA SPEZIA CENTRALE,53.26
VIAREGGIO,LUCCA,22.103
VIAREGGIO,MASSAROSA BOZZANO,7.849
VIAREGGIO,MILANO CENTRALE,256.35
VIAREGGIO,MILANO PORTA GARIBALDI,258.586
VIAREGGIO,MILANO ROGOREDO,251.623
VIAREGGIO,MINUCCIANO PIEVE CASOLA,80.297
VIAREGGIO,MONTECATINI TERME,52.586
VIAREGGIO,MONTECATINI TERME MONSUMMANO,52.979
VIAREGGIO,PIAZZA AL SERCHIO,79.618
VIAREGGIO,PISA CENTRALE,21.279
VIAREGGIO,PISTOIA,65.97
VIAREGGIO,PONTEDERA CASCIANA TERME,40.68
VIAREGGIO,PONTREMOLI,76.316
VIAREGGIO,PORCARI,31.217
VIAREGGIO,PRATO CENTRALE,82.99
VIAREGGIO,ROMA TERMINI,351.482
VIAREGGIO,TASSIGNANO,27.308
VIBO MARINA,REGGIO CALABRIA CENTRALE,112.692
VIBO MARINA,REGGIO DI CALABRIA CENTRALE,112.692
VICCHIO,FIRENZE S MARIA NOVELLA,42.94
VICCHIO,PONTASSIEVE,25.209
VICENZA,ALTAVILLA TAVERNELLE,7.641
VICENZA,BASSANO DEL GRAPPA,38.238
VICENZA,BELLUNO,117.123
VICENZA,BRESCIA,116.117
VICENZA,CALALZO PIEVE CADORE CORTINA,160.649
VICENZA,CASTELFRANCO VENETO,35.462
VICENZA,CAVAZZALE,7.774
VICENZA,CHIASSO,243.85
VICENZA,CITTADELLA,23.667
VICENZA,DOMODOSSOLA,319.068
VICENZA,DUEVILLE,12.725
VICENZA,FELTRE,86.5
VICENZA,FIRENZE S MARIA NOVELLA,240.779
VICENZA,GRISIGNANO DI ZOCCO,14.403
VICENZA,ISTRANA,48.696
VICENZA,LA SPEZIA CENTRALE,316.276
VICENZA,LONGARONE ZOLDO,135.205
VICENZA,MILANO CENTRALE,196.276
VICENZA,MILANO CERTOSA,203.953
VICENZA,MILANO PORTA GARIBALDI,198.514
VICENZA,MONTEBELLUNA,48.899
VICENZA,PADOVA,30.513
VICENZA,PONTE NELLE ALPI POLPET,124.676
VICENZA,ROMA TERMINI,500.195
VICENZA,ROMA TIBURTINA,495.603
VICENZA,S BONIFACIO,27.437
VICENZA,S PIETRO IN GU,13.193
VICENZA,SCHIO,31.182
VICENZA,THIENE,21.802
VICENZA,TREVISO C,60.014
VICENZA,TREVISO CENTRALE,60.014
VICENZA,VENEZIA MESTRE,59.249
VICENZA,VENEZIA S LUCIA,67.132
VICENZA,VERONA PORTA NUOVA,51.533
VICENZA,VERONA PORTA VESCOVO,48.163
VICOFERTILE,PONTREMOLI,70.76
VIGARANO PIEVE,POGGIO RUSCO,104.842
VIGARANO PIEVE,SUZZARA,175.941
VIGEVANO,ALESSANDRIA,55.106
VIGEVANO,MILANO PORTA GARIBALDI,44.812
VIGEVANO,MILANO ROGOREDO,41.352
VIGEVANO,MILANO S CRISTOFORO,31.076
VIGEVANO,MORTARA,13.238
VIGEVANO,VALENZA,43.007
VIGNA CLARA,ROMA OSTIENSE,13.48
VIGNA CLARA,ROMA S PIETRO,8.539
VIGNOLA,BAZZANO,7.074
VIGNOLA,BOLOGNA CENTRALE,32.303
VIGNOLA,CASALECCHIO GARIBALDI,24.14
VIGNOLA,CRESPELLANO,11.44
VIGNOLA,VIA LUNGA,14.603
VIGODARZERE,BASSANO DEL GRAPPA,42.742
VIGODARZERE,BELLUNO,107.004
VIGODARZERE,CASTELFRANCO VENETO,25.343
VIGODARZERE,MONTEBELLUNA,38.78
VIGODARZERE,TREVISO C,49.895
VIGODARZERE,TREVISO CENTRALE,49.895
VILLA LITERNO,ALBANOVA,5.904
VILLA LITERNO,AVERSA,14.378
VILLA LITERNO,CAMPOLEONE,146.765
VILLA LITERNO,CANCELLO,34.344
VILLA LITERNO,CASERTA,27.28
VILLA LITERNO,CASORIA,24.433
VILLA LITERNO,CAVALLEGGERI AOSTA,26.906
VILLA LITERNO,EMPOLI,465.371
VILLA LITERNO,FONDI SPERLONGA,70.698
VILLA LITERNO,FORMIA GAETA,51.884
VILLA LITERNO,FRATTAMAGGIORE GRUMO,19.881
VILLA LITERNO,GIUGLIANO QUALIANO,8.762
VILLA LITERNO,MILANO CENTRALE,738.382
VILLA LITERNO,NAPOLI CAMPI FLEGREI,27.544
VILLA LITERNO,NAPOLI CENTRALE,33.552
VILLA LITERNO,NAPOLI S GIOV BARRA,35.604
VILLA LITERNO,POZZUOLI SOLFATARA,31.629
VILLA LITERNO,PRIVERNO FOSSANOVA,94.878
VILLA LITERNO,QUARTO DI MARANO,16.177
VILLA LITERNO,REGGIO DI CALABRIA CENTRALE,475.296
VILLA LITERNO,ROMA TERMINI,180.156
VILLA LITERNO,ROMA TIBURTINA,180.225
VILLA LITERNO,ROMA TUSCOLANA,178.366
VILLA LITERNO,S MARCELLINO FRIGNANO,9.591
VILLA LITERNO,S MARIA LA BRUNA,47.991
VILLA LITERNO,SESSA AURUNCA R,27.142
VILLA OPICINA,BIVIO D AURISINA,16.342
VILLA OPICINA,CERVIGNANO A G,45.736
VILLA OPICINA,MILANO CENTRALE,400.81
VILLA OPICINA,MONFALCONE,27.499
VILLA OPICINA,PALMANOVA,56.061
VILLA OPICINA,TRIESTE CENTRALE,20.763
VILLA OPICINA,UDINE,74.009
VILLA OPICINA,VENEZIA MESTRE,146.913
VILLA OPICINA,VENEZIA S LUCIA,155.297
VILLA S GIOVANNI,BARI CENTRALE,453.144
VILLA S GIOVANNI,BATTIPAGLIA,359.909
VILLA S GIOVANNI,CATANZARO LIDO,149.19
VILLA S GIOVANNI,CISTERNA DI LATINA,591.482
VILLA S GIOVANNI,COSENZA,185.644
VILLA S GIOVANNI,FORMIA GAETA,513.099
VILLA S GIOVANNI,LAMEZIA TERME CENTRALE,105.964
VILLA S GIOVANNI,LATINA,580.468
VILLA S GIOVANNI,MELITO DI PORTO SALVO,43.876
VILLA S GIOVANNI,MILANO CENTRALE,1196.537
VILLA S GIOVANNI,NAPOLI CENTRALE,431.267
VILLA S GIOVANNI,REGGIO CALABRIA CENTRALE,14.081
VILLA S GIOVANNI,REGGIO DI CALABRIA CENTRALE,14.081
VILLA S GIOVANNI,REGGIO DI CALABRIA GALLICO,6.177
VILLA S GIOVANNI,REGGIO DI CALABRIA PELLARO,24.305
VILLA S GIOVANNI,ROCCA IMPERIALE,279.477
VILLA S GIOVANNI,ROMA TERMINI,639.928
VILLA S GIOVANNI,SALINE DI REGGIO,37.144
VILLA S GIOVANNI,SIBARI,235.337
VILLA S GIOVANNI,SOVERATO,166.676
VILLA S GIOVANNI,TARANTO,358.143
VILLADOSSOLA,NOVARA,82.662
VILLAFRANCA BAGNONE,LA SPEZIA CENTRALE,29.822
VILLAFRANCA BAGNONE,PARMA,89.373
VILLAFRANCA C,ASTI,14.994
VILLAFRANCA C,TORINO LINGOTTO,36.44
VILLAFRANCA C,TORINO STURA,49.261
VILLAFRANCA CANTARANA,TORINO AEROPORTO DI CASELLE,59.568
VILLAFRANCA CANTARANA,TORINO LINGOTTO,36.44
VILLAFRANCA DI VERONA,MANTOVA,64.418
VILLAFRANCA DI VERONA,VERONA PORTA NUOVA,14.432
VILLALBA,CALTANISSETTA CENTRALE,32.884
VILLANOVA,ASTI,84.467
VILLANOVA,TORINO AEROPORTO,9.906
VILLANOVA,TORINO STURA,27.673
VILLANOVA,TROFARELLO,41.737
VILLANOVA D ARDA,CREMONA,13.262
VILLANOVA D ARDA,FIDENZA,19.645
VILLANOVA D ARDA,PARMA,41.748
VILLANOVA D ASTI,ASTI,25.614
VILLANOVA D ASTI,TORINO AEROPORTO DI CASELLE,48.949
VILLANOVA D ASTI,TORINO PORTA NUOVA,30.004
VILLANOVA D ASTI,TORINO STURA,38.642
VILLANOVA D ASTI,TROFARELLO,17.118
VILLAROSA,CATANIA CENTRALE,99.785
VILLASANTA,LECCO,30.899
VILLASANTA,MILANO PORTA GARIBALDI,15.557
VILLASANTA,MONZA,10.042
VILLASANTA PARCO,LECCO,30.899
VILLASANTA PARCO,MILANO PORTA GARIBALDI,15.557
VILLASOR,CAGLIARI,25.479
VILLASOR,ORISTANO,67.682
VILLETTA,ROMA TERMINI,26.864
VILPIANO NALLES,BOLZANO,17.415
VILPIANO NALLES,BRENNERO,106.213
VILPIANO NALLES,MERANO,15.826
VIPITENO,BOLOGNA CENTRALE,323.798
VIPITENO,BOLZANO,67.399
VIPITENO,FORTEZZA,18.86
VIPITENO,MERANO,100.636
VIPITENO,VERONA PORTA NUOVA,213.644
VIPITENO VAL DI VIZZE,BOLOGNA CENTRALE,323.798
VIPITENO VAL DI VIZZE,BOLZANO,67.399
VIPITENO VAL DI VIZZE,MERANO,100.636
VIPITENO VAL DI VIZZE,VERONA PORTA NUOVA,213.644
VISANO,BRESCIA,29.162
VISANO,PARMA,63.451
VITERBO PORTA FIORENTINA,1 BIVIO ORTE SUD,56.398
VITERBO PORTA FIORENTINA,ATTIGLIANO,39.113
VITERBO PORTA FIORENTINA,ATTIGLIANO BOMARZO,39.113
VITERBO PORTA FIORENTINA,BRACCIANO,48.509
VITERBO PORTA FIORENTINA,CAPRANICA,26.67
VITERBO PORTA FIORENTINA,CAPRANICA SUTRI,25.033
VITERBO PORTA FIORENTINA,CESANO DI ROMA,60.054
VITERBO PORTA FIORENTINA,GROTTE S STEFANO,22.778
VITERBO PORTA FIORENTINA,IPOGEO DEGLI OTTAVI,73.812
VITERBO PORTA FIORENTINA,LA STORTA,68.92
VITERBO PORTA FIORENTINA,MANZIANA CANALE MONTERANO,39.265
VITERBO PORTA FIORENTINA,ORIOLO,34.317
VITERBO PORTA FIORENTINA,ORTE,52.347
VITERBO PORTA FIORENTINA,ROMA OSTIENSE,88.777
VITERBO PORTA FIORENTINA,ROMA S PIETRO,83.836
VITERBO PORTA FIORENTINA,ROMA TERMINI,95.677
VITERBO PORTA FIORENTINA,ROMA TIBURTINA,96.113
VITERBO PORTA FIORENTINA,ROMA TUSCOLANA,92.254
VITERBO PORTA FIORENTINA,SIPICCIANO,33.704
VITERBO PORTA FIORENTINA,VETRALLA,11.626
VITERBO PORTA FIORENTINA,VITERBO PORTA ROMANA,1.615
VITERBO PORTA ROMANA,BRACCIANO,46.894
VITERBO PORTA ROMANA,CAPRANICA,25.055
VITERBO PORTA ROMANA,CAPRANICA SUTRI,23.419
VITERBO PORTA ROMANA,CESANO DI ROMA,58.44
VITERBO PORTA ROMANA,LA STORTA,67.306
VITERBO PORTA ROMANA,MANZIANA CANALE MONTERANO,37.651
VITERBO PORTA ROMANA,ORIOLO,32.703
VITERBO PORTA ROMANA,ROMA OSTIENSE,87.162
VITERBO PORTA ROMANA,ROMA S PIETRO,82.221
VITERBO PORTA ROMANA,ROMA TIBURTINA,94.498
VITERBO PORTA ROMANA,VITERBO PORTA FIORENTINA,1.615
VITTORIA,MODICA,60.966
VITTORIA,RAGUSA,41.19
VITTORIA,ROSOLINI,105.174
VITTORIA,SIRACUSA,153.234
VITTORIO VENETO,BELLUNO,34.105
VITTORIO VENETO,CONEGLIANO,13.61
VITTORIO VENETO,TREVISO C,114.73
VITTORIO VENETO,VENEZIA S LUCIA,69.981
VITTUONE ARLUNO,MILANO CENTRALE,23.842
VITTUONE ARLUNO,MILANO PORTA GARIBALDI,24.218
VITTUONE ARLUNO,NOVARA,27.171
VITTUONE ARLUNO,PIOLTELLO LIMITO,33.724
VITTUONE ARLUNO,RHO,8.378
VITTUONE ARLUNO,TORINO PORTA NUOVA,127.086
VITTUONE ARLUNO,TREVIGLIO,54.162
VIZZINI,CATANIA CENTRALE,65.313
VIZZINI LICODIA,CATANIA CENTRALE,65.313
VOGHERA,ALBENGA,150.362
VOGHERA,ALESSANDRIA,38.341
VOGHERA,ANCONA,409.235
VOGHERA,ARENA PO,29.629
VOGHERA,ARQUATA SCRIVIA,42.012
VOGHERA,ASTI,72.613
VOGHERA,BOLOGNA CENTRALE,205.2
VOGHERA,BRESSANA BOTTARONE,15.22
VOGHERA,BRONI,21.135
VOGHERA,BUSALLA,56.764
VOGHERA,CASTEL S GIOVANNI,36.28
VOGHERA,CASTEL S PIETRO TERME,228.444
VOGHERA,CASTELBOLOGNESE,247.206
VOGHERA,CASTELBOLOGNESE RIOLO TERME,247.206
VOGHERA,CESENA,287.968
VOGHERA,DEIVA MARINA,133.958
VOGHERA,FAENZA,255.523
VOGHERA,FIDENZA,93.067
VOGHERA,FIORENZUOLA,80.107
VOGHERA,FORLI,270.147
VOGHERA,GENOVA BRIGNOLE,79.18
VOGHERA,GENOVA P PRINCIPE,76.729
VOGHERA,GENOVA PIAZZA PRINCIPE,76.841
VOGHERA,IMOLA,239.465
VOGHERA,IMPERIA,174.508
VOGHERA,LA SPEZIA CENTRALE,163.68
VOGHERA,LIVORNO CENTRALE,256.23
VOGHERA,MILANO CENTRALE,61.245
VOGHERA,MILANO CERTOSA,67.445
VOGHERA,MILANO GRECO PIRELLI,64.31
VOGHERA,MILANO LAMBRATE,58.341
VOGHERA,MILANO PORTA GARIBALDI,63.481
VOGHERA,MILANO ROGOREDO,56.518
VOGHERA,MODENA,168.541
VOGHERA,NOVI LIGURE,35.07
VOGHERA,PARMA,115.17
VOGHERA,PAVIA,24.952
VOGHERA,PESARO,349.703
VOGHERA,PIACENZA,58.126
VOGHERA,POZZOLO FORMIGARO,30.508
VOGHERA,RIMINI,316.37
VOGHERA,RONCO SCRIVIA,51.339
VOGHERA,S GIULETTA,14.018
VOGHERA,SAVONA,113.249
VOGHERA,SESTRI LEVANTE,121.981
VOGHERA,STRADELLA,24.947
VOGHERA,TAGGIA ARMA,190.787
VOGHERA,TORTONA,16.428
VOGHERA,VENTIMIGLIA,213.503
VOLPIANO,CHIERI,41.835
VOLPIANO,RIVAROLO,15.113
VOLTERRA SALINE POMARANCE,CECINA,29.513
VOLTERRA SALINE POMARANCE,PISA CENTRALE,79.238
ZAGAROLO,BENEVENTO,224.811
ZAGAROLO,CASERTA,165.365
ZAGAROLO,CASSINO,103.141
ZAGAROLO,FROSINONE,50.759
ZAGAROLO,ISERNIA,154.651
ZAGAROLO,ROCCA RAVINDOLA,136.567
ZAGAROLO,ROMA OSTIENSE,35.837
ZAGAROLO,ROMA TERMINI,34.745
ZAGAROLO,ROMA TIBURTINA,34.813
ZAGAROLO,ROMA TUSCOLANA,32.955
ZAGAROLO,VENAFRO,130.132
ZAPPULLA,MESSINA CENTRALE,380.862
