partenza,arrivo,corse,con_misura,con_durata,durata_tot,ritardo_tot,in_ritardo,mesi,primo_mese,ultimo_mese,km,qualita_km,durata_media_min,ritardo_medio_min,min_per_100km,ritardo_per_100km,km_h_programmati,km_h_effettivi,pct_ritardo,attraversa_stretto
EBOLI,NOCERA INFERIORE,474,457,474,46173.0000,2470,197,53,2019-10,2026-07,40.7500,ufficiale,97.4114,5.4048,239.0464,13.2633,25.0997,23.7803,43.1072,False
MILANO S CRISTOFORO,SARONNO,1203,1192,1203,102239.0000,30787,1062,65,2019-10,2026-07,36.5600,ufficiale,84.9867,25.8280,232.4582,70.6456,25.8111,19.7952,89.0940,False
CASTELLAMMARE STABIA,NAPOLI CAMPI FLEGREI,6921,6453,6914,553122.0000,7063,413,77,2019-10,2026-07,36.3500,ufficiale,80.0003,1.0945,220.0833,3.0111,27.2624,26.8944,6.4001,False
COSTA MASNAGA,MILANO PORTA GARIBALDI,771,767,771,66216.0000,1637,71,7,2020-08,2024-08,39.1000,ufficiale,85.8833,2.1343,219.6503,5.4585,27.3161,26.6538,9.2568,False
GENOVA VOLTRI,RECCO,5892,5547,5889,440494.0000,12445,975,81,2019-10,2026-07,34.4000,ufficiale,74.7995,2.2436,217.4403,6.5220,27.5938,26.7902,17.5771,False
GERMAGNANO,TORINO LINGOTTO,635,629,635,55732.0000,1904,69,13,2025-05,2026-07,41.1800,ufficiale,87.7669,3.0270,213.1300,7.3507,28.1518,27.2133,10.9698,False
ALBAIRATE VERMEZZO,SARONNO,55939,54170,55925,6037216.0000,116430,7358,77,2019-10,2026-07,51.0200,ufficiale,107.9520,2.1493,211.5876,4.2127,28.3570,27.8035,13.5832,False
LECCO MAGGIANICO,MONZA,11131,10984,11129,851420.0000,46513,2474,81,2019-10,2026-07,36.7900,ufficiale,76.5046,4.2346,207.9495,11.5102,28.8532,27.3399,22.5237,False
NAPOLI CAMPI FLEGREI,TORRE ANNUNZIATA CENTRALE,10382,10056,10368,655884.0000,16517,863,79,2019-10,2026-07,30.6400,ufficiale,63.2604,1.6425,206.4635,5.3606,29.0608,28.3254,8.5819,False
AULLA LUNIGIANA,PISA CENTRALE,13296,13103,13296,2070851.0000,40789,2447,68,2019-10,2026-07,77.5200,ufficiale,155.7499,3.1130,200.9158,4.0157,29.8633,29.2781,18.6751,False
MILANO PORTA GARIBALDI,MOLTENO,1680,1618,1679,138504.0000,4641,294,76,2019-10,2026-07,41.7900,ufficiale,82.4920,2.8684,197.3964,6.8637,30.3957,29.3743,18.1706,False
ARQUATA SCRIVIA,GENOVA BRIGNOLE,55113,47600,55101,4179563.0000,66544,3933,82,2019-10,2026-07,38.4300,ufficiale,75.8528,1.3980,197.3790,3.6377,30.3984,29.8483,8.2626,False
ALBAIRATE VERMEZZO,MILANO PORTA GARIBALDI,9648,9319,9643,625305.0000,17829,1161,77,2019-10,2026-07,32.9700,ufficiale,64.8455,1.9132,196.6803,5.8028,30.5064,29.6321,12.4584,False
BORGO S LORENZO,FIRENZE RIFREDI,1931,1907,1931,140868.0000,3877,188,82,2019-10,2026-07,37.1000,ufficiale,72.9508,2.0330,196.6329,5.4799,30.5137,29.6864,9.8584,False
BESANA,MILANO PORTA GARIBALDI,2485,2383,2485,150958.0000,2606,141,73,2019-10,2026-07,31.1500,ufficiale,60.7477,1.0936,195.0166,3.5107,30.7666,30.2225,5.9169,False
MARIANO COMENSE,MILANO ROGOREDO,784,739,784,53032.0000,3953,347,54,2019-10,2025-12,34.7700,ufficiale,67.6429,5.3491,194.5437,15.3843,30.8414,28.5812,46.9553,False
GENOVA SESTRI PONENTE,SESTRI LEVANTE,1294,1260,1294,127386.0000,4402,248,39,2019-10,2025-03,50.8800,stimata,98.4436,3.4937,193.4819,6.8665,31.0107,29.9478,19.6825,False
BORGO S LORENZO,FIRENZE S MARIA NOVELLA,96181,94414,96177,6354042.0000,201533,11395,82,2019-10,2026-07,34.3300,ufficiale,66.0661,2.1346,192.4443,6.2178,31.1779,30.2020,12.0692,False
MEDA,MILANO ROGOREDO,1717,1578,1717,100748.0000,5200,392,47,2019-10,2026-04,30.8600,ufficiale,58.6768,3.2953,190.1386,10.6783,31.5559,29.8780,24.8416,False
ARQUATA SCRIVIA,GENOVA PIAZZA PRINCIPE,929,613,929,62446.0000,1383,69,17,2025-03,2026-07,35.7900,ufficiale,67.2185,2.2561,187.8137,6.3038,31.9466,30.9091,11.2561,False
ARQUATA SCRIVIA,GENOVA P PRINCIPE,401,359,401,26538.0000,1918,89,31,2019-10,2025-03,35.4100,confermata,66.1796,5.3426,186.8951,15.0879,32.1036,29.7055,24.7911,False
NAPOLI CAMPI FLEGREI,NOCERA INFERIORE,6918,6704,6918,583171.0000,13067,638,63,2019-10,2026-07,45.2000,ufficiale,84.2976,1.9491,186.4992,4.3122,32.1717,31.4447,9.5167,False
CESANO ROMA,ROMA TIBURTINA,73962,72579,73945,4880497.0000,99578,4845,82,2019-10,2026-07,35.5600,ufficiale,66.0017,1.3720,185.6066,3.8583,32.3264,31.6681,6.6755,False
CINISI TERRASINI,PALERMO CENTRALE,1191,1189,1191,83753.0000,1196,45,51,2019-10,2024-11,37.9800,ufficiale,70.3216,1.0059,185.1542,2.6485,32.4054,31.9484,3.7847,False
NAPOLI CAMPI FLEGREI,SALERNO,97294,81176,97268,10692362.0000,120158,6584,77,2019-10,2026-07,60.0200,ufficiale,109.9268,1.4802,183.1503,2.4662,32.7600,32.3247,8.1108,False
LA SPEZIA MIGLIARINA,SESTRI LEVANTE,1665,1208,1665,134579.0000,2850,204,17,2023-07,2026-07,44.2700,ufficiale,80.8282,2.3593,182.5801,5.3293,32.8623,31.9303,16.8874,False
LEVANTO,SAVONA,1698,1672,1698,335903.0000,3282,226,81,2019-10,2026-07,108.8200,ufficiale,197.8227,1.9629,181.7889,1.8038,33.0053,32.6810,13.5167,False
GENOVA VOLTRI,SESTRI LEVANTE,1615,1608,1615,173346.0000,4898,261,79,2019-10,2026-06,59.5000,ufficiale,107.3350,3.0460,180.3949,5.1194,33.2604,32.3425,16.2313,False
GENOVA BRIGNOLE,NOVI LIGURE,10079,9937,10079,903660.0000,21894,1307,82,2019-10,2026-07,49.8800,ufficiale,89.6577,2.2033,179.7468,4.4172,33.3803,32.5797,13.1529,False
ANGUILLARA,ROMA OSTIENSE,580,568,580,32544.0000,1411,57,60,2019-11,2026-07,31.2400,ufficiale,56.1103,2.4842,179.6106,7.9518,33.4056,31.9894,10.0352,False
BOLOGNA CENTRALE,VIGNOLA,36551,36227,36550,2121430.0000,70066,3750,73,2019-10,2026-07,32.3800,ufficiale,58.0419,1.9341,179.2522,5.9731,33.4724,32.3930,10.3514,False
ANGUILLARA,ROMA TIBURTINA,1799,1779,1799,124289.0000,4938,206,80,2019-10,2026-07,38.6100,ufficiale,69.0878,2.7757,178.9376,7.1891,33.5312,32.2361,11.5795,False
ALBAIRATE VERMEZZO,MILANO GRECO PIRELLI,793,746,791,43697.0000,4628,232,65,2019-10,2026-07,31.1600,ufficiale,55.2427,6.2038,177.2873,19.9093,33.8434,30.4265,31.0992,False
GUASTALLA,S LAZZARO,6441,6386,6441,348996.0000,29646,2632,43,2020-02,2025-03,30.6900,stimata,54.1835,4.6423,176.5510,15.1266,33.9845,31.3026,41.2152,False
MALPENSA AEROPORTO T1,NOVATE MILANESE,619,569,619,43881.0000,2,0,23,2021-05,2023-03,40.3000,ufficiale,70.8901,0.0035,175.9061,0.0087,34.1091,34.1074,0.0000,False
MALPENSA AEROPORTO TERMINAL 2,STABIO,12492,12278,12492,874276.0000,22440,1413,17,2025-03,2026-07,39.9500,stimata,69.9869,1.8277,175.1862,4.5749,34.2493,33.3776,11.5084,False
COLICO,LECCO MAGGIANICO,16138,15899,16137,1095519.0000,64991,4400,78,2019-10,2026-07,38.9800,ufficiale,67.8886,4.0877,174.1628,10.4868,34.4505,32.4940,27.6747,False
CUNEO,VENTIMIGLIA,3416,3321,3415,566195.0000,7992,443,47,2019-10,2026-07,95.9000,confermata,165.7965,2.4065,172.8848,2.5094,34.7052,34.2087,13.3394,False
BRACCIANO,ROMA OSTIENSE,13192,12764,13192,1013398.0000,26941,1467,81,2019-10,2026-07,44.4400,ufficiale,76.8191,2.1107,172.8603,4.7496,34.7101,33.7819,11.4933,False
CESANO ROMA,MONTEROTONDO MENTANA,2825,2719,2825,274895.0000,5414,308,17,2025-03,2026-07,56.4800,ufficiale,97.3080,1.9912,172.2875,3.5254,34.8255,34.1272,11.3277,False
PARMA,SUZZARA,29285,28910,29282,2196791.0000,107584,7293,74,2019-10,2026-07,43.7700,ufficiale,75.0219,3.7213,171.4003,8.5020,35.0058,33.3514,25.2266,False
GENOVA PIAZZA PRINCIPE,SESTRI LEVANTE,1716,1682,1716,132632.0000,5896,467,17,2025-03,2026-07,45.2200,ufficiale,77.2914,3.5054,170.9230,7.7518,35.1035,33.5806,27.7646,False
GENOVA P PRINCIPE,SESTRI LEVANTE,3848,3813,3848,295385.0000,12780,950,66,2019-10,2025-03,45.1800,confermata,76.7633,3.3517,169.9054,7.4185,35.3138,33.8364,24.9148,False
GENOVA VOLTRI,LA SPEZIA CENTRALE,2509,2509,2509,429541.0000,7490,462,76,2019-10,2026-06,100.9600,ufficiale,171.2001,2.9853,169.5722,2.9569,35.3832,34.7768,18.4137,False
MARTINA FRANCA,TARANTO,3028,2837,3028,178336.0000,17864,810,18,2025-02,2026-07,34.8500,ufficiale,58.8956,6.2968,168.9975,18.0683,35.5035,32.0743,28.5513,False
GENOVA VOLTRI,SARZANA,495,445,495,96105.0000,2033,140,27,2023-06,2026-07,115.9300,ufficiale,194.1515,4.5685,167.4731,3.9408,35.8267,35.0030,31.4607,False
GALLARATE,MILANO CENTRALE,11922,11609,11922,847683.0000,31271,2339,20,2020-07,2026-07,42.4600,ufficiale,71.1024,2.6937,167.4574,6.3441,35.8300,34.5221,20.1482,False
GENOVA BRIGNOLE,SESTRI LEVANTE,4302,4115,4302,306279.0000,13086,757,82,2019-10,2026-07,42.5800,ufficiale,71.1946,3.1801,167.2019,7.4685,35.8848,34.3504,18.3961,False
SAVONA,SESTRI LEVANTE,87288,80417,87271,12760924.0000,192419,11219,82,2019-10,2026-07,87.5300,ufficiale,146.2218,2.3928,167.0534,2.7337,35.9167,35.3384,13.9510,False
BENEVENTO,SALERNO,988,983,986,128058.0000,5573,240,10,2019-10,2020-12,77.8300,confermata,129.8763,5.6694,166.8717,7.2843,35.9558,34.4519,24.4151,False
MONTEVARCHI TERRANUOVA,VERNIO MONTEPIANO CANTAGALLO,1327,1320,1327,171642.0000,624,26,67,2019-10,2026-07,77.6200,ufficiale,129.3459,0.4727,166.6399,0.6090,36.0058,35.8747,1.9697,False
PALERMO CENTRALE,PIRAINETO,560,536,560,29530.0000,799,32,35,2019-10,2026-07,31.6800,ufficiale,52.7321,1.4907,166.4525,4.7054,36.0463,35.0554,5.9701,False
BRACCIANO,ROMA TIBURTINA,44572,44012,44566,3833959.0000,102798,5552,81,2019-10,2026-07,51.8100,ufficiale,86.0288,2.3357,166.0467,4.5082,36.1344,35.1793,12.6147,False
MILANO PORTA GARIBALDI,PIACENZA,2478,2382,2478,291880.0000,12850,853,31,2019-10,2026-07,70.9400,ufficiale,117.7885,5.3946,166.0397,7.6045,36.1359,34.5534,35.8102,False
MILANO CERTOSA,TREVIGLIO,7911,7697,7907,501563.0000,21729,1213,82,2019-10,2026-07,38.2300,ufficiale,63.4328,2.8230,165.9241,7.3844,36.1611,34.6204,15.7594,False
GUASTALLA,REGGIO S LAZZARO,4398,4333,4398,223417.0000,8951,614,17,2025-03,2026-07,30.6400,ufficiale,50.7997,2.0658,165.7953,6.7421,36.1892,34.7751,14.1703,False
CASERTA,POZZUOLI SOLFATARA,1810,1751,1810,144755.0000,7149,357,78,2019-10,2026-07,48.2400,ufficiale,79.9751,4.0828,165.7859,8.4635,36.1912,34.4334,20.3883,False
PESCIA,PISA CENTRALE,308,305,308,23585.0000,631,32,13,2020-08,2026-04,46.1900,ufficiale,76.5747,2.0689,165.7819,4.4790,36.1921,35.2400,10.4918,False
ASSO,MILANO CADORNA,65795,65407,65793,5471581.0000,193472,14110,82,2019-10,2026-07,50.4100,ufficiale,83.1636,2.9580,164.9744,5.8678,36.3693,35.1201,21.5726,False
MONTEVARCHI TERRANUOVA,PRATO CENTRALE,9190,9043,9190,865814.0000,14578,899,80,2019-10,2026-07,57.1100,ufficiale,94.2126,1.6121,164.9669,2.8228,36.3709,35.7590,9.9414,False
LODI,MILANO BOVISA,19685,17620,19667,1220360.0000,21857,1345,81,2019-10,2026-07,37.6400,ufficiale,62.0512,1.2405,164.8543,3.2956,36.3958,35.6825,7.6334,False
TIVOLI,VAL D ALA,656,631,656,45456.0000,1136,48,22,2023-06,2025-06,42.0500,ufficiale,69.2927,1.8003,164.7864,4.2814,36.4108,35.4887,7.6070,False
ROMA TIBURTINA,TIVOLI,18781,18352,18781,1182191.0000,30154,1651,40,2023-04,2026-07,38.2600,ufficiale,62.9461,1.6431,164.5220,4.2945,36.4693,35.5415,8.9963,False
RECCO,SAVONA,3242,3147,3242,333023.0000,5809,312,81,2019-10,2026-07,62.4400,ufficiale,102.7215,1.8459,164.5123,2.9563,36.4714,35.8276,9.9142,False
COMO S GIOVANNI,LECCO MAGGIANICO,11524,11169,11523,790520.0000,34536,2069,79,2019-10,2026-07,41.7200,ufficiale,68.6037,3.0921,164.4383,7.4116,36.4878,34.9142,18.5245,False
MERONE,MILANO CADORNA,1474,1473,1474,95333.0000,8102,566,14,2025-06,2026-07,39.3400,ufficiale,64.6764,5.5003,164.4036,13.9815,36.4955,33.6351,38.4250,False
RHO,TREVIGLIO,2283,2213,2283,172109.0000,4310,185,48,2019-10,2026-07,46.0500,ufficiale,75.3872,1.9476,163.7073,4.2293,36.6508,35.7278,8.3597,False
LODI,SARONNO,54843,53413,54839,4875416.0000,115081,8726,79,2019-10,2026-07,54.6300,ufficiale,88.9042,2.1546,162.7387,3.9439,36.8689,35.9966,16.3368,False
ALBAIRATE VERMEZZO,SEREGNO,11915,11298,11896,942935.0000,57489,3035,79,2019-10,2026-07,49.4100,ufficiale,79.2649,5.0884,160.4227,10.2984,37.4012,35.1450,26.8632,False
LECCO MAGGIANICO,SESTO S GIOVANNI,494,490,494,32929.0000,6681,314,47,2019-10,2026-07,41.6700,ufficiale,66.6579,13.6347,159.9662,32.7206,37.5079,31.1386,64.0816,False
LA SPEZIA CENTRALE,SAVONA,8438,8343,8438,1739204.0000,28801,1772,82,2019-10,2026-07,129.0000,ufficiale,206.1157,3.4521,159.7796,2.6761,37.5517,36.9332,21.2394,False
MELITO PORTO SALVO,VILLA S GIOVANNI,12180,12089,12180,854308.0000,10012,304,58,2019-10,2026-07,43.9000,ufficiale,70.1402,0.8282,159.7727,1.8865,37.5533,37.1151,2.5147,False
LAMEZIA TERME CENTRALE,SIBARI,1270,1259,1270,261767.0000,4203,278,46,2019-10,2025-07,129.2300,ufficiale,206.1157,3.3384,159.4953,2.5833,37.6187,37.0191,22.0810,False
LUCCA,MONTECATINI TERME,2909,2641,2909,142097.0000,5529,397,45,2019-10,2025-03,30.6300,stimata,48.8474,2.0935,159.4756,6.8349,37.6233,36.0771,15.0322,False
AREZZO,VERNIO MONTEPIANO CANTAGALLO,1371,762,1371,226580.0000,2382,147,67,2019-10,2026-07,103.7400,ufficiale,165.2662,3.1260,159.3081,3.0133,37.6629,36.9637,19.2913,False
MONTECATINI TERME,PISA CENTRALE,905,839,904,77084.0000,1572,112,42,2019-10,2025-03,53.6000,stimata,85.2699,1.8737,159.0857,3.4956,37.7155,36.9046,13.3492,False
PALERMO AEROPORTO,PALERMO CENTRALE,31664,30655,31664,1796677.0000,36665,1503,17,2025-03,2026-07,35.6700,ufficiale,56.7419,1.1961,159.0747,3.3531,37.7181,36.9395,4.9030,False
FIRENZE CAMPO MARTE,MONTEVARCHI TERRANUOVA,2970,2903,2968,182454.0000,5100,323,80,2019-10,2026-07,38.6500,ufficiale,61.4737,1.7568,159.0523,4.5454,37.7234,36.6753,11.1264,False
LECCO MAGGIANICO,MILANO PORTA GARIBALDI,202892,198623,202822,14847753.0000,640649,43827,82,2019-10,2026-07,46.1500,ufficiale,73.2058,3.2255,158.6259,6.9891,37.8249,36.2286,22.0654,False
FIRENZE CAMPO MARTE,PISTOIA,1700,1685,1700,95713.0000,4453,375,77,2019-10,2026-07,35.5100,ufficiale,56.3018,2.6427,158.5519,7.4422,37.8425,36.1459,22.2552,False
LECCO MAGGIANICO,MORBEGNO,716,708,716,61706.0000,3537,233,22,2021-09,2026-05,54.3700,ufficiale,86.1816,4.9958,158.5094,9.1885,37.8526,35.7786,32.9096,False
GUASTALLA,PARMA,915,906,915,45952.0000,2270,110,47,2020-11,2026-07,31.6900,ufficiale,50.2208,2.5055,158.4751,7.9063,37.8608,36.0617,12.1413,False
GENOVA QUARTO DEI MILLE,SAVONA,739,734,738,57856.0000,3182,199,31,2019-10,2026-07,49.5300,ufficiale,78.3957,4.3351,158.2792,8.7526,37.9077,35.9213,27.1117,False
BENEVENTO,NAPOLI CENTRALE,16287,13157,16283,1904478.0000,73959,3670,82,2019-10,2026-07,74.0600,stimata,116.9611,5.6213,157.9275,7.5902,37.9921,36.2499,27.8939,False
PIOLTELLO LIMITO,VARESE,1148,1139,1148,113665.0000,8055,293,80,2019-10,2026-07,62.7100,ufficiale,99.0113,7.0720,157.8876,11.2773,38.0017,35.4683,25.7243,False
NAPOLI S GIOV BARRA,SALERNO,1599,1327,1598,117434.0000,6400,214,59,2019-10,2025-03,46.9000,stimata,73.4881,4.8229,156.6911,10.2834,38.2919,35.9336,16.1266,False
CESANO ROMA,FARA SABINA,1141,1136,1141,123228.0000,821,34,64,2019-10,2025-03,69.0000,stimata,108.0000,0.7227,156.5217,1.0474,38.3333,38.0785,2.9930,False
RIVAROLO,TORINO LINGOTTO,1741,1697,1741,108111.0000,5385,290,43,2019-10,2026-07,39.6800,stimata,62.0971,3.1732,156.4946,7.9971,38.3400,36.4760,17.0890,False
GENOVA BRIGNOLE,SAVONA,20500,19830,20495,1439366.0000,53572,3232,82,2019-10,2026-07,44.9600,ufficiale,70.2301,2.7016,156.2057,6.0088,38.4109,36.9880,16.2985,False
BRA,GERMAGNANO,598,590,598,79704.0000,2165,86,13,2025-05,2026-07,85.7100,ufficiale,133.2843,3.6695,155.5061,4.2813,38.5837,37.5499,14.5763,False
MONTEVARCHI TERRANUOVA,PISTOIA,12324,12201,12324,1417750.0000,20647,1360,81,2019-10,2026-07,74.1600,ufficiale,115.0398,1.6922,155.1237,2.2819,38.6788,38.1181,11.1466,False
LA SPEZIA CENTRALE,SESTRI LEVANTE,66666,61809,66663,4284030.0000,148228,10644,82,2019-10,2026-07,41.4700,ufficiale,64.2640,2.3982,154.9650,5.7829,38.7184,37.3255,17.2208,False
CODOGNO,PAVIA,39402,38609,39396,2830067.0000,124711,9010,82,2019-10,2026-07,46.4800,ufficiale,71.8364,3.2301,154.5534,6.9494,38.8215,37.1511,23.3365,False
ALBA,GERMAGNANO,6584,6503,6584,1049591.0000,12884,732,13,2025-05,2026-07,103.2000,ufficiale,159.4154,1.9812,154.4723,1.9198,38.8419,38.3651,11.2563,False
CASSANO D ADDA,VARESE,364,358,364,43546.0000,5442,238,50,2020-01,2026-07,77.5600,ufficiale,119.6319,15.2011,154.2443,19.5992,38.8993,34.5138,66.4804,False
ROMA TIBURTINA,VELLETRI,13205,12758,13203,836004.0000,26427,1589,76,2019-10,2026-07,41.0600,ufficiale,63.3192,2.0714,154.2115,5.0448,38.9076,37.6751,12.4549,False
PALERMO CENTRALE,PUNTA RAISI,127461,126388,127438,7055021.0000,104238,2760,66,2019-10,2025-03,35.9200,stimata,55.3604,0.8247,154.1214,2.2961,38.9303,38.3589,2.1838,False
ROMA TERMINI,TIVOLI,4669,4635,4668,283382.0000,10282,624,82,2019-10,2026-07,39.5700,ufficiale,60.7074,2.2183,153.4177,5.6061,39.1089,37.7302,13.4628,False
LODI,MILANO LANCETTI,20999,20928,20998,1150997.0000,24592,1587,39,2021-11,2025-03,35.7300,ufficiale,54.8146,1.1751,153.4134,3.2888,39.1100,38.2892,7.5831,False
AULLA LUNIGIANA,LUCCA,10750,10472,10749,1290563.0000,34043,2382,66,2019-10,2026-06,78.3100,ufficiale,120.0635,3.2509,153.3183,4.1513,39.1343,38.1026,22.7464,False
LAMEZIA TERME CENTRALE,ROSARNO,13872,12963,13871,1272002.0000,23921,1145,66,2019-10,2026-07,59.8200,ufficiale,91.7023,1.8453,153.2970,3.0848,39.1397,38.3676,8.8328,False
TREVIGLIO,VARESE,137609,133151,137586,17572335.0000,387978,25971,82,2019-10,2026-07,83.4700,ufficiale,127.7189,2.9138,153.0118,3.4909,39.2127,38.3380,19.5049,False
CASERTA,NAPOLI CAMPI FLEGREI,45343,44106,45324,3096300.0000,152286,9479,82,2019-10,2026-07,44.7000,ufficiale,68.3148,3.4527,152.8295,7.7242,39.2594,37.3707,21.4914,False
BORGO S LORENZO,PONTASSIEVE,5458,5377,5458,272082.0000,9826,571,77,2019-10,2026-07,32.6800,ufficiale,49.8501,1.8274,152.5402,5.5918,39.3339,37.9430,10.6193,False
ERBA,MILANO CADORNA,20983,20958,20983,1386777.0000,72107,6194,77,2019-10,2026-03,43.3300,ufficiale,66.0905,3.4405,152.5283,7.9403,39.3370,37.3905,29.5543,False
FIRENZE CAMPO MARTE,VERNIO MONTEPIANO CANTAGALLO,1827,1749,1827,108472.0000,3791,280,53,2019-10,2026-07,38.9700,ufficiale,59.3716,2.1675,152.3522,5.5620,39.3824,37.9953,16.0091,False
NAPOLI CENTRALE,NOCERA INFERIORE,953,826,953,52870.0000,2866,158,36,2019-10,2026-02,36.4800,ufficiale,55.4774,3.4697,152.0763,9.5113,39.4539,37.1316,19.1283,False
COMO S GIOVANNI,RHO,32743,32409,32737,2889070.0000,96413,6832,74,2019-10,2026-06,58.1100,ufficiale,88.2509,2.9749,151.8687,5.1194,39.5078,38.2195,21.0806,False
MANDELA SAMBUCI,ROMA TIBURTINA,3128,3109,3128,249183.0000,4979,236,24,2023-04,2025-03,52.5100,stimata,79.6621,1.6015,151.7084,3.0499,39.5496,38.7701,7.5909,False
FIRENZE S MARIA NOVELLA,RIMINI,304,300,304,74758.0000,1178,51,8,2020-07,2022-08,162.6400,ufficiale,245.9145,3.9267,151.2017,2.4143,39.6821,39.0584,17.0000,False
COMO S GIOVANNI,MILANO CERTOSA,793,780,792,59936.0000,6310,391,69,2019-10,2026-06,50.2800,ufficiale,75.6768,8.0897,150.5107,16.0894,39.8643,36.0144,50.1282,False
RIVAROLO,TROFARELLO,627,625,627,45521.0000,5553,267,37,2019-10,2026-07,48.3700,stimata,72.6013,8.8848,150.0957,18.3684,39.9745,35.6159,42.7200,False
CORTEOLONA,CREMONA,513,507,513,42061.0000,2449,184,24,2020-11,2026-07,54.7100,ufficiale,81.9903,4.8304,149.8634,8.8291,40.0365,37.8090,36.2919,False
ROMA TIBURTINA,VALLE DELL ANIENE MANDELA SAMBUCI,2021,1999,2021,158451.0000,2814,122,17,2025-03,2026-07,52.3400,ufficiale,78.4023,1.4077,149.7942,2.6895,40.0550,39.3485,6.1031,False
AVEZZANO,SORA,1202,1177,1202,89745.0000,2306,104,39,2019-10,2026-07,49.8800,ufficiale,74.6631,1.9592,149.6854,3.9279,40.0841,39.0591,8.8360,False
FIRENZE RIFREDI,MONTEVARCHI TERRANUOVA,1706,1679,1705,110803.0000,4902,332,81,2019-10,2026-07,43.4900,ufficiale,64.9871,2.9196,149.4300,6.7133,40.1526,38.4263,19.7737,False
ROMA TERMINI,VELLETRI,73641,72503,73637,4507488.0000,171255,8700,80,2019-10,2026-07,41.0100,ufficiale,61.2123,2.3620,149.2618,5.7597,40.1978,38.7043,11.9995,False
EDOLO,ISEO,549,546,549,62997.0000,1551,33,32,2019-12,2025-02,77.0000,ufficiale,114.7486,2.8407,149.0242,3.6892,40.2619,39.2893,6.0440,False
PIAZZA AL SERCHIO,PISA CENTRALE,5211,5194,5211,624194.0000,16927,901,67,2019-10,2026-06,80.4600,ufficiale,119.7839,3.2590,148.8739,4.0504,40.3026,39.2351,17.3469,False
FIUMICINO AEROPORTO,ROMA TIBURTINA,15489,15203,15482,737884.0000,21653,1126,82,2019-10,2026-07,32.0800,ufficiale,47.6608,1.4243,148.5685,4.4397,40.3854,39.2136,7.4064,False
FAENZA,MARRADI PALAZZUOLO SUL SENIO,2116,1826,2116,107919.0000,1092,40,9,2025-04,2026-04,34.3300,ufficiale,51.0014,0.5980,148.5622,1.7420,40.3871,39.9190,2.1906,False
GENOVA BRIGNOLE,PRASCO CREMOLINO,1963,1956,1962,155610.0000,12072,925,7,2019-12,2026-07,53.5600,ufficiale,79.3119,6.1718,148.0805,11.5231,40.5185,37.5931,47.2904,False
LEVANTO,SARZANA,3646,3622,3646,189539.0000,15280,1280,55,2019-10,2026-07,35.1500,ufficiale,51.9855,4.2187,147.8961,12.0019,40.5690,37.5239,35.3396,False
SCHIO,VICENZA,64885,62665,64877,2989852.0000,49667,2344,81,2019-10,2026-07,31.1800,ufficiale,46.0849,0.7926,147.8029,2.5419,40.5946,39.9083,3.7405,False
CASTELNUOVO GARFAGNANA,PISA CENTRALE,4114,4082,4114,411892.0000,8779,505,33,2019-11,2026-07,68.0000,ufficiale,100.1196,2.1507,147.2347,3.1627,40.7513,39.8943,12.3714,False
UDINE,VILLA OPICINA,3837,3807,3837,409104.0000,10400,549,73,2019-10,2026-07,72.4400,ufficiale,106.6208,2.7318,147.1850,3.7711,40.7650,39.7467,14.4208,False
ACQUI TERME,GENOVA BRIGNOLE,44664,44336,44653,3971659.0000,179632,11344,80,2019-10,2026-07,60.5000,ufficiale,88.9450,4.0516,147.0165,6.6969,40.8118,39.0337,25.5864,False
CHIERI,RIVAROLO,33044,32310,33042,2761284.0000,80722,4663,58,2019-10,2026-07,56.9500,stimata,83.5689,2.4984,146.7408,4.3869,40.8884,39.7015,14.4321,False
CREMONA,PAVIA,10341,10168,10341,1117773.0000,37655,2144,82,2019-10,2026-07,73.8100,ufficiale,108.0914,3.7033,146.4454,5.0173,40.9709,39.6137,21.0858,False
LECCO MAGGIANICO,SONDRIO,32418,32016,32416,3766721.0000,120535,7551,76,2019-10,2026-07,79.4400,ufficiale,116.1994,3.7648,146.2732,4.7392,41.0191,39.7318,23.5851,False
CATANIA AEROPORTO FONTANAROSSA,TAORMINA,1969,1956,1969,148984.0000,2344,104,16,2023-12,2025-03,51.7900,stimata,75.6648,1.1984,146.0993,2.3139,41.0680,40.4277,5.3170,False
BUSTO ARSIZIO,TREVIGLIO,618,575,618,58492.0000,5310,208,54,2019-10,2026-07,65.0600,ufficiale,94.6472,9.2348,145.4769,14.1943,41.2437,37.5772,36.1739,False
AREZZO,PRATO CENTRALE,7043,6790,7043,852441.0000,18169,1167,82,2019-10,2026-07,83.2300,ufficiale,121.0338,2.6758,145.4209,3.2150,41.2596,40.3671,17.1870,False
FIRENZE S MARIA NOVELLA,S GIOVANNI VALDARNO,364,361,364,19654.0000,3214,120,48,2019-11,2026-06,37.1900,ufficiale,53.9945,8.9030,145.1855,23.9394,41.3264,35.4767,33.2410,False
CAMNAGO LENTATE,MILANO CADORNA,137802,136914,137789,6098773.0000,221603,17243,82,2019-10,2026-07,30.5500,ufficiale,44.2617,1.6186,144.8828,5.2981,41.4128,39.9518,12.5940,False
LUCCA,MONTECATINI TERME MONSUMMANO,424,394,424,18952.0000,602,32,7,2025-05,2026-07,30.8800,ufficiale,44.6981,1.5279,144.7478,4.9479,41.4514,40.0813,8.1218,False
MALPENSA AEROPORTO T1,STABIO,4731,4633,4731,297102.0000,4203,233,23,2021-05,2023-05,43.4100,stimata,62.7990,0.9072,144.6648,2.0898,41.4752,40.8846,5.0291,False
BRESCIA,PISOGNE,2675,2672,2675,183374.0000,3113,159,69,2019-12,2026-07,47.4800,stimata,68.5510,1.1650,144.3787,2.4538,41.5574,40.8629,5.9506,False
FIUMICINO AEROPORTO,MONTEROTONDO MENTANA,933,914,933,71237.0000,4443,177,17,2025-03,2026-07,53.0000,ufficiale,76.3526,4.8611,144.0616,9.1718,41.6489,39.1560,19.3654,False
GARBAGNATE MILANESE,PAVIA,13018,12359,13018,950295.0000,45166,3903,30,2019-10,2026-07,50.8000,ufficiale,72.9985,3.6545,143.6979,7.1939,41.7543,39.7636,31.5802,False
BELGIOIOSO,CREMONA,539,530,539,45927.0000,1583,84,27,2019-10,2026-07,59.3800,ufficiale,85.2078,2.9868,143.4958,5.0300,41.8131,40.3970,15.8491,False
MELFI,POTENZA INFERIORE,6396,6349,6394,489729.0000,6649,310,26,2019-10,2021-11,53.3800,stimata,76.5920,1.0473,143.4844,1.9619,41.8164,41.2524,4.8827,False
MELFI,POTENZA CENTRALE,11508,11091,11507,871870.0000,16519,753,41,2021-11,2025-08,52.8700,ufficiale,75.7687,1.4894,143.3113,2.8171,41.8669,41.0598,6.7893,False
BOLOGNA ROVERI,PORTOMAGGIORE,8081,7968,8081,482204.0000,14666,935,11,2025-03,2026-01,41.7600,ufficiale,59.6713,1.8406,142.8911,4.4076,41.9900,40.7336,11.7344,False
CODIGORO,FERRARA,21368,20998,21367,1623671.0000,69656,5178,71,2019-10,2026-06,53.2100,ufficiale,75.9897,3.3173,142.8109,6.2343,42.0136,40.2563,24.6595,False
AGRIGENTO CENTRALE,CALTANISSETTA CENTRALE,6559,6354,6556,664186.0000,5925,286,70,2019-10,2026-05,71.0200,ufficiale,101.3096,0.9325,142.6495,1.3130,42.0612,41.6775,4.5011,False
CHIASSO,MILANO PORTA GARIBALDI,64461,62655,64431,4406729.0000,246085,18353,81,2019-10,2026-07,48.0000,stimata,68.3945,3.9276,142.4886,8.1825,42.1086,39.8218,29.2922,False
FORNACI BARGA,PISA CENTRALE,1705,1684,1705,133153.0000,3688,202,31,2020-09,2026-07,55.0100,ufficiale,78.0956,2.1900,141.9662,3.9811,42.2636,41.1107,11.9952,False
SARZANA,SESTRI LEVANTE,2043,1928,2043,163560.0000,3278,266,77,2019-10,2026-07,56.4300,ufficiale,80.0587,1.7002,141.8727,3.0129,42.2914,41.4120,13.7967,False
CHIAVENNA,MILANO PORTA GARIBALDI,434,425,434,70565.0000,1265,59,52,2019-10,2026-07,114.6300,ufficiale,162.5922,2.9765,141.8408,2.5966,42.3009,41.5405,13.8824,False
AVEZZANO,CASSINO,18884,18760,18882,2578554.0000,78124,3688,75,2019-10,2026-07,96.4400,ufficiale,136.5615,4.1644,141.6025,4.3181,42.3721,41.1182,19.6588,False
GALLARATE,MILANO LAMBRATE,890,759,890,53974.0000,2723,226,4,2025-01,2026-05,42.9100,ufficiale,60.6449,3.5876,141.3306,8.3608,42.4537,40.0825,29.7760,False
MINUCCIANO PIEVE CASOLA,PISA CENTRALE,1499,1489,1499,187882.0000,8739,563,68,2019-10,2026-07,88.8000,ufficiale,125.3382,5.8690,141.1467,6.6093,42.5090,40.6075,37.8106,False
GENOVA PIAZZA PRINCIPE,LA SPEZIA CENTRALE,693,688,693,84723.0000,2590,167,17,2025-03,2026-07,86.6800,ufficiale,122.2554,3.7645,141.0422,4.3430,42.5404,41.2697,24.2733,False
BORGO VALSUGANA EST,TRENTO,6176,6043,6174,387572.0000,18948,1256,72,2019-10,2026-07,44.5400,ufficiale,62.7749,3.1355,140.9404,7.0398,42.5712,40.5460,20.7844,False
COLICO,MILANO ROGOREDO,1258,1239,1258,166685.0000,9354,772,50,2022-04,2026-07,94.0300,ufficiale,132.5000,7.5496,140.9125,8.0290,42.5796,40.2843,62.3083,False
FOSSANO,GERMAGNANO,741,739,741,104624.0000,627,36,12,2025-05,2026-07,100.3100,ufficiale,141.1930,0.8484,140.7566,0.8458,42.6268,42.3721,4.8714,False
GALLARATE,TREVIGLIO,7514,7363,7514,761291.0000,49747,2751,82,2019-10,2026-07,72.1600,ufficiale,101.3163,6.7563,140.4051,9.3630,42.7335,40.0619,37.3625,False
ROMA TIBURTINA,VITERBO PORTA ROMANA,7447,7383,7447,982370.0000,13151,695,81,2019-10,2026-07,94.0900,ufficiale,131.9149,1.7813,140.2007,1.8931,42.7958,42.2256,9.4135,False
BORGO S LORENZO,FIRENZE CAMPO MARTE,15827,15236,15825,735150.0000,31490,1465,81,2019-10,2026-07,33.1500,ufficiale,46.4550,2.0668,140.1357,6.2347,42.8156,40.9919,9.6154,False
LUCCA,MINUCCIANO PIEVE CASOLA,2703,2652,2703,248022.0000,7821,553,65,2019-10,2026-06,65.7200,ufficiale,91.7580,2.9491,139.6197,4.4874,42.9739,41.6357,20.8522,False
ANCONA,FABRIANO,47466,46195,47465,4652270.0000,112110,6021,82,2019-10,2026-07,70.2600,ufficiale,98.0147,2.4269,139.5029,3.4542,43.0099,41.9706,13.0339,False
MILANO BOVISA,PAVIA,72492,70471,72453,4055284.0000,204683,15074,82,2019-10,2026-07,40.1800,ufficiale,55.9712,2.9045,139.3012,7.2287,43.0721,40.9473,21.3904,False
LAMEZIA TERME CENTRALE,MELITO PORTO SALVO,1474,1407,1474,308170.0000,3546,194,14,2020-12,2023-07,150.1300,ufficiale,209.0706,2.5203,139.2597,1.6787,43.0850,42.5718,13.7882,False
ACQUI TERME,SAVONA,8314,8167,8313,789953.0000,23972,1561,81,2019-10,2026-07,68.3000,ufficiale,95.0262,2.9352,139.1306,4.2976,43.1249,41.8328,19.1135,False
ACQUI TERME,GENOVA PIAZZA PRINCIPE,547,545,547,43934.0000,3002,159,16,2025-03,2026-07,57.8600,ufficiale,80.3181,5.5083,138.8146,9.5200,43.2231,40.4491,29.1743,False
PISA CENTRALE,SAVONA,1686,688,1686,476305.0000,3205,158,82,2019-10,2026-07,203.5800,ufficiale,282.5059,4.6584,138.7690,2.2883,43.2373,42.5359,22.9651,False
MILANO PORTA GARIBALDI,PONTE S PIETRO,36330,35464,36330,2131324.0000,167352,11596,66,2020-09,2026-07,42.3000,ufficiale,58.6657,4.7189,138.6895,11.1559,43.2621,40.0413,32.6979,False
FIRENZE S MARIA NOVELLA,PISTOIA,96793,95676,96771,4487625.0000,143654,6960,82,2019-10,2026-07,33.4400,ufficiale,46.3737,1.5015,138.6772,4.4900,43.2659,41.9090,7.2746,False
ACQUI TERME,GENOVA P PRINCIPE,637,630,637,50876.0000,6213,306,40,2019-11,2025-03,57.6600,stimata,79.8681,9.8619,138.5157,17.1035,43.3164,38.5557,48.5714,False
FARA SABINA MONTELIBRETTI,ROMA OSTIENSE,522,501,522,28786.0000,2905,164,17,2025-03,2026-07,39.8300,ufficiale,55.1456,5.7984,138.4524,14.5579,43.3362,39.2130,32.7345,False
ALCANTARA,CATANIA CENTRALE,1929,1896,1929,115877.0000,2239,100,82,2019-10,2026-07,43.4400,ufficiale,60.0710,1.1809,138.2850,2.7185,43.3886,42.5521,5.2743,False
CATANIA AEROPORTO FONTANAROSSA,TAORMINA GIARDINI,473,465,473,34591.0000,861,64,9,2025-04,2026-04,52.9500,ufficiale,73.1311,1.8516,138.1135,3.4969,43.4425,42.3698,13.7634,False
PRIMOLANO,TRENTO,4909,4883,4909,454022.0000,14613,865,25,2019-11,2026-07,66.9900,ufficiale,92.4877,2.9926,138.0619,4.4673,43.4588,42.0966,17.7145,False
GENOVA P PRINCIPE,LA SPEZIA CENTRALE,2020,2016,2020,242846.0000,5080,313,66,2019-10,2025-03,87.0800,stimata,120.2208,2.5198,138.0579,2.8937,43.4600,42.5678,15.5258,False
BRENO,BRESCIA,13507,13418,13506,1353335.0000,22184,1338,71,2019-10,2026-07,72.5900,stimata,100.2025,1.6533,138.0390,2.2776,43.4660,42.7604,9.9717,False
AULLA LUNIGIANA,PIAZZA AL SERCHIO,10823,10617,10820,485066.0000,17316,961,70,2019-10,2026-06,32.5400,ufficiale,44.8305,1.6310,137.7704,5.0122,43.5507,42.0219,9.0515,False
FARA SABINA MONTELIBRETTI,FIUMICINO AEROPORTO,19279,18526,19279,1713992.0000,34492,1798,17,2025-03,2026-07,64.5500,ufficiale,88.9046,1.8618,137.7298,2.8843,43.5635,42.6700,9.7053,False
AGRIGENTO CENTRALE,CALTANISSETTA XIRBI,4336,4282,4334,461053.0000,4116,205,66,2019-10,2026-05,77.3500,ufficiale,106.3805,0.9612,137.5313,1.2427,43.6264,43.2358,4.7875,False
FIRENZE S MARIA NOVELLA,MONTEVARCHI TERRANUOVA,3851,3820,3851,225654.0000,8909,497,81,2019-10,2026-07,42.6200,ufficiale,58.5962,2.3322,137.4852,5.4721,43.6410,41.9706,13.0105,False
LUCCA,PIAZZA AL SERCHIO,8751,8642,8748,689890.0000,23341,1457,67,2019-10,2026-06,57.3800,ufficiale,78.8626,2.7009,137.4392,4.7070,43.6557,42.2101,16.8595,False
GENOVA P PRINCIPE,SAVONA,313,296,313,18011.0000,1351,65,25,2020-02,2025-03,41.9200,confermata,57.5431,4.5642,137.2689,10.8879,43.7098,40.4976,21.9595,False
LAVENO MOMBELLO,MILANO CADORNA,54951,54520,54950,5376434.0000,114570,8804,66,2019-10,2025-03,71.3600,stimata,97.8423,2.1014,137.1108,2.9448,43.7602,42.8401,16.1482,False
PADOVA,TREVISO CENTRALE,31109,30903,31104,2053434.0000,27281,1196,82,2019-10,2026-07,48.2900,ufficiale,66.0183,0.8828,136.7122,1.8281,43.8878,43.3087,3.8702,False
FARA SABINA,ROMA OSTIENSE,2021,2006,2018,110987.0000,6755,413,65,2019-10,2025-03,40.2700,stimata,54.9985,3.3674,136.5744,8.3621,43.9321,41.3975,20.5882,False
ROMA TIBURTINA,VITERBO PORTA FIORENTINA,11887,11672,11887,1552176.0000,31389,1732,82,2019-10,2026-07,95.6700,ufficiale,130.5776,2.6893,136.4875,2.8110,43.9601,43.0730,14.8389,False
MILANO CADORNA,VARESE CASBENO,3741,3739,3741,267410.0000,8401,758,71,2020-09,2026-07,52.3800,ufficiale,71.4809,2.2469,136.4660,4.2895,43.9670,42.6271,20.2728,False
BASSANO DEL GRAPPA,PADOVA,44821,43150,44818,2890107.0000,36423,1602,82,2019-10,2026-07,47.2900,ufficiale,64.4854,0.8441,136.3616,1.7849,44.0007,43.4321,3.7126,False
ALBA,TORINO AEROPORTO CASELLE,499,499,499,57851.0000,736,46,3,2025-04,2026-06,85.0900,ufficiale,115.9339,1.4749,136.2485,1.7334,44.0372,43.4840,9.2184,False
FARA SABINA,FIUMICINO AEROPORTO,84014,83427,83995,7454517.0000,123777,6479,66,2019-10,2025-03,65.2200,stimata,88.7495,1.4837,136.0772,2.2748,44.0926,43.3676,7.7661,False
LA SPEZIA CENTRALE,PADOVA,1008,941,1008,395483.0000,13024,455,30,2022-12,2025-05,288.7700,ufficiale,392.3442,13.8406,135.8674,4.7929,44.1607,42.6559,48.3528,False
CASTELNUOVO GARFAGNANA,LUCCA,3488,3420,3488,212228.0000,9163,590,56,2019-11,2026-07,44.9200,ufficiale,60.8452,2.6792,135.4523,5.9645,44.2960,42.4278,17.2515,False
BELLUNO,TREVISO CENTRALE,21834,21665,21829,2201959.0000,53261,2743,74,2019-10,2026-07,74.5200,ufficiale,100.8731,2.4584,135.3638,3.2990,44.3250,43.2704,12.6610,False
CATANIA AEROPORTO FONTANAROSSA,GIARRE RIPOSTO,478,469,478,22628.0000,427,24,15,2023-12,2025-10,35.0000,ufficiale,47.3389,0.9104,135.2540,2.6013,44.3610,43.5239,5.1173,False
CATANIA CENTRALE,TAORMINA,10687,10468,10684,671552.0000,8799,454,65,2019-10,2025-03,46.5600,stimata,62.8559,0.8406,134.9997,1.8053,44.4445,43.8580,4.3370,False
MILANO PORTA GARIBALDI,TERNO,696,690,696,35890.0000,6063,456,33,2020-09,2026-06,38.2400,ufficiale,51.5661,8.7870,134.8486,22.9784,44.4944,38.0163,66.0870,False
FERRARA,POGGIO RUSCO,2167,2148,2167,137918.0000,10462,892,80,2019-10,2026-07,47.2300,ufficiale,63.6447,4.8706,134.7548,10.3125,44.5253,41.3601,41.5270,False
BUDRIO,PORTOMAGGIORE,2388,2352,2388,99700.0000,4683,239,7,2020-12,2026-07,30.9900,ufficiale,41.7504,1.9911,134.7222,6.4249,44.5361,42.5088,10.1616,False
ACQUI TERME,ASTI,29456,29057,29451,1803600.0000,69080,3102,80,2019-10,2026-07,45.4700,ufficiale,61.2407,2.3774,134.6838,5.2285,44.5488,42.8840,10.6756,False
ALBA,CIRIE,4681,4615,4681,572594.0000,8610,524,17,2025-01,2026-07,90.8400,ufficiale,122.3230,1.8657,134.6576,2.0538,44.5574,43.8881,11.3543,False
ROMA OSTIENSE,VITERBO PORTA ROMANA,28012,27530,28008,3261376.0000,60873,2816,80,2019-10,2026-07,86.7200,ufficiale,116.4444,2.2112,134.2763,2.5498,44.6840,43.8513,10.2288,False
FAENZA,LAVEZZOLA,3515,3468,3514,182732.0000,14007,694,40,2019-10,2025-09,38.7300,ufficiale,52.0011,4.0389,134.2658,10.4284,44.6875,41.4668,20.0115,False
PAOLA,SIBARI,1118,1114,1118,113410.0000,1236,68,38,2019-10,2022-12,75.5700,ufficiale,101.4401,1.1095,134.2333,1.4682,44.6983,44.2147,6.1041,False
ALBA,CIRE,994,991,994,121268.0000,2558,155,11,2024-01,2025-01,90.9100,stimata,122.0000,2.5812,134.1987,2.8393,44.7098,43.7835,15.6408,False
CHIVASSO,IVREA,15304,15084,15304,666558.0000,36268,1833,81,2019-10,2026-07,32.4600,ufficiale,43.5545,2.4044,134.1790,7.4073,44.7164,42.3770,12.1519,False
FIRENZE S MARIA NOVELLA,MONTECATINI TERME MONSUMMANO,5390,5256,5390,335358.0000,8171,440,13,2025-04,2026-07,46.4100,ufficiale,62.2186,1.5546,134.0628,3.3497,44.7551,43.6641,8.3714,False
ASCOLI PICENO,S BENEDETTO DEL TRONTO,15419,15158,15415,672539.0000,34205,1863,81,2019-10,2026-06,32.5800,ufficiale,43.6289,2.2566,133.9130,6.9262,44.8052,42.6018,12.2905,False
PAVIA,VERCELLI,40946,40152,40944,3558577.0000,162267,9667,78,2019-10,2026-07,64.9200,ufficiale,86.9133,4.0413,133.8775,6.2251,44.8171,42.8258,24.0760,False
ALBENGA,GENOVA BRIGNOLE,1486,1476,1485,163104.0000,7411,506,82,2019-10,2026-07,82.3100,ufficiale,109.8343,5.0210,133.4399,6.1001,44.9641,42.9984,34.2818,False
BERGAMO,MILANO PORTA GARIBALDI,67305,66251,67296,4492172.0000,326203,21998,81,2019-10,2026-07,50.0400,ufficiale,66.7524,4.9237,133.3982,9.8396,44.9781,41.8884,33.2040,False
PIANORO,PORRETTA TERME,22391,22313,22391,2228165.0000,39845,2324,25,2024-06,2026-07,74.6300,ufficiale,99.5116,1.7857,133.3400,2.3928,44.9978,44.2045,10.4155,False
COMO LAGO,MILANO CADORNA,118123,117539,118119,7254471.0000,264089,20724,82,2019-10,2026-07,46.0900,ufficiale,61.4166,2.2468,133.2537,4.8749,45.0269,43.4378,17.6316,False
CASERTA,NAPOLI CENTRALE,115936,111750,115890,5267003.0000,270853,15518,82,2019-10,2026-07,34.1400,ufficiale,45.4483,2.4237,133.1233,7.0994,45.0710,42.7891,13.8864,False
FORNACI BARGA,LUCCA,2788,2691,2788,118388.0000,3671,173,33,2019-11,2026-07,31.9300,ufficiale,42.4634,1.3642,132.9891,4.2724,45.1165,43.7122,6.4288,False
BASSANO DEL GRAPPA,TRENTO,24136,23895,24134,3068241.0000,53394,2788,64,2019-10,2026-07,95.7100,ufficiale,127.1335,2.2345,132.8320,2.3347,45.1698,44.3896,11.6677,False
AREZZO,FIRENZE RIFREDI,1605,1566,1605,148201.0000,5082,299,81,2019-10,2026-07,69.6100,ufficiale,92.3371,3.2452,132.6491,4.6620,45.2321,43.6964,19.0932,False
FIRENZE S MARIA NOVELLA,RAVENNA,610,506,610,108380.0000,1783,90,26,2019-10,2026-07,134.0700,ufficiale,177.6721,3.5237,132.5219,2.6283,45.2755,44.3951,17.7866,False
BERGAMO,ROVATO,384,380,384,16131.0000,3405,145,34,2019-10,2026-05,31.7100,ufficiale,42.0078,8.9605,132.4750,28.2577,45.2916,37.3291,38.1579,False
CITTADELLA,PADOVA,500,499,499,21559.0000,3388,118,69,2019-10,2026-07,32.6800,ufficiale,43.2044,6.7896,132.2044,20.7759,45.3843,39.2207,23.6473,False
DOMODOSSOLA,NOVARA,30260,29687,30257,3511532.0000,94087,5234,82,2019-10,2026-07,87.9300,ufficiale,116.0568,3.1693,131.9878,3.6043,45.4588,44.2504,17.6306,False
BELLUNO,CONEGLIANO,18123,17995,18122,1137536.0000,28505,986,69,2020-09,2026-07,47.5700,ufficiale,62.7710,1.5841,131.9550,3.3299,45.4700,44.3508,5.4793,False
PISTOIA,PORRETTA TERME,21479,20971,21479,1127536.0000,35945,1618,71,2019-10,2026-07,39.7900,ufficiale,52.4948,1.7140,131.9297,4.3077,45.4788,44.0408,7.7154,False
MILANO PORTA GARIBALDI,SONDRIO,435,416,435,73817.0000,1707,86,28,2021-06,2026-07,128.8100,ufficiale,169.6943,4.1034,131.7400,3.1856,45.5443,44.4690,20.6731,False
BELLA MURO,POTENZA CENTRALE,663,638,663,27478.0000,1569,88,20,2021-11,2026-07,31.4600,ufficiale,41.4449,2.4592,131.7385,7.8171,45.5448,42.9936,13.7931,False
CATANIA AEROPORTO FONTANAROSSA,MESSINA CENTRALE,4437,4044,4437,583722.0000,7403,346,21,2023-12,2025-10,99.9600,ufficiale,131.5578,1.8306,131.6105,1.8313,45.5891,44.9634,8.5559,False
GALLARATE,PORTO CERESIO,422,415,422,18211.0000,1407,46,29,2019-10,2026-07,32.8100,ufficiale,43.1540,3.3904,131.5271,10.3333,45.6180,42.2951,11.0843,False
MONTECATINI TERME MONSUMMANO,VIAREGGIO,3265,3070,3265,231354.0000,3513,230,11,2025-04,2026-07,53.8900,ufficiale,70.8588,1.1443,131.4879,2.1234,45.6316,44.9064,7.4919,False
COMO S GIOVANNI,MILANO PORTA GARIBALDI,57174,56224,57145,3550948.0000,180469,11142,82,2019-10,2026-07,47.2600,ufficiale,62.1393,3.2098,131.4838,6.7918,45.6330,43.3916,19.8172,False
LAMEZIA TERME CENTRALE,REGGIO CALABRIA CENTRALE,25101,22520,25101,3969802.0000,50865,2504,81,2019-10,2026-07,120.3200,ufficiale,158.1531,2.2587,131.4438,1.8772,45.6469,45.0042,11.1190,False
FIRENZE S MARIA NOVELLA,LUCCA,26274,25989,26272,2669364.0000,107218,5870,77,2019-10,2026-07,77.3000,ufficiale,101.6049,4.1255,131.4423,5.3370,45.6474,43.8663,22.5865,False
NOVARA,TREVIGLIO,24971,24562,24968,2680591.0000,98419,7199,64,2019-10,2026-06,81.6800,ufficiale,107.3611,4.0070,131.4411,4.9057,45.6478,44.0054,29.3095,False
LA SPEZIA CENTRALE,MASSA CENTRO,571,466,571,24115.0000,766,37,17,2021-04,2026-06,32.1900,ufficiale,42.2329,1.6438,131.1989,5.1065,45.7321,44.0188,7.9399,False
BRESCIA,TORRILE S POLO,1503,1488,1503,159537.0000,6181,349,23,2022-04,2026-06,81.0200,ufficiale,106.1457,4.1539,131.0117,5.1270,45.7974,44.0727,23.4543,False
SERMIDE,SUZZARA,5262,5217,5262,336537.0000,26993,1912,71,2019-10,2026-07,48.8300,ufficiale,63.9561,5.1740,130.9771,10.5960,45.8095,42.3809,36.6494,False
BRENO,ISEO,562,555,562,34097.0000,96,7,44,2019-10,2024-11,46.3300,ufficiale,60.6708,0.1730,130.9536,0.3733,45.8177,45.6875,1.2613,False
BERGAMO,CREMONA,2182,2044,2182,247048.0000,6097,342,52,2020-03,2026-07,86.4600,ufficiale,113.2209,2.9829,130.9518,3.4500,45.8184,44.6423,16.7319,False
BRESCIA,DARFO CORNA,2446,2442,2446,187893.0000,3740,223,22,2020-09,2022-06,58.6700,stimata,76.8164,1.5315,130.9297,2.6104,45.8261,44.9303,9.1319,False
BRESCIA,PIADENA,774,761,774,51993.0000,8688,456,47,2021-07,2026-07,51.4000,ufficiale,67.1744,11.4166,130.6895,22.2112,45.9103,39.2411,59.9212,False
CASSINO,NAPOLI CENTRALE,19761,18086,19755,2400122.0000,87775,4296,82,2019-10,2026-07,93.1100,ufficiale,121.4944,4.8532,130.4848,5.2123,45.9824,44.2161,23.7532,False
MILANO LANCETTI,PAVIA,51669,51431,51669,2577936.0000,230285,17936,39,2021-11,2026-03,38.2700,ufficiale,49.8933,4.4776,130.3718,11.6999,46.0222,42.2322,34.8739,False
CATANIA CENTRALE,TAORMINA GIARDINI,2317,1907,2317,144194.0000,2843,164,17,2025-03,2026-07,47.7600,ufficiale,62.2331,1.4908,130.3037,3.1215,46.0463,44.9690,8.5999,False
BORGO S LORENZO,FAENZA,5639,5521,5639,486800.0000,10964,620,65,2019-10,2026-07,66.3300,ufficiale,86.3274,1.9859,130.1483,2.9939,46.1013,45.0646,11.2298,False
RIMINI,SUZZARA,2471,2466,2471,611398.0000,11756,636,62,2019-10,2025-03,190.1300,ufficiale,247.4294,4.7672,130.1369,2.5074,46.1053,45.2338,25.7908,False
ALBA,TORINO PORTA NUOVA,2895,2858,2895,249812.0000,8733,442,80,2019-10,2026-07,66.3300,ufficiale,86.2908,3.0556,130.0932,4.6067,46.1208,44.5434,15.4654,False
GENOVA PIAZZA PRINCIPE,SAVONA,310,242,310,17055.0000,593,33,17,2025-03,2026-07,42.3200,ufficiale,55.0161,2.4504,130.0003,5.7902,46.1537,44.1857,13.6364,False
NOVARA,PIOLTELLO LIMITO,113997,112596,113984,9022302.0000,316887,23176,80,2019-10,2026-06,60.9300,ufficiale,79.1541,2.8144,129.9099,4.6190,46.1859,44.6001,20.5833,False
AVELLINO,NAPOLI CENTRALE,394,348,393,40516.0000,2866,97,10,2019-10,2020-12,79.4000,stimata,103.0941,8.2356,129.8415,10.3723,46.2102,42.7918,27.8736,False
ALASSIO,GENOVA BRIGNOLE,1771,1770,1771,203330.0000,9266,572,75,2019-10,2026-07,88.4400,ufficiale,114.8108,5.2350,129.8178,5.9193,46.2186,44.2031,32.3164,False
CHIETI,TERAMO,3095,3093,3095,312050.0000,5900,359,79,2019-10,2026-07,77.8300,ufficiale,100.8239,1.9075,129.5438,2.4509,46.3164,45.4564,11.6069,False
ROMA OSTIENSE,VITERBO PORTA FIORENTINA,28682,28397,28680,3276944.0000,85482,3824,81,2019-10,2026-07,88.3100,ufficiale,114.2589,3.0102,129.3838,3.4087,46.3736,45.1833,13.4662,False
LIVORNO CENTRALE,LUCCA,3841,3837,3841,203791.0000,9056,501,80,2019-10,2026-07,41.0200,ufficiale,53.0568,2.3602,129.3436,5.7537,46.3881,44.4124,13.0571,False
LAVENO MOMBELLO LAGO,MILANO CADORNA,14146,14130,14146,1319845.0000,52859,3466,16,2025-03,2026-06,72.1500,ufficiale,93.3016,3.7409,129.3162,5.1849,46.3979,44.6093,24.5294,False
NAPOLI CENTRALE,VILLA LITERNO,49603,47504,49574,2150299.0000,85215,5355,82,2019-10,2026-07,33.5600,ufficiale,43.3755,1.7938,129.2477,5.3452,46.4225,44.5789,11.2727,False
MORTARA,PAVIA,10432,10037,10429,504090.0000,34317,1884,80,2019-10,2026-07,37.4000,ufficiale,48.3354,3.4190,129.2391,9.1418,46.4256,43.3586,18.7705,False
FIUMICINO AEROPORTO,POGGIO MIRTETO,37948,37417,37943,3721047.0000,68950,3579,82,2019-10,2026-07,75.9400,ufficiale,98.0694,1.8427,129.1406,2.4266,46.4610,45.6041,9.5652,False
CASALE MONFERRATO,CHIVASSO,2436,2347,2435,152006.0000,3321,144,57,2019-10,2025-10,48.4000,ufficiale,62.4255,1.4150,128.9782,2.9235,46.5195,45.4884,6.1355,False
CARIMATE,MILANO PORTA GARIBALDI,1182,1155,1182,49342.0000,10431,474,63,2019-10,2026-07,32.4100,ufficiale,41.7445,9.0312,128.8013,27.8654,46.5834,38.2979,41.0390,False
ALBENGA,SESTRI LEVANTE,323,291,323,51934.0000,291,8,80,2019-10,2026-07,124.8800,ufficiale,160.7864,1.0000,128.7527,0.8008,46.6010,46.3129,2.7491,False
AREZZO,FIRENZE S MARIA NOVELLA,73582,71212,73577,6511203.0000,192303,12008,82,2019-10,2026-07,68.7400,ufficiale,88.4951,2.7004,128.7389,3.9285,46.6060,45.2259,16.8623,False
ALBA,ASTI,7784,7541,7784,335966.0000,7373,366,33,2023-09,2026-07,33.5600,ufficiale,43.1611,0.9777,128.6088,2.9134,46.6531,45.6197,4.8535,False
BRESCIA,PARMA,42888,42009,42887,5022350.0000,257991,14991,60,2021-07,2026-07,91.1400,ufficiale,117.1066,6.1413,128.4909,6.7383,46.6959,44.3691,35.6852,False
AUGUSTA,RAGUSA,1043,935,1043,184972.0000,1923,95,64,2019-10,2026-03,138.1600,ufficiale,177.3461,2.0567,128.3629,1.4886,46.7425,46.2066,10.1604,False
ALCANTARA,BICOCCA,1006,986,1006,65641.0000,1276,56,55,2019-10,2026-01,50.8700,ufficiale,65.2495,1.2941,128.2672,2.5440,46.7774,45.8677,5.6795,False
ALESSANDRIA,SAVONA,25754,24318,25749,3373995.0000,71853,4288,81,2019-10,2026-07,102.2100,ufficiale,131.0340,2.9547,128.2008,2.8908,46.8016,45.7695,17.6330,False
MANTOVA,VERONA PORTA NUOVA,55432,54998,55426,2603487.0000,144714,8279,82,2019-10,2026-07,36.6600,ufficiale,46.9723,2.6313,128.1296,7.1775,46.8276,44.3436,15.0533,False
FERRARA,SUZZARA,17328,17130,17327,1799602.0000,96964,6591,82,2019-10,2026-07,81.4000,ufficiale,103.8611,5.6605,127.5935,6.9539,47.0243,44.5939,38.4764,False
BICOCCA,SIRACUSA,339,337,339,32659.0000,1083,53,9,2021-08,2026-03,75.5300,ufficiale,96.3392,3.2136,127.5510,4.2548,47.0400,45.5215,15.7270,False
BICOCCA,MESSINA CENTRALE,1842,1702,1842,240065.0000,2800,114,62,2019-10,2026-07,102.2000,ufficiale,130.3284,1.6451,127.5229,1.6097,47.0504,46.4638,6.6980,False
CHIOGGIA,ROVIGO,2555,2388,2555,181214.0000,4783,213,10,2025-07,2026-07,55.7900,ufficiale,70.9252,2.0029,127.1290,3.5901,47.1962,45.9000,8.9196,False
CHIASSO,MONZA,384,379,384,17722.0000,7694,269,65,2019-10,2025-12,36.4200,confermata,46.1510,20.3008,126.7190,55.7408,47.3489,32.8840,70.9763,False
MELITO PORTO SALVO,ROSARNO,8323,6598,8322,950836.0000,6348,298,39,2019-10,2022-12,90.3100,ufficiale,114.2557,0.9621,126.5150,1.0653,47.4252,47.0292,4.5165,False
FIRENZE S MARIA NOVELLA,MARRADI,3867,3707,3867,326134.0000,9395,558,32,2019-10,2025-03,66.7400,confermata,84.3377,2.5344,126.3676,3.7974,47.4805,46.0953,15.0526,False
SUSA,TORINO PORTA NUOVA,75864,75237,75855,5085161.0000,104779,5946,82,2019-10,2026-07,53.0600,ufficiale,67.0379,1.3927,126.3436,2.6247,47.4895,46.5231,7.9030,False
NETTUNO,ROMA TUSCOLANA,1449,1434,1449,103200.0000,2163,80,81,2019-10,2026-07,56.4800,ufficiale,71.2215,1.5084,126.1004,2.6706,47.5811,46.5943,5.5788,False
AREZZO,PISTOIA,2980,2669,2980,375605.0000,7614,435,80,2019-10,2026-07,100.2900,ufficiale,126.0419,2.8528,125.6775,2.8445,47.7412,46.6846,16.2982,False
ASTI,TORINO AEROPORTO,2023,1974,2023,189426.0000,2184,150,3,2025-01,2025-03,74.5600,stimata,93.6362,1.1064,125.5850,1.4839,47.7764,47.2185,7.5988,False
FABRIANO,MACERATA,11098,10921,11098,942794.0000,17665,960,77,2019-10,2026-07,67.6700,ufficiale,84.9517,1.6175,125.5382,2.3903,47.7942,46.9012,8.7904,False
COCQUIO TREVISAGO,MILANO CADORNA,1839,1839,1839,146871.0000,5762,331,5,2025-07,2026-07,63.6200,ufficiale,79.8646,3.1332,125.5338,4.9249,47.7959,45.9916,17.9989,False
MILANO PORTA GARIBALDI,STRADELLA,3004,2911,3002,260053.0000,15303,1066,18,2019-11,2026-07,69.1000,ufficiale,86.6266,5.2570,125.3641,7.6078,47.8606,45.1223,36.6197,False
FORTEZZA,S CANDIDO,9807,9648,9801,792031.0000,14541,506,68,2019-10,2026-07,64.4800,ufficiale,80.8112,1.5072,125.3276,2.3374,47.8745,46.9980,5.2446,False
AVEZZANO,VAL D ALA,1365,1332,1365,187404.0000,4687,225,23,2023-06,2025-06,109.5500,ufficiale,137.2923,3.5188,125.3239,3.2120,47.8760,46.6796,16.8919,False
LA SPEZIA CENTRALE,VENTIMIGLIA,2003,1999,2003,573345.0000,6632,300,81,2019-10,2026-07,228.5400,ufficiale,286.2431,3.3177,125.2486,1.4517,47.9047,47.3559,15.0075,False
TERME EUGANEE ABANO MONTEGROTTO,VENEZIA S LUCIA,1309,1306,1309,81855.0000,1475,81,8,2020-01,2025-11,49.9300,ufficiale,62.5325,1.1294,125.2403,2.2620,47.9079,47.0580,6.2021,False
ASTI,TORINO AEROPORTO CASELLE,9485,9289,9485,885123.0000,13500,868,15,2025-03,2026-07,74.5400,ufficiale,93.3182,1.4533,125.1921,1.9497,47.9263,47.1914,9.3444,False
SELLA CORNO,TERNI,957,897,957,100571.0000,1937,120,7,2020-11,2025-04,84.0100,ufficiale,105.0899,2.1594,125.0921,2.5704,47.9647,46.9989,13.3779,False
POGGIO MIRTETO,ROMA OSTIENSE,664,653,664,42537.0000,3297,174,71,2019-10,2026-07,51.2200,ufficiale,64.0617,5.0490,125.0717,9.8575,47.9725,44.4678,26.6462,False
CREMONA,MILANO CERTOSA,1490,1455,1490,168316.0000,9747,626,82,2019-10,2026-07,90.3700,ufficiale,112.9638,6.6990,125.0014,7.4128,47.9995,45.3124,43.0241,False
CHIVASSO,NONE,1530,1485,1530,85874.0000,4769,255,46,2019-10,2026-06,44.9300,ufficiale,56.1268,3.2114,124.9205,7.1477,48.0305,45.4311,17.1717,False
CHIERI,SETTIMO,15173,15172,15171,662343.0000,43033,2336,51,2021-11,2026-07,34.9500,stimata,43.6585,2.8363,124.9170,8.1154,48.0319,45.1018,15.3968,False
COMO CAMERLATA,MILANO CADORNA,468,464,468,24516.0000,730,57,33,2021-08,2025-03,41.9600,ufficiale,52.3846,1.5733,124.8442,3.7495,48.0599,46.6586,12.2845,False
CRESPINO DEL LAMONE,FIRENZE S MARIA NOVELLA,1215,1200,1215,84994.0000,3400,205,13,2020-08,2026-03,56.0800,ufficiale,69.9539,2.8333,124.7395,5.0523,48.1002,46.2279,17.0833,False
BENEVENTO,CASERTA,16138,12548,16133,1194983.0000,65607,3494,82,2019-10,2026-07,59.4500,confermata,74.0707,5.2285,124.5933,8.7948,48.1567,44.9815,27.8451,False
ALESSANDRIA,CAVA CARBONARA,548,534,548,38048.0000,1219,63,12,2021-10,2026-02,55.7300,ufficiale,69.4307,2.2828,124.5840,4.0961,48.1603,46.6273,11.7978,False
PADOVA,VENEZIA S LUCIA,15752,14689,15747,724318.0000,27779,1468,82,2019-10,2026-07,36.9300,ufficiale,45.9972,1.8911,124.5524,5.1209,48.1725,46.2701,9.9939,False
FELTRE,TREVISO CENTRALE,9390,9165,9390,636835.0000,23380,974,29,2019-11,2025-12,54.5600,ufficiale,67.8206,2.5510,124.3045,4.6756,48.2686,46.5188,10.6274,False
BOLZANO,MERANO,31755,31371,31750,1300471.0000,83732,5512,81,2019-10,2026-07,32.9600,ufficiale,40.9597,2.6691,124.2710,8.0980,48.2816,45.3279,17.5704,False
MANTOVA,MONSELICE,29319,29098,29316,3049303.0000,54813,2446,82,2019-10,2026-07,83.8400,ufficiale,104.0150,1.8837,124.0637,2.2468,48.3623,47.5020,8.4061,False
FIUMICINO AEROPORTO,ORTE,66961,65868,66960,9051212.0000,140940,6448,82,2019-10,2026-07,108.9800,ufficiale,135.1734,2.1397,124.0351,1.9634,48.3734,47.6196,9.7893,False
CREMONA,MILANO PORTA GARIBALDI,14807,14392,14806,1626642.0000,94928,5119,82,2019-10,2026-07,88.6000,ufficiale,109.8637,6.5959,123.9997,7.4446,48.3872,45.6467,35.5684,False
AVEZZANO,ROMA TERMINI,14658,13038,14657,1945784.0000,27323,1381,82,2019-10,2026-07,107.0800,ufficiale,132.7546,2.0956,123.9770,1.9571,48.3961,47.6440,10.5921,False
CHIASSO,SESTO S GIOVANNI,338,333,338,17288.0000,4299,189,38,2019-10,2026-07,41.2900,stimata,51.1479,12.9099,123.8749,31.2664,48.4360,38.6744,56.7568,False
ALESSANDRIA,CHIVASSO,43768,41220,43760,4397603.0000,106459,6883,81,2019-10,2026-07,81.1300,ufficiale,100.4937,2.5827,123.8675,3.1834,48.4389,47.2252,16.6982,False
ALESSANDRIA,S GIUSEPPE CAIRO,2074,1902,2074,210431.0000,7263,309,49,2019-10,2026-05,81.9200,ufficiale,101.4614,3.8186,123.8543,4.6614,48.4440,46.6869,16.2461,False
CIVITANOVA MARCHE MONTEGRANARO,FABRIANO,1995,1975,1995,234206.0000,5147,300,14,2025-03,2026-07,94.8600,ufficiale,117.3965,2.6061,123.7576,2.7473,48.4819,47.4290,15.1899,False
FORTEZZA,VALDAORA ANTERSELVA,337,333,337,18313.0000,282,22,6,2019-12,2020-12,43.9200,ufficiale,54.3412,0.8468,123.7278,1.9282,48.4936,47.7494,6.6066,False
PESCARA,TORRE DEI PASSERI,1504,1477,1504,71668.0000,479,26,66,2019-10,2026-06,38.6500,ufficiale,47.6516,0.3243,123.2900,0.8391,48.6657,48.3368,1.7603,False
BRESCIA,EDOLO,21954,21632,21953,2793550.0000,91513,5799,53,2019-10,2026-07,103.2600,stimata,127.2514,4.2304,123.2340,4.0969,48.6879,47.1213,26.8075,False
BERGAMO,LECCO MAGGIANICO,44136,43817,44128,1789483.0000,183118,14454,53,2019-10,2024-02,32.9300,ufficiale,40.5521,4.1792,123.1464,12.6910,48.7225,44.1705,32.9872,False
MILANO CERTOSA,VARESE,1230,1171,1226,77262.0000,13313,692,81,2019-10,2026-07,51.2000,ufficiale,63.0196,11.3689,123.0851,22.2049,48.7468,41.2967,59.0948,False
MANTOVA,VENEZIA MESTRE,4833,4816,4833,802601.0000,10012,385,81,2019-10,2026-07,135.1400,ufficiale,166.0668,2.0789,122.8850,1.5383,48.8261,48.2225,7.9942,False
NETTUNO,ROMA TERMINI,86468,85385,86463,6280807.0000,126110,6122,82,2019-10,2026-07,59.1200,ufficiale,72.6416,1.4770,122.8714,2.4982,48.8316,47.8585,7.1699,False
BATTIPAGLIA,NOCERA INFERIORE,675,638,675,28619.0000,2937,213,30,2019-11,2026-07,34.5100,ufficiale,42.3985,4.6034,122.8586,13.3395,48.8366,44.0535,33.3856,False
MILANO PORTA GARIBALDI,PADERNO ROBBIATE,13147,13001,13110,490437.0000,50993,3563,25,2019-10,2026-06,30.4500,ufficiale,37.4094,3.9222,122.8551,12.8809,48.8380,44.2034,27.4056,False
AUGUSTA,MODICA,1170,1142,1170,170430.0000,5470,192,66,2019-10,2026-07,118.6100,ufficiale,145.6667,4.7898,122.8115,4.0383,48.8554,47.3000,16.8126,False
MILANO CADORNA,VARESE,57353,56754,57350,3510910.0000,138633,10607,82,2019-10,2026-07,49.8700,ufficiale,61.2190,2.4427,122.7572,4.8981,48.8770,47.0016,18.6894,False
LAMEZIA TERME CENTRALE,LOCRI,3354,3339,3354,517298.0000,4526,260,49,2019-10,2023-12,125.7000,ufficiale,154.2332,1.3555,122.6994,1.0784,48.9000,48.4740,7.7868,False
AREZZO,FIRENZE CAMPO MARTE,451,401,451,35842.0000,4764,161,47,2020-01,2026-07,64.7700,ufficiale,79.4723,11.8803,122.6992,18.3423,48.9001,42.5407,40.1496,False
CATANIA CENTRALE,MESSINA CENTRALE,49404,43312,49394,5739019.0000,67708,3521,81,2019-10,2026-07,94.7700,ufficiale,116.1886,1.5633,122.6006,1.6495,48.9394,48.2897,8.1294,False
BUSSOLENO,TORINO PORTA NUOVA,9487,9302,9484,529219.0000,22296,1069,82,2019-10,2026-07,45.5300,ufficiale,55.8012,2.3969,122.5593,5.2644,48.9559,46.9396,11.4922,False
AVEZZANO,ROMA TIBURTINA,10412,8934,10412,1349396.0000,21930,1159,40,2023-04,2026-07,105.7700,ufficiale,129.6001,2.4547,122.5301,2.3208,48.9676,48.0573,12.9729,False
GALLARATE,LUINO,48169,47510,48165,2702771.0000,165763,11077,82,2019-10,2026-07,45.8000,ufficiale,56.1148,3.4890,122.5215,7.6179,48.9710,46.1044,23.3151,False
FARA SABINA MONTELIBRETTI,ROMA TIBURTINA,862,794,862,34252.0000,761,55,17,2025-03,2026-07,32.4700,ufficiale,39.7355,0.9584,122.3760,2.9518,49.0292,47.8745,6.9270,False
MANIAGO,SACILE,29229,28250,29205,1151264.0000,29916,1261,78,2019-10,2026-07,32.2200,ufficiale,39.4201,1.0590,122.3467,3.2867,49.0410,47.7580,4.4637,False
FERRARA,SERMIDE,9271,9160,9270,369290.0000,24091,1530,70,2020-01,2026-07,32.5700,ufficiale,39.8371,2.6300,122.3123,8.0750,49.0548,46.0168,16.7031,False
COMO BORGHI,MILANO CADORNA,1652,1618,1652,90771.0000,3389,263,47,2020-12,2024-10,44.9400,ufficiale,54.9461,2.0946,122.2655,4.6608,49.0735,47.2715,16.2546,False
GALLARATE,LAVENO MOMBELLO,1256,1240,1256,47953.0000,2960,141,43,2019-10,2026-05,31.2300,ufficiale,38.1791,2.3871,122.2515,7.6436,49.0792,46.1911,11.3710,False
FIRENZE S MARIA NOVELLA,VERNIO MONTEPIANO CANTAGALLO,336,333,336,15137.0000,612,30,9,2023-06,2025-12,36.8900,ufficiale,45.0506,1.8378,122.1214,4.9819,49.1314,47.2057,9.0090,False
BELLUNO,CALALZO PIEVE CADORE CORTINA,23462,23292,23462,1256349.0000,28347,1006,59,2019-10,2026-07,43.8600,ufficiale,53.5482,1.2170,122.0890,2.7748,49.1445,48.0523,4.3191,False
PIOMBINO BINARI MARE,PISA CENTRALE,3325,3244,3325,401696.0000,4677,318,64,2019-10,2025-03,98.9900,stimata,120.8108,1.4417,122.0435,1.4564,49.1628,48.5830,9.8027,False
ROVIGO,VENEZIA S LUCIA,38528,33025,38525,3792107.0000,45709,2271,82,2019-10,2026-07,80.6800,ufficiale,98.4324,1.3841,122.0034,1.7155,49.1789,48.4970,6.8766,False
PIOMBINO MARITTIMA,PISA CENTRALE,763,731,763,92752.0000,1110,72,17,2025-03,2026-07,99.6700,ufficiale,121.5623,1.5185,121.9647,1.5235,49.1945,48.5876,9.8495,False
FOLIGNO,MAGIONE,820,801,820,60863.0000,1809,88,41,2019-10,2026-07,60.8800,ufficiale,74.2232,2.2584,121.9172,3.7096,49.2137,47.7605,10.9863,False
CASTELFRANCO VENETO,VENEZIA S LUCIA,1240,1230,1240,65794.0000,8276,461,79,2019-10,2026-07,43.5600,ufficiale,53.0597,6.7285,121.8083,15.4464,49.2577,43.7144,37.4797,False
ORTE,ROMA OSTIENSE,2810,2795,2810,288325.0000,7996,356,82,2019-10,2026-07,84.2600,ufficiale,102.6068,2.8608,121.7740,3.3952,49.2716,47.9351,12.7370,False
ROMA TUSCOLANA,VELLETRI,1526,1510,1526,71200.0000,3947,234,80,2019-10,2026-07,38.3700,ufficiale,46.6579,2.6139,121.6000,6.8124,49.3421,46.7245,15.4967,False
CHIVASSO,PINEROLO,83800,82697,83792,6336395.0000,216160,14677,78,2019-10,2026-05,62.2100,ufficiale,75.6205,2.6139,121.5569,4.2017,49.3596,47.7105,17.7479,False
CHIERI,TORINO STURA,11171,11037,11168,408075.0000,31382,1777,82,2019-10,2026-07,30.1200,ufficiale,36.5397,2.8433,121.3136,9.4401,49.4586,45.8878,16.1004,False
MALPENSA AEROPORTO TERMINAL 2,MILANO CENTRALE,19001,18562,19001,1124629.0000,73871,6028,14,2025-03,2026-07,48.8000,stimata,59.1879,3.9797,121.2866,8.1551,49.4696,46.3529,32.4749,False
BOLOGNA CENTRALE,PORRETTA TERME,70725,70015,70717,5013340.0000,145448,7651,81,2019-10,2026-07,58.4700,ufficiale,70.8930,2.0774,121.2468,3.5529,49.4858,48.0770,10.9277,False
BASSANO DEL GRAPPA,BORGO VALSUGANA EST,1855,1842,1855,114874.0000,3937,177,17,2019-11,2026-06,51.1700,ufficiale,61.9267,2.1374,121.0215,4.1770,49.5780,47.9239,9.6091,False
MONTECATINI TERME,VIAREGGIO,7249,6926,7249,461351.0000,7682,502,46,2019-10,2025-03,52.5900,stimata,63.6434,1.1092,121.0181,2.1091,49.5794,48.7301,7.2481,False
L AQUILA,TERNI,41173,38408,41167,5138752.0000,85063,4444,81,2019-10,2026-07,103.2300,ufficiale,124.8270,2.2147,120.9212,2.1454,49.6191,48.7541,11.5705,False
MILANO ROGOREDO,MORTARA,7462,7121,7462,458694.0000,29138,1807,8,2025-12,2026-07,50.8400,ufficiale,61.4707,4.0918,120.9100,8.0485,49.6237,46.5266,25.3756,False
FERRARA,ROVIGO,1498,1339,1498,57902.0000,3575,263,77,2019-12,2026-07,32.0000,ufficiale,38.6529,2.6699,120.7902,8.3434,49.6729,46.4635,19.6415,False
CHIVASSO,VALENZA,1925,1879,1925,156125.0000,4532,297,35,2019-11,2026-06,67.1800,ufficiale,81.1039,2.4119,120.7263,3.5902,49.6992,48.2639,15.8063,False
ARQUATA SCRIVIA,VOGHERA,324,297,324,15914.0000,1055,72,6,2021-09,2026-07,40.7100,ufficiale,49.1173,3.5522,120.6516,8.7256,49.7299,46.3760,24.2424,False
GENOVA BRIGNOLE,IMPERIA,705,687,705,90281.0000,1847,97,82,2019-10,2026-07,106.1400,ufficiale,128.0582,2.6885,120.6502,2.5330,49.7305,48.7079,14.1194,False
CREMONA,FIDENZA,25263,24891,25259,1032629.0000,97335,6080,81,2019-10,2026-06,33.8900,ufficiale,40.8816,3.9104,120.6304,11.5387,49.7387,45.3964,24.4265,False
ROMA TIBURTINA,SULMONA,615,399,615,126465.0000,771,40,30,2023-05,2026-01,170.6200,ufficiale,205.6341,1.9323,120.5217,1.1325,49.7836,49.3201,10.0251,False
PAVIA,TORREBERETTI,4069,3961,4069,211147.0000,19646,1025,78,2019-10,2026-07,43.0600,ufficiale,51.8916,4.9599,120.5100,11.5185,49.7884,45.4447,25.8773,False
CALOLZIOCORTE OLGINATE,MILANO PORTA GARIBALDI,1697,1681,1696,86745.0000,26911,1194,80,2019-10,2026-07,42.4800,ufficiale,51.1468,16.0089,120.4021,37.6858,49.8330,37.9536,71.0291,False
LEGNAGO,VENEZIA MESTRE,2299,2268,2299,247033.0000,8257,446,70,2019-10,2026-06,89.2500,ufficiale,107.4524,3.6407,120.3948,4.0792,49.8360,48.2028,19.6649,False
PALERMO CENTRALE,TERMINI IMERESE,75202,74016,75185,3295756.0000,95389,3692,82,2019-10,2026-07,36.4100,ufficiale,43.8353,1.2888,120.3935,3.5396,49.8366,48.4132,4.9881,False
ALESSANDRIA,PAVIA,47298,45661,47286,3584484.0000,223392,15945,81,2019-10,2026-07,62.9800,ufficiale,75.8043,4.8924,120.3626,7.7682,49.8494,46.8272,34.9204,False
SULMONA,TERAMO,8437,8431,8437,1329850.0000,14774,589,80,2019-10,2026-07,131.0200,ufficiale,157.6212,1.7523,120.3032,1.3375,49.8740,49.3256,6.9861,False
BELLUNO,FELTRE,7993,7978,7992,293534.0000,3320,72,18,2020-01,2026-01,30.5300,ufficiale,36.7285,0.4161,120.3029,1.3631,49.8741,49.3153,0.9025,False
TERAMO,TORRE DEI PASSERI,1423,1422,1423,173251.0000,2324,107,66,2019-10,2026-06,101.3400,ufficiale,121.7505,1.6343,120.1406,1.6127,49.9415,49.2800,7.5246,False
NAPOLI CENTRALE,SALERNO,15248,11824,15246,939431.0000,34736,2065,82,2019-10,2026-07,51.2900,ufficiale,61.6182,2.9378,120.1369,5.7277,49.9430,47.6703,17.4645,False
FARA SABINA,ROMA TIBURTINA,337,318,337,13442.0000,1212,39,45,2019-10,2025-03,33.2400,stimata,39.8872,3.8113,119.9977,11.4661,50.0010,45.6399,12.2642,False
MERANO,S CANDIDO,1117,1114,1117,195357.0000,1014,44,64,2019-10,2026-07,146.0600,ufficiale,174.8944,0.9102,119.7414,0.6232,50.1080,49.8485,3.9497,False
BRESCIA,MARONE ZONE,4710,4701,4710,213773.0000,12309,579,12,2023-12,2026-07,37.9100,stimata,45.3870,2.6184,119.7232,6.9068,50.1156,47.3821,12.3165,False
CATANIA CENTRALE,GRAMMICHELE,453,414,453,41472.0000,2504,112,16,2020-06,2026-06,76.5000,ufficiale,91.5497,6.0483,119.6728,7.9063,50.1367,47.0297,27.0531,False
BASSANO DEL GRAPPA,BOLZANO,1271,1269,1271,229894.0000,3263,148,47,2019-10,2026-07,151.1500,ufficiale,180.8765,2.5713,119.6669,1.7012,50.1392,49.4364,11.6627,False
CALALZO PIEVE CADORE CORTINA,VENEZIA S LUCIA,724,719,724,114778.0000,938,50,54,2020-09,2026-07,132.4800,ufficiale,158.5331,1.3046,119.6657,0.9847,50.1397,49.7304,6.9541,False
BUONCONVENTO,EMPOLI,2135,2000,2135,234423.0000,2486,111,78,2019-10,2026-07,91.7900,ufficiale,109.8000,1.2430,119.6209,1.3542,50.1585,49.5970,5.5500,False
SIRACUSA,VITTORIA,1094,1084,1093,198868.0000,6839,456,52,2019-10,2025-01,152.2200,ufficiale,181.9469,6.3090,119.5289,4.1447,50.1971,48.5148,42.0664,False
BASSANO DEL GRAPPA,VENEZIA S LUCIA,128676,123841,128671,9631856.0000,217524,11025,82,2019-10,2026-07,62.7100,ufficiale,74.8565,1.7565,119.3693,2.8010,50.2642,49.1118,8.9025,False
CHIUSI CHIANCIANO TERME,PRATO CENTRALE,1920,1862,1920,305188.0000,6853,366,80,2019-10,2026-07,133.2400,ufficiale,158.9521,3.6805,119.2976,2.7623,50.2944,49.1562,19.6563,False
MACCARESE,ROMA TERMINI,350,349,350,13027.0000,1385,73,31,2019-10,2025-02,31.2300,stimata,37.2200,3.9685,119.1803,12.7073,50.3439,45.4933,20.9169,False
MANTOVA,MODENA,63863,61761,63850,4644677.0000,128133,7527,82,2019-10,2026-07,61.0400,ufficiale,72.7436,2.0747,119.1736,3.3989,50.3467,48.9506,12.1873,False
FIRENZE CAMPO MARTE,S BENEDETTO SAMBRO CASTIGLIONE PEPOLI,408,408,408,28156.0000,1892,163,21,2023-01,2024-10,57.9700,stimata,69.0098,4.6373,119.0440,7.9994,50.4015,47.2280,39.9510,False
BRUNICO,FORTEZZA,687,661,686,26465.0000,885,42,23,2019-11,2026-07,32.4100,ufficiale,38.5787,1.3389,119.0334,4.1311,50.4060,48.7154,6.3540,False
BUCCINO S GREGORIO MAGNO,SALERNO,768,697,768,53132.0000,2721,171,10,2025-03,2026-07,58.1300,ufficiale,69.1823,3.9039,119.0131,6.7158,50.4146,47.7218,24.5337,False
FAENZA,FIRENZE S MARIA NOVELLA,22901,22673,22901,2737980.0000,77823,4421,68,2019-10,2026-07,100.6600,ufficiale,119.5572,3.4324,118.7733,3.4099,50.5164,49.1066,19.4990,False
MODICA,SIRACUSA,2866,2681,2862,311677.0000,14721,600,63,2019-10,2026-05,91.7000,ufficiale,108.9018,5.4909,118.7588,5.9879,50.5226,48.0975,22.3797,False
CALTANISSETTA CENTRALE,ROCCAPALUMBA ALIA,11823,11253,11823,882381.0000,11489,578,71,2019-10,2026-06,62.9100,ufficiale,74.6326,1.0210,118.6339,1.6229,50.5758,49.8932,5.1364,False
LA SPEZIA CENTRALE,MILANO PORTA GARIBALDI,425,415,425,113756.0000,4280,175,25,2023-04,2026-07,225.6400,ufficiale,267.6612,10.3133,118.6231,4.5707,50.5804,48.7038,42.1687,False
PARMA,PIADENA,11018,10825,11014,519109.0000,46701,3371,81,2019-10,2026-07,39.7400,ufficiale,47.1317,4.3142,118.6003,10.8560,50.5901,46.3477,31.1409,False
CASTELBOLOGNESE RIOLO TERME,RAVENNA,8610,8184,8606,414525.0000,15642,897,80,2019-10,2026-07,40.6400,ufficiale,48.1670,1.9113,118.5211,4.7030,50.6239,48.6918,10.9604,False
BERGAMO,MILANO GRECO PIRELLI,862,854,861,46914.0000,5226,383,50,2019-10,2026-06,46.0600,ufficiale,54.4878,6.1194,118.2974,13.2858,50.7196,45.5985,44.8478,False
FOSSANO,LIMONE,29013,27817,29011,1833998.0000,23781,1112,82,2019-10,2026-07,53.4700,ufficiale,63.2173,0.8549,118.2295,1.5989,50.7487,50.0716,3.9976,False
LA SPEZIA CENTRALE,PONTREMOLI,23097,22803,23096,1115010.0000,56777,3630,80,2019-10,2026-07,40.8500,ufficiale,48.2772,2.4899,118.1816,6.0952,50.7693,48.2793,15.9190,False
CASTELVETRANO,TRAPANI,26628,20679,26603,2337805.0000,47726,2102,70,2019-10,2026-07,74.3600,ufficiale,87.8775,2.3079,118.1784,3.1037,50.7707,49.4714,10.1649,False
MILANO CADORNA,NOVARA NORD,74677,74481,74676,4715865.0000,173462,13470,82,2019-10,2026-07,53.4500,ufficiale,63.1510,2.3289,118.1497,4.3572,50.7830,48.9768,18.0851,False
PAVIA,VALENZA,2088,2070,2088,121483.0000,17047,1158,55,2019-11,2026-07,49.2800,ufficiale,58.1815,8.2353,118.0631,16.7112,50.8203,44.5189,55.9420,False
BRESSANA BOTTARONE,PIACENZA,382,382,381,22474.0000,992,56,8,2022-10,2026-04,49.9700,ufficiale,58.9869,2.5969,118.0446,5.1968,50.8283,48.6849,14.6597,False
GALLARATE,STABIO,992,975,992,40292.0000,932,43,30,2021-06,2026-07,34.4300,stimata,40.6169,0.9559,117.9696,2.7764,50.8606,49.6911,4.4103,False
OZIERI CHILIVANI,PORTO TORRES MARITTIMA,1839,1833,1839,142799.0000,2932,151,76,2019-10,2026-07,65.9300,ufficiale,77.6504,1.5996,117.7770,2.4262,50.9437,49.9155,8.2379,False
ALTOPASCIO,FIRENZE S MARIA NOVELLA,332,310,332,24755.0000,1402,50,25,2019-11,2026-05,63.3200,ufficiale,74.5633,4.5226,117.7562,7.1424,50.9527,48.0389,16.1290,False
EMPOLI,FIRENZE S MARIA NOVELLA,20759,20282,20755,746593.0000,34359,1758,81,2019-10,2026-07,30.5500,ufficiale,35.9717,1.6941,117.7470,5.5452,50.9567,48.6649,8.6678,False
ELLERA CORCIANO,FOLIGNO,343,343,343,20039.0000,1483,128,21,2020-08,2024-09,49.6200,ufficiale,58.4227,4.3236,117.7403,8.7135,50.9596,47.4482,37.3178,False
LUCCA,PONTEDERA CASCIANA TERME,1845,1826,1845,92263.0000,3584,184,78,2019-10,2026-07,42.5000,ufficiale,50.0070,1.9628,117.6636,4.6183,50.9928,49.0670,10.0767,False
LEGNAGO,MONSELICE,9588,9482,9588,428070.0000,22379,1125,82,2019-10,2026-07,37.9500,ufficiale,44.6464,2.3602,117.6454,6.2191,51.0007,48.4400,11.8646,False
CANTELLO GAGGIOLO,MALPENSA AEROPORTO T2,441,441,441,28665.0000,513,23,9,2019-10,2020-12,55.3000,ufficiale,65.0000,1.1633,117.5407,2.1036,51.0462,50.1487,5.2154,False
SESTRI LEVANTE,VENTIMIGLIA,3468,3426,3468,762370.0000,11409,500,82,2019-10,2026-07,187.0700,ufficiale,219.8299,3.3301,117.5121,1.7801,51.0586,50.2966,14.5943,False
IVREA,NOVARA,39639,36961,39635,4841344.0000,103085,6138,81,2019-10,2026-07,104.1500,ufficiale,122.1482,2.7890,117.2810,2.6779,51.1592,50.0171,16.6067,False
MILANO GRECO PIRELLI,STRADELLA,30980,30546,30972,2444233.0000,167992,10892,75,2019-10,2025-12,67.2900,ufficiale,78.9175,5.4996,117.2797,8.1730,51.1598,47.8268,35.6577,False
GRISIGNANO ZOCCO,VENEZIA S LUCIA,1609,1567,1609,98633.0000,2556,136,28,2020-02,2026-07,52.2700,ufficiale,61.3008,1.6311,117.2772,3.1206,51.1608,49.8348,8.6790,False
AVEZZANO,SULMONA,6688,6295,6687,508409.0000,15851,833,82,2019-10,2026-07,64.8600,ufficiale,76.0295,2.5180,117.2209,3.8823,51.1854,49.5445,13.2327,False
BOLOGNA CENTRALE,RIMINI VISERBA,2370,2357,2370,320270.0000,4940,256,6,2020-10,2026-07,115.3000,ufficiale,135.1350,2.0959,117.2030,1.8178,51.1932,50.4114,10.8613,False
LEGNAGO,PADOVA,5834,5679,5830,414818.0000,11973,632,82,2019-10,2026-07,60.7500,ufficiale,71.1523,2.1083,117.1232,3.4704,51.2281,49.7539,11.1287,False
CHIUSI CHIANCIANO TERME,FOLIGNO,1259,1238,1259,163190.0000,3319,159,60,2020-07,2026-07,110.7300,ufficiale,129.6187,2.6809,117.0584,2.4211,51.2565,50.2178,12.8433,False
PESCARA,SULMONA,44073,43932,44072,3521152.0000,54497,2494,82,2019-10,2026-07,68.3300,ufficiale,79.8954,1.2405,116.9259,1.8154,51.3146,50.5300,5.6770,False
CASTELVETRANO,MARSALA,3624,2367,3624,185170.0000,2814,97,47,2019-10,2026-07,43.7100,ufficiale,51.0955,1.1888,116.8965,2.7199,51.3274,50.1604,4.0980,False
PESCARA,TERAMO,44677,43596,44676,3273028.0000,82470,4336,80,2019-10,2026-07,62.6900,ufficiale,73.2614,1.8917,116.8630,3.0175,51.3422,50.0498,9.9459,False
CIVITAVECCHIA,ROMA S PIETRO,499,394,499,38504.0000,1845,128,48,2021-03,2026-07,66.0300,ufficiale,77.1623,4.6827,116.8595,7.0918,51.3437,48.4061,32.4873,False
AVEZZANO,PESCARA,6460,5914,6459,1005118.0000,11144,530,82,2019-10,2026-07,133.1900,ufficiale,155.6151,1.8843,116.8369,1.4148,51.3536,50.7392,8.9618,False
COMO S GIOVANNI,LA SPEZIA CENTRALE,361,341,361,112662.0000,2073,127,25,2023-04,2026-07,267.1100,ufficiale,312.0831,6.0792,116.8369,2.2759,51.3536,50.3724,37.2434,False
CITTADELLA,TREVISO CENTRALE,459,459,459,19513.0000,817,36,18,2020-02,2026-07,36.3900,ufficiale,42.5120,1.7800,116.8233,4.8913,51.3596,49.2957,7.8431,False
BERGAMO,BRESCIA,81006,80238,80983,4608023.0000,313582,22176,82,2019-10,2026-07,48.7300,ufficiale,56.9011,3.9081,116.7681,8.0200,51.3839,48.0815,27.6378,False
RAVENNA,RIMINI,13842,13243,13829,804502.0000,36570,2088,80,2019-10,2026-07,49.8400,ufficiale,58.1750,2.7615,116.7235,5.5406,51.4035,49.0741,15.7668,False
AVEZZANO,TIVOLI,833,760,833,65618.0000,2463,74,41,2020-06,2026-07,67.5100,ufficiale,78.7731,3.2408,116.6836,4.8005,51.4211,49.3892,9.7368,False
FIRENZE S MARIA NOVELLA,PESCIA,1650,1615,1650,104196.0000,4723,223,50,2019-10,2026-07,54.1900,ufficiale,63.1491,2.9245,116.5327,5.3967,51.4877,49.2088,13.8080,False
CIRIE,FOSSANO,10625,10438,10625,1087119.0000,19990,1258,17,2025-01,2026-07,87.9400,ufficiale,102.3171,1.9151,116.3487,2.1778,51.5691,50.6216,12.0521,False
MILANO PORTA GARIBALDI,VERDELLO DALMINE,301,299,301,15598.0000,3981,180,34,2020-01,2026-07,44.5600,ufficiale,51.8206,13.3144,116.2940,29.8797,51.5934,41.0471,60.2007,False
CIRE,FOSSANO,978,974,978,100054.0000,2355,164,8,2024-06,2025-01,88.0700,stimata,102.3047,2.4179,116.1629,2.7454,51.6516,50.4590,16.8378,False
REGGIO CALABRIA CENTRALE,ROCCELLA JONICA,20218,19480,20217,2619570.0000,48213,2716,82,2019-10,2026-07,111.6000,ufficiale,129.5726,2.4750,116.1045,2.2177,51.6776,50.7090,13.9425,False
BUSTO ARSIZIO NORD,MILANO CENTRALE,437,432,437,19254.0000,1405,103,5,2025-09,2026-01,38.0000,ufficiale,44.0595,3.2523,115.9460,8.5587,51.7482,48.1909,23.8426,False
CALTAGIRONE,CATANIA CENTRALE,6783,6363,6778,700688.0000,37758,1759,68,2019-10,2026-07,89.1600,ufficiale,103.3768,5.9340,115.9453,6.6554,51.7486,48.9394,27.6442,False
ACQUI TERME,ALESSANDRIA,6753,6472,6746,264868.0000,16247,824,81,2019-10,2026-07,33.9100,ufficiale,39.2630,2.5104,115.7858,7.4030,51.8198,48.7057,12.7318,False
ALBA,TORINO STURA,42800,42337,42796,3707043.0000,56379,3281,82,2019-10,2026-07,74.8600,ufficiale,86.6212,1.3317,115.7110,1.7789,51.8533,51.0682,7.7497,False
FERRARA,VENEZIA S LUCIA,11330,11241,11330,1472783.0000,19309,948,82,2019-10,2026-07,112.6800,ufficiale,129.9897,1.7177,115.3618,1.5244,52.0103,51.3320,8.4334,False
BRESCIA,CREMONA,47309,46151,47307,2737831.0000,182258,13394,61,2021-07,2026-07,50.2000,ufficiale,57.8737,3.9492,115.2862,7.8669,52.0444,48.7198,29.0221,False
MESSINA CENTRALE,MILAZZO,2805,2762,2803,101967.0000,1601,73,70,2019-10,2026-06,31.5800,ufficiale,36.3778,0.5797,115.1926,1.8355,52.0867,51.2698,2.6430,False
BASSANO DEL GRAPPA,VENEZIA MESTRE,1164,1116,1164,72731.0000,11530,454,77,2019-10,2026-07,54.2800,ufficiale,62.4837,10.3315,115.1136,19.0338,52.1224,44.7269,40.6810,False
BELLUNO,VENEZIA S LUCIA,23863,23540,23863,2852109.0000,49957,2194,69,2020-09,2026-07,103.8600,ufficiale,119.5201,2.1222,115.0781,2.0433,52.1385,51.2289,9.3203,False
FRANCAVILLA AL MARE,TERAMO,1820,1815,1820,150380.0000,2395,96,77,2019-10,2026-07,71.8200,ufficiale,82.6264,1.3196,115.0465,1.8373,52.1528,51.3330,5.2893,False
ALBA,TORINO REBAUDENGO FOSSATA,7629,7621,7629,626029.0000,31515,2138,26,2024-01,2026-07,71.3800,ufficiale,82.0591,4.1353,114.9609,5.7933,52.1916,49.6877,28.0541,False
POTENZA CENTRALE,RIONERO ATELLA RIPACANDITA,382,379,382,19225.0000,953,41,10,2023-05,2024-12,43.8000,stimata,50.3272,2.5145,114.9023,5.7409,52.2183,49.7334,10.8179,False
BELLA MURO,POTENZA INFERIORE,798,731,795,36662.0000,1400,81,23,2019-10,2021-11,40.1700,stimata,46.1157,1.9152,114.8014,4.7677,52.2642,50.1802,11.0807,False
MONDOVI,SAVONA,1192,1091,1192,88637.0000,5068,275,13,2020-09,2026-06,64.8200,ufficiale,74.3599,4.6453,114.7175,7.1664,52.3024,49.2272,25.2062,False
AVEZZANO,GUIDONIA MONTECELIO S ANGELO,774,741,774,72017.0000,1874,91,23,2020-06,2026-05,81.1800,ufficiale,93.0452,2.5290,114.6159,3.1153,52.3487,50.9635,12.2807,False
LEGNAGO,ROVIGO,1131,1105,1131,61002.0000,2969,150,21,2024-10,2026-07,47.0600,ufficiale,53.9363,2.6869,114.6119,5.7095,52.3506,49.8665,13.5747,False
GIULIANOVA,SULMONA,420,420,420,50948.0000,1896,66,53,2019-12,2026-06,105.9500,ufficiale,121.3048,4.5143,114.4925,4.2608,52.4052,50.5249,15.7143,False
VENEZIA S LUCIA,VICENZA,27624,24759,27617,2123784.0000,51115,2943,82,2019-10,2026-07,67.2000,ufficiale,76.9013,2.0645,114.4365,3.0722,52.4308,51.0601,11.8866,False
POGGIO MIRTETO,ROMA TIBURTINA,3708,3491,3707,185948.0000,2724,112,81,2019-10,2026-07,43.8600,ufficiale,50.1613,0.7803,114.3669,1.7791,52.4627,51.6591,3.2082,False
ALESSANDRIA,MILANO ROGOREDO,1539,1486,1539,161112.0000,9498,545,15,2019-12,2026-07,91.5800,ufficiale,104.6862,6.3917,114.3112,6.9793,52.4883,49.4680,36.6756,False
ANTRODOCO CENTRO,TERNI,1663,1572,1663,123256.0000,3872,235,74,2019-10,2025-12,64.8600,ufficiale,74.1167,2.4631,114.2717,3.7976,52.5064,50.8176,14.9491,False
LADISPOLI CERVETERI,ROMA TIBURTINA,4513,4450,4512,246342.0000,11639,640,80,2019-10,2026-07,47.8500,ufficiale,54.5971,2.6155,114.1005,5.4661,52.5852,50.1813,14.3820,False
TREVISO CENTRALE,VICENZA,54323,53961,54319,3719935.0000,62415,2844,82,2019-10,2026-07,60.0600,ufficiale,68.4831,1.1567,114.0245,1.9259,52.6203,51.7463,5.2705,False
FIRENZE S MARIA NOVELLA,PISA CENTRALE,75312,73838,75304,6662569.0000,181526,9922,82,2019-10,2026-07,77.6100,ufficiale,88.4756,2.4584,114.0003,3.1677,52.6314,51.2085,13.4375,False
RAGUSA,SIRACUSA,2623,2472,2621,332375.0000,7267,388,64,2019-10,2026-03,111.2400,ufficiale,126.8123,2.9397,113.9988,2.6427,52.6321,51.4397,15.6958,False
MODICA,VITTORIA,1020,1010,1019,70224.0000,2301,118,52,2019-10,2026-06,60.5200,ufficiale,68.9146,2.2782,113.8708,3.7644,52.6913,51.0051,11.6832,False
CANTELLO GAGGIOLO,MALPENSA AEROPORTO T1,1056,1056,1056,62304.0000,912,46,6,2020-12,2021-05,51.8300,ufficiale,59.0000,0.8636,113.8337,1.6663,52.7085,51.9481,4.3561,False
BELLUNO,PADOVA,10850,10440,10850,1377236.0000,15243,716,41,2019-10,2026-07,111.5800,ufficiale,126.9342,1.4601,113.7607,1.3085,52.7423,52.1425,6.8582,False
ROSOLINI,SIRACUSA,3917,3742,3914,212495.0000,6137,310,54,2019-10,2025-05,47.7400,ufficiale,54.2910,1.6400,113.7223,3.4353,52.7601,51.2131,8.2843,False
MILANO GRECO PIRELLI,PIACENZA,90934,89204,90895,7133215.0000,354222,23877,82,2019-10,2026-07,69.1400,ufficiale,78.4775,3.9709,113.5052,5.7433,52.8610,50.3151,26.7667,False
SAVONA,VENTIMIGLIA,41483,40334,41477,4685419.0000,102501,6252,82,2019-10,2026-07,99.5400,ufficiale,112.9643,2.5413,113.4863,2.5530,52.8698,51.7066,15.5006,False
FOGGIA,POTENZA CENTRALE,15638,13267,15637,2099701.0000,30765,1534,32,2021-11,2024-06,118.3300,ufficiale,134.2777,2.3189,113.4773,1.9597,52.8740,51.9764,11.5625,False
REGGIO CALABRIA CENTRALE,ROSARNO,9612,9390,9605,657973.0000,11844,519,71,2019-10,2026-07,60.5000,ufficiale,68.5032,1.2613,113.2284,2.0849,52.9902,52.0322,5.5272,False
GELA,SIRACUSA,5459,5033,5457,1120486.0000,26313,1087,58,2019-10,2025-06,181.3600,ufficiale,205.3300,5.2281,113.2168,2.8827,52.9957,51.6798,21.5975,False
BORGOMANERO,NOVARA,3783,3683,3783,134429.0000,8932,530,78,2019-10,2026-07,31.4000,ufficiale,35.5350,2.4252,113.1689,7.7236,53.0181,49.6309,14.3904,False
ALBA,TORINO LINGOTTO,605,594,605,42450.0000,10629,331,76,2019-10,2026-07,62.0200,ufficiale,70.1653,17.8939,113.1333,28.8519,53.0348,42.2579,55.7239,False
ARONA,NOVARA,30966,30722,30966,1366408.0000,52677,2571,82,2019-10,2026-07,39.0200,stimata,44.1261,1.7146,113.0858,4.3942,53.0571,51.0725,8.3686,False
SARZANA,SAVONA,1479,1476,1479,240782.0000,5005,309,76,2019-10,2026-07,143.9700,ufficiale,162.8005,3.3909,113.0795,2.3553,53.0600,51.9774,20.9350,False
PORTOGRUARO CAORLE,TREVISO CENTRALE,38462,38163,38458,2280636.0000,45341,2189,82,2019-10,2026-07,52.4600,ufficiale,59.3020,1.1881,113.0423,2.2648,53.0775,52.0350,5.7359,False
FERRARA,RIMINI,2263,1211,2263,312965.0000,4811,245,82,2019-10,2026-07,122.4600,ufficiale,138.2965,3.9727,112.9320,3.2441,53.1293,51.6457,20.2312,False
COLLEFERRO SEGNI PALIANO,ROMA TIBURTINA,3003,2755,3000,181642.0000,4280,243,79,2019-10,2026-07,53.6400,ufficiale,60.5473,1.5535,112.8772,2.8962,53.1551,51.8254,8.8203,False
FOGGIA,POTENZA INFERIORE,12908,11036,12907,1732808.0000,31504,1588,26,2019-10,2021-11,118.9700,stimata,134.2534,2.8547,112.8464,2.3995,53.1696,52.0626,14.3893,False
COLICO,SONDRIO,3463,3390,3463,157782.0000,12820,743,71,2019-10,2026-07,40.4700,ufficiale,45.5622,3.7817,112.5827,9.3445,53.2941,49.2097,21.9174,False
BORGO VAL TARO,LA SPEZIA CENTRALE,899,877,899,59347.0000,3156,195,39,2019-10,2026-07,58.7800,ufficiale,66.0145,3.5986,112.3077,6.1222,53.4247,50.6629,22.2349,False
MILANO PORTA GARIBALDI,NOVARA,15620,15159,15614,844772.0000,56730,3564,81,2019-10,2026-06,48.2000,ufficiale,54.1035,3.7423,112.2479,7.7642,53.4531,49.9950,23.5108,False
CHIUSI CHIANCIANO TERME,PERUGIA,1215,1213,1215,96981.0000,2033,112,25,2020-07,2025-05,71.1500,ufficiale,79.8198,1.6760,112.1852,2.3556,53.4830,52.3831,9.2333,False
IMOLA,S PIETRO IN CASALE,3336,3318,3335,214849.0000,6004,364,80,2019-10,2026-07,57.4300,ufficiale,64.4225,1.8095,112.1757,3.1508,53.4875,52.0262,10.9705,False
NOTO,SIRACUSA,496,461,496,17938.0000,1294,63,28,2019-11,2024-02,32.2400,ufficiale,36.1653,2.8069,112.1753,8.7064,53.4877,49.6353,13.6659,False
MILANO PORTA GENOVA,VIGEVANO,331,320,331,11760.0000,1702,45,20,2019-11,2025-12,31.6800,ufficiale,35.5287,5.3187,112.1487,16.7890,53.5004,46.5341,14.0625,False
BOLOGNA CENTRALE,S BENEDETTO SAMBRO CASTIGLIONE PEPOLI,26769,26295,26761,1217532.0000,18400,922,78,2019-10,2026-07,40.5800,ufficiale,45.4965,0.6998,112.1156,1.7244,53.5162,52.7056,3.5064,False
FOSSANO,TORINO AEROPORTO CASELLE,500,499,500,46068.0000,889,48,4,2025-04,2026-06,82.2000,ufficiale,92.1360,1.7816,112.0876,2.1674,53.5296,52.5141,9.6192,False
CASERTA,SARNO,819,807,819,36168.0000,3541,221,31,2019-10,2026-07,39.4100,ufficiale,44.1612,4.3879,112.0558,11.1339,53.5448,48.7054,27.3854,False
TERNI,TERONTOLA CORTONA,3660,3609,3660,542291.0000,9194,590,81,2019-10,2026-07,132.2800,ufficiale,148.1669,2.5475,112.0101,1.9259,53.5666,52.6612,16.3480,False
COLLEFERRO SEGNI PALIANO,ROMA TUSCOLANA,1691,1535,1691,96408.0000,2024,112,80,2019-10,2026-07,50.9500,ufficiale,57.0124,1.3186,111.8988,2.5880,53.6199,52.4078,7.2964,False
MILANO PORTA GARIBALDI,PREMOSELLO CHIOVENDA,553,474,553,64525.0000,3683,242,16,2020-12,2026-06,104.3300,ufficiale,116.6817,7.7700,111.8391,7.4476,53.6485,50.2990,51.0549,False
OLMENETA,TREVIGLIO,688,652,688,41313.0000,4129,173,54,2019-11,2026-07,53.7400,ufficiale,60.0480,6.3328,111.7379,11.7842,53.6971,48.5743,26.5337,False
CREMONA,TREVIGLIO,61206,60308,61195,4413818.0000,239971,15186,82,2019-10,2026-07,64.5800,ufficiale,72.1271,3.9791,111.6864,6.1615,53.7218,50.9131,25.1807,False
S BENEDETTO DEL TRONTO,SULMONA,1966,1964,1966,285000.0000,900,32,82,2019-10,2026-07,129.8100,ufficiale,144.9644,0.4582,111.6743,0.3530,53.7277,53.5584,1.6293,False
ORTE,ROMA TIBURTINA,2559,2327,2559,219631.0000,3955,167,46,2019-10,2026-07,76.9000,ufficiale,85.8269,1.6996,111.6084,2.2102,53.7594,52.7155,7.1766,False
BOLOGNA CENTRALE,FERRARA,52238,45208,52231,2728332.0000,65118,3963,82,2019-10,2026-07,46.8300,ufficiale,52.2359,1.4404,111.5436,3.0758,53.7906,52.3471,8.7661,False
BARI CENTRALE,VILLA S GIOVANNI,762,678,762,383503.0000,5141,165,14,2025-06,2026-07,451.5900,ufficiale,503.2848,7.5826,111.4473,1.6791,53.8371,53.0380,24.3363,False
GENOVA BRIGNOLE,LA SPEZIA CENTRALE,36720,36030,36714,3436997.0000,177691,12141,82,2019-10,2026-07,84.0400,ufficiale,93.6154,4.9318,111.3939,5.8683,53.8629,51.1674,33.6969,False
MONFALCONE,UDINE,1186,1183,1186,59067.0000,5758,209,43,2020-01,2026-07,44.7500,ufficiale,49.8035,4.8673,111.2928,10.8766,53.9118,49.1121,17.6669,False
MODENA,SUZZARA,1181,1170,1181,55336.0000,4608,167,55,2019-11,2026-07,42.1100,ufficiale,46.8552,3.9385,111.2686,9.3528,53.9236,49.7424,14.2735,False
ASTI,TORINO STURA,51405,50345,51401,3676370.0000,70569,4003,82,2019-10,2026-07,64.3000,ufficiale,71.5233,1.4017,111.2338,2.1800,53.9405,52.9037,7.9511,False
CASERTA,CASSINO,20098,18455,20094,1545822.0000,46391,2820,82,2019-10,2026-07,69.1700,ufficiale,76.9295,2.5137,111.2181,3.6341,53.9481,52.2411,15.2804,False
GENOVA BRIGNOLE,PARMA,3534,3387,3534,764850.0000,13193,859,72,2019-10,2026-07,194.6200,ufficiale,216.4261,3.8952,111.2045,2.0014,53.9547,53.0008,25.3617,False
FOSSANO,SAVONA,6274,6075,6272,584399.0000,10248,621,80,2019-10,2026-07,83.8000,ufficiale,93.1759,1.6869,111.1884,2.0130,53.9625,53.0029,10.2222,False
FERRARA,IMOLA,10505,10415,10503,938079.0000,31643,2270,81,2019-10,2026-07,80.3800,ufficiale,89.3153,3.0382,111.1164,3.7798,53.9974,52.2211,21.7955,False
CEVA,SAVONA,722,702,722,36597.0000,1477,67,10,2020-10,2026-06,45.6500,ufficiale,50.6884,2.1040,111.0369,4.6090,54.0361,51.8825,9.5442,False
LUINO,MILANO PORTA GARIBALDI,11615,11391,11615,1089063.0000,58657,3362,82,2019-10,2026-07,84.4800,ufficiale,93.7635,5.1494,110.9890,6.0954,54.0594,51.2451,29.5145,False
NAPOLI CENTRALE,VAIRANO CAIANELLO,10456,9605,10455,927468.0000,31997,1722,82,2019-10,2026-07,79.9400,ufficiale,88.7105,3.3313,110.9713,4.1672,54.0680,52.1111,17.9282,False
BRESSANONE,MERANO,319,319,319,25272.0000,1372,84,12,2021-01,2026-07,71.4100,ufficiale,79.2226,4.3009,110.9404,6.0229,54.0831,51.2981,26.3323,False
LIERNA,MILANO CENTRALE,452,451,452,31982.0000,2196,138,4,2023-05,2025-03,63.8600,ufficiale,70.7566,4.8692,110.7996,7.6248,54.1518,50.6652,30.5987,False
PESARO,RAVENNA,6190,6150,6190,569732.0000,11319,508,78,2019-10,2026-07,83.2200,ufficiale,92.0407,1.8405,110.5993,2.2116,54.2499,53.1864,8.2602,False
LAVENO MOMBELLO,MILANO PORTA GARIBALDI,417,411,417,32244.0000,1747,81,15,2019-12,2026-07,69.9200,ufficiale,77.3237,4.2506,110.5889,6.0792,54.2550,51.4279,19.7080,False
FORTEZZA,MERANO,2234,2230,2234,201427.0000,4331,216,69,2019-10,2026-07,81.5800,ufficiale,90.1643,1.9422,110.5225,2.3807,54.2876,53.1429,9.6861,False
AREZZO,SESTRI LEVANTE,304,293,304,87503.0000,2204,123,39,2020-06,2026-07,260.5100,ufficiale,287.8388,7.5222,110.4905,2.8875,54.3033,52.9203,41.9795,False
MILANO LAMBRATE,PIACENZA,887,868,887,63931.0000,12999,486,78,2019-10,2026-07,65.2500,ufficiale,72.0755,14.9758,110.4606,22.9514,54.3180,44.9735,55.9908,False
BUSTO ARSIZIO,STABIO,28335,28216,28335,1247366.0000,59187,3899,55,2021-06,2026-07,39.8600,stimata,44.0221,2.0976,110.4418,5.2625,54.3273,51.8563,13.8184,False
CATANZARO LIDO,LAMEZIA TERME CENTRALE,36523,35347,36518,1740136.0000,44030,2244,81,2019-10,2026-07,43.1600,ufficiale,47.6515,1.2457,110.4065,2.8861,54.3446,52.9602,6.3485,False
GENOVA BRIGNOLE,PONTREMOLI,1007,994,1007,138617.0000,4376,260,50,2020-03,2026-05,124.8900,ufficiale,137.6534,4.4024,110.2197,3.5250,54.4367,52.7497,26.1569,False
ROVIGO,VERONA PORTA NUOVA,13279,12626,13279,1385114.0000,35139,1900,22,2024-09,2026-07,94.6400,ufficiale,104.3086,2.7831,110.2162,2.9407,54.4385,53.0237,15.0483,False
BOLOGNA CENTRALE,FIRENZE S MARIA NOVELLA,6531,6182,6531,658381.0000,9411,437,77,2019-10,2026-07,91.4900,ufficiale,100.8086,1.5223,110.1854,1.6639,54.4537,53.6436,7.0689,False
L AQUILA,SULMONA,42120,41965,42118,2796820.0000,68697,3118,82,2019-10,2026-07,60.2700,ufficiale,66.4044,1.6370,110.1782,2.7161,54.4572,53.1471,7.4300,False
CASTELFRANCO VENETO,PADOVA,8225,8037,8223,273789.0000,9290,312,81,2019-10,2026-07,30.2400,ufficiale,33.2955,1.1559,110.1042,3.8224,54.4938,52.6655,3.8820,False
DONNAFUGATA,SIRACUSA,614,608,614,88352.0000,5666,243,39,2019-11,2024-02,130.7700,ufficiale,143.8958,9.3191,110.0373,7.1263,54.5270,51.2104,39.9671,False
FABRIANO,FOLIGNO,2400,2262,2400,152911.0000,4577,322,77,2019-10,2026-06,57.9300,ufficiale,63.7129,2.0234,109.9826,3.4929,54.5541,52.8749,14.2352,False
LADISPOLI CERVETERI,ROMA TUSCOLANA,1609,939,1609,77990.0000,1030,68,80,2019-10,2026-07,44.1000,ufficiale,48.4711,1.0969,109.9118,2.4873,54.5892,53.3812,7.2417,False
SCHIO,VENEZIA MESTRE,1172,1128,1172,115746.0000,2349,156,67,2019-10,2026-07,89.9500,ufficiale,98.7594,2.0824,109.7936,2.3151,54.6480,53.5195,13.8298,False
BOLOGNA CENTRALE,FIRENZE CAMPO MARTE,2389,2226,2388,245051.0000,7794,397,69,2019-10,2026-07,93.5600,ufficiale,102.6177,3.5013,109.6811,3.7424,54.7040,52.8991,17.8347,False
CASTELBOLOGNESE RIOLO TERME,RIMINI,507,453,506,38391.0000,2174,85,43,2019-10,2026-07,69.2100,ufficiale,75.8715,4.7991,109.6251,6.9341,54.7320,51.4760,18.7638,False
GALLARATE,VENTIMIGLIA,307,304,307,102224.0000,5231,236,25,2023-04,2026-07,303.9700,ufficiale,332.9772,17.2072,109.5428,5.6608,54.7731,52.0817,77.6316,False
PIRAINETO,TRAPANI,9646,9357,9645,1717106.0000,31349,1315,64,2019-10,2026-07,162.5300,ufficiale,178.0307,3.3503,109.5371,2.0614,54.7759,53.7642,14.0536,False
DOMODOSSOLA,MILANO PORTA GARIBALDI,28947,25044,28941,3799102.0000,119293,7325,79,2019-10,2026-06,119.8700,ufficiale,131.2706,4.7633,109.5108,3.9738,54.7891,52.8706,29.2485,False
LIVORNO CENTRALE,PONTEDERA CASCIANA TERME,3419,3386,3418,143543.0000,5579,254,80,2019-10,2026-07,38.3600,ufficiale,41.9962,1.6477,109.4791,4.2953,54.8050,52.7359,7.5015,False
MILANO PORTA VITTORIA,PAVIA,1350,1343,1350,47919.0000,5251,450,8,2019-10,2026-07,32.4400,ufficiale,35.4956,3.9099,109.4191,12.0527,54.8350,49.3942,33.5071,False
EMPOLI,SIENA,47181,45784,47164,3247031.0000,100420,5249,81,2019-10,2026-07,63.0100,ufficiale,68.8455,2.1933,109.2613,3.4809,54.9142,53.2187,11.4647,False
LECCE,REGGIO CALABRIA CENTRALE,1398,812,1398,712916.0000,7781,245,25,2024-06,2026-07,467.0200,ufficiale,509.9542,9.5825,109.1932,2.0518,54.9485,53.9350,30.1724,False
MALPENSA AEROPORTO T2,MILANO CENTRALE,11474,11290,11453,678791.0000,33355,2483,33,2019-10,2025-02,54.3100,ufficiale,59.2675,2.9544,109.1282,5.4399,54.9812,52.3706,21.9929,False
CAMPOBASSO,NAPOLI CENTRALE,1535,1347,1535,279447.0000,8476,357,9,2019-10,2020-06,167.0900,stimata,182.0502,6.2925,108.9534,3.7659,55.0694,53.2296,26.5033,False
IMPERIA,TORINO PORTA NUOVA,600,583,600,136187.0000,5176,275,41,2020-06,2026-07,208.4300,ufficiale,226.9783,8.8782,108.8991,4.2596,55.0969,53.0229,47.1698,False
TORINO STURA,VILLAFRANCA CANTARANA,303,303,303,16253.0000,621,31,8,2022-09,2024-10,49.2600,stimata,53.6403,2.0495,108.8921,4.1606,55.1004,53.0726,10.2310,False
MILANO CERTOSA,VOGHERA,1185,1167,1185,85967.0000,13036,876,59,2019-10,2026-05,66.7100,ufficiale,72.5460,11.1705,108.7483,16.7449,55.1733,47.8114,75.0643,False
FERRARA,MONSELICE,400,389,400,23005.0000,475,30,6,2021-06,2025-11,52.9400,ufficiale,57.5125,1.2211,108.6371,2.3065,55.2297,54.0815,7.7121,False
BRA,TORINO STURA,1480,1467,1480,92224.0000,5870,237,67,2019-10,2026-06,57.3700,ufficiale,62.3135,4.0014,108.6169,6.9747,55.2400,51.9069,16.1554,False
ALCANTARA,SIRACUSA,700,669,700,95988.0000,2810,147,28,2021-03,2026-07,126.4000,ufficiale,137.1257,4.2003,108.4855,3.3230,55.3069,53.6632,21.9731,False
REGGIO CALABRIA CENTRALE,TARANTO,6015,5781,6014,2425364.0000,64054,2643,57,2019-10,2024-10,371.7800,ufficiale,403.2863,11.0801,108.4745,2.9803,55.3126,53.8335,45.7187,False
GALLARATE,MILANO PORTA GARIBALDI,2828,2713,2828,118648.0000,15123,1040,60,2019-10,2026-07,38.6800,ufficiale,41.9547,5.5743,108.4662,14.4113,55.3168,48.8291,38.3339,False
MILANO PORTA GENOVA,VALENZA,489,479,489,38596.0000,4026,249,27,2019-12,2025-05,72.7800,ufficiale,78.9284,8.4050,108.4480,11.5485,55.3261,50.0015,51.9833,False
ROMA TERMINI,S BENEDETTO DEL TRONTO,883,757,883,288778.0000,3908,214,21,2023-08,2026-07,301.7500,ufficiale,327.0419,5.1625,108.3817,1.7108,55.3599,54.4996,28.2695,False
BRESCIA,OLMENETA,690,675,690,29442.0000,2519,160,11,2021-12,2026-07,39.3700,ufficiale,42.6696,3.7319,108.3809,9.4789,55.3603,50.9079,23.7037,False
TRIESTE CENTRALE,UDINE,50554,50093,50549,3940248.0000,95927,4749,82,2019-10,2026-07,72.0100,ufficiale,77.9491,1.9150,108.2476,2.6593,55.4285,54.0994,9.4804,False
CASERTA,VAIRANO CAIANELLO,1951,1794,1951,96674.0000,6409,298,80,2019-10,2026-07,45.8000,ufficiale,49.5510,3.5725,108.1900,7.8001,55.4580,51.7286,16.6109,False
ORTE,RIETI,504,374,504,37291.0000,1899,108,34,2019-11,2026-06,68.4100,ufficiale,73.9901,5.0775,108.1568,7.4222,55.4750,51.9125,28.8770,False
FIUMEFREDDO SICILIA,SIRACUSA,1523,1517,1523,199231.0000,1643,81,70,2019-10,2026-07,120.9900,ufficiale,130.8148,1.0831,108.1204,0.8952,55.4937,55.0380,5.3395,False
MILANO CENTRALE,ROMANO,496,481,495,24581.0000,2204,108,42,2019-10,2026-07,45.9600,ufficiale,49.6586,4.5821,108.0474,9.9698,55.5312,50.8400,22.4532,False
CASTELVETRANO,CINISI TERRASINI,953,948,952,84138.0000,2000,86,48,2019-10,2026-07,81.8600,ufficiale,88.3803,2.1097,107.9651,2.5772,55.5735,54.2778,9.0717,False
LECCO MAGGIANICO,MILANO ROGOREDO,2471,2389,2471,138238.0000,13734,1033,47,2022-09,2026-07,51.8300,ufficiale,55.9442,5.7488,107.9378,11.0917,55.5876,50.4077,43.2398,False
ORTE,VITERBO PORTA FIORENTINA,18121,17528,18121,1029008.0000,30846,1757,77,2019-10,2026-07,52.6500,ufficiale,56.7854,1.7598,107.8545,3.3425,55.6305,53.9583,10.0240,False
CALTANISSETTA CENTRALE,TAORMINA,621,620,621,112298.0000,856,48,37,2019-10,2023-03,167.9900,stimata,180.8341,1.3806,107.6458,0.8219,55.7384,55.3160,7.7419,False
CINISI TERRASINI,TRAPANI,1380,963,1380,231814.0000,3502,165,61,2019-10,2026-07,156.2300,ufficiale,167.9812,3.6366,107.5217,2.3277,55.8027,54.6202,17.1340,False
FOLIGNO,TERONTOLA CORTONA,16842,16719,16841,1488452.0000,54556,3641,82,2019-10,2026-07,82.2000,ufficiale,88.3826,3.2631,107.5215,3.9697,55.8028,53.8159,21.7776,False
MARSALA,PIRAINETO,1302,1224,1302,184611.0000,2495,125,22,2019-11,2026-05,131.8800,ufficiale,141.7903,2.0384,107.5147,1.5456,55.8063,55.0154,10.2124,False
MILANO PORTA GARIBALDI,VARESE,7173,6893,7171,411516.0000,55244,3182,82,2019-10,2026-07,53.3800,ufficiale,57.3861,8.0145,107.5049,15.0141,55.8114,48.9720,46.1628,False
GELA,MODICA,2414,2320,2409,232123.0000,4697,234,62,2019-10,2026-06,89.6600,ufficiale,96.3566,2.0246,107.4689,2.2581,55.8301,54.6812,10.0862,False
FOSSANO,VENTIMIGLIA,484,484,484,95344.0000,2127,128,17,2019-10,2025-01,183.3400,ufficiale,196.9917,4.3946,107.4461,2.3970,55.8419,54.6234,26.4463,False
CREMONA,MANTOVA,7681,7609,7680,513309.0000,32568,2287,51,2019-10,2024-01,62.2300,ufficiale,66.8371,4.2802,107.4034,6.8780,55.8642,52.5020,30.0565,False
FOLIGNO,TERNI,2728,2425,2728,159230.0000,6892,498,82,2019-10,2026-07,54.3500,ufficiale,58.3688,2.8421,107.3942,5.2292,55.8689,53.2749,20.5361,False
CALTANISSETTA CENTRALE,DITTAINO,5001,4699,5001,285035.0000,5609,295,23,2019-12,2025-12,53.0900,ufficiale,56.9956,1.1937,107.3566,2.2484,55.8885,54.7421,6.2779,False
ALBENGA,SAVONA,539,529,539,21591.0000,2497,123,82,2019-10,2026-07,37.3500,ufficiale,40.0575,4.7202,107.2490,12.6378,55.9446,50.0472,23.2514,False
BORGO VAL TARO,PISA CENTRALE,794,773,794,98297.0000,743,44,30,2020-11,2026-07,115.4600,ufficiale,123.7997,0.9612,107.2231,0.8325,55.9581,55.5270,5.6921,False
NAPOLI CAMPI FLEGREI,SAPRI,417,321,417,82407.0000,944,38,16,2020-06,2023-09,184.5100,ufficiale,197.6187,2.9408,107.1046,1.5938,56.0200,55.1986,11.8380,False
LA SPEZIA CENTRALE,LIVORNO CENTRALE,6411,6309,6410,634990.0000,11350,731,82,2019-10,2026-07,92.5300,ufficiale,99.0624,1.7990,107.0598,1.9443,56.0435,55.0438,11.5866,False
EMPOLI,GROSSETO,1002,985,1002,175537.0000,3527,159,48,2019-10,2026-05,163.6500,ufficiale,175.1866,3.5807,107.0496,2.1880,56.0488,54.9261,16.1421,False
CONEGLIANO,VENEZIA S LUCIA,22436,21574,22431,1350196.0000,33007,1720,82,2019-10,2026-07,56.3000,ufficiale,60.1933,1.5299,106.9153,2.7175,56.1192,54.7282,7.9726,False
CREMONA,PARMA,2836,2799,2836,169438.0000,10661,761,80,2019-10,2026-06,55.9100,ufficiale,59.7454,3.8089,106.8600,6.8125,56.1482,52.7832,27.1883,False
LADISPOLI CERVETERI,ROMA TERMINI,18061,17659,18059,909985.0000,33598,1865,81,2019-10,2026-07,47.1800,ufficiale,50.3896,1.9026,106.8028,4.0326,56.1783,54.1343,10.5612,False
CHIUSI CHIANCIANO TERME,EMPOLI,3539,3502,3539,557028.0000,15849,1084,79,2019-10,2026-07,147.4000,ufficiale,157.3970,4.5257,106.7822,3.0704,56.1891,54.6187,30.9537,False
ROMA TERMINI,S SEVERA,358,326,358,22599.0000,1943,114,21,2019-12,2026-07,59.2000,ufficiale,63.1257,5.9601,106.6312,10.0678,56.2687,51.4143,34.9693,False
BOLOGNA CENTRALE,MANTOVA,4660,4646,4660,486567.0000,15992,1008,82,2019-10,2026-07,97.9700,ufficiale,104.4135,3.4421,106.5770,3.5134,56.2973,54.5006,21.6961,False
COLLEFERRO SEGNI PALIANO,FROSINONE,344,342,344,11691.0000,538,15,16,2020-07,2026-07,31.8900,ufficiale,33.9855,1.5731,106.5709,4.9329,56.3005,53.8098,4.3860,False
ASTI,TORINO LINGOTTO,406,401,406,22258.0000,4346,170,63,2019-11,2026-06,51.4600,ufficiale,54.8227,10.8379,106.5345,21.0608,56.3198,47.0237,42.3940,False
BATTIPAGLIA,CASERTA,4157,4079,4154,359657.0000,10910,604,81,2019-10,2026-07,81.3200,ufficiale,86.5809,2.6747,106.4694,3.2891,56.3542,54.6655,14.8076,False
MESSINA CENTRALE,PATTI S PIERO PATTI,21425,21193,21421,1398838.0000,32764,1842,82,2019-10,2026-07,61.4200,ufficiale,65.3022,1.5460,106.3207,2.5171,56.4330,55.1279,8.6915,False
FROSINONE,ROMA TERMINI,40098,35840,40094,3547521.0000,63269,3143,81,2019-10,2026-07,83.2300,ufficiale,88.4801,1.7653,106.3079,2.1210,56.4398,55.3358,8.7695,False
CIVITAVECCHIA,ROMA TIBURTINA,1872,1838,1872,155652.0000,2569,125,77,2019-10,2026-07,78.2400,ufficiale,83.1474,1.3977,106.2723,1.7864,56.4587,55.5254,6.8009,False
GENOVA BRIGNOLE,VENTIMIGLIA,35421,35043,35414,5436848.0000,133781,7118,82,2019-10,2026-07,144.4900,ufficiale,153.5226,3.8176,106.2513,2.6421,56.4699,55.0997,20.3122,False
BOLZANO,S CANDIDO,1127,1126,1127,135360.0000,3523,115,61,2019-10,2026-07,113.1000,ufficiale,120.1065,3.1288,106.1949,2.7664,56.4999,55.0654,10.2131,False
FOSSANO,S GIUSEPPE CAIRO,24310,23741,24305,1638688.0000,21869,1121,81,2019-10,2026-07,63.5100,ufficiale,67.4218,0.9211,106.1594,1.4504,56.5188,55.7570,4.7218,False
ALCAMO DIRAMAZIONE,MARSALA,425,400,425,38535.0000,691,39,14,2022-12,2025-10,85.4600,ufficiale,90.6706,1.7275,106.0971,2.0214,56.5520,55.4947,9.7500,False
LA SPEZIA CENTRALE,PARMA,39706,38642,39701,5028132.0000,105574,6870,79,2019-10,2026-07,119.4300,ufficiale,126.6500,2.7321,106.0454,2.2876,56.5795,55.3848,17.7786,False
ADRIA,VENEZIA S LUCIA,22876,22730,22873,2550137.0000,63788,3768,54,2019-10,2026-07,105.2400,ufficiale,111.4911,2.8063,105.9399,2.6666,56.6359,55.2453,16.5772,False
FIRENZE S MARIA NOVELLA,MASSA CENTRO,369,368,369,46880.0000,1259,51,28,2020-09,2026-07,120.0000,ufficiale,127.0461,3.4212,105.8717,2.8510,56.6724,55.1863,13.8587,False
AGRIGENTO CENTRALE,PALERMO NOTARBARTOLO,389,378,389,57619.0000,1049,31,19,2024-01,2026-05,139.9700,ufficiale,148.1208,2.7751,105.8233,1.9827,56.6983,55.6556,8.2011,False
BOLOGNA CENTRALE,RIMINI,73154,70798,73148,8592882.0000,231831,13234,82,2019-10,2026-07,111.0900,ufficiale,117.4725,3.2745,105.7454,2.9476,56.7401,55.2013,18.6926,False
ALESSANDRIA,MILANO PORTA GENOVA,14883,14440,14882,1364615.0000,76727,4230,75,2019-10,2025-12,86.7300,ufficiale,91.6957,5.3135,105.7254,6.1265,56.7508,53.6423,29.2936,False
ARONA,MILANO PORTA GARIBALDI,37792,36664,37783,2568458.0000,163036,11837,82,2019-10,2026-07,64.3100,ufficiale,67.9792,4.4468,105.7055,6.9146,56.7615,53.2765,32.2851,False
PARMA,PONTREMOLI,16184,15640,16182,1343379.0000,41145,2786,79,2019-10,2026-07,78.5800,ufficiale,83.0169,2.6308,105.6463,3.3479,56.7933,55.0488,17.8133,False
RAVENNA,RIMINI VISERBA,574,570,574,27657.0000,1697,99,4,2020-10,2021-01,45.6300,ufficiale,48.1829,2.9772,105.5948,6.5246,56.8210,53.5143,17.3684,False
ROMA TERMINI,VITERBO PORTA FIORENTINA,7536,7323,7536,755293.0000,34273,1512,80,2019-10,2026-07,95.0000,ufficiale,100.2247,4.6802,105.4996,4.9265,56.8722,54.3350,20.6473,False
ARONA,DOMODOSSOLA,3649,3027,3649,213728.0000,13577,636,79,2019-10,2026-06,55.5600,ufficiale,58.5717,4.4853,105.4206,8.0729,56.9149,52.8665,21.0109,False
PERUGIA,TERNI,2759,2591,2759,273170.0000,9539,658,80,2019-10,2026-07,93.9300,ufficiale,99.0105,3.6816,105.4088,3.9195,56.9212,54.8806,25.3956,False
PISA CENTRALE,PONTREMOLI,2085,1983,2085,214257.0000,5391,295,68,2019-10,2026-07,97.5300,ufficiale,102.7612,2.7186,105.3636,2.7875,56.9456,55.4779,14.8764,False
LECCO MAGGIANICO,TIRANO,394,390,394,43721.0000,5885,188,45,2019-10,2026-07,105.4000,ufficiale,110.9670,15.0897,105.2818,14.3166,56.9899,50.1679,48.2051,False
BERGAMO,PISA CENTRALE,888,598,888,278540.0000,5135,257,44,2019-10,2026-06,298.1500,ufficiale,313.6712,8.5870,105.2058,2.8801,57.0311,55.5114,42.9766,False
LIVORNO CENTRALE,PIOMBINO MARITTIMA,340,318,340,29517.0000,232,13,17,2025-03,2026-07,82.5400,ufficiale,86.8147,0.7296,105.1790,0.8839,57.0456,56.5702,4.0881,False
FOLIGNO,PERUGIA,10021,9760,10018,416896.0000,23490,1541,82,2019-10,2026-07,39.5800,ufficiale,41.6147,2.4068,105.1407,6.0808,57.0664,53.9464,15.7889,False
MALPENSA AEROPORTO T1,MILANO CENTRALE,14189,13918,14189,757766.0000,26627,1734,31,2020-12,2024-10,50.8400,ufficiale,53.4052,1.9131,105.0456,3.7630,57.1181,55.1427,12.4587,False
EMPOLI,POGGIBONSI,1224,1196,1223,48838.0000,4664,305,45,2019-10,2025-03,38.0500,confermata,39.9330,3.8997,104.9486,10.2488,57.1708,52.0845,25.5017,False
MILANO PORTA GENOVA,MORTARA,73013,71389,73000,3399216.0000,259470,17033,75,2019-10,2025-12,44.3800,ufficiale,46.5646,3.6346,104.9225,8.1897,57.1851,53.0447,23.8594,False
POTENZA CENTRALE,SALERNO,11028,8792,11027,1283355.0000,41010,2166,45,2021-11,2026-07,110.9700,ufficiale,116.3830,4.6645,104.8779,4.2034,57.2094,55.0049,24.6360,False
CANDELA,FOGGIA,400,364,400,14366.0000,1084,78,6,2022-05,2024-10,34.2500,stimata,35.9150,2.9780,104.8613,8.6950,57.2184,52.8372,21.4286,False
GORIZIA CENTRALE,TRIESTE CENTRALE,441,431,441,22898.0000,1719,76,28,2019-11,2026-07,49.5500,ufficiale,51.9229,3.9884,104.7889,8.0492,57.2580,53.1735,17.6334,False
CAMPOFELICE,PALERMO CENTRALE,1938,1925,1938,107150.0000,2320,100,20,2020-05,2026-07,52.7900,ufficiale,55.2890,1.2052,104.7338,2.2830,57.2881,56.0660,5.1948,False
BARI TORRE A MARE,BARLETTA,3114,3089,3114,215527.0000,7992,397,81,2019-10,2026-07,66.1500,ufficiale,69.2123,2.5872,104.6293,3.9112,57.3453,55.2789,12.8521,False
TORINO PORTA NUOVA,VENTIMIGLIA,12961,12812,12960,3343626.0000,84960,4617,82,2019-10,2026-07,246.7800,ufficiale,257.9958,6.6313,104.5449,2.6871,57.3916,55.9534,36.0365,False
BRENNERO,MERANO,58730,57908,58728,7470981.0000,117530,7608,81,2019-10,2026-07,121.7500,ufficiale,127.2133,2.0296,104.4873,1.6670,57.4233,56.5215,13.1381,False
GRANAIOLO,SIENA,2844,2685,2844,155844.0000,5156,231,61,2019-11,2026-07,52.4700,ufficiale,54.7975,1.9203,104.4358,3.6598,57.4516,55.5064,8.6034,False
FOGGIA,ROCCHETTA S ANTONIO LACEDONIA,4806,3853,4806,247331.0000,7614,363,34,2020-02,2026-07,49.2900,ufficiale,51.4630,1.9761,104.4085,4.0092,57.4666,55.3415,9.4212,False
MINTURNO SCAURI,NAPOLI CENTRALE,1919,1748,1918,150985.0000,5022,235,81,2019-10,2026-07,75.4300,ufficiale,78.7200,2.8730,104.3617,3.8088,57.4924,55.4680,13.4439,False
ALESSANDRIA,GENOVA BRIGNOLE,3070,2718,3069,228849.0000,9894,641,79,2019-10,2026-07,71.4800,ufficiale,74.5679,3.6402,104.3200,5.0926,57.5153,54.8383,23.5835,False
LIVORNO CENTRALE,PIOMBINO BINARI MARE,1508,1493,1508,128441.0000,2156,141,64,2019-10,2025-03,81.7100,stimata,85.1731,1.4441,104.2383,1.7673,57.5604,56.6008,9.4441,False
AOSTA,IVREA,32256,32059,32254,2226872.0000,88067,4939,52,2019-10,2024-01,66.2500,stimata,69.0417,2.7470,104.2139,4.1465,57.5739,55.3708,15.4060,False
BOLOGNA CENTRALE,ROVIGO,9535,5821,9535,782727.0000,14019,795,82,2019-10,2026-07,78.8300,ufficiale,82.0899,2.4083,104.1353,3.0551,57.6173,55.9751,13.6574,False
BENEVENTO,CASSINO,632,287,632,84721.0000,1169,48,34,2020-08,2026-07,128.7300,stimata,134.0522,4.0732,104.1344,3.1641,57.6178,55.9188,16.7247,False
FIRENZE S MARIA NOVELLA,VIAREGGIO,62328,60586,62327,6472140.0000,189498,10804,82,2019-10,2026-07,99.8200,ufficiale,103.8417,3.1278,104.0289,3.1334,57.6763,55.9898,17.8325,False
CASTELVETRANO,PIRAINETO,4359,4220,4359,399329.0000,12378,597,73,2019-10,2026-07,88.1700,ufficiale,91.6102,2.9332,103.9018,3.3267,57.7468,55.9553,14.1469,False
BOLOGNA CENTRALE,PORTOMAGGIORE,12309,12275,12307,898105.0000,41504,3263,31,2019-10,2022-12,70.2400,ufficiale,72.9751,3.3812,103.8940,4.8138,57.7512,55.1939,26.5825,False
GENOVA PIAZZA PRINCIPE,MILANO PORTA GARIBALDI,548,478,548,80476.0000,2541,160,7,2025-03,2025-12,141.4400,ufficiale,146.8540,5.3159,103.8278,3.7584,57.7880,55.7692,33.4728,False
ANCONA,CASTELPLANIO CUPRAMONTANA,7861,7737,7861,338348.0000,8944,488,79,2019-10,2026-07,41.4700,ufficiale,43.0413,1.1560,103.7891,2.7876,57.8095,56.2975,6.3074,False
ALBENGA,MILANO CENTRALE,4735,4530,4734,1050436.0000,27124,1426,82,2019-10,2026-07,213.8000,ufficiale,221.8918,5.9876,103.7848,2.8006,57.8119,56.2929,31.4790,False
CHIUSI CHIANCIANO TERME,PISTOIA,1740,1737,1740,271352.0000,3534,157,81,2019-10,2026-07,150.2900,ufficiale,155.9494,2.0345,103.7657,1.3537,57.8226,57.0779,9.0386,False
GROSSETO,SIENA,17155,16710,17155,1789276.0000,54505,3000,69,2019-10,2026-07,100.6400,ufficiale,104.3006,3.2618,103.6373,3.2411,57.8942,56.1386,17.9533,False
MILANO CENTRALE,TREVIGLIO,416,368,416,14247.0000,1649,110,28,2019-11,2026-07,33.0500,ufficiale,34.2476,4.4810,103.6236,13.5582,57.9019,51.2025,29.8913,False
LECCO MAGGIANICO,MILANO CENTRALE,14025,13652,14022,661231.0000,71772,3985,81,2019-10,2026-07,45.5200,ufficiale,47.1567,5.2573,103.5955,11.5493,57.9176,52.1083,29.1899,False
BORGO VAL TARO,PARMA,7974,7542,7971,500572.0000,21161,1552,78,2019-10,2026-07,60.6500,ufficiale,62.7991,2.8058,103.5435,4.6261,57.9466,55.4684,20.5781,False
RIETI,TERNI,9515,8282,9509,402349.0000,20125,1176,80,2019-10,2026-07,40.8800,ufficiale,42.3124,2.4300,103.5040,5.9442,57.9688,54.8205,14.1995,False
COLICO,MILANO CENTRALE,6201,6163,6201,563007.0000,40150,2439,71,2019-10,2026-07,87.7200,ufficiale,90.7929,6.5147,103.5031,7.4267,57.9693,54.0883,39.5749,False
CANCELLO,NAPOLI CAMPI FLEGREI,2571,2511,2571,135284.0000,18290,887,78,2019-10,2026-07,50.8700,ufficiale,52.6192,7.2840,103.4386,14.3188,58.0054,50.9522,35.3246,False
CALTANISSETTA XIRBI,DITTAINO,1948,1854,1948,94180.0000,2935,154,17,2023-07,2025-02,46.7600,ufficiale,48.3470,1.5831,103.3940,3.3855,58.0305,56.1906,8.3064,False
SACILE,TRIESTE CENTRALE,2101,2094,2101,290052.0000,5078,280,82,2019-10,2026-07,133.6200,ufficiale,138.0543,2.4250,103.3186,1.8149,58.0728,57.0703,13.3715,False
CASERTA,SALERNO,46845,42209,46836,2978771.0000,112833,6521,81,2019-10,2026-07,61.6200,ufficiale,63.6000,2.6732,103.2133,4.3382,58.1320,55.7872,15.4493,False
LIVORNO CENTRALE,PONTREMOLI,644,634,644,76743.0000,2170,99,49,2020-10,2026-05,115.4700,ufficiale,119.1661,3.4227,103.2010,2.9642,58.1390,56.5157,15.6151,False
BOIANO,NAPOLI CENTRALE,1427,1146,1427,224199.0000,4481,209,7,2026-01,2026-07,152.4100,ufficiale,157.1121,3.9101,103.0852,2.5655,58.2043,56.7909,18.2373,False
CAMPOBASSO,CASERTA,496,423,492,74217.0000,2261,100,9,2019-10,2020-06,146.5800,stimata,150.8476,5.3452,102.9114,3.6466,58.3026,56.3074,23.6407,False
CAMPIGLIA MARITTIMA,FIRENZE S MARIA NOVELLA,3409,3291,3409,572762.0000,10384,530,82,2019-10,2026-07,163.2700,ufficiale,168.0147,3.1553,102.9060,1.9325,58.3056,57.2308,16.1045,False
LIVORNO CENTRALE,MILANO PORTA GARIBALDI,3427,3302,3427,1057946.0000,15589,882,74,2019-10,2026-07,300.2600,ufficiale,308.7091,4.7211,102.8139,1.5723,58.3579,57.4788,26.7111,False
MILANO CERTOSA,NOVI LIGURE,557,552,557,57969.0000,6371,411,27,2024-01,2026-06,101.2700,ufficiale,104.0736,11.5417,102.7684,11.3969,58.3837,52.5553,74.4565,False
GENOVA BRIGNOLE,MILANO GRECO PIRELLI,514,509,514,75107.0000,1879,127,7,2025-12,2026-06,142.2700,ufficiale,146.1226,3.6916,102.7079,2.5948,58.4181,56.9786,24.9509,False
ORTE,PERUGIA,499,494,499,62248.0000,1819,61,41,2019-10,2026-07,121.4600,ufficiale,124.7455,3.6822,102.7050,3.0316,58.4197,56.7448,12.3482,False
ATTIGLIANO BOMARZO,VITERBO PORTA FIORENTINA,2772,2751,2772,111196.0000,3107,149,74,2019-10,2026-06,39.0600,ufficiale,40.1140,1.1294,102.6984,2.8915,58.4235,56.8236,5.4162,False
CHIUSI CHIANCIANO TERME,FIRENZE S MARIA NOVELLA,32660,31585,32660,3978905.0000,104419,6740,82,2019-10,2026-07,118.7400,ufficiale,121.8281,3.3060,102.6007,2.7842,58.4791,56.9341,21.3392,False
CARNIA,CERVIGNANO A G,382,347,382,26656.0000,1167,43,28,2019-11,2025-03,68.0200,stimata,69.7801,3.3631,102.5876,4.9443,58.4866,55.7974,12.3919,False
MESSINA CENTRALE,S AGATA MILITELLO,8512,8289,8512,859775.0000,13879,813,17,2025-03,2026-07,98.4900,ufficiale,101.0074,1.6744,102.5560,1.7001,58.5046,57.5506,9.8082,False
MILANO PORTA GARIBALDI,PORTO CERESIO,72834,71952,72821,5336662.0000,269050,18783,82,2019-10,2026-07,71.4900,ufficiale,73.2847,3.7393,102.5104,5.2305,58.5307,55.6892,26.1049,False
NOVI LIGURE,VOGHERA,895,844,895,31663.0000,2833,180,18,2024-11,2026-07,34.5600,ufficiale,35.3777,3.3566,102.3659,9.7125,58.6133,53.5340,21.3270,False
COLICO,TIRANO,653,631,653,44387.0000,2141,99,18,2020-10,2026-07,66.4200,ufficiale,67.9740,3.3930,102.3396,5.1084,58.6283,55.8409,15.6894,False
CAGLIARI,IGLESIAS,36291,35747,36289,2000974.0000,55850,2317,69,2019-10,2025-06,53.9100,ufficiale,55.1400,1.5624,102.2815,2.8981,58.6616,57.0453,6.4817,False
RIMINI,S PIETRO IN CASALE,1779,1776,1779,244481.0000,1175,53,80,2019-10,2026-07,134.4200,ufficiale,137.4261,0.6616,102.2363,0.4922,58.6875,58.4064,2.9842,False
MILANO PORTA GARIBALDI,SESTO CALENDE,1907,1838,1907,108405.0000,8796,638,32,2020-02,2026-07,55.6800,ufficiale,56.8458,4.7856,102.0938,8.5949,58.7695,54.2061,34.7116,False
BARI CENTRALE,REGGIO CALABRIA CENTRALE,583,381,583,277139.0000,2968,85,12,2024-07,2026-07,465.6800,ufficiale,475.3671,7.7900,102.0802,1.6728,58.7773,57.8296,22.3097,False
FIUMICINO AEROPORTO,ROMA TERMINI,258358,247249,258268,8278773.0000,303868,15047,80,2019-10,2026-07,31.4100,ufficiale,32.0550,1.2290,102.0534,3.9128,58.7928,56.6219,6.0858,False
FERRARA,RAVENNA,55748,55034,55743,4122489.0000,129379,7174,82,2019-10,2026-07,72.6200,ufficiale,73.9553,2.3509,101.8387,3.2373,58.9167,57.1015,13.0356,False
BERCETO,PARMA,8372,8241,8372,384127.0000,6422,353,58,2019-10,2026-07,45.1000,ufficiale,45.8823,0.7793,101.7347,1.7279,58.9769,57.9920,4.2835,False
CODOGNO,MILANO GRECO PIRELLI,1688,1614,1686,101949.0000,11049,682,79,2019-10,2026-07,59.4600,ufficiale,60.4680,6.8457,101.6952,11.5132,58.9998,52.9996,42.2553,False
CROTONE,LAMEZIA TERME CENTRALE,6937,6784,6937,725975.0000,11035,603,74,2019-10,2026-07,102.9100,ufficiale,104.6526,1.6266,101.6933,1.5806,59.0009,58.0979,8.8886,False
FERRARA,LAVEZZOLA,503,503,503,20777.0000,2751,123,45,2019-10,2026-07,40.6200,ufficiale,41.3062,5.4692,101.6892,13.4643,59.0033,52.1044,24.4533,False
MILANO CENTRALE,SAVONA,3779,3501,3778,677487.0000,21724,1222,82,2019-10,2026-07,176.4500,ufficiale,179.3242,6.2051,101.6289,3.5166,59.0383,57.0638,34.9043,False
FIRENZE S MARIA NOVELLA,VEZZANO LIGURE,993,953,993,145926.0000,2811,140,26,2021-06,2026-06,144.6300,ufficiale,146.9547,2.9496,101.6073,2.0394,59.0509,57.8889,14.6905,False
BARLETTA,FASANO,64128,61864,64122,7105344.0000,150723,7598,82,2019-10,2026-07,109.0700,ufficiale,110.8098,2.4364,101.5951,2.2338,59.0580,57.7874,12.2818,False
CAGLIARI,VILLAMASSARGIA DOMUSNOVAS,350,350,350,15923.0000,3028,83,47,2019-10,2025-06,44.7900,ufficiale,45.4943,8.6514,101.5724,19.3155,59.0712,49.6327,23.7143,False
BARDONECCHIA,TORINO PORTA NUOVA,63901,61469,63900,5592289.0000,119394,7095,82,2019-10,2026-07,86.2000,ufficiale,87.5163,1.9423,101.5270,2.2533,59.0976,57.8144,11.5424,False
MILANO S CRISTOFORO,MORTARA,603,573,603,25090.0000,5669,230,64,2019-10,2026-07,41.0100,ufficiale,41.6086,9.8935,101.4597,24.1247,59.1368,47.7766,40.1396,False
FIRENZE S MARIA NOVELLA,PIOMBINO BINARI MARE,5185,5163,5185,916177.0000,10357,486,65,2019-10,2025-03,174.1700,stimata,176.6976,2.0060,101.4512,1.1518,59.1417,58.4778,9.4131,False
BIELLA S PAOLO,NOVARA,60343,59303,60333,3105440.0000,153095,8960,82,2019-10,2026-07,50.7700,ufficiale,51.4717,2.5816,101.3820,5.0848,59.1821,56.3556,15.1088,False
ANCONA,FOLIGNO,13688,13127,13688,1778492.0000,30455,1647,82,2019-10,2026-07,128.1900,ufficiale,129.9307,2.3200,101.3579,1.8098,59.1962,58.1577,12.5467,False
CIVITAVECCHIA,ROMA TERMINI,98506,96179,98492,7738481.0000,163124,9385,82,2019-10,2026-07,77.5600,ufficiale,78.5696,1.6960,101.3018,2.1868,59.2290,57.9775,9.7578,False
ALBENGA,TORINO PORTA NUOVA,1046,999,1046,195396.0000,10204,457,40,2020-06,2026-07,184.5900,ufficiale,186.8031,10.2142,101.1989,5.5335,59.2892,56.2154,45.7457,False
BRA,TORINO REBAUDENGO FOSSATA,514,514,514,28002.0000,1864,120,15,2024-01,2026-07,53.8800,ufficiale,54.4786,3.6265,101.1110,6.7306,59.3407,55.6372,23.3463,False
ALFONSINE,FERRARA,419,414,419,23225.0000,2333,108,42,2020-06,2026-07,54.8800,ufficiale,55.4296,5.6353,101.0014,10.2683,59.4051,53.9230,26.0870,False
FIRENZE S MARIA NOVELLA,PIOMBINO MARITTIMA,1184,1162,1184,212001.0000,2472,127,17,2025-03,2026-07,177.2800,ufficiale,179.0549,2.1274,101.0012,1.2000,59.4052,58.7077,10.9294,False
SIRACUSA,TAORMINA GIARDINI,1114,964,1114,147063.0000,2605,157,16,2025-03,2026-07,130.7200,ufficiale,132.0135,2.7023,100.9895,2.0672,59.4121,58.2204,16.2863,False
ADRIA,VENEZIA MESTRE,673,666,673,65753.0000,5003,152,44,2019-10,2026-07,96.8100,ufficiale,97.7013,7.5120,100.9207,7.7595,59.4526,55.2078,22.8228,False
CECINA,LIVORNO CENTRALE,1355,1307,1354,46012.0000,1837,93,66,2019-10,2026-06,33.6900,ufficiale,33.9823,1.4055,100.8675,4.1719,59.4840,57.1214,7.1155,False
FIRENZE S MARIA NOVELLA,SARZANA,875,867,875,121058.0000,4276,186,41,2020-09,2026-06,137.2300,ufficiale,138.3520,4.9319,100.8176,3.5939,59.5134,57.4649,21.4533,False
ALESSANDRIA,NOVARA,25728,25299,25726,1726003.0000,108691,7221,82,2019-10,2026-07,66.5800,ufficiale,67.0918,4.2963,100.7687,6.4528,59.5423,55.9590,28.5426,False
LECCO MAGGIANICO,VERONA PORTA NUOVA,780,770,780,114982.0000,3891,246,53,2019-10,2026-07,146.3000,ufficiale,147.4128,5.0532,100.7606,3.4540,59.5471,57.5735,31.9481,False
PERUGIA,TERONTOLA CORTONA,3008,2965,3008,129073.0000,7933,397,77,2019-10,2026-07,42.6200,ufficiale,42.9099,2.6755,100.6802,6.2777,59.5946,56.0968,13.3895,False
EMPOLI,PISA CENTRALE,4032,3884,4028,190727.0000,9693,623,80,2019-10,2026-07,47.0600,ufficiale,47.3503,2.4956,100.6169,5.3031,59.6321,56.6466,16.0402,False
ANCONA,ORTE,549,496,549,115927.0000,1704,84,44,2019-10,2026-03,210.0700,ufficiale,211.1603,3.4355,100.5190,1.6354,59.6902,58.7346,16.9355,False
MODANE,TORINO PORTA NUOVA,396,395,396,41713.0000,940,50,6,2019-10,2020-03,104.8300,confermata,105.3359,2.3797,100.4826,2.2701,59.7119,58.3927,12.6582,False
LA SPEZIA CENTRALE,PISA CENTRALE,67120,63497,67115,5029437.0000,170117,11348,82,2019-10,2026-07,74.5800,ufficiale,74.9376,2.6791,100.4795,3.5923,59.7137,57.6525,17.8717,False
PADIGLIONE,ROMA TERMINI,3291,3250,3291,159848.0000,7141,315,82,2019-10,2026-07,48.4300,ufficiale,48.5713,2.1972,100.2917,4.5369,59.8255,57.2363,9.6923,False
ALASSIO,MILANO CENTRALE,344,343,344,75800.0000,5321,250,40,2020-06,2026-07,219.9400,ufficiale,220.3488,15.5131,100.1859,7.0533,59.8887,55.9497,72.8863,False
ASTI,TROFARELLO,1789,1759,1789,76586.0000,2301,91,16,2020-09,2026-07,42.7500,ufficiale,42.8094,1.3081,100.1389,3.0600,59.9168,58.1402,5.1734,False
TERAMO,TERMOLI,3377,3373,3377,513749.0000,3459,137,79,2019-10,2026-07,152.1600,ufficiale,152.1318,1.0255,99.9814,0.6740,60.0111,59.6093,4.0617,False
FIRENZE S MARIA NOVELLA,SIENA,64796,63709,64788,6059632.0000,145303,8105,81,2019-10,2026-07,93.5600,ufficiale,93.5302,2.2807,99.9681,2.4377,60.0191,58.5904,12.7219,False
FIRENZE S MARIA NOVELLA,LA SPEZIA CENTRALE,26776,26574,26775,4069973.0000,80044,4886,81,2019-10,2026-07,152.1900,ufficiale,152.0065,3.0121,99.8794,1.9792,60.0724,58.9052,18.3864,False
MILANO CERTOSA,NOVARA,3468,3348,3465,150367.0000,22696,1317,81,2019-10,2026-06,43.4500,ufficiale,43.3960,6.7790,99.8756,15.6018,60.0747,51.9582,39.3369,False
SALBERTRAND,TORINO PORTA NUOVA,3364,3296,3364,232421.0000,5558,331,45,2021-06,2026-07,69.1800,ufficiale,69.0907,1.6863,99.8709,2.4375,60.0776,58.6462,10.0425,False
ALESSANDRIA,MORTARA,3398,3241,3398,143553.0000,6960,330,78,2019-10,2026-07,42.3500,ufficiale,42.2463,2.1475,99.7552,5.0708,60.1472,57.2377,10.1820,False
CATANZARO LIDO,LOCRI,6245,5968,6244,514098.0000,10574,588,80,2019-10,2026-07,82.5400,ufficiale,82.3347,1.7718,99.7513,2.1466,60.1496,58.8825,9.8525,False
CARNIA,TRIESTE CENTRALE,16955,16833,16954,1887820.0000,28995,1446,82,2019-10,2026-07,111.6800,ufficiale,111.3495,1.7225,99.7041,1.5424,60.1781,59.2613,8.5903,False
COLLEFERRO SEGNI PALIANO,ROMA TERMINI,23405,22522,23393,1249232.0000,43618,2333,80,2019-10,2026-07,53.5900,ufficiale,53.4020,1.9367,99.6491,3.6139,60.2113,58.1041,10.3588,False
BRENNERO,TRENTO,1653,1597,1652,237224.0000,1488,87,81,2019-10,2026-07,144.2300,ufficiale,143.5981,0.9317,99.5619,0.6460,60.2640,59.8755,5.4477,False
MILANO CENTRALE,TIRANO,45218,44864,45213,6938351.0000,228721,12489,73,2019-10,2026-07,154.1400,ufficiale,153.4592,5.0981,99.5583,3.3074,60.2662,58.3284,27.8375,False
FAENZA,RIMINI,423,351,423,26097.0000,2248,83,42,2019-12,2026-07,61.9800,ufficiale,61.6950,6.4046,99.5402,10.3333,60.2771,54.6083,23.6467,False
CHIASSO,MILANO CENTRALE,95074,92755,95072,4500010.0000,337330,23321,82,2019-10,2026-07,47.5900,confermata,47.3327,3.6368,99.4592,7.6419,60.3262,56.0218,25.1426,False
SACILE,VENEZIA S LUCIA,23315,22333,23311,1700078.0000,32412,1737,82,2019-10,2026-07,73.3900,ufficiale,72.9303,1.4513,99.3736,1.9775,60.3782,59.2001,7.7777,False
GROSSETO,ORBETELLO,3685,3552,3685,114864.0000,2850,109,65,2019-10,2025-03,31.3700,stimata,31.1707,0.8024,99.3647,2.5577,60.3836,58.8683,3.0687,False
FAENZA,RAVENNA,16394,16015,16390,543453.0000,31262,1765,81,2019-10,2026-07,33.4100,ufficiale,33.1576,1.9520,99.2445,5.8427,60.4567,57.0954,11.0209,False
FIRENZE S MARIA NOVELLA,S BENEDETTO SAMBRO CASTIGLIONE PEPOLI,337,335,337,18828.0000,493,16,7,2023-06,2024-08,56.3000,stimata,55.8694,1.4716,99.2352,2.6139,60.4624,58.9106,4.7761,False
MILANO CENTRALE,SESTRI LEVANTE,4035,4004,4033,739244.0000,19092,1016,78,2019-10,2026-07,184.7600,ufficiale,183.2988,4.7682,99.2091,2.5808,60.4783,58.9449,25.3746,False
MALPENSA AEROPORTO TERMINAL 2,MILANO PORTA GARIBALDI,319,308,319,15559.0000,3827,184,12,2025-03,2026-07,49.1800,stimata,48.7743,12.4253,99.1751,25.2650,60.4991,48.2160,59.7403,False
CALTANISSETTA CENTRALE,CATANIA CENTRALE,10541,9330,10537,1265337.0000,25617,1295,47,2019-10,2026-07,121.1200,ufficiale,120.0851,2.7457,99.1456,2.2669,60.5171,59.1643,13.8800,False
MILANO CENTRALE,PISA CENTRALE,3315,3249,3315,921446.0000,8864,516,74,2019-10,2026-07,280.4200,ufficiale,277.9626,2.7282,99.1237,0.9729,60.5304,59.9421,15.8818,False
FELTRE,PADOVA,2359,2235,2359,189443.0000,6040,356,28,2020-12,2026-07,81.0500,ufficiale,80.3065,2.7025,99.0826,3.3343,60.5555,58.5840,15.9284,False
BRINDISI,TARANTO,30396,28166,30392,2082682.0000,71957,3606,81,2019-10,2026-07,69.1700,ufficiale,68.5273,2.5547,99.0709,3.6934,60.5627,58.3860,12.8027,False
BERGAMO,MILANO CENTRALE,86538,84773,86515,4230493.0000,252737,17533,82,2019-10,2026-07,49.4100,ufficiale,48.8990,2.9813,98.9657,6.0339,60.6271,57.1431,20.6823,False
EBOLI,NAPOLI CENTRALE,7026,6688,7024,535567.0000,26280,1761,71,2019-10,2026-07,77.2300,ufficiale,76.2481,3.9294,98.7287,5.0880,60.7726,57.7942,26.3307,False
MANTOVA,VENEZIA S LUCIA,388,382,388,54985.0000,1217,64,52,2019-10,2026-07,143.5700,ufficiale,141.7139,3.1859,98.7072,2.2190,60.7858,59.4494,16.7539,False
CAGLIARI,CARBONIA SERBARIU,28219,27819,28218,1870495.0000,41694,1595,69,2019-10,2025-06,67.1600,ufficiale,66.2873,1.4988,98.7006,2.2316,60.7899,59.4459,5.7335,False
GENOVA PIAZZA PRINCIPE,MILANO GRECO PIRELLI,1380,1289,1380,189871.0000,4138,233,7,2025-12,2026-06,139.6300,ufficiale,137.5877,3.2102,98.5373,2.2991,60.8906,59.5023,18.0760,False
ANCONA,SULMONA,1983,1983,1983,418757.0000,2047,95,81,2019-10,2026-07,214.3100,ufficiale,211.1735,1.0323,98.5365,0.4817,60.8912,60.5950,4.7907,False
MONTEBELLUNA,PADOVA,55657,54276,55647,2546251.0000,74185,3460,80,2019-10,2026-06,46.5500,ufficiale,45.7572,1.3668,98.2969,2.9362,61.0396,59.2691,6.3748,False
MASSA CENTRO,PISA CENTRALE,717,683,717,29858.0000,1918,102,28,2020-01,2026-07,42.3900,ufficiale,41.6430,2.8082,98.2377,6.6247,61.0764,57.2179,14.9341,False
CONTURSI TERME,SALERNO,709,701,709,30763.0000,1912,133,14,2020-06,2026-01,44.2100,ufficiale,43.3893,2.7275,98.1436,6.1695,61.1349,57.5192,18.9729,False
BARI CENTRALE,FASANO,18507,18114,18503,987311.0000,28819,1347,82,2019-10,2026-07,54.3700,ufficiale,53.3595,1.5910,98.1415,2.9262,61.1362,59.3662,7.4362,False
MILANO GRECO PIRELLI,NOVI LIGURE,1373,1323,1373,131620.0000,5287,386,8,2025-03,2026-06,97.6900,ufficiale,95.8631,3.9962,98.1299,4.0907,61.1435,58.6966,29.1761,False
MILANO CENTRALE,MORBEGNO,1049,1046,1049,106126.0000,6963,412,18,2020-07,2025-12,103.1100,ufficiale,101.1687,6.6568,98.1173,6.4560,61.1513,57.3760,39.3881,False
ARQUATA SCRIVIA,MILANO CERTOSA,1372,1338,1370,144240.0000,11459,640,70,2019-10,2025-12,107.4200,ufficiale,105.2847,8.5643,98.0122,7.9727,61.2169,56.6119,47.8326,False
ASTI,MILANO PORTA GARIBALDI,1367,1321,1366,180477.0000,5068,323,38,2022-08,2025-12,134.8400,ufficiale,132.1208,3.8365,97.9834,2.8452,61.2349,59.5069,24.4512,False
GENOVA BRIGNOLE,PIACENZA,4544,4483,4544,612332.0000,18814,1271,81,2019-10,2026-07,137.5300,ufficiale,134.7562,4.1967,97.9831,3.0515,61.2350,59.3856,28.3516,False
PALERMO CENTRALE,S AGATA M,23492,22681,23490,2865131.0000,39669,2025,66,2019-10,2025-03,124.7700,stimata,121.9724,1.7490,97.7578,1.4018,61.3762,60.5085,8.9282,False
IMPERIA,MILANO CENTRALE,709,695,709,164480.0000,7141,323,82,2019-10,2026-07,237.6400,ufficiale,231.9887,10.2748,97.6219,4.3237,61.4616,58.8549,46.4748,False
CHIVASSO,NOVARA,15792,13180,15786,1103266.0000,21929,1003,82,2019-10,2026-07,71.6900,ufficiale,69.8889,1.6638,97.4876,2.3208,61.5463,60.1151,7.6100,False
CEFALU,PALERMO AEROPORTO,443,399,443,42825.0000,669,32,10,2025-04,2026-07,99.2500,ufficiale,96.6704,1.6767,97.4009,1.6894,61.6011,60.5508,8.0201,False
CALTANISSETTA XIRBI,ROCCAPALUMBA ALIA,3456,3298,3456,190070.0000,5267,332,79,2019-10,2026-06,56.5700,ufficiale,54.9971,1.5970,97.2196,2.8231,61.7160,59.9744,10.0667,False
PALERMO CENTRALE,S AGATA MILITELLO,5669,5374,5669,686603.0000,11429,598,17,2025-03,2026-07,124.6900,ufficiale,121.1154,2.1267,97.1332,1.7056,61.7709,60.7049,11.1277,False
CATANZARO LIDO,ROCCELLA JONICA,1846,1707,1846,118193.0000,3797,200,73,2019-10,2026-07,65.9500,ufficiale,64.0265,2.2244,97.0835,3.3728,61.8025,59.7275,11.7165,False
BRESCIA,MILANO GRECO PIRELLI,63604,62803,63595,5111277.0000,251415,17545,82,2019-10,2026-07,82.8400,ufficiale,80.3723,4.0032,97.0211,4.8325,61.8422,58.9081,27.9366,False
NAPOLI CENTRALE,ROCCA RAVINDOLA,2387,2290,2387,247304.0000,9839,526,53,2020-06,2025-08,106.8100,ufficiale,103.6045,4.2965,96.9989,4.0226,61.8564,59.3933,22.9694,False
TERAMO,VASTO S SALVO,1850,1850,1850,231645.0000,1175,61,78,2019-10,2026-07,129.1300,ufficiale,125.2135,0.6351,96.9670,0.4919,61.8767,61.5644,3.2973,False
COMO CAMERLATA,VARESE,357,357,357,17136.0000,397,8,19,2024-10,2026-07,49.5200,ufficiale,48.0000,1.1120,96.9305,2.2456,61.9000,60.4984,2.2409,False
NOVARA,RHO,3153,3051,3153,108861.0000,9368,675,21,2020-01,2026-07,35.6300,ufficiale,34.5262,3.0705,96.9020,8.6177,61.9183,56.8615,22.1239,False
BOLOGNA CENTRALE,IMOLA,53551,51662,53519,1767521.0000,84569,5516,82,2019-10,2026-07,34.1000,ufficiale,33.0260,1.6370,96.8506,4.8005,61.9511,59.0254,10.6771,False
BORGO VAL TARO,FIRENZE S MARIA NOVELLA,2977,2893,2977,555702.0000,14582,787,76,2019-10,2026-07,193.0700,ufficiale,186.6651,5.0404,96.6826,2.6107,62.0587,60.4270,27.2036,False
COMO S GIOVANNI,MILANO CENTRALE,5689,5596,5689,256449.0000,21767,1494,80,2019-10,2026-07,46.6300,ufficiale,45.0780,3.8897,96.6718,8.3417,62.0657,57.1355,26.6976,False
ISERNIA,NAPOLI CENTRALE,7750,7007,7750,931167.0000,34763,1766,55,2019-11,2026-06,124.3300,ufficiale,120.1506,4.9612,96.6384,3.9903,62.0871,59.6251,25.2034,False
REGGIO CALABRIA CENTRALE,SIBARI,591,568,591,142384.0000,2138,99,46,2019-11,2026-07,249.5500,ufficiale,240.9205,3.7641,96.5420,1.5083,62.1491,61.1931,17.4296,False
FIRENZE S MARIA NOVELLA,GROSSETO,15751,14181,15751,2952650.0000,41111,2092,82,2019-10,2026-07,194.2000,ufficiale,187.4579,2.8990,96.5283,1.4928,62.1579,61.2113,14.7521,False
BOLOGNA CENTRALE,VERNIO MONTEPIANO CANTAGALLO,1139,1101,1139,65860.0000,1831,105,25,2019-12,2025-09,59.9700,ufficiale,57.8227,1.6630,96.4193,2.7731,62.2282,60.4885,9.5368,False
BARLETTA,SPINAZZOLA,2353,2318,2350,148601.0000,4712,219,22,2019-10,2022-06,65.6800,ufficiale,63.2345,2.0328,96.2766,3.0950,62.3204,60.3794,9.4478,False
BUSTO ARSIZIO,MILANO PORTA GARIBALDI,370,355,370,11235.0000,2456,97,32,2019-10,2026-07,31.5800,ufficiale,30.3649,6.9183,96.1522,21.9073,62.4011,50.8219,27.3239,False
NOVARA,VALENZA,3036,3020,3036,153645.0000,18388,1551,40,2019-11,2026-06,52.6400,ufficiale,50.6077,6.0887,96.1393,11.5668,62.4095,55.7072,51.3576,False
MILANO CERTOSA,PIACENZA,2565,2481,2560,178865.0000,20367,1098,81,2019-10,2026-07,72.7100,ufficiale,69.8691,8.2092,96.0929,11.2903,62.4396,55.8747,44.2563,False
CATANIA CENTRALE,LETOJANNI,422,387,422,21359.0000,284,17,29,2019-11,2026-07,52.7000,ufficiale,50.6137,0.7339,96.0413,1.3925,62.4731,61.5803,4.3928,False
CASERTA,VENAFRO,1604,1465,1604,101674.0000,3825,166,48,2020-06,2025-09,66.0300,ufficiale,63.3878,2.6109,95.9985,3.9541,62.5010,60.0285,11.3311,False
MILANO CENTRALE,SONDRIO,11489,11172,11488,1412672.0000,79922,3547,76,2019-10,2026-07,128.1800,ufficiale,122.9694,7.1538,95.9349,5.5810,62.5424,59.1040,31.7490,False
BERGAMO,PESARO,496,495,496,174323.0000,6204,314,11,2020-06,2023-08,366.6800,ufficiale,351.4577,12.5333,95.8486,3.4181,62.5987,60.4433,63.4343,False
ASTI,TORINO PORTA NUOVA,831,820,831,44426.0000,3507,221,31,2019-11,2026-07,55.7800,ufficiale,53.4609,4.2768,95.8424,7.6673,62.6028,57.9656,26.9512,False
CARNIA,UDINE,12605,12496,12605,479249.0000,21279,946,82,2019-10,2026-07,39.6700,ufficiale,38.0205,1.7029,95.8421,4.2926,62.6030,59.9193,7.5704,False
FIRENZE S MARIA NOVELLA,PONTREMOLI,11548,11504,11548,1938384.0000,37178,2047,66,2019-10,2026-05,175.1400,ufficiale,167.8545,3.2317,95.8402,1.8452,62.6042,61.4216,17.7938,False
ARQUATA SCRIVIA,MILANO PORTA GARIBALDI,1296,1268,1296,131133.0000,14695,908,65,2020-05,2025-12,105.6500,ufficiale,101.1829,11.5891,95.7718,10.9693,62.6489,56.2108,71.6088,False
UDINE,VENEZIA S LUCIA,68537,67181,68532,8857119.0000,124795,6092,82,2019-10,2026-07,135.0100,ufficiale,129.2406,1.8576,95.7267,1.3759,62.6784,61.7903,9.0680,False
BOLOGNA CENTRALE,POGGIO RUSCO,76472,66953,76456,4345785.0000,78477,4522,82,2019-10,2026-07,59.4300,ufficiale,56.8403,1.1721,95.6425,1.9723,62.7336,61.4661,6.7540,False
CATANIA CENTRALE,CATENANUOVA CENTURIPE,1305,1173,1305,55521.0000,1228,70,37,2019-10,2026-07,44.5200,ufficiale,42.5448,1.0469,95.5634,2.3515,62.7855,61.2777,5.9676,False
FIRENZE S MARIA NOVELLA,FOLIGNO,27113,25029,27113,4721228.0000,123078,7448,82,2019-10,2026-07,182.2500,ufficiale,174.1315,4.9174,95.5454,2.6982,62.7974,61.0727,29.7575,False
ANCONA,MACERATA,14076,13762,14075,939860.0000,30754,1755,80,2019-10,2026-07,69.8900,ufficiale,66.7751,2.2347,95.5432,3.1975,62.7988,60.7652,12.7525,False
AULLA LUNIGIANA,FIRENZE S MARIA NOVELLA,314,308,314,46525.0000,1103,73,26,2019-10,2026-07,155.1300,ufficiale,148.1688,3.5812,95.5127,2.3085,62.8189,61.3364,23.7013,False
GENOVA PIAZZA PRINCIPE,VOGHERA,625,563,625,45622.0000,2512,183,7,2025-06,2026-07,76.5000,ufficiale,72.9952,4.4618,95.4186,5.8324,62.8808,59.2587,32.5044,False
POGGIO RUSCO,VERONA PORTA NUOVA,1057,270,1057,55879.0000,597,24,80,2019-10,2026-07,55.4100,ufficiale,52.8657,2.2111,95.4082,3.9905,62.8877,60.3630,8.8889,False
BOLOGNA CENTRALE,CESENATICO,712,674,712,75464.0000,4080,195,50,2019-10,2026-07,111.1200,ufficiale,105.9888,6.0534,95.3823,5.4476,62.9048,59.5062,28.9318,False
BOLOGNA CENTRALE,IGEA MARINA,368,368,368,42587.0000,6180,199,55,2020-02,2026-07,121.7100,ufficiale,115.7255,16.7935,95.0830,13.7979,63.1027,55.1061,54.0761,False
GENOVA P PRINCIPE,MILANO PORTA GARIBALDI,1254,1127,1254,167169.0000,10208,604,14,2021-07,2025-03,140.2100,stimata,133.3086,9.0577,95.0778,6.4601,63.1062,59.0912,53.5936,False
AGRIGENTO CENTRALE,PALERMO AEROPORTO,2353,2163,2353,378271.0000,4985,241,15,2025-03,2026-05,169.0900,ufficiale,160.7612,2.3047,95.0743,1.3630,63.1085,62.2166,11.1419,False
VENEZIA S LUCIA,VERONA PORTA NUOVA,131023,113536,130998,14765107.0000,281416,17232,82,2019-10,2026-07,118.8000,ufficiale,112.7125,2.4786,94.8758,2.0864,63.2406,61.8798,15.1776,False
IVREA,TORINO PORTA NUOVA,30797,29974,30794,1777068.0000,82475,4438,81,2019-10,2026-07,60.8300,ufficiale,57.7083,2.7516,94.8681,4.5233,63.2457,60.3674,14.8062,False
BOZZOLO,CREMONA,4837,4742,4837,167316.0000,18649,1298,33,2023-04,2026-07,36.4700,ufficiale,34.5909,3.9327,94.8474,10.7835,63.2595,56.8016,27.3724,False
MILANO CENTRALE,PAVIA,2559,2437,2559,92664.0000,4849,269,53,2019-10,2026-07,38.1900,ufficiale,36.2110,1.9897,94.8181,5.2101,63.2791,59.9831,11.0382,False
MILANO CENTRALE,VERDELLO DALMINE,564,552,564,22818.0000,4951,200,40,2019-11,2026-07,42.6700,ufficiale,40.4574,8.9692,94.8147,21.0199,63.2813,51.7980,36.2319,False
CASSINO,FROSINONE,4227,4197,4225,210250.0000,5750,245,81,2019-10,2026-07,52.5000,ufficiale,49.7633,1.3700,94.7873,2.6096,63.2996,61.6036,5.8375,False
ORVIETO,TERNI,1280,1275,1280,83419.0000,1188,39,65,2020-08,2026-05,68.7800,ufficiale,65.1711,0.9318,94.7530,1.3547,63.3226,62.4300,3.0588,False
BASSANO DEL GRAPPA,VICENZA,7644,7545,7644,276778.0000,13824,757,59,2021-09,2026-07,38.2800,ufficiale,36.2085,1.8322,94.5886,4.7863,63.4326,60.3774,10.0331,False
CAGLIARI,S GAVINO,50312,48274,50308,2360082.0000,43038,1847,82,2019-10,2026-07,49.6200,ufficiale,46.9127,0.8915,94.5438,1.7967,63.4626,62.2791,3.8261,False
OLBIA,SASSARI,11502,11353,11500,1272209.0000,30589,1509,63,2019-10,2025-09,117.0900,ufficiale,110.6269,2.6944,94.4802,2.3011,63.5054,61.9954,13.2916,False
CANCELLO,SALERNO,2512,2063,2512,118250.0000,10579,511,79,2019-10,2026-07,49.8300,ufficiale,47.0740,5.1280,94.4693,10.2909,63.5127,57.2737,24.7698,False
NAPOLI CENTRALE,VENAFRO,3706,3273,3706,347525.0000,15958,737,64,2019-11,2026-06,99.3200,ufficiale,93.7736,4.8756,94.4156,4.9090,63.5488,60.4080,22.5176,False
BARI CENTRALE,BARLETTA,20745,20212,20737,1070941.0000,51564,2591,82,2019-10,2026-07,54.7000,ufficiale,51.6440,2.5512,94.4131,4.6639,63.5505,60.5589,12.8191,False
CATANZARO LIDO,REGGIO CALABRIA CENTRALE,34158,31605,34158,5266217.0000,117359,6008,82,2019-10,2026-07,163.4800,ufficiale,154.1723,3.7133,94.3065,2.2714,63.6223,62.1260,19.0097,False
MESSINA CENTRALE,SIRACUSA,30061,26673,30058,5037220.0000,151981,6702,80,2019-10,2026-07,177.7200,ufficiale,167.5833,5.6979,94.2963,3.2061,63.6292,61.5369,25.1265,False
FOLIGNO,ORTE,2633,2617,2633,203249.0000,4247,231,73,2019-10,2026-07,81.8800,ufficiale,77.1929,1.6229,94.2757,1.9820,63.6431,62.3327,8.8269,False
ANCONA,ASCOLI PICENO,39775,38789,39772,4389749.0000,65180,3876,81,2019-10,2026-06,117.0800,ufficiale,110.3729,1.6804,94.2713,1.4352,63.6461,62.6916,9.9925,False
CHIUSI CHIANCIANO TERME,SIENA,46795,45692,46792,3921686.0000,143031,8446,82,2019-10,2026-07,89.0000,ufficiale,83.8110,3.1303,94.1697,3.5172,63.7148,61.4207,18.4846,False
FOGGIA,MANFREDONIA,4203,4162,4203,141214.0000,9296,347,20,2020-06,2026-07,35.6800,ufficiale,33.5984,2.2335,94.1659,6.2599,63.7174,59.7456,8.3373,False
CASSINO,COLLEFERRO SEGNI PALIANO,3910,3863,3910,310616.0000,4360,203,26,2019-12,2026-07,84.3900,ufficiale,79.4414,1.1287,94.1361,1.3374,63.7375,62.8447,5.2550,False
NAPOLI CENTRALE,POTENZA CENTRALE,376,329,376,57370.0000,2042,112,13,2023-06,2026-02,162.2500,ufficiale,152.5798,6.2067,94.0399,3.8254,63.8027,61.3087,34.0426,False
MILANO CENTRALE,RIMINI,5070,4931,5070,1551452.0000,25607,1544,82,2019-10,2026-07,325.7900,ufficiale,306.0063,5.1931,93.9275,1.5940,63.8791,62.8131,31.3121,False
FOSSANO,TORINO STURA,46374,45984,46366,3128379.0000,64407,3742,82,2019-10,2026-07,71.9700,ufficiale,67.4714,1.4006,93.7493,1.9461,64.0004,62.6989,8.1376,False
GORIZIA CENTRALE,UDINE,302,301,302,9302.0000,786,43,22,2020-06,2026-03,32.8600,ufficiale,30.8013,2.6113,93.7350,7.9467,64.0102,59.0076,14.2857,False
FORMIA GAETA,NAPOLI CENTRALE,18885,17636,18879,1511706.0000,59321,3469,82,2019-10,2026-07,85.4800,ufficiale,80.0734,3.3636,93.6750,3.9350,64.0512,61.4691,19.6700,False
MALPENSA AEROPORTO TERMINAL 2,MILANO CADORNA,22642,22621,22642,999755.0000,45582,2926,14,2025-03,2026-07,47.1500,stimata,44.1549,2.0150,93.6477,4.2737,64.0699,61.2737,12.9349,False
CALTANISSETTA XIRBI,MODICA,5607,5557,5604,1084961.0000,25858,1348,63,2019-10,2026-06,206.7700,ufficiale,193.6047,4.6532,93.6329,2.2504,64.0800,62.5760,24.2577,False
POTENZA INFERIORE,SALERNO,5867,5595,5866,659665.0000,21850,1171,25,2019-10,2021-11,120.1300,stimata,112.4557,3.9053,93.6117,3.2509,64.0946,61.9435,20.9294,False
GENOVA BRIGNOLE,RIMINI,2090,645,2089,774568.0000,1706,88,81,2019-10,2026-07,396.1000,ufficiale,370.7841,2.6450,93.6087,0.6678,64.0966,63.6426,13.6434,False
MILANO CENTRALE,NOVI LIGURE,483,447,483,44125.0000,1938,132,21,2024-01,2026-05,97.6100,ufficiale,91.3561,4.3356,93.5930,4.4417,64.1074,61.2028,29.5302,False
COSENZA,SAPRI,15544,14801,15544,1716246.0000,31492,1717,82,2019-10,2026-07,118.1000,ufficiale,110.4121,2.1277,93.4904,1.8016,64.1777,62.9644,11.6006,False
GIULIANOVA,PESCARA,1910,1818,1910,67134.0000,4825,244,72,2019-10,2026-06,37.6100,ufficiale,35.1487,2.6540,93.4557,7.0567,64.2015,59.6941,13.4213,False
LIVORNO CENTRALE,MILANO CENTRALE,20655,19740,20651,5756641.0000,131000,6946,81,2019-10,2026-07,298.3700,ufficiale,278.7585,6.6363,93.4271,2.2242,64.2212,62.7279,35.1874,False
AREZZO,ROMA TERMINI,329,319,329,61021.0000,1743,57,66,2019-10,2026-01,198.5600,ufficiale,185.4742,5.4639,93.4096,2.7518,64.2332,62.3951,17.8683,False
APRILIA,ROMA TERMINI,1727,1692,1725,63721.0000,5217,322,81,2019-10,2026-07,39.5800,ufficiale,36.9397,3.0833,93.3292,7.7901,64.2885,59.3358,19.0307,False
FIRENZE S MARIA NOVELLA,SPOLETO,1498,1495,1498,289785.0000,4998,277,79,2019-10,2026-07,207.3700,ufficiale,193.4479,3.3431,93.2864,1.6122,64.3181,63.2254,18.5284,False
FIRENZE S MARIA NOVELLA,TERONTOLA CORTONA,2368,2306,2368,220947.0000,8369,479,82,2019-10,2026-07,100.0500,ufficiale,93.3053,3.6292,93.2587,3.6274,64.3372,61.9284,20.7719,False
ARQUATA SCRIVIA,MILANO CENTRALE,2755,2722,2755,266502.0000,18901,1169,72,2019-10,2025-12,103.7600,ufficiale,96.7339,6.9438,93.2285,6.6922,64.3580,60.0476,42.9464,False
FIRENZE S MARIA NOVELLA,ORTE,3084,2861,3084,557356.0000,16472,906,63,2019-11,2026-07,194.1200,ufficiale,180.7250,5.7574,93.0996,2.9659,64.4471,62.4573,31.6672,False
MILANO GRECO PIRELLI,VOGHERA,1185,1177,1185,69628.0000,7868,594,15,2020-06,2026-07,63.1300,ufficiale,58.7578,6.6848,93.0743,10.5889,64.4646,57.8797,50.4673,False
ALESSANDRIA,VOGHERA,18158,17989,18146,643752.0000,44026,2777,81,2019-10,2026-07,38.1200,ufficiale,35.4762,2.4474,93.0647,6.4202,64.4713,60.3107,15.4372,False
VENEZIA MESTRE,VERONA PORTA NUOVA,870,742,870,89231.0000,11039,367,79,2019-10,2026-07,110.3700,ufficiale,102.5644,14.8774,92.9278,13.4795,64.5663,56.3871,49.4609,False
BRA,TORINO PORTA NUOVA,1001,983,999,45324.0000,1646,92,44,2019-10,2025-07,48.8400,ufficiale,45.3694,1.6745,92.8939,3.4285,64.5898,62.2908,9.3591,False
BERGAMO,VENTIMIGLIA,474,462,474,140337.0000,5915,283,41,2020-06,2026-07,318.7300,ufficiale,296.0696,12.8030,92.8904,4.0169,64.5922,61.9148,61.2554,False
BOLZANO,VERONA PORTA NUOVA,66200,55438,66192,8978879.0000,187334,11892,82,2019-10,2026-07,146.1200,ufficiale,135.6490,3.3792,92.8340,2.3126,64.6315,63.0606,21.4510,False
BOLZANO,DOMEGLIARA,600,586,600,70628.0000,5364,320,26,2019-10,2025-02,126.9300,stimata,117.7133,9.1536,92.7388,7.2115,64.6979,60.0298,54.6075,False
OLBIA TERRANOVA,SASSARI,1779,1708,1779,192271.0000,5237,267,14,2022-10,2026-07,116.6900,ufficiale,108.0781,3.0662,92.6199,2.6276,64.7809,62.9938,15.6323,False
ASTI,VOGHERA,11928,11796,11927,798941.0000,40409,2524,52,2021-12,2026-07,72.4100,ufficiale,66.9859,3.4257,92.5092,4.7309,64.8584,61.7029,21.3971,False
DOMODOSSOLA,GALLARATE,1060,936,1060,79457.0000,2486,109,27,2019-10,2026-06,81.1900,ufficiale,74.9594,2.6560,92.3259,3.2713,64.9872,62.7633,11.6453,False
GENOVA SESTRI PONENTE,VENTIMIGLIA,429,423,429,54062.0000,2366,119,11,2021-10,2024-12,136.5400,stimata,126.0186,5.5934,92.2943,4.0965,65.0094,62.2466,28.1324,False
AOSTA,TORINO PORTA NUOVA,19202,19092,19201,2239880.0000,85001,5131,38,2020-12,2024-01,126.4700,stimata,116.6543,4.4522,92.2387,3.5203,65.0486,62.6572,26.8751,False
CHIASSO,GENOVA P PRINCIPE,891,852,891,150330.0000,4869,323,28,2020-12,2025-03,182.9400,stimata,168.7205,5.7148,92.2273,3.1239,65.0567,62.9253,37.9108,False
ORTE,TERONTOLA CORTONA,2308,2280,2308,222916.0000,4147,197,71,2019-10,2026-07,104.7600,ufficiale,96.5841,1.8189,92.1955,1.7362,65.0791,63.8762,8.6404,False
PESCIA,VIAREGGIO,1447,1421,1447,61525.0000,3017,184,26,2019-11,2026-07,46.1200,ufficiale,42.5190,2.1232,92.1921,4.6035,65.0815,61.9863,12.9486,False
CEFALU,PUNTA RAISI,1275,1128,1275,116971.0000,2212,109,21,2020-07,2024-09,99.5300,stimata,91.7420,1.9610,92.1752,1.9703,65.0934,63.7312,9.6631,False
OLBIA TERRANOVA,OZIERI CHILIVANI,876,870,876,56541.0000,1335,76,11,2025-03,2026-07,70.1100,ufficiale,64.5445,1.5345,92.0618,2.1887,65.1736,63.6602,8.7356,False
BARDONECCHIA,GENOVA BRIGNOLE,304,245,304,68283.0000,1768,103,22,2022-12,2025-04,244.3400,ufficiale,224.6151,7.2163,91.9273,2.9534,65.2690,63.2373,42.0408,False
CASERTA,ISERNIA,581,525,581,48602.0000,2249,104,42,2019-11,2026-04,91.0400,ufficiale,83.6523,4.2838,91.8852,4.7054,65.2988,62.1178,19.8095,False
TARVISIO BOSCOVERDE,TRIESTE CENTRALE,15446,15288,15445,2279397.0000,40331,1964,81,2019-10,2026-07,160.8000,ufficiale,147.5815,2.6381,91.7796,1.6406,65.3740,64.2260,12.8467,False
CAMPIGLIA MARITTIMA,PISA CENTRALE,8602,8396,8602,675766.0000,21651,1443,82,2019-10,2026-07,85.6600,ufficiale,78.5592,2.5787,91.7105,3.0104,65.4233,63.3440,17.1868,False
TRIESTE CENTRALE,VENEZIA S LUCIA,111353,109816,111344,17098642.0000,273830,13791,82,2019-10,2026-07,167.4700,ufficiale,153.5659,2.4935,91.6976,1.4889,65.4325,64.3870,12.5583,False
BOLZANO,BRENNERO,15080,14001,15079,1227233.0000,47663,2528,82,2019-10,2026-07,88.7900,ufficiale,81.3869,3.4043,91.6622,3.8341,65.4577,62.8297,18.0559,False
AGRIGENTO CENTRALE,PALERMO CENTRALE,46813,46206,46805,5830078.0000,114944,5368,76,2019-10,2026-05,136.0400,ufficiale,124.5610,2.4876,91.5620,1.8286,65.5293,64.2463,11.6175,False
OLBIA,OZIERI CHILIVANI,2324,2302,2323,149854.0000,6452,351,60,2019-10,2025-09,70.5100,ufficiale,64.5088,2.8028,91.4889,3.9750,65.5817,62.8510,15.2476,False
IMPERIA,VENTIMIGLIA,3828,3813,3828,134297.0000,4950,224,82,2019-10,2026-07,38.3500,ufficiale,35.0828,1.2982,91.4806,3.3851,65.5877,63.2473,5.8746,False
UDINE,VENEZIA MESTRE,551,547,551,63785.0000,8124,217,66,2019-10,2026-07,126.5700,ufficiale,115.7623,14.8519,91.4610,11.7342,65.6017,58.1422,39.6709,False
MILANO CENTRALE,VOGHERA,11750,11451,11749,677252.0000,33921,2089,82,2019-10,2026-07,63.0500,ufficiale,57.6434,2.9623,91.4249,4.6983,65.6277,62.4199,18.2429,False
FIRENZE S MARIA NOVELLA,ROMA TIBURTINA,4850,3948,4850,1135545.0000,15088,755,80,2019-10,2026-07,256.3700,ufficiale,234.1330,3.8217,91.3262,1.4907,65.6986,64.6434,19.1236,False
MILANO GRECO PIRELLI,TORTONA,919,909,919,66567.0000,2917,199,8,2025-12,2026-07,79.3300,ufficiale,72.4342,3.2090,91.3074,4.0452,65.7121,62.9244,21.8922,False
CALTANISSETTA CENTRALE,MODICA,967,959,967,176516.0000,16614,521,64,2019-10,2026-07,200.4400,ufficiale,182.5398,17.3243,91.0696,8.6431,65.8837,60.1729,54.3274,False
BOLOGNA CENTRALE,PRATO CENTRALE,54068,51343,54060,3961058.0000,68625,3987,76,2019-10,2026-07,80.4800,ufficiale,73.2715,1.3366,91.0431,1.6608,65.9028,64.7222,7.7654,False
OZIERI CHILIVANI,SASSARI,10927,10627,10927,463203.0000,23176,1265,78,2019-10,2026-07,46.5900,ufficiale,42.3907,2.1809,90.9867,4.6810,65.9437,62.7171,11.9036,False
BOLZANO,TRENTO,22382,21929,22382,1128073.0000,58004,3987,82,2019-10,2026-07,55.4400,ufficiale,50.4009,2.6451,90.9107,4.7711,65.9988,62.7079,18.1814,False
DOMODOSSOLA,SESTO CALENDE,337,282,337,19650.0000,971,49,12,2019-10,2026-05,64.1900,ufficiale,58.3086,3.4433,90.8375,5.3642,66.0520,62.3690,17.3759,False
FOSSANO,TORINO REBAUDENGO FOSSATA,7830,7829,7830,486600.0000,31593,2177,29,2024-01,2026-07,68.4800,ufficiale,62.1456,4.0354,90.7500,5.8928,66.1157,62.0843,27.8069,False
ARONA,MILANO CENTRALE,7046,6886,7046,434334.0000,35184,2571,42,2019-11,2026-07,68.0900,ufficiale,61.6426,5.1095,90.5311,7.5040,66.2756,61.2025,37.3366,False
PAOLA,SALERNO,2334,1914,2334,457328.0000,4029,182,80,2019-10,2026-07,216.7000,ufficiale,195.9417,2.1050,90.4207,0.9714,66.3565,65.6512,9.5089,False
PESARO,RIMINI,4838,4765,4837,145827.0000,11148,691,81,2019-10,2026-07,33.3800,ufficiale,30.1482,2.3396,90.3183,7.0089,66.4318,61.6478,14.5016,False
MACOMER,OLBIA,2367,2313,2367,264585.0000,5206,271,55,2019-10,2025-09,123.7700,ufficiale,111.7807,2.2508,90.3133,1.8185,66.4354,65.1241,11.7164,False
CATANZARO LIDO,SIBARI,22778,22073,22775,3545355.0000,97561,5674,63,2019-10,2026-07,172.3900,ufficiale,155.6687,4.4199,90.3003,2.5639,66.4449,64.6105,25.7056,False
CATANIA CENTRALE,SIRACUSA,9778,8602,9777,732324.0000,27805,1460,81,2019-10,2026-07,82.9500,ufficiale,74.9027,3.2324,90.2987,3.8968,66.4462,63.6973,16.9728,False
ALESSANDRIA,GENOVA P PRINCIPE,423,421,423,26284.0000,2044,112,25,2019-12,2025-03,68.8300,confermata,62.1371,4.8551,90.2762,7.0538,66.4627,61.6460,26.6033,False
AGRIGENTO CENTRALE,PUNTA RAISI,1469,1309,1469,224984.0000,4524,212,14,2023-12,2025-03,169.9300,stimata,153.1545,3.4561,90.1280,2.0338,66.5720,65.1029,16.1956,False
PESCARA,ROMA TIBURTINA,1978,1835,1978,425798.0000,6195,326,40,2023-04,2026-07,238.9600,ufficiale,215.2669,3.3760,90.0849,1.4128,66.6038,65.5754,17.7657,False
SAVONA,TORINO PORTA NUOVA,28219,27030,28215,3738526.0000,112581,6421,82,2019-10,2026-07,147.2400,ufficiale,132.5014,4.1650,89.9901,2.8287,66.6740,64.6421,23.7551,False
LA SPEZIA CENTRALE,MILANO CENTRALE,10290,9885,10289,2069288.0000,76552,4537,81,2019-10,2026-07,223.7500,ufficiale,201.1165,7.7443,89.8845,3.4611,66.7523,64.2773,45.8978,False
CASSINO,ROMA TERMINI,76920,70852,76916,9376478.0000,154648,6819,81,2019-10,2026-07,135.7400,ufficiale,121.9054,2.1827,89.8080,1.6080,66.8092,65.6340,9.6243,False
ANCONA,PESARO,19513,19372,19513,1043542.0000,37244,2434,82,2019-10,2026-07,59.5700,ufficiale,53.4793,1.9226,89.7756,3.2274,66.8333,64.5140,12.5645,False
MALPENSA AEROPORTO T1,MILANO BOVISA,6679,6047,6679,265305.0000,9806,558,28,2020-12,2023-03,44.3000,ufficiale,39.7223,1.6216,89.6665,3.6606,66.9146,64.2900,9.2277,False
AREZZO,FOLIGNO,375,373,375,39270.0000,4098,124,46,2019-12,2026-07,116.8300,ufficiale,104.7200,10.9866,89.6345,9.4039,66.9385,60.5825,33.2440,False
CHIUSI CHIANCIANO TERME,TERNI,933,927,933,86744.0000,987,50,48,2021-12,2026-05,103.7500,ufficiale,92.9732,1.0647,89.6127,1.0262,66.9548,66.1967,5.3937,False
SALERNO,SAPRI,4939,4808,4939,550959.0000,22618,1403,82,2019-10,2026-07,124.4900,ufficiale,111.5527,4.7042,89.6078,3.7788,66.9585,64.2490,29.1805,False
PAOLA,SAPRI,15186,14126,15182,1253918.0000,27021,1318,82,2019-10,2026-07,92.2100,ufficiale,82.5924,1.9129,89.5699,2.0745,66.9868,65.4705,9.3303,False
PALERMO CENTRALE,SIRACUSA,3684,3606,3681,1016512.0000,16469,635,39,2019-10,2026-06,308.6300,ufficiale,276.1510,4.5671,89.4764,1.4798,67.0568,65.9658,17.6095,False
AOSTA,CHIVASSO,1027,1014,1027,91005.0000,4702,261,29,2020-01,2023-12,99.0600,confermata,88.6125,4.6371,89.4533,4.6811,67.0741,63.7386,25.7396,False
CASERTA,ROCCA RAVINDOLA,712,672,712,46808.0000,2353,100,45,2020-06,2024-02,73.5200,ufficiale,65.7416,3.5015,89.4200,4.7626,67.0991,63.7060,14.8810,False
BATTIPAGLIA,NAPOLI CENTRALE,1947,1812,1947,123576.0000,8869,518,57,2019-12,2026-07,70.9900,ufficiale,63.4700,4.8946,89.4069,6.8948,67.1089,62.3042,28.5872,False
MACOMER,SASSARI,686,614,686,59971.0000,1892,107,14,2021-08,2026-06,97.7900,ufficiale,87.4213,3.0814,89.3970,3.1511,67.1164,64.8312,17.4267,False
MONTALTO CASTRO,ROMA TERMINI,6247,6121,6245,629450.0000,8792,452,79,2019-10,2026-07,112.8200,ufficiale,100.7926,1.4364,89.3393,1.2731,67.1597,66.2160,7.3844,False
BRESCIA,MILANO LAMBRATE,533,521,533,37573.0000,8045,279,70,2019-10,2026-07,78.9600,ufficiale,70.4934,15.4415,89.2774,19.5561,67.2063,55.1301,53.5509,False
MILANO CENTRALE,SIRACUSA,2877,2055,2877,3547562.0000,64218,1243,59,2019-10,2026-07,1385.6500,ufficiale,1233.0768,31.2496,88.9891,2.2552,67.4240,65.7575,60.4866,True
PORTOGRUARO CAORLE,VENEZIA S LUCIA,84870,82910,84861,6171997.0000,152207,7486,82,2019-10,2026-07,81.8100,ufficiale,72.7307,1.8358,88.9019,2.2440,67.4901,65.8285,9.0291,False
IMOLA,RIMINI,25347,22131,25330,1731034.0000,44726,2917,82,2019-10,2026-07,76.9900,ufficiale,68.3393,2.0210,88.7638,2.6250,67.5951,65.6535,13.1806,False
CODOGNO,MANTOVA,813,804,811,64421.0000,7246,515,43,2019-10,2024-01,89.5600,ufficiale,79.4340,9.0124,88.6936,10.0630,67.6486,60.7554,64.0547,False
AGROPOLI CASTELLABATE,NAPOLI CENTRALE,664,636,664,59287.0000,3099,201,29,2021-09,2026-06,100.6700,ufficiale,89.2877,4.8726,88.6934,4.8402,67.6488,64.1481,31.6038,False
BUONCONVENTO,FIRENZE S MARIA NOVELLA,2327,2311,2327,252244.0000,5398,276,75,2019-10,2026-07,122.3400,ufficiale,108.3988,2.3358,88.6045,1.9093,67.7166,66.2882,11.9429,False
BRESCIA,VENEZIA S LUCIA,6179,6006,6179,997106.0000,19994,1271,80,2019-10,2026-07,182.3400,ufficiale,161.3701,3.3290,88.4996,1.8257,67.7969,66.4266,21.1622,False
CEFALU,PALERMO CENTRALE,12677,11846,12677,742116.0000,18833,810,80,2019-10,2026-07,66.2000,ufficiale,58.5403,1.5898,88.4295,2.4015,67.8506,66.0567,6.8378,False
COSENZA,SIBARI,26377,22421,26376,1485906.0000,22739,1025,82,2019-10,2026-07,63.8800,ufficiale,56.3355,1.0142,88.1896,1.5876,68.0352,66.8321,4.5716,False
MALPENSA AEROPORTO T2,MILANO BOVISA,13736,13201,13724,577881.0000,22528,1567,22,2019-10,2024-10,47.7600,ufficiale,42.1073,1.7065,88.1644,3.5732,68.0547,65.4039,11.8703,False
ROMA TERMINI,SIRACUSA,8847,6990,8846,6443488.0000,117264,3173,78,2019-10,2026-07,826.3200,ufficiale,728.4070,16.7760,88.1507,2.0302,68.0652,66.5329,45.3934,True
MONFALCONE,VENEZIA S LUCIA,2214,2192,2214,273588.0000,12381,461,55,2019-11,2026-07,140.2100,ufficiale,123.5718,5.6483,88.1334,4.0284,68.0786,65.1029,21.0310,False
CAMMARATA S GIOVANNI GEMINI,PALERMO CENTRALE,881,823,881,67906.0000,1695,75,21,2020-07,2025-10,87.5800,ufficiale,77.0783,2.0595,88.0090,2.3516,68.1748,66.4006,9.1130,False
ASTI,GENOVA BRIGNOLE,470,447,470,43525.0000,1406,98,14,2020-12,2026-05,105.7800,ufficiale,92.6064,3.1454,87.5462,2.9735,68.5352,66.2839,21.9239,False
ROMA TERMINI,TERONTOLA CORTONA,3535,3369,3535,530524.0000,9657,513,81,2019-10,2026-07,171.5100,ufficiale,150.0775,2.8664,87.5037,1.6713,68.5686,67.2835,15.2271,False
LIVORNO CENTRALE,ORBETELLO,527,516,527,73353.0000,518,26,27,2020-06,2025-03,159.1300,confermata,139.1898,1.0039,87.4692,0.6309,68.5956,68.1044,5.0388,False
CASERTA,ROMA TERMINI,10542,9238,10542,1826907.0000,48434,2079,81,2019-10,2026-07,198.1700,ufficiale,173.2980,5.2429,87.4491,2.6457,68.6113,66.5965,22.5049,False
BRENNERO,FORTEZZA,1848,1838,1848,64876.0000,4050,234,71,2019-10,2026-07,40.1700,ufficiale,35.1061,2.2035,87.3937,5.4854,68.6548,64.6001,12.7312,False
GUIDONIA MONTECELIO S ANGELO,PESCARA,355,351,355,66427.0000,2331,90,17,2020-06,2026-05,214.3700,ufficiale,187.1183,6.6410,87.2875,3.0979,68.7383,66.3823,25.6410,False
ROMA TIBURTINA,TERNI,2439,2306,2438,221889.0000,4076,205,77,2019-10,2026-07,104.4200,ufficiale,91.0127,1.7676,87.1602,1.6927,68.8387,67.5273,8.8899,False
COSENZA,MELITO PORTO SALVO,1706,1705,1706,341389.0000,3205,128,37,2019-10,2022-12,229.6800,ufficiale,200.1108,1.8798,87.1259,0.8184,68.8659,68.2250,7.5073,False
ALESSANDRIA,TORINO STURA,2208,2158,2208,187242.0000,5850,395,79,2019-10,2026-06,97.4700,ufficiale,84.8016,2.7108,87.0028,2.7812,68.9633,66.8270,18.3040,False
TRENTO,VERONA PORTA NUOVA,2463,2144,2463,194272.0000,8210,311,82,2019-10,2026-07,90.6800,ufficiale,78.8762,3.8293,86.9830,4.2229,68.9790,65.7853,14.5056,False
NAPOLI CENTRALE,SAPRI,42946,38049,42937,6562596.0000,178593,9547,82,2019-10,2026-07,175.7800,ufficiale,152.8424,4.6938,86.9510,2.6702,69.0044,66.9484,25.0913,False
GENOVA BRIGNOLE,RAVENNA,2136,2117,2136,682348.0000,9264,539,81,2019-10,2026-07,367.5200,ufficiale,319.4513,4.3760,86.9208,1.1907,69.0284,68.0956,25.4606,False
PIACENZA,VOGHERA,29945,29417,29936,1514878.0000,120191,8381,82,2019-10,2026-07,58.4000,ufficiale,50.6039,4.0858,86.6505,6.9962,69.2437,64.0706,28.4903,False
GENOVA BRIGNOLE,MILANO CENTRALE,13327,12691,13327,1641027.0000,71938,4172,82,2019-10,2026-07,142.1900,ufficiale,123.1355,5.6684,86.5993,3.9865,69.2846,66.2356,32.8737,False
MILANO CENTRALE,VENTIMIGLIA,22980,22170,22980,5487283.0000,220886,11357,82,2019-10,2026-07,275.9900,ufficiale,238.7852,9.9633,86.5195,3.6100,69.3485,66.5709,51.2269,False
NAPOLI CENTRALE,TARANTO,3406,3042,3406,920945.0000,25088,1167,65,2019-10,2026-07,312.5800,ufficiale,270.3890,8.2472,86.5023,2.6384,69.3623,67.3093,38.3629,False
NAPOLI CENTRALE,PAOLA,6673,6090,6673,1546504.0000,38033,1827,81,2019-10,2026-07,267.9900,ufficiale,231.7554,6.2452,86.4791,2.3304,69.3809,67.5603,30.0000,False
GROSSETO,MILANO CENTRALE,4539,3564,4539,1667820.0000,26835,1372,80,2019-10,2026-07,425.1900,ufficiale,367.4422,7.5295,86.4183,1.7708,69.4297,68.0355,38.4961,False
FIRENZE S MARIA NOVELLA,LIVORNO CENTRALE,88305,86986,88297,7356194.0000,161611,9009,82,2019-10,2026-07,96.5500,ufficiale,83.3119,1.8579,86.2889,1.9243,69.5339,68.0170,10.3568,False
CALTANISSETTA CENTRALE,GELA,1148,1138,1148,109705.0000,4703,226,52,2019-10,2026-07,110.7800,ufficiale,95.5618,4.1327,86.2627,3.7305,69.5550,66.6717,19.8594,False
PESARO,PESCARA,1561,1505,1561,276714.0000,4663,244,80,2019-10,2026-07,205.5500,ufficiale,177.2671,3.0983,86.2404,1.5073,69.5730,68.3778,16.2126,False
ANCONA,RIMINI,26469,26294,26468,2120956.0000,56786,3322,82,2019-10,2026-07,92.9500,ufficiale,80.1328,2.1597,86.2107,2.3235,69.5969,67.7705,12.6341,False
CAGLIARI,MACOMER,10750,10646,10750,1415108.0000,19356,843,79,2019-10,2026-07,152.7400,ufficiale,131.6380,1.8181,86.1843,1.1904,69.6182,68.6698,7.9185,False
BRENNERO,VENEZIA MESTRE,616,537,616,156189.0000,11146,237,64,2019-10,2026-07,294.2200,ufficiale,253.5536,20.7561,86.1782,7.0546,69.6232,64.3550,44.1341,False
BOZZOLO,CODOGNO,684,678,684,37578.0000,4347,381,31,2024-01,2026-07,63.8000,ufficiale,54.9386,6.4115,86.1107,10.0494,69.6778,62.3960,56.1947,False
FOSSANO,TORINO LINGOTTO,639,631,639,32524.0000,7139,281,77,2019-10,2026-07,59.1200,ufficiale,50.8983,11.3138,86.0932,19.1370,69.6919,57.0179,44.5325,False
NAPOLI CENTRALE,PISCIOTTA PALINURO,1035,989,1035,125081.0000,6434,392,18,2020-10,2026-07,140.4100,ufficiale,120.8512,6.5056,86.0702,4.6333,69.7105,66.1496,39.6360,False
CASSINO,ROMA TIBURTINA,471,378,471,54463.0000,1443,82,24,2019-11,2026-07,134.4200,ufficiale,115.6327,3.8175,86.0234,2.8399,69.7484,67.5194,21.6931,False
FOSSANO,TORINO PORTA NUOVA,5033,4952,5033,274652.0000,18603,1289,81,2019-10,2026-07,63.4400,ufficiale,54.5702,3.7567,86.0187,5.9216,69.7523,65.2598,26.0299,False
FIRENZE S MARIA NOVELLA,FOLLONICA,390,386,390,60523.0000,717,42,80,2019-10,2026-07,180.4700,ufficiale,155.1872,1.8575,85.9906,1.0293,69.7751,68.9498,10.8808,False
ANCONA,PESCARA,36046,34145,36041,4523729.0000,80335,4520,82,2019-10,2026-07,145.9700,ufficiale,125.5162,2.3528,85.9877,1.6118,69.7775,68.4936,13.2377,False
MILANO CENTRALE,TORTONA,8159,8061,8158,555897.0000,37598,2642,76,2019-10,2026-05,79.2500,ufficiale,68.1413,4.6642,85.9828,5.8854,69.7814,65.3110,32.7751,False
FIRENZE S MARIA NOVELLA,ORBETELLO,2611,2537,2610,519393.0000,8508,471,65,2019-10,2025-03,231.7800,confermata,199.0011,3.3536,85.8578,1.4469,69.8830,68.7249,18.5652,False
COSENZA,LAMEZIA TERME CENTRALE,1151,1131,1151,78563.0000,3174,191,29,2020-07,2026-07,79.5500,ufficiale,68.2563,2.8064,85.8030,3.5278,69.9276,67.1661,16.8877,False
PALERMO CENTRALE,ROCCAPALUMBA ALIA,5546,5212,5546,328778.0000,7992,353,43,2019-10,2026-06,69.1700,ufficiale,59.2820,1.5334,85.7048,2.2168,70.0078,68.2426,6.7728,False
PESCARA,TIVOLI,354,351,354,60807.0000,2361,67,36,2020-06,2026-07,200.7000,ufficiale,171.7712,6.7265,85.5860,3.3515,70.1049,67.4631,19.0883,False
PESCARA,ROMA TERMINI,9365,9142,9365,1924294.0000,45315,2175,81,2019-10,2026-07,240.2700,ufficiale,205.4772,4.9568,85.5193,2.0630,70.1596,68.5070,23.7913,False
BATTIPAGLIA,SAPRI,332,321,332,29733.0000,1872,77,43,2019-10,2026-07,104.7900,ufficiale,89.5572,5.8318,85.4635,5.5652,70.2054,65.9133,23.9875,False
BOLOGNA CENTRALE,MODENA,19610,18903,19610,618348.0000,32744,2189,82,2019-10,2026-07,36.9300,ufficiale,31.5323,1.7322,85.3839,4.6905,70.2708,66.6116,11.5802,False
POTENZA CENTRALE,TARANTO,6844,5593,6844,877741.0000,16584,868,48,2021-11,2026-07,150.3200,ufficiale,128.2497,2.9651,85.3178,1.9725,70.3253,68.7361,15.5194,False
BOLOGNA CENTRALE,VIPITENO VAL VIZZE,316,309,316,87359.0000,8949,243,60,2019-11,2026-07,324.0600,ufficiale,276.4525,28.9612,85.3091,8.9370,70.3325,63.6632,78.6408,False
BRENNERO,VENEZIA S LUCIA,5064,4748,5062,1306570.0000,41840,1732,74,2019-10,2026-07,302.6500,ufficiale,258.1134,8.8121,85.2845,2.9117,70.3528,68.0302,36.4785,False
CAGLIARI,PORTO TORRES MARITTIMA,2199,2184,2199,505734.0000,8877,406,71,2019-10,2026-07,269.8700,ufficiale,229.9836,4.0646,85.2202,1.5061,70.4059,69.1832,18.5897,False
L AQUILA,PESCARA,800,793,800,86278.0000,2647,150,21,2022-08,2026-07,126.6400,ufficiale,107.8475,3.3380,85.1607,2.6358,70.4550,68.3399,18.9155,False
PESCARA,S BENEDETTO DEL TRONTO,5746,5717,5746,300640.0000,11291,626,82,2019-10,2026-07,61.4800,ufficiale,52.3216,1.9750,85.1035,3.2124,70.5024,67.9380,10.9498,False
BOLZANO,FORTEZZA,3193,3155,3193,131621.0000,8636,466,81,2019-10,2026-07,48.6200,ufficiale,41.2217,2.7372,84.7835,5.6299,70.7685,66.3619,14.7702,False
LIVORNO CENTRALE,ORBETELLO MONTE ARGENTARIO,301,281,301,42190.0000,447,14,17,2025-03,2026-07,165.3600,ufficiale,140.1661,1.5907,84.7642,0.9620,70.7846,69.9903,4.9822,False
GROSSETO,LIVORNO CENTRALE,4342,3714,4342,469582.0000,9157,493,81,2019-10,2026-07,127.6400,ufficiale,108.1488,2.4655,84.7295,1.9316,70.8136,69.2352,13.2741,False
GROSSETO,ORBETELLO MONTE ARGENTARIO,868,831,868,27740.0000,519,34,17,2025-03,2026-07,37.7200,ufficiale,31.9585,0.6245,84.7257,1.6557,70.8168,69.4594,4.0915,False
ALESSANDRIA,MILANO CENTRALE,22966,21198,22962,1943299.0000,70247,4294,82,2019-10,2026-07,99.9700,ufficiale,84.6311,3.3139,84.6565,3.3148,70.8747,68.2040,20.2566,False
FIRENZE S MARIA NOVELLA,ORBETELLO MONTE ARGENTARIO,398,391,398,77941.0000,519,33,17,2025-03,2026-07,231.9200,ufficiale,195.8317,1.3274,84.4393,0.5723,71.0569,70.5786,8.4399,False
COSENZA,NAPOLI CENTRALE,14602,12581,14601,3622034.0000,78966,3618,81,2019-10,2026-07,293.8800,ufficiale,248.0675,6.2766,84.4112,2.1358,71.0806,69.3265,28.7577,False
BARI CENTRALE,GIOIA DEL COLLE,3976,3942,3975,166793.0000,5124,203,72,2019-10,2026-07,49.7300,ufficiale,41.9605,1.2998,84.3766,2.6138,71.1097,68.9731,5.1497,False
POTENZA INFERIORE,TARANTO,2300,2063,2300,309836.0000,6237,357,23,2019-10,2021-11,159.7600,stimata,134.7113,3.0233,84.3210,1.8924,71.1566,69.5947,17.3049,False
ALESSANDRIA,ASTI,14523,14434,14523,419776.0000,42944,2428,81,2019-10,2026-07,34.3000,ufficiale,28.9042,2.9752,84.2689,8.6740,71.2007,64.5558,16.8214,False
CEVA,TORINO PORTA NUOVA,3245,3043,3244,277434.0000,9597,587,75,2019-10,2026-07,101.6000,ufficiale,85.5222,3.1538,84.1754,3.1041,71.2797,68.7447,19.2902,False
MILANO PORTA GARIBALDI,RIMINI,2050,1915,2050,565024.0000,12468,780,80,2019-12,2026-07,327.6800,ufficiale,275.6215,6.5107,84.1130,1.9869,71.3326,69.6865,40.7311,False
BUSTO ARSIZIO NORD,MILANO CADORNA,1123,1122,1123,33594.0000,1729,107,7,2025-04,2026-06,35.6100,ufficiale,29.9145,1.5410,84.0059,4.3274,71.4235,67.9245,9.5365,False
MALPENSA AEROPORTO T2,MILANO CADORNA,65941,65611,65936,2873861.0000,119343,8336,38,2019-10,2025-03,51.9200,ufficiale,43.5856,1.8189,83.9476,3.5034,71.4731,68.6098,12.7052,False
GROSSETO,PISA CENTRALE,17517,14359,17516,2127278.0000,30224,1764,82,2019-10,2026-07,144.7600,ufficiale,121.4477,2.1049,83.8959,1.4540,71.5172,70.2988,12.2850,False
CIVITAVECCHIA,ROMA OSTIENSE,3372,3166,3372,200391.0000,13485,904,61,2019-10,2026-07,70.8700,ufficiale,59.4279,4.2593,83.8549,6.0100,71.5522,66.7669,28.5534,False
ALESSANDRIA,ARQUATA SCRIVIA,13536,13425,13532,374800.0000,32733,1692,80,2019-10,2026-07,33.0600,ufficiale,27.6973,2.4382,83.7789,7.3751,71.6171,65.8227,12.6034,False
CATANZARO LIDO,CROTONE,12101,10746,12099,604968.0000,19386,866,74,2019-10,2026-07,59.7500,ufficiale,50.0015,1.8040,83.6845,3.0193,71.6979,69.2011,8.0588,False
DESENZANO DEL GARDA SIRMIONE,VENEZIA S LUCIA,347,343,347,44826.0000,2279,131,7,2025-06,2026-07,154.4400,ufficiale,129.1816,6.6443,83.6451,4.3022,71.7316,68.2226,38.1924,False
BARI CENTRALE,OSTUNI,464,457,464,28806.0000,802,38,52,2019-12,2026-07,74.2800,ufficiale,62.0819,1.7549,83.5782,2.3626,71.7890,69.8155,8.3151,False
MILANO CENTRALE,SESTO CALENDE,1182,1152,1182,58703.0000,6271,485,16,2020-08,2026-07,59.4500,ufficiale,49.6641,5.4436,83.5393,9.1566,71.8225,64.7278,42.1007,False
PESCARA,TERMOLI,37929,37570,37928,2833040.0000,68757,4164,82,2019-10,2026-07,89.4700,ufficiale,74.6952,1.8301,83.4863,2.0455,71.8681,70.1493,11.0833,False
BOLOGNA CENTRALE,BOLZANO,6533,6102,6533,1399452.0000,32713,1982,81,2019-10,2026-07,256.6200,ufficiale,214.2128,5.3610,83.4747,2.0891,71.8781,70.1231,32.4812,False
GENOVA SAMPIERDARENA,TORINO PORTA NUOVA,543,342,543,70645.0000,749,48,27,2021-12,2026-07,156.0300,ufficiale,130.1013,2.1901,83.3822,1.4036,71.9578,70.7665,14.0351,False
BOLZANO,ROVERETO,10013,9765,10013,659370.0000,34519,2489,81,2019-10,2026-07,79.0100,ufficiale,65.8514,3.5350,83.3456,4.4741,71.9894,68.3218,25.4890,False
FIRENZE S MARIA NOVELLA,PERUGIA,1221,1206,1221,145083.0000,6231,357,36,2019-11,2026-07,142.6700,ufficiale,118.8231,5.1667,83.2853,3.6214,72.0416,69.0396,29.6020,False
BOLOGNA CENTRALE,RAVENNA,27160,26193,27151,1864582.0000,82502,5319,82,2019-10,2026-07,82.5200,ufficiale,68.6745,3.1498,83.2217,3.8170,72.0966,68.9349,20.3070,False
ALA,BOLZANO,17029,16055,17027,1352405.0000,38480,2753,81,2019-10,2026-07,95.5500,ufficiale,79.4271,2.3968,83.1262,2.5084,72.1794,70.0651,17.1473,False
BOLOGNA CENTRALE,PESARO,1955,1904,1955,234289.0000,7284,432,52,2020-03,2026-07,144.4700,ufficiale,119.8409,3.8256,82.9521,2.6480,72.3309,70.0933,22.6891,False
CALTANISSETTA CENTRALE,PALERMO CENTRALE,698,655,698,76469.0000,1801,107,29,2023-04,2026-06,132.0800,ufficiale,109.5544,2.7496,82.9455,2.0818,72.3366,70.5656,16.3359,False
CHIASSO,FIRENZE S MARIA NOVELLA,402,389,402,116051.0000,4234,181,10,2023-04,2026-07,348.5000,stimata,288.6841,10.8843,82.8362,3.1232,72.4321,69.8004,46.5296,False
PORTOGRUARO CAORLE,TRIESTE CENTRALE,16298,16120,16297,1155633.0000,28778,1485,81,2019-10,2026-07,85.6600,ufficiale,70.9108,1.7852,82.7817,2.0841,72.4798,70.6999,9.2122,False
CHIUSI CHIANCIANO TERME,ROMA TERMINI,7324,6911,7322,866134.0000,15285,803,82,2019-10,2026-07,142.9800,ufficiale,118.2920,2.2117,82.7332,1.5469,72.5222,71.1912,11.6192,False
NAPOLI CENTRALE,ROMA TIBURTINA,6757,5108,6757,1195017.0000,22999,1068,66,2020-09,2026-07,213.9600,ufficiale,176.8561,4.5025,82.6585,2.1044,72.5878,70.7857,20.9084,False
ASTI,GENOVA P PRINCIPE,490,463,490,41734.0000,1082,68,11,2021-05,2025-01,103.1000,confermata,85.1714,2.3369,82.6105,2.2667,72.6300,70.6904,14.6868,False
FIRENZE S MARIA NOVELLA,ROMA TERMINI,27826,23174,27825,5986741.0000,124408,6024,82,2019-10,2026-07,260.8800,ufficiale,215.1569,5.3684,82.4735,2.0578,72.7506,70.9796,25.9946,False
FOLLONICA,PISA CENTRALE,825,809,825,69911.0000,1722,101,80,2019-10,2026-07,102.8600,ufficiale,84.7406,2.1286,82.3844,2.0694,72.8293,71.0448,12.4845,False
CREMONA,MILANO CENTRALE,4185,4064,4185,298814.0000,20033,1229,77,2019-10,2026-07,86.7100,ufficiale,71.4012,4.9294,82.3448,5.6849,72.8643,68.1588,30.2411,False
EMPOLI,LIVORNO CENTRALE,479,466,479,26028.0000,1457,82,31,2019-11,2026-07,66.0000,ufficiale,54.3382,3.1266,82.3306,4.7373,72.8769,68.9117,17.5966,False
BRESCIA,MILANO CENTRALE,14708,14171,14704,1001570.0000,70593,4485,82,2019-10,2026-07,82.7500,ufficiale,68.1155,4.9815,82.3148,6.0200,72.8909,67.9235,31.6491,False
SACILE,UDINE,5722,5676,5720,289897.0000,10826,601,80,2019-10,2026-07,61.6100,ufficiale,50.6813,1.9073,82.2615,3.0958,72.9382,70.2928,10.5884,False
MESSINA CENTRALE,ROMA TERMINI,578,502,578,308189.0000,11125,249,47,2019-12,2026-07,648.5900,ufficiale,533.1990,22.1614,82.2089,3.4169,72.9848,70.0723,49.6016,True
BOLOGNA CENTRALE,ROMA TIBURTINA,808,686,808,229665.0000,15593,543,21,2024-09,2026-07,345.9700,ufficiale,284.2389,22.7303,82.1571,6.5700,73.0308,67.6231,79.1545,False
MESSINA CENTRALE,PALERMO CENTRALE,46036,32182,46032,8437852.0000,143897,5413,82,2019-10,2026-07,223.1700,ufficiale,183.3040,4.4714,82.1365,2.0036,73.0491,71.3097,16.8200,False
MILANO PORTA GARIBALDI,VERONA PORTA NUOVA,766,671,766,93893.0000,1812,99,49,2020-11,2026-07,149.2800,ufficiale,122.5757,2.7004,82.1113,1.8090,73.0716,71.4964,14.7541,False
NOVARA,TORINO PORTA NUOVA,3266,3153,3266,268224.0000,13307,675,81,2019-10,2026-07,100.0600,ufficiale,82.1261,4.2204,82.0769,4.2179,73.1022,69.5291,21.4082,False
BOLOGNA CENTRALE,TRIESTE CENTRALE,385,371,385,97604.0000,2247,119,26,2021-03,2026-04,308.9900,ufficiale,253.5169,6.0566,82.0470,1.9601,73.1289,71.4225,32.0755,False
MILANO CENTRALE,NOVARA,359,355,359,15303.0000,2002,123,23,2020-07,2026-06,51.9800,ufficiale,42.6267,5.6394,82.0060,10.8492,73.1653,64.6167,34.6479,False
BOLZANO,MILANO PORTA GARIBALDI,1124,986,1124,267596.0000,4964,211,20,2024-12,2026-07,290.3800,ufficiale,238.0747,5.0345,81.9873,1.7338,73.1821,71.6666,21.3996,False
GENOVA P PRINCIPE,MILANO CENTRALE,4332,4161,4332,487837.0000,26348,1545,66,2019-10,2025-03,137.9700,stimata,112.6124,6.3321,81.6209,4.5895,73.5105,69.5971,37.1305,False
BOLOGNA CENTRALE,CHIASSO,731,693,731,153127.0000,2519,143,35,2021-12,2026-07,256.8400,confermata,209.4761,3.6349,81.5590,1.4152,73.5664,72.3116,20.6349,False
ANCONA,ROMA TERMINI,28515,27231,28515,6772082.0000,140008,7102,82,2019-10,2026-07,291.4700,ufficiale,237.4919,5.1415,81.4807,1.7640,73.6370,72.0766,26.0806,False
MILANO CENTRALE,PESARO,343,342,343,100344.0000,2717,150,35,2020-05,2026-07,359.1700,ufficiale,292.5481,7.9444,81.4512,2.2119,73.6638,71.7163,43.8596,False
BOLOGNA CENTRALE,VERONA PORTA NUOVA,29155,27989,29151,2723008.0000,71615,4244,82,2019-10,2026-07,114.8400,ufficiale,93.4104,2.5587,81.3396,2.2280,73.7648,71.7981,15.1631,False
MILANO CENTRALE,TERNI,2650,2526,2650,1133082.0000,24793,1132,73,2019-10,2026-07,525.9300,ufficiale,427.5781,9.8151,81.2994,1.8662,73.8013,72.1451,44.8139,False
GENOVA BRIGNOLE,TORINO PORTA NUOVA,39196,35636,39191,5143590.0000,108174,7084,82,2019-10,2026-07,161.5600,ufficiale,131.2442,3.0355,81.2356,1.8789,73.8593,72.1896,19.8788,False
MILANO PORTA GARIBALDI,TORINO LINGOTTO,6573,5886,6573,776085.0000,24578,1342,81,2019-10,2026-07,145.3800,ufficiale,118.0717,4.1757,81.2159,2.8722,73.8772,71.3537,22.7999,False
CAGLIARI,ORISTANO,29710,29311,29708,2243197.0000,59793,2733,82,2019-10,2026-07,93.0300,ufficiale,75.5082,2.0400,81.1654,2.1928,73.9231,71.9785,9.3241,False
CUNEO,TORINO PORTA NUOVA,47398,46595,47393,3400063.0000,126833,7023,82,2019-10,2026-07,88.5800,ufficiale,71.7419,2.7220,80.9911,3.0730,74.0822,71.3742,15.0724,False
ASTI,MILANO CENTRALE,5268,5172,5267,566785.0000,33716,2099,80,2019-10,2026-07,132.9500,ufficiale,107.6106,6.5189,80.9407,4.9033,74.1284,69.8943,40.5839,False
PALERMO CENTRALE,ROMA TERMINI,3493,3227,3493,2464493.0000,52007,1388,76,2019-10,2026-07,871.7600,ufficiale,705.5520,16.1162,80.9342,1.8487,74.1343,72.4787,43.0121,True
RIMINI,VOGHERA,2076,2068,2076,531954.0000,4424,267,80,2019-10,2026-07,316.9600,ufficiale,256.2399,2.1393,80.8430,0.6749,74.2180,73.6035,12.9110,False
MILANO PORTA GARIBALDI,PADOVA,567,313,567,105367.0000,5630,116,19,2021-05,2025-06,230.0500,ufficiale,185.8325,17.9872,80.7792,7.8188,74.2766,67.7216,37.0607,False
FORTEZZA,VERONA PORTA NUOVA,2336,1717,2336,367289.0000,5621,358,78,2019-10,2026-07,194.7400,ufficiale,157.2299,3.2737,80.7384,1.6811,74.3141,72.7984,20.8503,False
PERUGIA PONTE S GIOVANNI,ROMA TERMINI,339,316,339,52432.0000,2505,120,16,2021-02,2026-07,191.6100,ufficiale,154.6667,7.9272,80.7195,4.1372,74.3315,70.7075,37.9747,False
BOZZOLO,MILANO CENTRALE,16901,16678,16900,1679309.0000,98846,6338,31,2024-01,2026-07,123.1700,ufficiale,99.3674,5.9267,80.6750,4.8118,74.3725,70.1863,38.0022,False
PERUGIA,ROMA TERMINI,22371,21707,22370,3660759.0000,119739,6877,82,2019-10,2026-07,202.8600,ufficiale,163.6459,5.5161,80.6694,2.7192,74.3777,71.9523,31.6810,False
CAMPIGLIA MARITTIMA,GROSSETO,6944,6750,6942,330800.0000,15921,810,80,2019-10,2026-07,59.1100,ufficiale,47.6520,2.3587,80.6158,3.9903,74.4271,70.9169,12.0000,False
PIACENZA,RIMINI,7425,7032,7425,1545973.0000,24307,1406,82,2019-10,2026-07,258.5600,ufficiale,208.2119,3.4566,80.5275,1.3369,74.5087,73.2920,19.9943,False
COSENZA,REGGIO CALABRIA CENTRALE,35740,34441,35737,5741349.0000,76221,3281,82,2019-10,2026-07,199.8600,ufficiale,160.6556,2.2131,80.3841,1.1073,74.6417,73.6274,9.5264,False
PRATO CENTRALE,ROMA TERMINI,361,286,361,79897.0000,1182,65,24,2024-01,2026-05,275.3700,ufficiale,221.3213,4.1329,80.3723,1.5008,74.6525,73.2841,22.7273,False
ROMA TERMINI,VILLA LITERNO,1835,1610,1835,265858.0000,3403,137,78,2019-11,2026-07,180.3500,ufficiale,144.8817,2.1137,80.3337,1.1720,74.6885,73.6145,8.5093,False
MANTOVA,MILANO CENTRALE,29297,29159,29296,3503080.0000,169026,10020,52,2019-10,2024-01,148.9400,ufficiale,119.5754,5.7967,80.2843,3.8920,74.7345,71.2790,34.3633,False
BERGAMO,MILANO LAMBRATE,2105,2080,2105,83710.0000,14088,814,76,2019-10,2026-07,49.5800,ufficiale,39.7672,6.7731,80.2082,13.6609,74.8053,63.9188,39.1346,False
PORTOGRUARO CAORLE,VENEZIA MESTRE,10457,10359,10454,614247.0000,28520,1453,81,2019-10,2026-07,73.3700,ufficiale,58.7571,2.7532,80.0833,3.7524,74.9220,71.5685,14.0265,False
BOLOGNA CENTRALE,VENEZIA S LUCIA,69530,57854,69525,8862703.0000,118465,6079,82,2019-10,2026-07,159.5100,ufficiale,127.4751,2.0477,79.9167,1.2837,75.0782,73.8913,10.5075,False
BOLOGNA CENTRALE,BRENNERO,24886,23487,24880,6866982.0000,213751,11014,81,2019-10,2026-07,345.4100,ufficiale,276.0041,9.1008,79.9062,2.6348,75.0880,72.6911,46.8940,False
CAVA TIGOZZI,MILANO CENTRALE,539,520,539,35042.0000,2145,170,10,2024-08,2026-07,81.5400,ufficiale,65.0130,4.1250,79.7314,5.0589,75.2527,70.7628,32.6923,False
GENOVA PIAZZA PRINCIPE,TORINO PORTA NUOVA,6133,4271,6133,776712.0000,9703,503,17,2025-03,2026-07,158.9200,ufficiale,126.6447,2.2718,79.6909,1.4295,75.2909,73.9641,11.7771,False
ANCONA,PARMA,433,426,433,101330.0000,2782,99,50,2019-12,2026-07,294.4300,ufficiale,234.0185,6.5305,79.4819,2.2180,75.4889,73.4395,23.2394,False
ANCONA,CIVITANOVA MARCHE MONTEGRANARO,1021,926,1021,34639.0000,1434,91,17,2025-03,2026-07,42.7000,ufficiale,33.9265,1.5486,79.4533,3.6267,75.5161,72.2196,9.8272,False
BOLOGNA CENTRALE,FAENZA,5698,5668,5698,226341.0000,20766,1089,82,2019-10,2026-07,50.0000,confermata,39.7229,3.6637,79.4458,7.3275,75.5232,69.1458,19.2131,False
TARVISIO BOSCOVERDE,UDINE,1768,1720,1768,124704.0000,3790,222,79,2019-10,2026-07,88.7900,ufficiale,70.5339,2.2035,79.4391,2.4817,75.5296,73.2415,12.9070,False
BOLOGNA CENTRALE,REGGIO EMILIA,662,629,662,32652.0000,2226,121,31,2020-03,2026-06,62.0900,ufficiale,49.3233,3.5390,79.4383,5.6997,75.5303,70.4738,19.2369,False
BOLOGNA CENTRALE,MILANO CENTRALE,41869,40920,41867,7130329.0000,179141,12224,82,2019-10,2026-07,214.7000,ufficiale,170.3091,4.3778,79.3242,2.0390,75.6390,73.7434,29.8729,False
BARI CENTRALE,NAPOLI CENTRALE,1066,904,1066,265958.0000,8957,362,30,2023-07,2026-07,314.5800,ufficiale,249.4916,9.9082,79.3094,3.1497,75.6531,72.7634,40.0442,False
ANCONA,BOLOGNA CENTRALE,7149,6965,7149,1154028.0000,18787,811,82,2019-10,2026-07,204.0400,ufficiale,161.4251,2.6973,79.1144,1.3220,75.8395,74.5931,11.6439,False
CAMPIGLIA MARITTIMA,LIVORNO CENTRALE,946,901,945,51227.0000,2202,108,82,2019-10,2026-07,68.5300,ufficiale,54.2085,2.4440,79.1018,3.5663,75.8516,72.5794,11.9867,False
MELITO PORTO SALVO,PAOLA,336,336,336,55004.0000,1377,77,27,2019-10,2022-10,207.0000,ufficiale,163.7024,4.0982,79.0833,1.9798,75.8694,74.0164,22.9167,False
DITTAINO,PALERMO CENTRALE,6680,6164,6680,911051.0000,19433,905,28,2019-11,2025-03,172.5100,ufficiale,136.3849,3.1527,79.0591,1.8275,75.8926,74.1779,14.6820,False
MILANO CENTRALE,PIADENA,502,502,502,45460.0000,8050,335,34,2019-11,2026-06,114.6600,ufficiale,90.5578,16.0359,78.9794,13.9856,75.9692,64.5404,66.7331,False
PESARO,PIACENZA,4831,4707,4831,1113024.0000,14869,763,81,2019-10,2026-07,291.9400,ufficiale,230.3921,3.1589,78.9176,1.0820,76.0287,75.0003,16.2099,False
GENOVA PIAZZA PRINCIPE,MILANO CENTRALE,367,333,367,40308.0000,2145,103,14,2025-03,2026-06,139.5500,ufficiale,109.8311,6.4414,78.7037,4.6159,76.2353,72.0119,30.9309,False
PESCARA,VASTO S SALVO,2023,2018,2023,105783.0000,2198,108,80,2019-10,2026-07,66.4400,ufficiale,52.2902,1.0892,78.7028,1.6394,76.2361,74.6806,5.3518,False
GROSSETO,ROMA TERMINI,17054,16158,17054,2474225.0000,42645,2293,82,2019-10,2026-07,184.5300,ufficiale,145.0818,2.6392,78.6223,1.4303,76.3142,74.9507,14.1911,False
PARMA,RIMINI,2239,2215,2238,354042.0000,11730,870,82,2019-10,2026-07,201.4800,ufficiale,158.1957,5.2957,78.5168,2.6284,76.4167,73.9415,39.2777,False
CAGLIARI,OLBIA TERRANOVA,2925,2888,2925,633739.0000,11119,428,17,2022-10,2026-07,276.1000,ufficiale,216.6629,3.8501,78.4726,1.3944,76.4598,75.1248,14.8199,False
CAGLIARI,OZIERI CHILIVANI,634,633,634,102407.0000,3186,102,23,2019-11,2026-07,206.0000,ufficiale,161.5252,5.0332,78.4103,2.4433,76.5206,74.2082,16.1137,False
CAGLIARI,OLBIA,9286,9260,9286,2010759.0000,33399,1338,58,2019-10,2025-09,276.5000,ufficiale,216.5366,3.6068,78.3134,1.3044,76.6152,75.3600,14.4492,False
BOIANO,ROMA TERMINI,1797,1315,1797,298998.0000,3519,172,7,2026-01,2026-07,212.9600,ufficiale,166.3873,2.6760,78.1308,1.2566,76.7943,75.5788,13.0798,False
FOLIGNO,MILANO CENTRALE,324,302,324,123066.0000,4228,152,22,2019-11,2026-07,486.5300,ufficiale,379.8333,14.0000,78.0699,2.8775,76.8542,74.1222,50.3311,False
BOLOGNA CENTRALE,PARMA,36825,35730,36815,2594806.0000,80702,5017,82,2019-10,2026-07,90.3900,ufficiale,70.4823,2.2587,77.9758,2.4988,76.9470,74.5577,14.0414,False
ROMA TERMINI,SESSA AURUNCA ROCCAMONFINA,480,450,480,57419.0000,727,29,17,2025-03,2026-07,153.4600,ufficiale,119.6229,1.6156,77.9506,1.0528,76.9719,75.9462,6.4444,False
CHIUSI CHIANCIANO TERME,ORTE,6115,5725,6115,363359.0000,14446,743,80,2019-10,2026-07,76.2300,ufficiale,59.4209,2.5233,77.9495,3.3101,76.9729,73.8374,12.9782,False
ORTE,ORVIETO,865,853,865,27700.0000,2172,126,38,2022-12,2026-06,41.2500,ufficiale,32.0231,2.5463,77.6318,6.1729,77.2879,71.5951,14.7714,False
BRENNERO,VERONA PORTA NUOVA,13744,12058,13743,2504909.0000,74389,3694,81,2019-10,2026-07,234.9100,ufficiale,182.2680,6.1693,77.5906,2.6262,77.3290,74.7973,30.6353,False
BARI CENTRALE,TARANTO,62102,61578,62097,5011898.0000,81288,3806,79,2019-10,2026-07,104.0300,ufficiale,80.7108,1.3201,77.5841,1.2689,77.3354,76.0909,6.1808,False
MALPENSA AEROPORTO T1,MILANO CADORNA,47409,47182,47409,1781930.0000,5153,273,28,2020-12,2023-03,48.4600,ufficiale,37.5863,0.1092,77.5615,0.2254,77.3579,77.1338,0.5786,False
DOMODOSSOLA,MILANO CENTRALE,55092,52885,55092,5283572.0000,343709,21484,79,2019-10,2026-06,123.6500,ufficiale,95.9045,6.4992,77.5613,5.2561,77.3582,72.4486,40.6240,False
ANCONA,PIACENZA,48743,46028,48743,13288564.0000,172755,10087,82,2019-10,2026-07,351.5100,ufficiale,272.6251,3.7533,77.5583,1.0678,77.3612,76.3106,21.9149,False
ANCONA,S BENEDETTO DEL TRONTO,7341,7196,7340,480402.0000,12789,748,82,2019-10,2026-07,84.4900,ufficiale,65.4499,1.7772,77.4646,2.1035,77.4547,75.4071,10.3947,False
ROMA TERMINI,TARANTO,7430,6778,7427,2992333.0000,77416,2982,82,2019-10,2026-07,521.0800,ufficiale,402.8993,11.4217,77.3200,2.1919,77.5995,75.4603,43.9953,False
GENOVA P PRINCIPE,TORINO PORTA NUOVA,24687,22889,24682,3026980.0000,68453,4156,66,2019-10,2025-03,158.7100,confermata,122.6392,2.9907,77.2725,1.8843,77.6473,75.7989,18.1572,False
MILANO PORTA GARIBALDI,TORINO PORTA NUOVA,17370,16161,17367,1939143.0000,58920,3036,81,2019-10,2026-07,144.5600,ufficiale,111.6568,3.6458,77.2390,2.5220,77.6809,75.2247,18.7860,False
ROCCA RAVINDOLA,ROMA TIBURTINA,929,927,929,119104.0000,2264,134,43,2020-06,2024-03,166.0400,ufficiale,128.2067,2.4423,77.2143,1.4709,77.7058,76.2532,14.4552,False
ANCONA,PORTO D ASCOLI,677,671,677,46639.0000,3100,182,37,2019-10,2026-07,89.2800,ufficiale,68.8907,4.6200,77.1625,5.1747,77.7580,72.8711,27.1237,False
FORMIA GAETA,ROMA TERMINI,17470,17015,17470,1729066.0000,44746,2150,82,2019-10,2026-07,128.4200,ufficiale,98.9734,2.6298,77.0701,2.0478,77.8512,75.8362,12.6359,False
MONDOVI,TORINO PORTA NUOVA,466,450,466,29570.0000,1197,90,6,2020-12,2026-06,82.4300,ufficiale,63.4549,2.6600,76.9804,3.2270,77.9419,74.8061,20.0000,False
CEVA,FOSSANO,3560,3519,3560,104449.0000,7003,436,79,2019-10,2026-07,38.1600,ufficiale,29.3396,1.9901,76.8858,5.2150,78.0379,73.0809,12.3899,False
ISERNIA,ROMA TIBURTINA,722,663,722,101847.0000,2409,121,20,2019-11,2025-09,183.5600,ufficiale,141.0623,3.6335,76.8481,1.9795,78.0761,76.1155,18.2504,False
MINTURNO SCAURI,ROMA TERMINI,41412,40253,41407,4404611.0000,77026,4228,82,2019-10,2026-07,138.4800,ufficiale,106.3736,1.9135,76.8151,1.3818,78.1096,76.7293,10.5036,False
FIDENZA,MILANO CENTRALE,378,352,378,29784.0000,1141,77,13,2020-06,2025-06,102.6300,ufficiale,78.7937,3.2415,76.7745,3.1584,78.1510,75.0630,21.8750,False
ANCONA,FRANCAVILLA AL MARE,1915,1915,1915,227885.0000,2827,145,79,2019-12,2026-07,155.1000,ufficiale,119.0000,1.4762,76.7247,0.9518,78.2017,77.2434,7.5718,False
CAGLIARI,SASSARI,12149,11851,12149,2334427.0000,50150,2282,73,2019-10,2026-07,250.5200,ufficiale,192.1497,4.2317,76.7004,1.6892,78.2265,76.5408,19.2558,False
CATANIA CENTRALE,PALERMO CENTRALE,8759,8340,8757,1614169.0000,49259,2120,48,2019-10,2026-07,240.5300,ufficiale,184.3290,5.9064,76.6345,2.4556,78.2937,75.8629,25.4197,False
MILANO CENTRALE,PIACENZA,2713,2656,2713,143467.0000,9824,610,81,2019-10,2026-07,69.0500,ufficiale,52.8813,3.6988,76.5841,5.3567,78.3453,73.2236,22.9669,False
BIELLA S PAOLO,TORINO LINGOTTO,3796,3739,3796,251359.0000,11622,795,47,2022-09,2026-07,86.5900,ufficiale,66.2168,3.1083,76.4717,3.5897,78.4604,74.9425,21.2624,False
BARI CENTRALE,BOLZANO,491,441,491,338500.0000,4987,236,20,2024-12,2026-07,901.9000,ufficiale,689.4094,11.3084,76.4397,1.2538,78.4933,77.2265,53.5147,False
POTENZA CENTRALE,ROMA TERMINI,320,312,320,90566.0000,5488,175,15,2021-11,2025-09,370.7500,ufficiale,283.0188,17.5897,76.3368,4.7444,78.5990,73.9999,56.0897,False
TARVISIO BOSCOVERDE,VENEZIA S LUCIA,778,695,778,132514.0000,2799,96,17,2019-10,2026-07,223.8000,ufficiale,170.3265,4.0273,76.1066,1.7995,78.8368,77.0158,13.8129,False
AREZZO,CHIUSI CHIANCIANO TERME,4057,3987,4056,174160.0000,11617,851,81,2019-10,2026-07,56.4200,ufficiale,42.9389,2.9137,76.1057,5.1643,78.8377,73.8279,21.3444,False
ROMA TERMINI,TRIESTE CENTRALE,14852,11712,14852,7446667.0000,91811,3690,81,2019-10,2026-07,659.1400,ufficiale,501.3915,7.8391,76.0675,1.1893,78.8773,77.6630,31.5061,False
MILANO CENTRALE,VERONA PORTA NUOVA,74340,72296,74324,8309801.0000,368398,24012,82,2019-10,2026-07,147.3900,ufficiale,111.8051,5.0957,75.8566,3.4573,79.0966,75.6488,33.2135,False
PISA CENTRALE,ROMA OSTIENSE,495,450,495,121067.0000,2070,88,27,2020-12,2026-07,322.6000,ufficiale,244.5798,4.6000,75.8152,1.4259,79.1398,77.6788,19.5556,False
ROMA TERMINI,SESSA AURUNCA R,2590,2474,2590,299525.0000,3515,161,66,2019-10,2025-03,153.0200,stimata,115.6467,1.4208,75.5762,0.9285,79.3901,78.4266,6.5077,False
NAPOLI CENTRALE,ROMA TERMINI,63293,47844,63284,10213043.0000,220714,9199,82,2019-10,2026-07,213.9000,ufficiale,161.3843,4.6132,75.4485,2.1567,79.5245,77.3144,19.2271,False
FOGGIA,TERMOLI,15196,14903,15196,962746.0000,46127,3031,80,2019-10,2026-07,84.0400,ufficiale,63.3552,3.0951,75.3870,3.6829,79.5893,75.8822,20.3382,False
BOLOGNA CENTRALE,VENEZIA MESTRE,1058,889,1057,120135.0000,8626,241,75,2019-10,2026-07,151.0700,ufficiale,113.6566,9.7030,75.2344,6.4229,79.7508,73.4779,27.1091,False
ALA,TRENTO,12705,12283,12703,383109.0000,25075,1500,81,2019-10,2026-07,40.1100,ufficiale,30.1589,2.0414,75.1906,5.0896,79.7972,74.7383,12.2120,False
MILANO CENTRALE,TORINO LINGOTTO,885,859,885,99246.0000,3975,271,12,2019-12,2026-04,149.1500,ufficiale,112.1424,4.6275,75.1876,3.1026,79.8003,76.6379,31.5483,False
NOVI LIGURE,TORINO PORTA NUOVA,3859,3739,3859,323436.0000,12040,656,81,2019-10,2026-07,111.6800,ufficiale,83.8134,3.2201,75.0478,2.8833,79.9490,76.9910,17.5448,False
BOLOGNA CENTRALE,MILANO PORTA GARIBALDI,2888,2673,2888,469135.0000,20895,1116,59,2020-10,2026-07,216.5900,ufficiale,162.4429,7.8171,75.0002,3.6092,79.9998,76.3268,41.7508,False
RIETI,ROMA TIBURTINA,4757,4616,4755,517841.0000,23993,1425,75,2019-10,2026-07,145.3000,ufficiale,108.9045,5.1978,74.9515,3.5773,80.0518,76.4051,30.8709,False
ROMA TERMINI,VENTIMIGLIA,3727,3399,3727,1758761.0000,21366,954,82,2019-10,2026-07,632.4100,ufficiale,471.8972,6.2860,74.6189,0.9940,80.4086,79.3516,28.0671,False
TRIESTE CENTRALE,VENEZIA MESTRE,4365,4306,4365,516348.0000,30680,1045,82,2019-10,2026-07,159.0300,ufficiale,118.2928,7.1249,74.3839,4.4803,80.6626,76.0802,24.2685,False
PISA CENTRALE,ROMA TERMINI,29301,26972,29301,7175681.0000,75924,3125,82,2019-10,2026-07,329.2900,ufficiale,244.8954,2.8149,74.3707,0.8548,80.6769,79.7601,11.5861,False
ISERNIA,ROMA TERMINI,8462,7183,8461,1160909.0000,23217,1019,53,2019-11,2026-07,184.8700,ufficiale,137.2071,3.2322,74.2181,1.7484,80.8428,78.9822,14.1863,False
BOLOGNA CENTRALE,LUGO,540,536,540,22348.0000,2000,126,20,2020-06,2026-06,55.8400,ufficiale,41.3852,3.7313,74.1139,6.6822,80.9565,74.2610,23.5075,False
CASERTA,FORMIA GAETA,1780,1740,1780,104281.0000,4731,311,77,2019-10,2026-07,79.1700,ufficiale,58.5848,2.7190,73.9988,3.4343,81.0824,77.4862,17.8736,False
ORBETELLO,PISA CENTRALE,1662,1654,1662,216789.0000,2638,141,66,2019-10,2025-03,176.4100,confermata,130.4386,1.5949,73.9406,0.9041,81.1462,80.1660,8.5248,False
ORBETELLO MONTE ARGENTARIO,PISA CENTRALE,548,542,548,73793.0000,1030,56,17,2025-03,2026-07,182.4900,ufficiale,134.6588,1.9004,73.7897,1.0414,81.3122,80.1807,10.3321,False
MILANO CENTRALE,PARMA,13956,13708,13953,1282714.0000,51662,3565,82,2019-10,2026-07,124.6400,ufficiale,91.9311,3.7687,73.7573,3.0237,81.3479,78.1444,26.0067,False
CALTANISSETTA XIRBI,PALERMO CENTRALE,4465,4265,4465,412965.0000,17294,851,59,2019-10,2026-06,125.7500,ufficiale,92.4894,4.0549,73.5502,3.2245,81.5769,78.1507,19.9531,False
BARI CENTRALE,BRINDISI,4128,4041,4128,336321.0000,16308,870,80,2019-10,2026-07,110.9200,ufficiale,81.4731,4.0356,73.4521,3.6383,81.6858,77.8306,21.5293,False
RAVENNA,ROMA TERMINI,4116,3821,4116,1173592.0000,31008,1590,78,2019-10,2026-07,388.2600,ufficiale,285.1293,8.1152,73.4377,2.0901,81.7019,79.4409,41.6121,False
BARI CENTRALE,FOGGIA,71969,67385,71968,6465664.0000,211245,10772,82,2019-10,2026-07,122.5900,ufficiale,89.8408,3.1349,73.2856,2.5572,81.8715,79.1110,15.9858,False
LATINA,ROMA TERMINI,30794,30172,30774,1371371.0000,61917,3592,81,2019-10,2026-07,61.0200,ufficiale,44.5627,2.0521,73.0296,3.3631,82.1585,78.5416,11.9051,False
MILANO CENTRALE,TORINO PORTA NUOVA,75755,73323,75747,8185000.0000,302972,18571,82,2019-10,2026-07,148.3400,ufficiale,108.0571,4.1320,72.8442,2.7855,82.3676,79.3339,25.3277,False
ROMA TIBURTINA,VENAFRO,1074,898,1074,124016.0000,1803,77,46,2019-11,2024-07,158.5500,ufficiale,115.4711,2.0078,72.8295,1.2663,82.3842,80.9762,8.5746,False
NAPOLI CENTRALE,PRATO CENTRALE,455,418,455,160021.0000,7119,260,31,2020-02,2026-04,484.8200,ufficiale,351.6945,17.0311,72.5413,3.5129,82.7116,78.8912,62.2010,False
PARMA,SALSOMAGGIORE TERME,13404,13339,13403,301652.0000,29311,1727,82,2019-10,2026-07,31.0400,ufficiale,22.5063,2.1974,72.5074,7.0792,82.7501,75.3895,12.9470,False
PAOLA,REGGIO CALABRIA CENTRALE,5968,5743,5967,766580.0000,16735,756,81,2019-10,2026-07,177.1900,ufficiale,128.4699,2.9140,72.5040,1.6446,82.7540,80.9186,13.1639,False
FOLIGNO,ROMA TERMINI,10039,9256,10039,1188409.0000,39809,1756,82,2019-10,2026-07,163.2800,ufficiale,118.3792,4.3009,72.5007,2.6341,82.7578,79.8565,18.9715,False
CHIASSO,VENEZIA S LUCIA,1699,1656,1699,380596.0000,20227,866,64,2019-10,2026-07,310.9800,stimata,224.0118,12.2144,72.0341,3.9277,83.2938,78.9870,52.2947,False
VERONA PORTA NUOVA,VICENZA,1676,1624,1674,62158.0000,6166,427,81,2019-10,2026-07,51.6000,ufficiale,37.1314,3.7968,71.9601,7.3581,83.3795,75.6446,26.2931,False
ANCONA,BRENNERO,526,516,526,207642.0000,7526,309,11,2025-04,2026-07,548.6200,ufficiale,394.7567,14.5853,71.9545,2.6585,83.3861,80.4149,59.8837,False
BOLOGNA CENTRALE,PIACENZA,14417,12366,14416,1527840.0000,38898,2487,82,2019-10,2026-07,147.4700,ufficiale,105.9822,3.1456,71.8670,2.1330,83.4876,81.0811,20.1116,False
PRIVERNO FOSSANOVA,ROMA TERMINI,376,368,376,23041.0000,2212,74,38,2019-12,2026-05,85.3900,ufficiale,61.2793,6.0109,71.7640,7.0393,83.6074,76.1390,20.1087,False
ROCCA RAVINDOLA,ROMA TERMINI,3941,3411,3941,470977.0000,8384,405,52,2020-06,2025-08,167.3500,ufficiale,119.5070,2.4579,71.4114,1.4687,84.0202,82.3270,11.8734,False
MILANO LAMBRATE,VERONA PORTA NUOVA,1145,1125,1144,117117.0000,15332,656,74,2019-10,2026-07,143.5900,ufficiale,102.3750,13.6284,71.2967,9.4912,84.1553,74.2685,58.3111,False
FIDENZA,PIACENZA,345,315,345,8608.0000,619,19,10,2020-05,2025-06,35.0700,ufficiale,24.9507,1.9651,71.1455,5.6033,84.3342,78.1771,6.0317,False
CISTERNA LATINA,ROMA TERMINI,328,327,328,11612.0000,1369,59,36,2019-11,2026-07,49.7800,ufficiale,35.4024,4.1865,71.1178,8.4101,84.3671,75.4452,18.0428,False
ALESSANDRIA,TORINO PORTA NUOVA,16828,16019,16826,1074923.0000,38865,2024,82,2019-10,2026-07,90.0800,ufficiale,63.8846,2.4262,70.9199,2.6934,84.6025,81.5071,12.6350,False
CROTONE,SIBARI,1264,1259,1263,100879.0000,6191,407,46,2019-10,2026-07,112.7300,ufficiale,79.8725,4.9174,70.8529,4.3621,84.6824,79.7713,32.3272,False
CANCELLO,NAPOLI CENTRALE,2707,2610,2707,76868.0000,11938,701,72,2019-10,2026-07,40.3100,ufficiale,28.3960,4.5739,70.4441,11.3469,85.1739,73.3577,26.8582,False
BARI CENTRALE,LECCE,87895,86685,87891,9233043.0000,215661,10542,82,2019-10,2026-07,149.2900,ufficiale,105.0511,2.4879,70.3671,1.6665,85.2671,83.2945,12.1613,False
BOLOGNA CENTRALE,CATTOLICA S GIOVANNI GABICCE,2155,1855,2155,196033.0000,5725,317,55,2020-08,2026-07,129.3700,ufficiale,90.9666,3.0863,70.3151,2.3856,85.3302,82.5302,17.0889,False
ROMA TERMINI,SALERNO,5173,4152,5173,944948.0000,28577,1172,81,2019-10,2026-07,259.7900,ufficiale,182.6692,6.8827,70.3142,2.6493,85.3313,82.2329,28.2274,False
BENEVENTO,ROMA TERMINI,10589,9161,10588,1910130.0000,66631,2727,82,2019-10,2026-07,257.6100,stimata,180.4052,7.2733,70.0303,2.8234,85.6771,82.3568,29.7675,False
BRESCIA,VERONA PORTA NUOVA,1882,1842,1882,84969.0000,11315,651,66,2019-10,2026-07,64.6400,ufficiale,45.1482,6.1428,69.8457,9.5031,85.9037,75.6156,35.3420,False
BARI CENTRALE,POTENZA CENTRALE,482,465,482,79580.0000,1994,104,11,2022-10,2025-04,236.4300,ufficiale,165.1037,4.2882,69.8320,1.8137,85.9205,83.7454,22.3656,False
BATTIPAGLIA,ROMA TERMINI,1387,1344,1387,270442.0000,10716,513,36,2020-06,2026-06,279.4900,ufficiale,194.9834,7.9732,69.7640,2.8528,86.0042,82.6255,38.1696,False
BRENNERO,RIMINI,802,683,801,254453.0000,10496,391,26,2020-06,2026-05,455.6700,ufficiale,317.6692,15.3675,69.7147,3.3725,86.0650,82.0937,57.2474,False
BARI CENTRALE,S SEVERO,6349,6301,6348,668295.0000,28019,1607,82,2019-10,2026-07,151.0400,ufficiale,105.2765,4.4468,69.7010,2.9441,86.0819,82.5933,25.5039,False
ROMA TERMINI,VENAFRO,6862,3366,6861,764252.0000,11501,469,61,2019-11,2026-07,159.8600,ufficiale,111.3908,3.4168,69.6802,2.1374,86.1077,83.5450,13.9335,False
DOMODOSSOLA,VENEZIA S LUCIA,2656,2582,2656,712701.0000,28959,1348,68,2019-10,2026-06,385.3800,ufficiale,268.3362,11.2157,69.6290,2.9103,86.1710,82.7138,52.2076,False
BOLZANO,LECCE,731,722,731,534551.0000,7844,285,26,2024-06,2026-07,1051.1900,ufficiale,731.2599,10.8643,69.5650,1.0335,86.2503,84.9877,39.4737,False
BOLOGNA CENTRALE,VOGHERA,2359,2308,2359,337673.0000,12457,873,82,2019-10,2026-07,205.8700,ufficiale,143.1424,5.3973,69.5305,2.6217,86.2931,83.1575,37.8250,False
PARMA,PIACENZA,489,462,488,19284.0000,1976,86,34,2019-10,2026-06,57.0800,ufficiale,39.5164,4.2771,69.2298,7.4931,86.6678,78.2035,18.6147,False
GENOVA BRIGNOLE,VENEZIA S LUCIA,4188,4065,4188,1080918.0000,52922,2622,75,2019-10,2026-06,374.3200,ufficiale,258.0989,13.0189,68.9514,3.4780,87.0178,82.8393,64.5018,False
NAPOLI CENTRALE,SESTRI LEVANTE,3623,3382,3623,1631033.0000,34287,1201,79,2019-10,2026-07,653.5300,ufficiale,450.1885,10.1381,68.8857,1.5513,87.1008,85.1826,35.5115,False
LECCE,MILANO PORTA GARIBALDI,1499,1423,1499,1036737.0000,25427,846,50,2021-12,2026-07,1011.9900,ufficiale,691.6191,17.8686,68.3425,1.7657,87.7931,85.5820,59.4519,False
MILANO CENTRALE,UDINE,6564,6437,6563,1619864.0000,39762,2436,77,2019-10,2026-07,363.6100,ufficiale,246.8176,6.1771,67.8798,1.6988,88.3916,86.2334,37.8437,False
BOLOGNA CENTRALE,LECCE,7475,6715,7474,3948723.0000,52995,2070,71,2019-10,2026-07,795.4000,ufficiale,528.3279,7.8920,66.4229,0.9922,90.3303,89.0008,30.8265,False
ROMA TERMINI,TERNI,4053,3719,4053,292888.0000,18211,889,82,2019-10,2026-07,108.9300,ufficiale,72.2645,4.8967,66.3403,4.4953,90.4428,84.7031,23.9043,False
BARI CENTRALE,BOLOGNA CENTRALE,4011,3923,4011,1705309.0000,24915,1217,65,2019-10,2026-03,646.1100,ufficiale,425.1581,6.3510,65.8027,0.9830,91.1816,89.8396,31.0222,False
MILANO CENTRALE,TRIESTE CENTRALE,8939,8737,8939,2307626.0000,63962,3369,78,2019-10,2026-07,396.0700,ufficiale,258.1526,7.3208,65.1785,1.8484,92.0549,89.5163,38.5601,False
BARI CENTRALE,ROMA TERMINI,7785,6977,7785,2427602.0000,106975,4202,80,2019-10,2026-07,478.6100,ufficiale,311.8307,15.3325,65.1534,3.2036,92.0904,87.7745,60.2265,False
SALERNO,TORINO PORTA NUOVA,19784,16939,19783,11562322.0000,208527,7133,81,2019-10,2026-07,906.8100,ufficiale,584.4575,12.3105,64.4520,1.3576,93.0925,91.1721,42.1099,False
ROMA TERMINI,TARVISIO BOSCOVERDE,722,698,722,331033.0000,41285,553,44,2019-10,2024-05,715.4700,ufficiale,458.4945,59.1476,64.0830,8.2670,93.6286,82.9303,79.2264,False
BOLZANO,MILANO CENTRALE,4154,4102,4154,763127.0000,30115,1921,72,2019-12,2026-07,288.4900,ufficiale,183.7090,7.3415,63.6795,2.5448,94.2219,90.6012,46.8308,False
REGGIO CALABRIA CENTRALE,ROMA TERMINI,28126,24370,28125,11565660.0000,246357,9252,82,2019-10,2026-07,653.6800,ufficiale,411.2235,10.1090,62.9090,1.5465,95.3759,93.0875,37.9647,False
MILANO CENTRALE,VENEZIA MESTRE,418,401,418,67369.0000,7866,215,40,2019-11,2026-07,256.6600,ufficiale,161.1699,19.6160,62.7951,7.6428,95.5489,85.1815,53.6160,False
BOLOGNA CENTRALE,ROMA TERMINI,1051,915,1051,229654.0000,29374,475,42,2020-07,2026-07,350.4700,ufficiale,218.5100,32.1027,62.3477,9.1599,96.2345,83.9072,51.9126,False
LECCE,MILANO CENTRALE,25917,23307,25917,16001398.0000,355098,12253,81,2019-10,2026-07,1010.1000,ufficiale,617.4093,15.2357,61.1236,1.5083,98.1618,95.7978,52.5722,False
ORTE,ROMA TERMINI,565,545,565,27873.0000,2764,100,28,2020-02,2026-06,81.4000,ufficiale,49.3327,5.0716,60.6053,6.2304,99.0012,89.7723,18.3486,False
LECCE,TORINO PORTA NUOVA,6892,6523,6892,4642804.0000,80659,2790,78,2019-10,2026-07,1129.4600,ufficiale,673.6512,12.3653,59.6437,1.0948,100.5975,98.7842,42.7717,False
MILANO CENTRALE,PESCARA,14597,13615,14594,4899433.0000,129803,6337,81,2019-10,2026-07,564.7200,ufficiale,335.7156,9.5338,59.4481,1.6882,100.9283,98.1412,46.5443,False
LECCE,VENEZIA S LUCIA,7132,6370,7131,3892373.0000,43833,1465,81,2019-10,2026-07,919.4500,ufficiale,545.8383,6.8812,59.3657,0.7484,101.0684,99.8101,22.9984,False
GENOVA PIAZZA PRINCIPE,ROMA TERMINI,5158,4760,5158,1496130.0000,56954,2491,17,2025-03,2026-07,490.5600,ufficiale,290.0601,11.9651,59.1284,2.4391,101.4741,97.4541,52.3319,False
REGGIO CALABRIA CENTRALE,TORINO PORTA NUOVA,12708,11971,12705,9574036.0000,214551,6533,77,2019-10,2026-07,1300.7100,ufficiale,753.5644,17.9226,57.9349,1.3779,103.5646,101.1587,54.5736,False
GENOVA P PRINCIPE,ROMA TERMINI,17559,16668,17558,4963643.0000,121941,6702,64,2019-10,2025-03,491.8200,confermata,282.6998,7.3159,57.4803,1.4875,104.3835,101.7504,40.2088,False
MILANO CENTRALE,TARANTO,6033,5869,6033,3323600.0000,111763,3547,81,2019-10,2026-07,960.8300,ufficiale,550.9034,19.0429,57.3362,1.9819,104.6459,101.1495,60.4362,False
TARANTO,TORINO PORTA NUOVA,1400,1305,1400,862588.0000,10078,309,54,2020-12,2026-07,1080.1900,ufficiale,616.1343,7.7226,57.0394,0.7149,105.1904,103.8882,23.6782,False
TORINO PORTA NUOVA,TRIESTE CENTRALE,3152,3057,3152,970988.0000,22450,1094,68,2019-10,2026-07,541.0600,ufficiale,308.0546,7.3438,56.9354,1.3573,105.3826,102.9289,35.7867,False
MILANO CENTRALE,VENEZIA S LUCIA,42633,41880,42628,6411521.0000,295475,17353,81,2019-10,2026-07,265.0900,ufficiale,150.4063,7.0553,56.7378,2.6615,105.7495,101.0113,41.4351,False
FIUMICINO AEROPORTO,GENOVA P PRINCIPE,829,811,829,223637.0000,3916,172,31,2019-10,2022-06,481.3600,stimata,269.7672,4.8286,56.0427,1.0031,107.0612,105.1786,21.2084,False
LECCE,ROMA TERMINI,16257,13838,16256,5573461.0000,178448,7212,82,2019-10,2026-07,616.3100,ufficiale,342.8556,12.8955,55.6304,2.0924,107.8547,103.9451,52.1174,False
ANCONA,MILANO CENTRALE,8612,7666,8611,1983788.0000,82770,3958,79,2019-10,2026-07,418.7400,ufficiale,230.3784,10.7970,55.0170,2.5785,109.0571,104.1748,51.6306,False
PERUGIA,TORINO PORTA NUOVA,3824,3548,3824,1112834.0000,32493,1580,80,2019-10,2026-07,538.5700,ufficiale,291.0131,9.1581,54.0344,1.7005,111.0404,107.6526,44.5321,False
GORIZIA CENTRALE,NAPOLI CENTRALE,1227,915,1227,563527.0000,7918,276,23,2024-09,2026-07,858.1500,ufficiale,459.2722,8.6536,53.5189,1.0084,112.1100,110.0367,30.1639,False
TORINO PORTA NUOVA,VENEZIA S LUCIA,11990,11792,11990,2623166.0000,109352,5907,80,2019-10,2026-07,410.0800,ufficiale,218.7795,9.2734,53.3504,2.2614,112.4639,107.8908,50.0933,False
BERGAMO,ROMA TERMINI,4470,3834,4470,1355695.0000,18198,824,46,2019-10,2024-02,573.5200,ufficiale,303.2875,4.7465,52.8818,0.8276,113.4607,111.7124,21.4919,False
FOGGIA,MILANO CENTRALE,1204,1033,1204,466765.0000,13689,484,36,2020-01,2026-07,738.2300,ufficiale,387.6786,13.2517,52.5146,1.7951,114.2539,110.4776,46.8538,False
FIUMICINO AEROPORTO,VENEZIA S LUCIA,2851,2734,2851,799873.0000,14756,607,50,2019-10,2025-01,537.2400,ufficiale,280.5588,5.3972,52.2222,1.0046,114.8936,112.7250,22.2019,False
BOLZANO,SIBARI,4461,4445,4461,2509308.0000,66844,2919,81,2019-10,2026-07,1083.7700,ufficiale,562.4990,15.0380,51.9021,1.3876,115.6023,112.5923,65.6693,False
FOGGIA,ROMA TERMINI,682,665,682,127195.0000,12892,431,41,2019-10,2026-07,360.5100,ufficiale,186.5029,19.3865,51.7331,5.3775,115.9799,105.0593,64.8120,False
BARI CENTRALE,MILANO CENTRALE,10470,9758,10469,4634404.0000,157310,6347,77,2019-10,2026-07,860.8200,ufficiale,442.6788,16.1211,51.4252,1.8728,116.6742,112.5746,65.0441,False
BOLZANO,ROMA TERMINI,16278,14373,16277,5053512.0000,119438,5705,82,2019-10,2026-07,607.0900,ufficiale,310.4695,8.3099,51.1406,1.3688,117.3236,114.2652,39.6925,False
NAPOLI CENTRALE,UDINE,3073,2347,3073,1313092.0000,12251,448,61,2019-12,2026-06,836.1300,ufficiale,427.2997,5.2199,51.1045,0.6243,117.4066,115.9897,19.0882,False
FIUMICINO AEROPORTO,NAPOLI CENTRALE,1909,1883,1909,232870.0000,4566,201,36,2022-07,2025-06,239.5900,ufficiale,121.9853,2.4249,50.9142,1.0121,117.8453,115.5484,10.6745,False
SALERNO,VENEZIA S LUCIA,6067,5239,6067,2304168.0000,47862,1841,80,2019-10,2026-07,763.6300,ufficiale,379.7870,9.1357,49.7344,1.1964,120.6408,117.8069,35.1403,False
MILANO CENTRALE,MODANE,2147,1893,2147,261996.0000,23167,989,39,2019-11,2026-07,246.3600,confermata,122.0289,12.2382,49.5327,4.9676,121.1320,110.0910,52.2451,False
BARDONECCHIA,NAPOLI CENTRALE,653,627,653,301700.0000,3180,138,36,2019-12,2026-07,940.4400,ufficiale,462.0214,5.0718,49.1282,0.5393,122.1294,120.8033,22.0096,False
REGGIO CALABRIA CENTRALE,VENEZIA S LUCIA,4064,3759,4064,2309158.0000,46559,1648,74,2020-06,2026-07,1157.5200,ufficiale,568.1983,12.3860,49.0876,1.0700,122.2306,119.6229,43.8414,False
CAMPOBASSO,ROMA TIBURTINA,407,343,407,82205.0000,1337,73,9,2019-10,2020-06,412.9500,ufficiale,201.9779,3.8980,48.9110,0.9439,122.6718,120.3492,21.2828,False
MANTOVA,ROMA TERMINI,4176,3869,4176,911018.0000,30223,1369,80,2019-10,2026-07,448.4400,ufficiale,218.1557,7.8116,48.6477,1.7419,123.3358,119.0721,35.3838,False
BRESCIA,ROMA TERMINI,3359,3091,3359,856646.0000,25978,1182,41,2020-07,2026-07,524.8000,ufficiale,255.0301,8.4044,48.5957,1.6014,123.4678,119.5288,38.2401,False
MILANO CENTRALE,REGGIO CALABRIA CENTRALE,5564,4649,5564,3272688.0000,89107,2770,79,2019-10,2026-07,1213.0200,ufficiale,588.1898,19.1669,48.4897,1.5801,123.7376,119.8327,59.5827,False
FIRENZE S MARIA NOVELLA,FIUMICINO AEROPORTO,866,861,866,119755.0000,2330,130,31,2022-07,2025-01,288.4500,ufficiale,138.2852,2.7062,47.9408,0.9382,125.1544,122.7522,15.0987,False
FIRENZE S MARIA NOVELLA,TORINO PORTA NUOVA,358,344,358,68192.0000,4147,177,27,2019-12,2026-07,397.7900,ufficiale,190.4804,12.0552,47.8847,3.0306,125.3010,117.8429,51.4535,False
MILANO CENTRALE,SAPRI,352,345,352,158819.0000,5815,223,25,2019-10,2026-07,943.6100,ufficiale,451.1903,16.8551,47.8153,1.7862,125.4827,120.9639,64.6377,False
BATTIPAGLIA,TORINO PORTA NUOVA,1982,1885,1982,869126.0000,21529,793,66,2020-12,2026-07,926.5200,ufficiale,438.5096,11.4212,47.3287,1.2327,126.7731,123.5550,42.0690,False
ROMA TERMINI,TORINO PORTA NUOVA,18737,17168,18737,5738698.0000,148863,6353,78,2019-10,2026-07,649.4700,ufficiale,306.2762,8.6710,47.1579,1.3351,127.2322,123.7293,37.0049,False
MILANO CENTRALE,SALERNO,20953,16746,20953,8084572.0000,196527,7686,81,2019-10,2026-07,819.1200,ufficiale,385.8432,11.7358,47.1046,1.4327,127.3761,123.6162,45.8975,False
ROMA TERMINI,VENEZIA S LUCIA,17400,14717,17400,4175477.0000,71272,2967,81,2019-10,2026-07,509.6600,ufficiale,239.9699,4.8428,47.0843,0.9502,127.4310,124.9101,20.1604,False
CAMPOBASSO,ROMA TERMINI,2338,1456,2337,451664.0000,9152,338,9,2019-10,2020-06,414.2600,ufficiale,193.2666,6.2857,46.6534,1.5173,128.6079,124.5568,23.2143,False
BOLZANO,NAPOLI CENTRALE,3639,3590,3639,1383931.0000,42160,1882,65,2019-10,2026-07,816.5400,ufficiale,380.3053,11.7437,46.5752,1.4382,128.8239,124.9650,52.4234,False
ROMA TERMINI,VICENZA,915,854,915,210969.0000,6090,317,21,2019-10,2022-01,500.3300,ufficiale,230.5672,7.1311,46.0830,1.4253,130.1998,126.2937,37.1194,False
NAPOLI CENTRALE,VENEZIA S LUCIA,27703,26724,27702,9047595.0000,272608,11305,78,2019-10,2026-07,719.1100,ufficiale,326.6044,10.2009,45.4179,1.4185,132.1066,128.1055,42.3028,False
BATTIPAGLIA,MILANO CENTRALE,1832,1788,1832,681089.0000,10366,457,68,2020-12,2026-07,838.8300,ufficiale,371.7735,5.7975,44.3205,0.6911,135.3776,133.2989,25.5593,False
BRESCIA,NAPOLI CENTRALE,4090,4048,4090,1329563.0000,43491,1913,78,2019-10,2026-07,734.2500,ufficiale,325.0765,10.7438,44.2733,1.4632,135.5219,131.1862,47.2579,False
ROMA TERMINI,VERONA PORTA NUOVA,457,436,457,93529.0000,5534,239,35,2019-10,2026-07,465.3100,ufficiale,204.6586,12.6927,43.9833,2.7278,136.4154,128.4492,54.8165,False
NAPOLI CENTRALE,TORINO PORTA NUOVA,26529,25669,26529,9984344.0000,316560,12501,82,2019-10,2026-07,857.6600,ufficiale,376.3558,12.3324,43.8817,1.4379,136.7312,132.3930,48.7008,False
BERGAMO,NAPOLI CENTRALE,1900,1461,1900,634207.0000,8287,323,42,2020-07,2024-02,782.9700,ufficiale,333.7932,5.6721,42.6317,0.7244,140.7405,138.3888,22.1081,False
MILANO CENTRALE,ROMA TERMINI,32125,29208,32124,7441170.0000,222705,10214,78,2019-10,2026-07,565.1500,ufficiale,231.6390,7.6248,40.9872,1.3492,146.3873,141.7223,34.9699,False
FIRENZE S MARIA NOVELLA,NAPOLI CENTRALE,4612,3819,4612,876876.0000,17393,879,72,2019-10,2026-07,470.3300,ufficiale,190.1292,4.5543,40.4246,0.9683,148.4243,144.9521,23.0165,False
MILANO CENTRALE,NAPOLI CENTRALE,51316,48058,51312,15753545.0000,481538,20979,81,2019-10,2026-07,774.6100,ufficiale,307.0148,10.0199,39.6348,1.2935,151.3823,146.5978,43.6535,False
BENEVENTO,MILANO CENTRALE,752,701,752,240441.0000,7470,293,17,2022-06,2026-04,814.2200,stimata,319.7354,10.6562,39.2689,1.3088,152.7926,147.8645,41.7974,False
FIRENZE S MARIA NOVELLA,MILANO CENTRALE,337,295,337,39057.0000,2471,108,24,2019-10,2026-07,306.1700,ufficiale,115.8961,8.3763,37.8535,2.7358,158.5057,147.8220,36.6102,False
