{"type":"FeatureCollection","features":[{"type":"Feature","properties":{"kmh":39.4,"corse":165885},"geometry":{"type":"LineString","coordinates":[[13.1413,38.172],[13.1463,38.1681],[13.1515,38.161],[13.1705,38.1483],[13.1846,38.1471],[13.1927,38.1497],[13.2347,38.173],[13.2518,38.1963],[13.2579,38.1996],[13.2688,38.1993],[13.2731,38.1958],[13.2871,38.1913],[13.2902,38.1881],[13.295,38.1774],[13.3006,38.1712],[13.3161,38.1635],[13.323,38.1539],[13.3392,38.137],[13.3499,38.1146],[13.3541,38.1089],[13.3698,38.0983],[13.3746,38.0999],[13.3752,38.103],[13.3723,38.1054]]}},{"type":"Feature","properties":{"kmh":39.6,"corse":164665},"geometry":{"type":"LineString","coordinates":[[13.1389,38.1736],[13.1287,38.1815],[13.1261,38.1866],[13.1214,38.1902],[13.1168,38.1908],[13.1058,38.1873]]}},{"type":"Feature","properties":{"kmh":38.4,"corse":8558},"geometry":{"type":"LineString","coordinates":[[7.6024,45.2302],[7.5696,45.2421],[7.5083,45.2702],[7.4815,45.2732],[7.4698,45.2623]]}},{"type":"Feature","properties":{"kmh":39.5,"corse":300814},"geometry":{"type":"LineString","coordinates":[[9.2367,45.4546],[9.2368,45.4577],[9.2351,45.4593],[9.2195,45.4602]]}},{"type":"Feature","properties":{"kmh":39.0,"corse":414453},"geometry":{"type":"LineString","coordinates":[[9.2195,45.4602],[9.2174,45.4622],[9.2173,45.4703],[9.2158,45.4726],[9.1951,45.4821],[9.1841,45.4853],[9.1799,45.4924],[9.1654,45.4957],[9.1611,45.4978],[9.1597,45.5009]]}},{"type":"Feature","properties":{"kmh":39.1,"corse":141775},"geometry":{"type":"LineString","coordinates":[[9.2195,45.4602],[9.2335,45.4596],[9.2373,45.4625]]}},{"type":"Feature","properties":{"kmh":37.4,"corse":398439},"geometry":{"type":"LineString","coordinates":[[9.1597,45.5009],[9.1589,45.5039]]}},{"type":"Feature","properties":{"kmh":37.8,"corse":122256},"geometry":{"type":"LineString","coordinates":[[9.1597,45.5009],[9.1598,45.4995]]}},{"type":"Feature","properties":{"kmh":37.0,"corse":271297},"geometry":{"type":"LineString","coordinates":[[9.1589,45.5039],[9.1425,45.5223]]}},{"type":"Feature","properties":{"kmh":37.8,"corse":109559},"geometry":{"type":"LineString","coordinates":[[9.1589,45.5039],[9.1585,45.5095],[9.1664,45.5194],[9.1721,45.5301],[9.1736,45.548],[9.1584,45.5692],[9.1534,45.5952],[9.1416,45.6109],[9.1417,45.6414],[9.1401,45.6506],[9.1477,45.6567],[9.1607,45.6635],[9.1819,45.694],[9.2103,45.7141],[9.2083,45.7243],[9.2091,45.7265],[9.2161,45.7318],[9.219,45.7379],[9.2279,45.7408],[9.233,45.7461],[9.2324,45.7553],[9.2389,45.7627],[9.2343,45.7713],[9.2388,45.7747]]}},{"type":"Feature","properties":{"kmh":38.6,"corse":4861},"geometry":{"type":"LineString","coordinates":[[11.1555,44.0385],[11.1523,44.044]]}},{"type":"Feature","properties":{"kmh":38.2,"corse":5242},"geometry":{"type":"LineString","coordinates":[[11.2444,43.7841],[11.2438,43.7854]]}},{"type":"Feature","properties":{"kmh":38.2,"corse":5242},"geometry":{"type":"LineString","coordinates":[[11.2435,43.786],[11.243,43.787]]}},{"type":"Feature","properties":{"kmh":39.2,"corse":3421},"geometry":{"type":"LineString","coordinates":[[11.2813,43.7726],[11.2736,43.7811]]}},{"type":"Feature","properties":{"kmh":33.4,"corse":62190},"geometry":{"type":"LineString","coordinates":[[8.8883,44.6904],[8.891,44.6884]]}},{"type":"Feature","properties":{"kmh":36.7,"corse":73304},"geometry":{"type":"LineString","coordinates":[[9.2686,45.8552],[9.2715,45.8514],[9.2694,45.8463],[9.2651,45.8427],[9.252,45.8411],[9.2285,45.8343],[9.2258,45.8301],[9.2276,45.8162],[9.2331,45.8101],[9.2325,45.8057],[9.2392,45.7941],[9.239,45.7869],[9.2438,45.7834],[9.2435,45.7809]]}},{"type":"Feature","properties":{"kmh":37.0,"corse":98302},"geometry":{"type":"LineString","coordinates":[[9.2435,45.7809],[9.2423,45.7786]]}},{"type":"Feature","properties":{"kmh":36.5,"corse":11524},"geometry":{"type":"LineString","coordinates":[[9.2435,45.7809],[9.246,45.7849],[9.2513,45.7885],[9.258,45.7863],[9.2738,45.7863],[9.2886,45.7833],[9.2934,45.7809],[9.2987,45.7809]]}},{"type":"Feature","properties":{"kmh":37.0,"corse":99776},"geometry":{"type":"LineString","coordinates":[[9.2423,45.7786],[9.2388,45.7747]]}},{"type":"Feature","properties":{"kmh":36.5,"corse":1474},"geometry":{"type":"LineString","coordinates":[[9.2423,45.7786],[9.2433,45.7804]]}},{"type":"Feature","properties":{"kmh":36.5,"corse":11524},"geometry":{"type":"LineString","coordinates":[[9.2388,45.7747],[9.2289,45.7683],[9.1985,45.7646],[9.1941,45.7622],[9.1893,45.7557],[9.1868,45.7546],[9.1467,45.7513],[9.1365,45.7479],[9.1316,45.7497],[9.126,45.7591],[9.0979,45.7769],[9.0891,45.7765],[9.0783,45.772],[9.0735,45.774]]}},{"type":"Feature","properties":{"kmh":37.1,"corse":88720},"geometry":{"type":"LineString","coordinates":[[9.1598,45.4995],[9.1608,45.492]]}},{"type":"Feature","properties":{"kmh":39.5,"corse":33536},"geometry":{"type":"LineString","coordinates":[[9.1598,45.4995],[9.1598,45.4988]]}},{"type":"Feature","properties":{"kmh":35.8,"corse":28689},"geometry":{"type":"LineString","coordinates":[[9.9773,44.2188],[9.9779,44.2163]]}},{"type":"Feature","properties":{"kmh":34.3,"corse":9414},"geometry":{"type":"LineString","coordinates":[[14.6495,40.746],[14.6436,40.7448]]}},{"type":"Feature","properties":{"kmh":33.7,"corse":8265},"geometry":{"type":"LineString","coordinates":[[14.6436,40.7448],[14.6397,40.745]]}},{"type":"Feature","properties":{"kmh":39.0,"corse":1149},"geometry":{"type":"LineString","coordinates":[[14.6436,40.7448],[14.6525,40.7441]]}},{"type":"Feature","properties":{"kmh":39.4,"corse":222838},"geometry":{"type":"LineString","coordinates":[[12.5332,41.9039],[12.533,41.9094]]}},{"type":"Feature","properties":{"kmh":39.3,"corse":50200},"geometry":{"type":"LineString","coordinates":[[9.6477,45.1858],[9.6385,45.1865],[9.5929,45.1712],[9.4885,45.1603],[9.4448,45.162],[9.3619,45.1593],[9.2238,45.1781],[9.1967,45.1797],[9.1693,45.1834],[9.1657,45.1849],[9.1611,45.1904],[9.1531,45.1936],[9.1457,45.1894]]}},{"type":"Feature","properties":{"kmh":37.1,"corse":1116},"geometry":{"type":"LineString","coordinates":[[14.7701,41.1418],[14.7745,41.1401],[14.7827,41.1312],[14.7908,41.1069],[14.7914,41.0914],[14.7889,41.0835],[14.7821,41.0754],[14.7787,41.0667],[14.7768,41.0532],[14.7783,41.0482],[14.7782,41.036],[14.7832,41.0211],[14.7807,41.017],[14.7838,41.0151],[14.8047,41.0164],[14.8191,41.0131],[14.8277,41.006],[14.8311,40.9974],[14.8417,40.9916],[14.8428,40.9868],[14.8311,40.9643],[14.831,40.9581],[14.8265,40.9473],[14.8203,40.9419],[14.822,40.9249],[14.8192,40.9168],[14.8361,40.9053],[14.8419,40.8967],[14.8445,40.8852],[14.8608,40.8657],[14.8615,40.8628],[14.8562,40.852],[14.8548,40.8386],[14.8484,40.8327],[14.8454,40.8332],[14.8405,40.8375],[14.8345,40.8379],[14.8266,40.843],[14.8234,40.8433],[14.8137,40.835],[14.8025,40.8343],[14.8019,40.8321],[14.8055,40.826],[14.8025,40.8238],[14.7984,40.8238],[14.792,40.8298],[14.7928,40.8345],[14.79,40.8439],[14.7758,40.8483],[14.7692,40.8463],[14.7666,40.8429],[14.7659,40.8365],[14.7586,40.8304],[14.7573,40.8152],[14.7653,40.8046],[14.7658,40.7903],[14.7558,40.778],[14.7575,40.7761],[14.7732,40.7718],[14.777,40.7662],[14.7738,40.7563],[14.7741,40.7487],[14.7725,40.7454],[14.7747,40.7382],[14.7695,40.7279],[14.7699,40.7182],[14.7733,40.7137],[14.7733,40.7068],[14.7708,40.7033],[14.7726,40.6984],[14.77,40.6953],[14.7663,40.6948],[14.7623,40.6969],[14.7615,40.7002],[14.7646,40.7036],[14.7692,40.7039],[14.7786,40.6954],[14.777,40.6912],[14.7772,40.6839],[14.7693,40.6817],[14.7694,40.6779]]}},{"type":"Feature","properties":{"kmh":30.0,"corse":3804},"geometry":{"type":"LineString","coordinates":[[9.3105,45.6098],[9.3025,45.6153],[9.298,45.633],[9.286,45.6463],[9.2789,45.6482],[9.2765,45.652],[9.2709,45.6546],[9.2649,45.6608],[9.2644,45.6664],[9.255,45.6727],[9.2514,45.678],[9.2529,45.6805],[9.262,45.6848],[9.2615,45.6903],[9.2656,45.699],[9.2764,45.6992],[9.29,45.7067],[9.2845,45.7151],[9.2842,45.7244],[9.2799,45.7282],[9.2764,45.7348],[9.2792,45.7391],[9.2778,45.7436],[9.2837,45.7517],[9.2781,45.76],[9.2879,45.7648],[9.2895,45.7758],[9.2987,45.7809]]}},{"type":"Feature","properties":{"kmh":33.5,"corse":36551},"geometry":{"type":"LineString","coordinates":[[11.2743,44.4852],[11.271,44.4814],[11.2648,44.481],[11.2345,44.4863],[11.2211,44.4922],[11.2094,44.4941],[11.1981,44.5001],[11.166,44.5109],[11.1259,44.5129],[11.1144,44.5102],[11.0838,44.5114],[11.073,44.5059],[11.0573,44.5016],[11.0342,44.4835],[11.0137,44.4871],[11.0106,44.4859],[11.0084,44.4818]]}},{"type":"Feature","properties":{"kmh":37.5,"corse":97242},"geometry":{"type":"LineString","coordinates":[[9.2397,45.4315],[9.2451,45.4233]]}},{"type":"Feature","properties":{"kmh":36.2,"corse":141955},"geometry":{"type":"LineString","coordinates":[[11.3803,43.9598],[11.3475,43.9637],[11.3161,43.9567],[11.3124,43.953],[11.3101,43.941],[11.2966,43.9339],[11.2879,43.9217],[11.2829,43.9102],[11.2842,43.8963],[11.2892,43.8897],[11.2893,43.8796],[11.2737,43.8517],[11.2738,43.8492],[11.2765,43.8423],[11.2864,43.8319],[11.3035,43.8356],[11.3069,43.8435],[11.3091,43.8452],[11.3152,43.8449],[11.3171,43.8415],[11.3093,43.8316],[11.2989,43.8233],[11.2942,43.816],[11.2802,43.8086],[11.267,43.7897],[11.2636,43.7882]]}},{"type":"Feature","properties":{"kmh":39.3,"corse":5458},"geometry":{"type":"LineString","coordinates":[[11.4435,43.7736],[11.4381,43.7741]]}},{"type":"Feature","properties":{"kmh":38.5,"corse":214465},"geometry":{"type":"LineString","coordinates":[[12.3484,42.0411],[12.3394,42.0557],[12.3318,42.0583],[12.3252,42.0629]]}},{"type":"Feature","properties":{"kmh":35.8,"corse":57764},"geometry":{"type":"LineString","coordinates":[[12.3484,42.0411],[12.3484,42.0406]]}},{"type":"Feature","properties":{"kmh":39.5,"corse":161492},"geometry":{"type":"LineString","coordinates":[[12.3484,42.0411],[12.3484,42.0406]]}},{"type":"Feature","properties":{"kmh":38.5,"corse":218343},"geometry":{"type":"LineString","coordinates":[[12.3484,42.0406],[12.3473,42.031],[12.3584,42.0182],[12.3687,42.0098],[12.3771,42.0088],[12.3829,41.9988],[12.3886,41.9971],[12.3911,41.9927],[12.3981,41.9903],[12.4072,41.9822],[12.4092,41.9674],[12.4083,41.963],[12.4122,41.9577],[12.4123,41.9504],[12.4241,41.936],[12.4242,41.9291],[12.4342,41.9264],[12.4389,41.9139],[12.4392,41.9055],[12.4493,41.8988]]}},{"type":"Feature","properties":{"kmh":36.4,"corse":159742},"geometry":{"type":"LineString","coordinates":[[12.5329,41.9042],[12.5334,41.9051]]}},{"type":"Feature","properties":{"kmh":39.1,"corse":47153},"geometry":{"type":"LineString","coordinates":[[14.2838,40.8539],[14.2733,40.8526]]}},{"type":"Feature","properties":{"kmh":34.1,"corse":169085},"geometry":{"type":"LineString","coordinates":[[14.2733,40.8526],[14.269,40.8523],[14.2593,40.8559],[14.2558,40.8557],[14.2461,40.8518],[14.2421,40.843],[14.2379,40.8394],[14.2231,40.8374]]}},{"type":"Feature","properties":{"kmh":32.2,"corse":121932},"geometry":{"type":"LineString","coordinates":[[14.2733,40.8526],[14.2905,40.8537]]}},{"type":"Feature","properties":{"kmh":36.2,"corse":1810},"geometry":{"type":"LineString","coordinates":[[14.2231,40.8374],[14.2045,40.8285],[14.1945,40.8264],[14.1913,40.8226],[14.1683,40.815],[14.156,40.8187],[14.1375,40.8192],[14.1179,40.8292]]}},{"type":"Feature","properties":{"kmh":34.1,"corse":167275},"geometry":{"type":"LineString","coordinates":[[14.2231,40.8374],[14.2201,40.8357],[14.2163,40.8275],[14.1945,40.8224]]}},{"type":"Feature","properties":{"kmh":38.9,"corse":364},"geometry":{"type":"LineString","coordinates":[[9.5109,45.5149],[9.5053,45.5157]]}},{"type":"Feature","properties":{"kmh":39.6,"corse":149973},"geometry":{"type":"LineString","coordinates":[[9.2404,45.4698],[9.2394,45.4694]]}},{"type":"Feature","properties":{"kmh":27.3,"corse":6921},"geometry":{"type":"LineString","coordinates":[[14.4917,40.7183],[14.4817,40.7479],[14.4672,40.7597],[14.46,40.7614],[14.4542,40.7596],[14.4483,40.76],[14.4243,40.7641],[14.4149,40.7672],[14.4029,40.7751],[14.3908,40.7787],[14.3814,40.7868],[14.3726,40.791],[14.3657,40.797],[14.3589,40.8055],[14.3459,40.8173],[14.3375,40.8332],[14.3264,40.8415],[14.3182,40.8451],[14.3072,40.8413],[14.294,40.8426]]}},{"type":"Feature","properties":{"kmh":39.4,"corse":239358},"geometry":{"type":"LineString","coordinates":[[9.4206,45.8076],[9.4206,45.8073]]}},{"type":"Feature","properties":{"kmh":39.7,"corse":41090},"geometry":{"type":"LineString","coordinates":[[9.7016,45.1549],[9.7002,45.1567]]}},{"type":"Feature","properties":{"kmh":38.7,"corse":146102},"geometry":{"type":"LineString","coordinates":[[9.4064,45.8416],[9.4095,45.838]]}},{"type":"Feature","properties":{"kmh":36.5,"corse":11524},"geometry":{"type":"LineString","coordinates":[[9.2987,45.7809],[9.3189,45.7817],[9.3361,45.7882],[9.3412,45.7926],[9.3547,45.7958],[9.3604,45.8061],[9.361,45.8184],[9.3537,45.8285],[9.3531,45.8341],[9.3701,45.8476],[9.3795,45.8493],[9.3923,45.8455],[9.3972,45.8464],[9.3989,45.8501],[9.3931,45.857]]}},{"type":"Feature","properties":{"kmh":30.4,"corse":1680},"geometry":{"type":"LineString","coordinates":[[9.2987,45.7809],[9.3017,45.7809]]}},{"type":"Feature","properties":{"kmh":34.7,"corse":3416},"geometry":{"type":"LineString","coordinates":[[7.5779,44.2037],[7.579,44.1995],[7.5722,44.1924],[7.5678,44.1189],[7.5588,44.109],[7.5607,44.107],[7.5644,44.1067],[7.571,44.1093],[7.5785,44.1044],[7.5884,44.1022],[7.5935,44.095],[7.5966,44.0935],[7.6035,44.095],[7.6052,44.0971],[7.6043,44.0992],[7.592,44.0995],[7.589,44.0971],[7.5961,44.0879],[7.5956,44.0842],[7.6002,44.0785],[7.599,44.071],[7.6085,44.0661],[7.6091,44.0644],[7.6066,44.0627],[7.5997,44.0625],[7.591,44.0584],[7.5917,44.0547],[7.5972,44.0542],[7.599,44.0578],[7.5942,44.0597],[7.5792,44.0537],[7.5789,44.051],[7.5818,44.0493],[7.5884,44.0521],[7.5916,44.0517],[7.5929,44.0472],[7.5837,44.0423],[7.579,44.0371],[7.5774,44.032],[7.5642,44.0219],[7.5601,44.0146],[7.5566,44.0141],[7.5515,44.0161],[7.5515,44.019],[7.5612,44.023],[7.5642,44.0226],[7.566,44.0204],[7.5644,44.0158],[7.5574,44.0086],[7.5563,44.0019],[7.5518,43.9981],[7.5515,43.9934],[7.5457,43.9886],[7.5458,43.9837],[7.5381,43.9731],[7.5238,43.965],[7.5182,43.9534],[7.5186,43.9475],[7.5113,43.935],[7.5127,43.9318],[7.5202,43.9282],[7.5196,43.9239],[7.5156,43.9185],[7.5163,43.9108],[7.5235,43.8983],[7.5303,43.8907],[7.5361,43.8871],[7.5333,43.8827],[7.5335,43.8798],[7.5365,43.877],[7.5504,43.8709],[7.56,43.8718],[7.5699,43.8659],[7.5733,43.8557],[7.5818,43.8418],[7.5784,43.8339],[7.5798,43.8215],[7.5876,43.8143],[7.5868,43.8091],[7.5912,43.8001],[7.5972,43.7952],[7.6037,43.7948]]}},{"type":"Feature","properties":{"kmh":38.5,"corse":31617},"geometry":{"type":"LineString","coordinates":[[11.4628,43.6496],[11.4645,43.6425],[11.4624,43.6356],[11.4644,43.6315],[11.554,43.5383],[11.5641,43.5253]]}},{"type":"Feature","properties":{"kmh":37.2,"corse":18637},"geometry":{"type":"LineString","coordinates":[[8.7934,45.6638],[8.7985,45.6599],[8.7952,45.6625]]}},{"type":"Feature","properties":{"kmh":33.4,"corse":10079},"geometry":{"type":"LineString","coordinates":[[8.7916,44.7603],[8.7902,44.7611]]}},{"type":"Feature","properties":{"kmh":37.4,"corse":129472},"geometry":{"type":"LineString","coordinates":[[8.4732,44.3222],[8.4703,44.3073]]}},{"type":"Feature","properties":{"kmh":30.7,"corse":9134},"geometry":{"type":"LineString","coordinates":[[9.1448,44.3624],[9.1466,44.3611]]}},{"type":"Feature","properties":{"kmh":35.1,"corse":11754},"geometry":{"type":"LineString","coordinates":[[10.657,44.9183],[10.655,44.9165]]}},{"type":"Feature","properties":{"kmh":34.9,"corse":10839},"geometry":{"type":"LineString","coordinates":[[10.655,44.9165],[10.6542,44.9125],[10.6601,44.8875],[10.6793,44.874],[10.6994,44.8624],[10.7065,44.8552],[10.7221,44.8491],[10.7235,44.8472],[10.6856,44.7836],[10.6753,44.7606],[10.6742,44.7538],[10.659,44.7286],[10.6392,44.7022],[10.6409,44.6991],[10.667,44.69]]}},{"type":"Feature","properties":{"kmh":35.1,"corse":30200},"geometry":{"type":"LineString","coordinates":[[10.655,44.9165],[10.6536,44.9117],[10.6509,44.9091],[10.6318,44.9014],[10.6055,44.8989],[10.5713,44.9009],[10.5558,44.9035],[10.515,44.8971],[10.4944,44.8801],[10.476,44.8582],[10.4575,44.8443],[10.4426,44.8426],[10.4268,44.834],[10.3956,44.8286],[10.3764,44.821],[10.3686,44.8198],[10.3526,44.8207],[10.3488,44.8185],[10.3474,44.8156]]}},{"type":"Feature","properties":{"kmh":35.0,"corse":29285},"geometry":{"type":"LineString","coordinates":[[10.655,44.9165],[10.6679,44.9249],[10.6832,44.9299],[10.6984,44.9618],[10.7361,44.9821],[10.7534,44.9895],[10.7555,44.9911],[10.756,44.9944]]}},{"type":"Feature","properties":{"kmh":39.1,"corse":13872},"geometry":{"type":"LineString","coordinates":[[15.97,38.4936],[15.9702,38.4887]]}},{"type":"Feature","properties":{"kmh":28.9,"corse":11131},"geometry":{"type":"LineString","coordinates":[[9.2566,45.558],[9.2537,45.555]]}},{"type":"Feature","properties":{"kmh":37.5,"corse":494},"geometry":{"type":"LineString","coordinates":[[9.2487,45.5503],[9.2434,45.5452]]}},{"type":"Feature","properties":{"kmh":37.3,"corse":95527},"geometry":{"type":"LineString","coordinates":[[9.4976,45.3091],[9.4911,45.309]]}},{"type":"Feature","properties":{"kmh":34.1,"corse":619},"geometry":{"type":"LineString","coordinates":[[9.1301,45.5358],[9.1327,45.5331]]}},{"type":"Feature","properties":{"kmh":35.5,"corse":3028},"geometry":{"type":"LineString","coordinates":[[17.3316,40.7006],[17.3333,40.6881],[17.3285,40.6802],[17.3166,40.6475],[17.3119,40.6438],[17.3108,40.6371],[17.3061,40.6313],[17.3087,40.6263],[17.3078,40.6238],[17.3002,40.6229],[17.2963,40.6284],[17.2786,40.635],[17.2513,40.6276],[17.2492,40.6252],[17.2464,40.6109],[17.2418,40.6067],[17.2294,40.5998],[17.227,40.5965],[17.2245,40.5849],[17.2201,40.5818],[17.2188,40.5777],[17.2101,40.5738],[17.2064,40.5691],[17.2078,40.5662],[17.2176,40.5658],[17.22,40.5636],[17.2181,40.5608],[17.209,40.5585],[17.2068,40.5515],[17.2147,40.5413],[17.2222,40.5246],[17.233,40.5111],[17.2359,40.4977],[17.2346,40.4923],[17.2318,40.4893]]}},{"type":"Feature","properties":{"kmh":36.2,"corse":7911},"geometry":{"type":"LineString","coordinates":[[9.1404,45.5056],[9.1446,45.5058],[9.1488,45.5083]]}},{"type":"Feature","properties":{"kmh":25.8,"corse":1203},"geometry":{"type":"LineString","coordinates":[[9.1613,45.4443],[9.1619,45.4441]]}},{"type":"Feature","properties":{"kmh":29.1,"corse":10382},"geometry":{"type":"LineString","coordinates":[[14.4599,40.7481],[14.4639,40.7471]]}},{"type":"Feature","properties":{"kmh":38.3,"corse":1599},"geometry":{"type":"LineString","coordinates":[[14.3054,40.8332],[14.3105,40.8294]]}},{"type":"Feature","properties":{"kmh":50.6,"corse":48482},"geometry":{"type":"LineString","coordinates":[[8.4777,44.6727],[8.4686,44.6722],[8.4514,44.6757],[8.4333,44.6756],[8.4305,44.6745],[8.4264,44.6694],[8.414,44.6692],[8.3926,44.6576],[8.3726,44.6593],[8.3583,44.6544],[8.3574,44.6398],[8.3663,44.6276],[8.3621,44.6231],[8.3532,44.622],[8.3486,44.6138],[8.3483,44.6067],[8.3521,44.6013],[8.3523,44.5943],[8.3485,44.5803],[8.3434,44.5774],[8.3379,44.5714],[8.33,44.5685],[8.3281,44.5637],[8.3307,44.5597],[8.3303,44.5577],[8.3271,44.5543],[8.3172,44.5492],[8.3179,44.5386],[8.3116,44.5295],[8.3112,44.5222],[8.308,44.5205],[8.3,44.5202],[8.2968,44.5174],[8.3003,44.511],[8.3153,44.5045],[8.3183,44.4972],[8.3166,44.494],[8.3116,44.4917],[8.3085,44.4881],[8.3149,44.4764],[8.3067,44.4642],[8.3089,44.4488],[8.3051,44.4439],[8.2966,44.4409],[8.2942,44.4304],[8.296,44.4265],[8.2952,44.4236],[8.2882,44.4209],[8.2815,44.4157],[8.2803,44.4116],[8.2822,44.4005],[8.2788,44.3957],[8.2807,44.3779],[8.2846,44.3721],[8.2924,44.3684],[8.3009,44.3694],[8.3081,44.3739],[8.3137,44.3733],[8.3191,44.3714],[8.3259,44.3656],[8.3351,44.3644],[8.3429,44.3563],[8.3585,44.3485],[8.3729,44.3503],[8.3787,44.3484],[8.3926,44.3494],[8.4005,44.3475],[8.4106,44.3499],[8.4161,44.3473],[8.42,44.3417],[8.4234,44.3404],[8.4289,44.3419],[8.4337,44.3456],[8.444,44.3474],[8.4503,44.3439],[8.4591,44.3334],[8.4654,44.3292],[8.4665,44.3244]]}},{"type":"Feature","properties":{"kmh":40.9,"corse":47561},"geometry":{"type":"LineString","coordinates":[[8.4777,44.6727],[8.4836,44.6721],[8.4943,44.6638],[8.5067,44.6587],[8.5336,44.6553],[8.5476,44.6507],[8.5577,44.6426],[8.5929,44.6235],[8.6119,44.6221],[8.6253,44.6293],[8.6377,44.6309],[8.6557,44.6206],[8.6645,44.6103],[8.6636,44.6048],[8.6673,44.5999],[8.6676,44.595],[8.6654,44.5871],[8.6686,44.5738],[8.6681,44.5666],[8.673,44.5608],[8.6721,44.5556],[8.6734,44.5517],[8.6795,44.5443],[8.6906,44.5431],[8.6957,44.5393],[8.7331,44.4737],[8.7393,44.4678],[8.7402,44.463],[8.7425,44.4601],[8.7522,44.4603],[8.7584,44.4581],[8.7673,44.4605],[8.7714,44.46],[8.7768,44.4531],[8.7849,44.4513],[8.789,44.4455],[8.8012,44.4408],[8.8111,44.4451],[8.8162,44.4492],[8.8206,44.4493],[8.8241,44.4459],[8.8233,44.4406],[8.8252,44.4381],[8.8351,44.4374],[8.8415,44.4334],[8.8551,44.4355],[8.8702,44.435],[8.8768,44.4385],[8.8813,44.4389],[8.8869,44.4372],[8.8916,44.4326],[8.8909,44.4403],[8.8924,44.4369],[8.8959,44.4344]]}},{"type":"Feature","properties":{"kmh":48.2,"corse":35949},"geometry":{"type":"LineString","coordinates":[[8.4777,44.6727],[8.4808,44.6738],[8.4841,44.6787],[8.4875,44.6803],[8.5138,44.6795],[8.5201,44.682],[8.5249,44.691],[8.5261,44.6992],[8.5343,44.7082],[8.533,44.7141],[8.5231,44.733],[8.5221,44.7415],[8.5334,44.7488],[8.5391,44.7711],[8.5371,44.7814],[8.5423,44.7946],[8.5503,44.8006],[8.5526,44.8054],[8.539,44.8236],[8.5382,44.847],[8.5522,44.8659],[8.56,44.8724],[8.578,44.8816],[8.5908,44.8855],[8.6126,44.899],[8.6134,44.9024],[8.6071,44.9088]]}},{"type":"Feature","properties":{"kmh":50.0,"corse":109711},"geometry":{"type":"LineString","coordinates":[[8.9451,44.4087],[8.95,44.4055]]}},{"type":"Feature","properties":{"kmh":56.7,"corse":99862},"geometry":{"type":"LineString","coordinates":[[8.4665,44.3244],[8.4699,44.3228],[8.4715,44.3198],[8.4698,44.3042]]}},{"type":"Feature","properties":{"kmh":57.8,"corse":1646},"geometry":{"type":"LineString","coordinates":[[8.4665,44.3244],[8.4714,44.3189],[8.4696,44.3035]]}},{"type":"Feature","properties":{"kmh":54.3,"corse":112497},"geometry":{"type":"LineString","coordinates":[[8.4698,44.3042],[8.4703,44.3073]]}},{"type":"Feature","properties":{"kmh":58.2,"corse":116617},"geometry":{"type":"LineString","coordinates":[[8.4698,44.3042],[8.4673,44.2997],[8.4532,44.2921],[8.4417,44.2825],[8.4299,44.2777],[8.4252,44.2739],[8.4192,44.2618],[8.4166,44.2376],[8.4036,44.2154],[8.3523,44.1757],[8.3264,44.161],[8.3029,44.1564],[8.2833,44.1503],[8.2691,44.1395],[8.2599,44.1303],[8.2315,44.0956],[8.2269,44.0823],[8.225,44.0661],[8.2254,44.0523],[8.2138,44.0387],[8.1931,44.0227],[8.1902,44.0174],[8.1802,44.014],[8.1663,44.0047],[8.1643,44.0008],[8.1641,43.9954],[8.1539,43.9706],[8.1244,43.9483],[8.0834,43.9306],[8.0684,43.9224],[8.0636,43.9184],[8.0559,43.9069],[8.0501,43.9026],[8.0429,43.8996],[8.014,43.8933],[8.0074,43.8894],[7.9884,43.8713],[7.9672,43.8648],[7.9496,43.8558],[7.8454,43.8431],[7.7138,43.8062],[7.6961,43.7971],[7.689,43.7884],[7.6803,43.7843],[7.6716,43.7777],[7.6416,43.7832],[7.6321,43.7891],[7.6172,43.7897],[7.6061,43.7944],[7.6022,43.7946]]}},{"type":"Feature","properties":{"kmh":50.2,"corse":17285},"geometry":{"type":"LineString","coordinates":[[13.634,37.3818],[13.6314,37.3832],[13.6299,37.387],[13.6352,37.3909],[13.6403,37.3986],[13.658,37.4071],[13.6673,37.4166],[13.6732,37.4176],[13.6795,37.4152],[13.6897,37.4182],[13.696,37.4104],[13.7076,37.4083],[13.7195,37.4098],[13.7257,37.4074],[13.7324,37.4012],[13.7453,37.4011],[13.7504,37.3965],[13.7564,37.3941],[13.7616,37.3866],[13.7694,37.3838],[13.771,37.3778],[13.7664,37.3701],[13.7683,37.3676],[13.7748,37.3649],[13.7837,37.3632],[13.8052,37.369],[13.8131,37.368],[13.8154,37.3697],[13.8173,37.3745],[13.8252,37.3795],[13.8367,37.3805],[13.8438,37.3797],[13.8462,37.3777],[13.8472,37.3849],[13.8567,37.3908],[13.8617,37.3964],[13.8637,37.4028],[13.8623,37.4075],[13.8666,37.413],[13.8659,37.4192],[13.8788,37.428],[13.8895,37.4386],[13.898,37.4432],[13.9134,37.4473],[13.9306,37.4432],[13.9476,37.4454],[13.9558,37.4475],[13.9588,37.4508],[13.9652,37.4538],[13.9769,37.4542],[13.9906,37.4569],[13.9918,37.463],[13.9968,37.4669],[13.9983,37.4719],[14.0006,37.4737],[14.027,37.4708],[14.0342,37.4728],[14.0396,37.4763],[14.049,37.4773],[14.057,37.486],[14.0574,37.4887],[14.0492,37.5052],[14.0498,37.5105],[14.0424,37.5255],[14.048,37.5334],[14.0597,37.5366]]}},{"type":"Feature","properties":{"kmh":54.3,"corse":19062},"geometry":{"type":"LineString","coordinates":[[13.1413,38.172],[13.1275,38.181],[13.1119,38.1795],[13.1066,38.175],[13.0953,38.152],[13.0836,38.1433],[13.0747,38.139],[13.0678,38.1299],[13.0805,38.1151],[13.0827,38.1107],[13.0835,38.1032],[13.0924,38.0886],[13.0993,38.0846],[13.1064,38.0849],[13.1087,38.0836],[13.1079,38.0777],[13.1111,38.0739],[13.1103,38.0691],[13.1122,38.0649],[13.1109,38.0598],[13.102,38.0561],[13.0857,38.0578],[13.0805,38.063],[13.0692,38.0682],[13.0651,38.066],[13.0641,38.0609],[13.0608,38.0602],[13.0583,38.0615],[13.0559,38.0659],[13.0472,38.0693],[13.0229,38.06],[13.0193,38.0558],[13.0045,38.0528],[12.9984,38.0475],[12.9815,38.0396],[12.9553,38.0319],[12.9094,38.0239],[12.9008,38.0158],[12.9047,38.0096],[12.9039,38.0046],[12.91,38.0016],[12.9128,37.9976],[12.916,37.9831]]}},{"type":"Feature","properties":{"kmh":50.5,"corse":351711},"geometry":{"type":"LineString","coordinates":[[13.3723,38.1054],[13.3675,38.1092]]}},{"type":"Feature","properties":{"kmh":47.5,"corse":208876},"geometry":{"type":"LineString","coordinates":[[14.6841,40.743],[14.6195,40.7465],[14.4715,40.7457],[14.4587,40.7485],[14.4426,40.7561],[14.422,40.7524],[14.4138,40.7528],[14.407,40.7558],[14.3777,40.7753],[14.3605,40.7902],[14.3512,40.7943],[14.3379,40.8066],[14.3317,40.8148],[14.2953,40.8399],[14.294,40.8428],[14.2966,40.8506],[14.2905,40.8537]]}},{"type":"Feature","properties":{"kmh":54.6,"corse":50389},"geometry":{"type":"LineString","coordinates":[[11.1163,46.0681],[11.119,46.0722]]}},{"type":"Feature","properties":{"kmh":44.6,"corse":201004},"geometry":{"type":"LineString","coordinates":[[8.4732,44.3222],[8.4812,44.3279],[8.489,44.3305],[8.5193,44.3359],[8.5343,44.337],[8.5786,44.3643],[8.6226,44.3776],[8.6331,44.3821],[8.6468,44.3912],[8.6738,44.4006],[8.6859,44.4084],[8.7233,44.4178],[8.7443,44.4287],[8.7542,44.4293],[8.8054,44.4237],[8.8155,44.4262],[8.8415,44.4243],[8.8573,44.4198],[8.8623,44.4152],[8.8758,44.4131]]}},{"type":"Feature","properties":{"kmh":45.7,"corse":3580},"geometry":{"type":"LineString","coordinates":[[8.8758,44.4131],[8.8764,44.4131]]}},{"type":"Feature","properties":{"kmh":41.5,"corse":182822},"geometry":{"type":"LineString","coordinates":[[8.8758,44.4131],[8.8764,44.4131]]}},{"type":"Feature","properties":{"kmh":41.6,"corse":186402},"geometry":{"type":"LineString","coordinates":[[8.8764,44.4131],[8.8849,44.4137],[8.8993,44.409],[8.918,44.4172]]}},{"type":"Feature","properties":{"kmh":59.5,"corse":6331},"geometry":{"type":"LineString","coordinates":[[8.8871,44.4423],[8.8871,44.4428]]}},{"type":"Feature","properties":{"kmh":58.1,"corse":108993},"geometry":{"type":"LineString","coordinates":[[9.1288,45.1769],[9.1202,45.1639],[9.1129,45.1351],[9.1122,45.1264],[9.1163,45.0955],[9.1142,45.0899],[9.1078,45.0837],[9.1082,45.081],[9.1154,45.0754],[9.1219,45.073],[9.1984,45.0742],[9.2384,45.0621],[9.2509,45.0637]]}},{"type":"Feature","properties":{"kmh":51.1,"corse":233725},"geometry":{"type":"LineString","coordinates":[[9.1288,45.1769],[9.1373,45.1853],[9.1457,45.1894],[9.1517,45.1955],[9.1496,45.2054],[9.1549,45.258],[9.1978,45.3329],[9.2286,45.3687],[9.2344,45.3988],[9.2437,45.4102],[9.2453,45.4144],[9.245,45.4217],[9.2411,45.4273],[9.2345,45.4451],[9.2362,45.4503]]}},{"type":"Feature","properties":{"kmh":47.8,"corse":16589},"geometry":{"type":"LineString","coordinates":[[9.1288,45.1769],[9.1243,45.1727],[9.0702,45.1465]]}},{"type":"Feature","properties":{"kmh":49.7,"corse":66687},"geometry":{"type":"LineString","coordinates":[[8.0307,44.6977],[8.0251,44.7104],[8.0166,44.7135],[8.0015,44.7088],[7.9575,44.7026],[7.9334,44.6935],[7.8955,44.6993],[7.889,44.7049],[7.8777,44.7072],[7.8662,44.705],[7.8605,44.7004],[7.8603,44.6958],[7.8577,44.6929],[7.8469,44.6937]]}},{"type":"Feature","properties":{"kmh":50.0,"corse":70280},"geometry":{"type":"LineString","coordinates":[[7.8469,44.6937],[7.8384,44.6952],[7.8286,44.7116],[7.772,44.7772],[7.769,44.7863],[7.7482,44.8126],[7.7269,44.8313],[7.7247,44.8373],[7.7271,44.8447]]}},{"type":"Feature","properties":{"kmh":55.7,"corse":3593},"geometry":{"type":"LineString","coordinates":[[7.8469,44.6937],[7.8496,44.6934]]}},{"type":"Feature","properties":{"kmh":52.1,"corse":346561},"geometry":{"type":"LineString","coordinates":[[7.6617,45.0671],[7.6548,45.0544],[7.657,45.0518],[7.6631,45.0496],[7.6669,45.0445],[7.6626,45.0396],[7.6579,45.0296],[7.6576,45.023]]}},{"type":"Feature","properties":{"kmh":50.2,"corse":54316},"geometry":{"type":"LineString","coordinates":[[7.6617,45.0671],[7.6781,45.0908],[7.685,45.0975]]}},{"type":"Feature","properties":{"kmh":52.7,"corse":300702},"geometry":{"type":"LineString","coordinates":[[7.6617,45.0671],[7.6627,45.0682]]}},{"type":"Feature","properties":{"kmh":46.3,"corse":34901},"geometry":{"type":"LineString","coordinates":[[7.685,45.0975],[7.6892,45.1021],[7.6885,45.1036],[7.6618,45.1055],[7.6356,45.1291],[7.6349,45.1329],[7.6368,45.1358],[7.6477,45.1385],[7.6506,45.1416],[7.6382,45.2106],[7.6351,45.2142],[7.6024,45.2302]]}},{"type":"Feature","properties":{"kmh":59.2,"corse":15973},"geometry":{"type":"LineString","coordinates":[[7.685,45.0975],[7.6871,45.0995]]}},{"type":"Feature","properties":{"kmh":41.9,"corse":115961},"geometry":{"type":"LineString","coordinates":[[8.9582,45.4044],[9.0243,45.4072],[9.0498,45.4132],[9.0847,45.4281],[9.1374,45.4444],[9.1528,45.4481],[9.1568,45.4477],[9.1612,45.4444]]}},{"type":"Feature","properties":{"kmh":41.7,"corse":116260},"geometry":{"type":"LineString","coordinates":[[9.1612,45.4444],[9.1648,45.4434]]}},{"type":"Feature","properties":{"kmh":59.1,"corse":603},"geometry":{"type":"LineString","coordinates":[[9.1612,45.4444],[9.1613,45.4443]]}},{"type":"Feature","properties":{"kmh":41.1,"corse":109099},"geometry":{"type":"LineString","coordinates":[[9.1648,45.4434],[9.1653,45.4434]]}},{"type":"Feature","properties":{"kmh":49.6,"corse":7462},"geometry":{"type":"LineString","coordinates":[[9.1648,45.4434],[9.1653,45.4434]]}},{"type":"Feature","properties":{"kmh":41.7,"corse":116561},"geometry":{"type":"LineString","coordinates":[[9.1653,45.4434],[9.1802,45.4427],[9.1904,45.4451],[9.2323,45.4467],[9.2362,45.4503]]}},{"type":"Feature","properties":{"kmh":45.4,"corse":143553},"geometry":{"type":"LineString","coordinates":[[9.2362,45.4503],[9.2369,45.4665],[9.2396,45.4699],[9.2389,45.4753]]}},{"type":"Feature","properties":{"kmh":47.5,"corse":459457},"geometry":{"type":"LineString","coordinates":[[9.0949,45.568],[9.1342,45.5318],[9.1574,45.5056],[9.1599,45.4983]]}},{"type":"Feature","properties":{"kmh":45.4,"corse":572724},"geometry":{"type":"LineString","coordinates":[[9.0949,45.568],[9.0602,45.5963],[9.0352,45.622]]}},{"type":"Feature","properties":{"kmh":41.8,"corse":13018},"geometry":{"type":"LineString","coordinates":[[9.0949,45.568],[9.0809,45.5798]]}},{"type":"Feature","properties":{"kmh":48.0,"corse":242492},"geometry":{"type":"LineString","coordinates":[[9.0352,45.622],[9.0268,45.6276]]}},{"type":"Feature","properties":{"kmh":43.5,"corse":330232},"geometry":{"type":"LineString","coordinates":[[9.0352,45.622],[9.0254,45.6289]]}},{"type":"Feature","properties":{"kmh":54.8,"corse":296000},"geometry":{"type":"LineString","coordinates":[[9.2389,45.4753],[9.2378,45.4833]]}},{"type":"Feature","properties":{"kmh":54.7,"corse":243153},"geometry":{"type":"LineString","coordinates":[[9.2389,45.4753],[9.2419,45.4724]]}},{"type":"Feature","properties":{"kmh":53.2,"corse":434144},"geometry":{"type":"LineString","coordinates":[[9.2365,45.4854],[9.226,45.4961]]}},{"type":"Feature","properties":{"kmh":51.6,"corse":47449},"geometry":{"type":"LineString","coordinates":[[9.226,45.4961],[9.2174,45.497],[9.2101,45.4919]]}},{"type":"Feature","properties":{"kmh":58.1,"corse":613907},"geometry":{"type":"LineString","coordinates":[[9.226,45.4961],[9.2205,45.4984]]}},{"type":"Feature","properties":{"kmh":47.2,"corse":627978},"geometry":{"type":"LineString","coordinates":[[9.2101,45.4919],[9.2093,45.4912]]}},{"type":"Feature","properties":{"kmh":46.9,"corse":580529},"geometry":{"type":"LineString","coordinates":[[9.2101,45.4919],[9.2154,45.4989]]}},{"type":"Feature","properties":{"kmh":47.3,"corse":635151},"geometry":{"type":"LineString","coordinates":[[9.2093,45.4912],[9.2067,45.4888]]}},{"type":"Feature","properties":{"kmh":55.8,"corse":7173},"geometry":{"type":"LineString","coordinates":[[9.2093,45.4912],[9.2152,45.4986],[9.2135,45.5009],[9.2047,45.4992],[9.194,45.4853],[9.1917,45.4842],[9.1645,45.496]]}},{"type":"Feature","properties":{"kmh":59.8,"corse":542022},"geometry":{"type":"LineString","coordinates":[[9.2205,45.4984],[9.2155,45.5007]]}},{"type":"Feature","properties":{"kmh":58.9,"corse":196540},"geometry":{"type":"LineString","coordinates":[[9.2205,45.4984],[9.2126,45.5051],[9.2118,45.5084],[9.2274,45.5293]]}},{"type":"Feature","properties":{"kmh":55.8,"corse":193370},"geometry":{"type":"LineString","coordinates":[[9.2155,45.5007],[9.2154,45.5008]]}},{"type":"Feature","properties":{"kmh":59.5,"corse":124311},"geometry":{"type":"LineString","coordinates":[[9.2155,45.5007],[9.2134,45.5011]]}},{"type":"Feature","properties":{"kmh":58.4,"corse":109030},"geometry":{"type":"LineString","coordinates":[[9.2155,45.5007],[9.2154,45.4989]]}},{"type":"Feature","properties":{"kmh":55.8,"corse":193370},"geometry":{"type":"LineString","coordinates":[[9.2154,45.5008],[9.2126,45.5036],[9.2078,45.5041],[9.2145,45.513]]}},{"type":"Feature","properties":{"kmh":43.5,"corse":456218},"geometry":{"type":"LineString","coordinates":[[9.2154,45.5008],[9.2115,45.5073]]}},{"type":"Feature","properties":{"kmh":43.5,"corse":456218},"geometry":{"type":"LineString","coordinates":[[9.2154,45.5008],[9.2155,45.4998]]}},{"type":"Feature","properties":{"kmh":48.1,"corse":652758},"geometry":{"type":"LineString","coordinates":[[9.2274,45.5293],[9.2447,45.5463]]}},{"type":"Feature","properties":{"kmh":43.5,"corse":456218},"geometry":{"type":"LineString","coordinates":[[9.2274,45.5293],[9.2115,45.5079]]}},{"type":"Feature","properties":{"kmh":48.1,"corse":653096},"geometry":{"type":"LineString","coordinates":[[9.2447,45.5463],[9.2455,45.5471]]}},{"type":"Feature","properties":{"kmh":42.7,"corse":708},"geometry":{"type":"LineString","coordinates":[[9.2447,45.5463],[9.2391,45.5411]]}},{"type":"Feature","properties":{"kmh":52.2,"corse":324470},"geometry":{"type":"LineString","coordinates":[[9.2455,45.5471],[9.2659,45.5674],[9.2733,45.5782],[9.2727,45.5816],[9.2222,45.6147],[9.2088,45.6411],[9.2002,45.6477],[9.1928,45.6503],[9.1477,45.6567],[9.1387,45.661],[9.1223,45.6872],[9.1023,45.7002],[9.0986,45.7045],[9.0974,45.7107],[9.0992,45.7191],[9.0954,45.7245],[9.0931,45.7315],[9.0846,45.7372],[9.082,45.7417],[9.0858,45.7558],[9.0854,45.7612],[9.0771,45.7695]]}},{"type":"Feature","properties":{"kmh":43.6,"corse":352445},"geometry":{"type":"LineString","coordinates":[[9.2455,45.5471],[9.263,45.5638],[9.2743,45.5791],[9.2866,45.5832],[9.3241,45.6248],[9.3715,45.65]]}},{"type":"Feature","properties":{"kmh":48.4,"corse":199499},"geometry":{"type":"LineString","coordinates":[[9.1419,44.363],[9.1425,44.363]]}},{"type":"Feature","properties":{"kmh":56.6,"corse":425},"geometry":{"type":"LineString","coordinates":[[12.9159,37.9789],[12.916,37.9831]]}},{"type":"Feature","properties":{"kmh":53.0,"corse":30904},"geometry":{"type":"LineString","coordinates":[[12.916,37.9831],[12.9142,37.9659],[12.9167,37.957],[12.9237,37.9475],[12.9246,37.9419],[12.9412,37.9104],[12.9322,37.8965],[12.9346,37.8914],[12.934,37.8862],[12.9361,37.8839],[12.9426,37.8828],[12.9455,37.8793],[12.9527,37.8641],[12.9522,37.8611],[12.9438,37.8533],[12.9384,37.8416],[12.9314,37.8339],[12.911,37.8263],[12.8767,37.8222],[12.8675,37.8183],[12.865,37.8129],[12.8661,37.8006],[12.8595,37.7803],[12.8411,37.763],[12.8356,37.7513],[12.8231,37.7443],[12.8212,37.7324],[12.8153,37.7271],[12.8131,37.7184],[12.8071,37.7148],[12.8087,37.7101],[12.8078,37.6963],[12.8001,37.6864],[12.7953,37.6735],[12.7744,37.6505],[12.7388,37.6409],[12.7279,37.6329],[12.6672,37.6179],[12.6523,37.6231],[12.643,37.6242],[12.63,37.6368],[12.6138,37.6379],[12.6029,37.6464],[12.5966,37.6492],[12.5941,37.6535],[12.5917,37.6656],[12.5795,37.6747],[12.5583,37.6859],[12.4781,37.7508],[12.4601,37.7757],[12.4451,37.7894],[12.4427,37.7944],[12.4402,37.8019],[12.4413,37.8047],[12.4678,37.8188],[12.4911,37.8628],[12.4993,37.8856],[12.5117,37.9028],[12.5118,37.9073],[12.5029,37.9304],[12.5034,37.9436],[12.5072,37.9476],[12.5083,37.9543],[12.532,37.9717],[12.5372,37.978],[12.552,37.9877],[12.5518,37.9903],[12.5454,37.997],[12.534,38.0167],[12.529,38.0188],[12.5203,38.0175]]}},{"type":"Feature","properties":{"kmh":53.5,"corse":90261},"geometry":{"type":"LineString","coordinates":[[15.1987,37.7842],[15.2048,37.7928],[15.2075,37.7998],[15.2202,37.8058],[15.2249,37.8136],[15.2448,37.8216],[15.2577,37.8205],[15.263,37.8216],[15.2717,37.836],[15.2801,37.8434],[15.2861,37.8479],[15.2944,37.848],[15.3001,37.8532],[15.3005,37.8563],[15.2963,37.86],[15.296,37.8629],[15.3045,37.8792],[15.3215,37.8915],[15.3304,37.9021],[15.3439,37.9106],[15.3448,37.92],[15.354,37.9343],[15.3698,37.9485],[15.3715,37.954],[15.376,37.9596],[15.3821,37.963],[15.3848,37.9678],[15.4102,37.9918],[15.4145,37.9993],[15.421,38.0025],[15.4399,38.0182],[15.4409,38.0246],[15.4466,38.0308],[15.4766,38.0545],[15.4804,38.065],[15.4919,38.0753],[15.4967,38.0866],[15.503,38.0964],[15.508,38.1095],[15.5325,38.1463],[15.5546,38.1749]]}},{"type":"Feature","properties":{"kmh":52.3,"corse":106982},"geometry":{"type":"LineString","coordinates":[[15.1987,37.7842],[15.1987,37.7838]]}},{"type":"Feature","properties":{"kmh":55.5,"corse":1523},"geometry":{"type":"LineString","coordinates":[[15.1987,37.7842],[15.1987,37.7838]]}},{"type":"Feature","properties":{"kmh":52.4,"corse":108505},"geometry":{"type":"LineString","coordinates":[[15.1987,37.7838],[15.2008,37.776],[15.1942,37.7655],[15.1902,37.7552],[15.191,37.7459],[15.1893,37.7386],[15.1913,37.733],[15.1977,37.7244],[15.1999,37.7152],[15.1995,37.7068],[15.1973,37.6961],[15.1892,37.6863]]}},{"type":"Feature","properties":{"kmh":52.3,"corse":108983},"geometry":{"type":"LineString","coordinates":[[15.1892,37.6863],[15.179,37.6775],[15.1689,37.6607],[15.1675,37.6523],[15.1618,37.6426],[15.1693,37.6234],[15.1708,37.613],[15.1569,37.5874],[15.1573,37.5747],[15.1425,37.5607],[15.1373,37.5503],[15.1208,37.5432],[15.1171,37.5402],[15.11,37.5313],[15.1037,37.5093],[15.1,37.5066]]}},{"type":"Feature","properties":{"kmh":44.4,"corse":478},"geometry":{"type":"LineString","coordinates":[[15.1892,37.6863],[15.1922,37.6896]]}},{"type":"Feature","properties":{"kmh":47.0,"corse":2430},"geometry":{"type":"LineString","coordinates":[[15.0495,37.465],[15.0445,37.4605]]}},{"type":"Feature","properties":{"kmh":59.4,"corse":20533},"geometry":{"type":"LineString","coordinates":[[15.2746,37.0708],[15.275,37.0708]]}},{"type":"Feature","properties":{"kmh":56.4,"corse":85258},"geometry":{"type":"LineString","coordinates":[[8.5977,44.9163],[8.5893,44.9213],[8.587,44.9274],[8.5971,44.9514],[8.6098,44.9679],[8.611,44.9778],[8.6234,45.0081],[8.6256,45.0253],[8.62,45.0369],[8.6166,45.04],[8.6101,45.0417],[8.5854,45.0431],[8.572,45.0477],[8.4706,45.1256],[8.4609,45.1306],[8.4607,45.1364]]}},{"type":"Feature","properties":{"kmh":50.0,"corse":6604},"geometry":{"type":"LineString","coordinates":[[8.6598,45.06],[8.6688,45.066],[8.6925,45.0715],[8.7709,45.1095],[8.8182,45.1226],[8.8271,45.1223],[8.8942,45.1035],[8.947,45.1145],[8.981,45.1193],[8.9894,45.123],[8.9981,45.1241],[9.0699,45.1463]]}},{"type":"Feature","properties":{"kmh":47.8,"corse":17137},"geometry":{"type":"LineString","coordinates":[[9.0699,45.1463],[9.0702,45.1465]]}},{"type":"Feature","properties":{"kmh":53.7,"corse":16134},"geometry":{"type":"LineString","coordinates":[[9.0699,45.1463],[9.0641,45.1456],[9.0364,45.1573],[8.9678,45.1815],[8.9597,45.1861],[8.9432,45.1906],[8.9269,45.199],[8.9042,45.2013],[8.7933,45.2372],[8.7325,45.2469],[8.7312,45.2489],[8.7328,45.2588],[8.732,45.2646],[8.7058,45.3147],[8.7004,45.3224],[8.674,45.3487],[8.6711,45.3532],[8.6621,45.4121],[8.6318,45.4453],[8.6233,45.4523]]}},{"type":"Feature","properties":{"kmh":48.2,"corse":548},"geometry":{"type":"LineString","coordinates":[[9.0702,45.1465],[9.0715,45.147]]}},{"type":"Feature","properties":{"kmh":49.3,"corse":50337},"geometry":{"type":"LineString","coordinates":[[8.4607,45.1364],[8.4444,45.1503],[8.4401,45.1623],[8.4377,45.1643],[8.4014,45.1741],[8.3697,45.1698],[8.311,45.1871],[8.2772,45.193],[8.2255,45.1885],[8.1583,45.1935],[8.0557,45.1951],[8.0342,45.1899],[8.0265,45.1895],[7.9707,45.1929],[7.9583,45.1996],[7.9354,45.2021]]}},{"type":"Feature","properties":{"kmh":46.5,"corse":2436},"geometry":{"type":"LineString","coordinates":[[8.4607,45.1364],[8.4601,45.134]]}},{"type":"Feature","properties":{"kmh":53.3,"corse":112830},"geometry":{"type":"LineString","coordinates":[[7.9354,45.2021],[7.8917,45.1937]]}},{"type":"Feature","properties":{"kmh":55.6,"corse":59875},"geometry":{"type":"LineString","coordinates":[[7.9354,45.2021],[7.9469,45.2038],[7.9771,45.2142],[8.0176,45.2347],[8.0777,45.287],[8.1634,45.3378],[8.1701,45.3455],[8.176,45.3608],[8.1819,45.3644],[8.1884,45.3648],[8.259,45.352],[8.3439,45.3345],[8.4009,45.3271],[8.4093,45.3275],[8.4434,45.3393],[8.4758,45.3751],[8.485,45.3821],[8.6182,45.4537]]}},{"type":"Feature","properties":{"kmh":55.9,"corse":143764},"geometry":{"type":"LineString","coordinates":[[7.8917,45.1937],[7.8718,45.1924],[7.8609,45.1892],[7.8482,45.1809],[7.8357,45.1773],[7.8122,45.1662],[7.7706,45.1404],[7.7562,45.1355]]}},{"type":"Feature","properties":{"kmh":56.3,"corse":105015},"geometry":{"type":"LineString","coordinates":[[7.8917,45.1937],[7.8855,45.1936],[7.882,45.1958],[7.8683,45.2195],[7.8598,45.2297],[7.8582,45.2337],[7.8752,45.2754],[7.9043,45.3061],[7.9025,45.3114],[7.8918,45.3176],[7.8896,45.3207],[7.8922,45.3277],[7.8912,45.333],[7.8926,45.3378],[7.8864,45.3544],[7.8886,45.3944],[7.8937,45.4224],[7.8922,45.4311],[7.8824,45.4524],[7.8763,45.4615]]}},{"type":"Feature","properties":{"kmh":56.4,"corse":19863},"geometry":{"type":"LineString","coordinates":[[8.2884,44.3702],[8.2857,44.3713]]}},{"type":"Feature","properties":{"kmh":59.9,"corse":88251},"geometry":{"type":"LineString","coordinates":[[8.6355,44.8837],[8.6414,44.8795],[8.648,44.8786],[8.8025,44.8949],[8.8513,44.8959],[8.8644,44.9015]]}},{"type":"Feature","properties":{"kmh":52.5,"corse":1539},"geometry":{"type":"LineString","coordinates":[[9.2367,45.4506],[9.2374,45.4546]]}},{"type":"Feature","properties":{"kmh":49.4,"corse":4839},"geometry":{"type":"LineString","coordinates":[[9.2374,45.4546],[9.2375,45.4583]]}},{"type":"Feature","properties":{"kmh":45.0,"corse":9963},"geometry":{"type":"LineString","coordinates":[[9.2374,45.4546],[9.2374,45.4559]]}},{"type":"Feature","properties":{"kmh":45.3,"corse":94862},"geometry":{"type":"LineString","coordinates":[[8.8874,44.4474],[8.8874,44.4465]]}},{"type":"Feature","properties":{"kmh":47.5,"corse":163513},"geometry":{"type":"LineString","coordinates":[[8.6233,45.4523],[8.6331,45.4445],[8.6376,45.4429],[8.7389,45.4285],[8.803,45.45],[8.8508,45.4579],[9.0519,45.5267]]}},{"type":"Feature","properties":{"kmh":54.5,"corse":184049},"geometry":{"type":"LineString","coordinates":[[8.6233,45.4523],[8.6219,45.4532]]}},{"type":"Feature","properties":{"kmh":52.6,"corse":195184},"geometry":{"type":"LineString","coordinates":[[7.7562,45.1355],[7.7295,45.1271]]}},{"type":"Feature","properties":{"kmh":40.7,"corse":35412},"geometry":{"type":"LineString","coordinates":[[7.7562,45.1355],[7.772,45.142],[7.775,45.19],[7.7798,45.2003],[7.7821,45.2206],[7.7783,45.2249],[7.7732,45.2418],[7.7675,45.2515],[7.7615,45.2685],[7.748,45.2968],[7.7441,45.3026],[7.7416,45.3116],[7.7265,45.3282]]}},{"type":"Feature","properties":{"kmh":45.6,"corse":37600},"geometry":{"type":"LineString","coordinates":[[10.9093,43.9264],[10.8985,43.9243],[10.8505,43.9077],[10.8281,43.9072],[10.8224,43.9035],[10.8201,43.8955],[10.8165,43.8915],[10.8032,43.881],[10.7933,43.878],[10.7651,43.8821],[10.7391,43.8806],[10.7091,43.8812],[10.6896,43.8865],[10.6844,43.8864],[10.6779,43.8814],[10.6762,43.8727],[10.6819,43.8544],[10.6936,43.8456],[10.6955,43.8413],[10.6796,43.822],[10.668,43.8149],[10.6529,43.8171],[10.6161,43.8318],[10.5112,43.837]]}},{"type":"Feature","properties":{"kmh":45.5,"corse":53475},"geometry":{"type":"LineString","coordinates":[[10.9093,43.9264],[10.9097,43.9264]]}},{"type":"Feature","properties":{"kmh":47.0,"corse":54856},"geometry":{"type":"LineString","coordinates":[[10.9093,43.9264],[10.9044,43.9292],[10.9039,43.9397],[10.9013,43.9498],[10.9033,43.9558],[10.9086,43.96],[10.91,43.9658],[10.9063,43.9696],[10.8967,43.9688],[10.8957,43.9741],[10.8922,43.979],[10.8953,43.9864],[10.895,43.9903],[10.8987,43.997],[10.8991,44.0068],[10.9022,44.0106],[10.9061,44.011],[10.9086,44.0088],[10.9019,44.0033],[10.9085,43.9975],[10.9055,43.9909],[10.9019,43.988],[10.9031,43.9847],[10.9072,43.9843],[10.9139,43.9883],[10.9163,43.9921],[10.9222,43.9955],[10.9234,43.9994],[10.9196,44.0097],[10.9124,44.0149],[10.9175,44.0238],[10.9138,44.029],[10.9046,44.0516],[10.9093,44.0576],[10.9162,44.0606],[10.9266,44.0752],[10.9424,44.0805],[10.9494,44.0879],[10.9551,44.0895],[10.9618,44.1011],[10.9664,44.1039],[10.968,44.112],[10.9817,44.1246],[10.9865,44.126],[10.993,44.1306],[10.9912,44.1417],[10.9792,44.1529],[10.977,44.1592],[10.9765,44.1631],[10.9807,44.1778],[10.9985,44.1853],[11.0043,44.1902],[11.0131,44.1921],[11.0256,44.2007],[11.0274,44.204],[11.0281,44.2162],[11.0344,44.2254],[11.0436,44.2297],[11.0524,44.2294],[11.0759,44.2401],[11.0865,44.2408],[11.0962,44.2469],[11.0986,44.2517],[11.1035,44.2545],[11.1104,44.2655],[11.1168,44.2939],[11.122,44.2987],[11.1279,44.3013],[11.1457,44.3023],[11.1547,44.3047],[11.1654,44.3132],[11.1805,44.3149],[11.1827,44.3169],[11.1823,44.3231],[11.1866,44.3269],[11.1888,44.3324],[11.1955,44.3346],[11.2031,44.3332],[11.2068,44.3348],[11.2071,44.3508],[11.2105,44.3607],[11.2187,44.3647],[11.2222,44.3717],[11.2261,44.3754],[11.2373,44.3812],[11.24,44.3855],[11.2583,44.3979],[11.2642,44.4053],[11.2785,44.4562],[11.277,44.4729],[11.2721,44.4802],[11.2752,44.4876],[11.2741,44.5009],[11.2761,44.507],[11.2805,44.5119],[11.2885,44.5168],[11.293,44.5174],[11.3054,44.5144]]}},{"type":"Feature","properties":{"kmh":45.6,"corse":31996},"geometry":{"type":"LineString","coordinates":[[10.9097,43.9264],[10.9175,43.9271]]}},{"type":"Feature","properties":{"kmh":43.6,"corse":59102},"geometry":{"type":"LineString","coordinates":[[10.9097,43.9264],[10.9175,43.9271]]}},{"type":"Feature","properties":{"kmh":44.2,"corse":153625},"geometry":{"type":"LineString","coordinates":[[10.9175,43.9271],[10.9388,43.9289],[10.9542,43.9283],[10.9979,43.9174],[11.0075,43.9134],[11.0287,43.9005],[11.0775,43.891],[11.1024,43.8836],[11.1209,43.8704]]}},{"type":"Feature","properties":{"kmh":43.3,"corse":172108},"geometry":{"type":"LineString","coordinates":[[11.1209,43.8704],[11.1423,43.8578],[11.1808,43.8407],[11.1998,43.8287],[11.2163,43.8209],[11.2269,43.8131]]}},{"type":"Feature","properties":{"kmh":40.8,"corse":5606},"geometry":{"type":"LineString","coordinates":[[11.1209,43.8704],[11.1195,43.8713]]}},{"type":"Feature","properties":{"kmh":56.1,"corse":499379},"geometry":{"type":"LineString","coordinates":[[11.2333,43.8046],[11.2385,43.7971],[11.2455,43.7806]]}},{"type":"Feature","properties":{"kmh":53.8,"corse":832670},"geometry":{"type":"LineString","coordinates":[[11.2455,43.7806],[11.2473,43.7766]]}},{"type":"Feature","properties":{"kmh":51.9,"corse":267218},"geometry":{"type":"LineString","coordinates":[[11.2455,43.7806],[11.2444,43.7841],[11.2456,43.7811],[11.2448,43.7843],[11.2465,43.7862],[11.263,43.7882],[11.2667,43.7874],[11.2719,43.7824]]}},{"type":"Feature","properties":{"kmh":55.4,"corse":94341},"geometry":{"type":"LineString","coordinates":[[13.4033,43.6277],[13.3939,43.632],[13.3885,43.6316],[13.3525,43.6039],[13.3141,43.5899],[13.3095,43.5857],[13.2976,43.5673],[13.2843,43.5407],[13.2775,43.5353],[13.2377,43.5123],[13.2196,43.5051],[13.204,43.5026],[13.174,43.5003],[13.128,43.4999],[13.1093,43.496],[13.0641,43.4686],[13.0491,43.4611],[13.0458,43.4562],[13.0208,43.4404],[13.0181,43.4344],[12.9965,43.4205],[12.9841,43.4188],[12.9756,43.4113],[12.9777,43.405],[12.9749,43.3966],[12.9801,43.3899],[12.9842,43.3814],[12.9865,43.3719],[12.9911,43.3682],[12.9925,43.3601],[12.9964,43.3562],[12.9971,43.3533],[12.9927,43.3471],[12.9842,43.3454]]}},{"type":"Feature","properties":{"kmh":52.7,"corse":89849},"geometry":{"type":"LineString","coordinates":[[12.9842,43.3454],[12.9782,43.3423],[12.9649,43.3405],[12.9566,43.347],[12.9369,43.3583],[12.9261,43.3598],[12.9157,43.3566],[12.9034,43.3433]]}},{"type":"Feature","properties":{"kmh":47.9,"corse":13093},"geometry":{"type":"LineString","coordinates":[[12.9842,43.3454],[12.9915,43.3461],[12.9964,43.3446],[12.998,43.3358],[12.9885,43.3252],[12.9827,43.3214],[12.9814,43.3175],[12.9821,43.308],[12.9861,43.3051],[12.9866,43.3008],[12.9904,43.2982],[12.9956,43.2881],[13.0043,43.28],[13.0061,43.273],[13.0106,43.2683],[13.0108,43.2635],[13.0158,43.257],[13.0135,43.2508],[13.0172,43.2464],[13.019,43.2362],[13.0274,43.2277],[13.0278,43.224],[13.0405,43.2232],[13.0462,43.2186],[13.0477,43.2135],[13.0535,43.2091],[13.0574,43.2107],[13.0603,43.2153],[13.0669,43.2203],[13.086,43.222],[13.0986,43.2206],[13.1155,43.2244],[13.1339,43.2227],[13.1419,43.2274],[13.1488,43.2269],[13.1564,43.2299],[13.177,43.2324],[13.1816,43.2314],[13.1864,43.228],[13.1926,43.2274],[13.2241,43.2324],[13.2291,43.2274],[13.2384,43.222],[13.2603,43.2205],[13.2659,43.2222],[13.2705,43.2207],[13.2733,43.2165],[13.2869,43.2128],[13.2976,43.2179],[13.3281,43.2235],[13.3448,43.2302],[13.3552,43.2367],[13.3895,43.2499],[13.4198,43.2582],[13.4211,43.2607],[13.417,43.2634],[13.4164,43.2676],[13.4203,43.2711],[13.4302,43.2756],[13.4325,43.2823],[13.4406,43.2917],[13.4404,43.2968],[13.4437,43.2976],[13.4553,43.2931]]}},{"type":"Feature","properties":{"kmh":58.5,"corse":16088},"geometry":{"type":"LineString","coordinates":[[12.7117,42.9518],[12.7118,42.9508]]}},{"type":"Feature","properties":{"kmh":51.0,"corse":85603},"geometry":{"type":"LineString","coordinates":[[12.4095,42.4358],[12.4082,42.4405]]}},{"type":"Feature","properties":{"kmh":54.3,"corse":79376},"geometry":{"type":"LineString","coordinates":[[14.2102,42.4609],[14.2179,42.4504],[14.2173,42.4466],[14.214,42.4447],[14.2065,42.4442],[14.2026,42.4418],[14.1844,42.4214],[14.1697,42.4085],[14.1591,42.3918],[14.1445,42.376],[14.1371,42.3537],[14.1254,42.3355],[14.0786,42.3194],[14.0558,42.3025],[14.048,42.3006],[14.0329,42.3022],[14.0281,42.2986],[14.0138,42.2777],[14.0048,42.2673],[13.9857,42.269],[13.9745,42.2683],[13.952,42.2598],[13.9503,42.2477],[13.9462,42.2431],[13.9336,42.2449],[13.9184,42.2447],[13.9162,42.2416],[13.921,42.2352],[13.9205,42.2326],[13.9176,42.2309],[13.9099,42.2303],[13.9022,42.2249],[13.899,42.2173],[13.886,42.2018],[13.8603,42.1958],[13.8509,42.1961],[13.8439,42.1902],[13.8365,42.1771],[13.8297,42.1755],[13.8243,42.1702]]}},{"type":"Feature","properties":{"kmh":55.1,"corse":68282},"geometry":{"type":"LineString","coordinates":[[13.8243,42.1702],[13.8243,42.1699]]}},{"type":"Feature","properties":{"kmh":49.9,"corse":8437},"geometry":{"type":"LineString","coordinates":[[13.8243,42.1702],[13.8243,42.1699]]}},{"type":"Feature","properties":{"kmh":54.5,"corse":76635},"geometry":{"type":"LineString","coordinates":[[13.8243,42.1699],[13.8254,42.1571],[13.8284,42.1468],[13.8441,42.1408],[13.8532,42.1313],[13.862,42.1268],[13.8684,42.1209],[13.8728,42.1065],[13.8954,42.081],[13.9008,42.0727],[13.899,42.0673],[13.9015,42.0647]]}},{"type":"Feature","properties":{"kmh":59.3,"corse":27217},"geometry":{"type":"LineString","coordinates":[[13.9015,42.0647],[13.9144,42.0571],[13.9156,42.055],[13.9147,42.0528],[13.8853,42.0446],[13.875,42.0398],[13.8656,42.0326],[13.8465,42.0246],[13.8404,42.0145],[13.8378,42.0132],[13.835,42.0159],[13.8384,42.0203],[13.8388,42.0258],[13.844,42.0286],[13.8463,42.0317],[13.8471,42.0389],[13.8527,42.0424],[13.853,42.0458],[13.8561,42.0492],[13.8558,42.0519],[13.8489,42.0548],[13.8367,42.0527],[13.8265,42.0566],[13.8224,42.0603],[13.8155,42.0618],[13.8146,42.0683],[13.8103,42.0763],[13.8102,42.0816],[13.7997,42.0876],[13.7945,42.0888],[13.7869,42.0836],[13.7784,42.0807],[13.7798,42.0755],[13.7916,42.0692],[13.795,42.0616],[13.7914,42.0553],[13.7769,42.0413],[13.7739,42.0338],[13.7273,42.0323],[13.7185,42.0244],[13.7155,42.0234],[13.7099,42.0248],[13.7007,42.0225],[13.6737,42.0365],[13.6608,42.0394],[13.6552,42.0473],[13.6412,42.0555],[13.6392,42.06],[13.6351,42.0632],[13.6314,42.0629],[13.6256,42.0568],[13.6216,42.0558],[13.6176,42.0578],[13.6185,42.0619],[13.6155,42.0642],[13.6073,42.0645],[13.5996,42.0611],[13.5947,42.0614],[13.5901,42.0642],[13.5839,42.0617],[13.5655,42.0639],[13.5565,42.0675],[13.547,42.0762],[13.5409,42.0775],[13.5193,42.0731],[13.4703,42.0564],[13.4487,42.046],[13.4234,42.0386]]}},{"type":"Feature","properties":{"kmh":52.5,"corse":45932},"geometry":{"type":"LineString","coordinates":[[13.9015,42.0647],[13.8905,42.0676],[13.8877,42.0761],[13.8797,42.0819],[13.8566,42.0759],[13.8471,42.0783],[13.8379,42.0776],[13.8265,42.0822],[13.8078,42.099],[13.8046,42.1072],[13.7963,42.1087],[13.7773,42.1174],[13.7669,42.1295],[13.7555,42.1339],[13.7507,42.1382],[13.7451,42.1388],[13.7416,42.1426],[13.7336,42.146],[13.7301,42.1503],[13.7304,42.1582],[13.7207,42.1642],[13.719,42.1688],[13.7091,42.1795],[13.6955,42.1866],[13.6886,42.1858],[13.6729,42.1892],[13.6685,42.1938],[13.6142,42.2174],[13.6,42.2246],[13.5951,42.2296],[13.5697,42.24],[13.5688,42.2475],[13.561,42.252],[13.5384,42.2793],[13.5394,42.2888],[13.5372,42.2939],[13.5291,42.2985],[13.507,42.3049],[13.4998,42.322],[13.4947,42.326],[13.4574,42.3366],[13.4294,42.3342],[13.4091,42.3388],[13.395,42.339],[13.3922,42.3408],[13.3887,42.3494],[13.3789,42.3537],[13.358,42.3527],[13.3281,42.3586],[13.3224,42.3635],[13.3186,42.3647],[13.2868,42.3584],[13.2775,42.3588],[13.2746,42.3558],[13.2696,42.3543],[13.2612,42.3543],[13.2527,42.357],[13.2475,42.3518],[13.2429,42.3427],[13.2353,42.3393],[13.2238,42.346],[13.2119,42.3459],[13.2033,42.3493],[13.1994,42.3558],[13.1739,42.3674],[13.1685,42.3682],[13.1614,42.3743],[13.1527,42.3771],[13.1443,42.3879],[13.1386,42.3911],[13.1356,42.397],[13.1253,42.3994],[13.121,42.4074],[13.1168,42.4098],[13.1056,42.4071],[13.1037,42.4059],[13.1033,42.402],[13.0978,42.4005],[13.0947,42.3971],[13.0897,42.3975],[13.0873,42.4],[13.0878,42.4031],[13.0994,42.4046],[13.1009,42.4078],[13.0988,42.409],[13.0932,42.4078],[13.0896,42.4101],[13.0799,42.4234],[13.0794,42.4275],[13.0777,42.4281],[13.0736,42.4258],[13.0779,42.4226],[13.0785,42.42],[13.0732,42.411],[13.0424,42.3998],[13.0355,42.3938],[13.0305,42.3927],[13.0254,42.385],[13.0186,42.3808],[13.008,42.3692],[12.9925,42.3623],[12.9797,42.3661],[12.9669,42.3736],[12.963,42.3803],[12.9543,42.3802],[12.9454,42.3844],[12.9392,42.3924],[12.9285,42.3943],[12.9212,42.3911],[12.9164,42.3927],[12.9128,42.3968],[12.9095,42.3979],[12.9022,42.3959],[12.8956,42.3919],[12.8923,42.3919],[12.8881,42.3957],[12.8906,42.4032],[12.8882,42.406],[12.8517,42.4058],[12.8369,42.3925],[12.834,42.3915],[12.8143,42.3913],[12.7954,42.3958],[12.7903,42.3993],[12.7777,42.4145],[12.7805,42.4247],[12.7854,42.4311],[12.78,42.4416],[12.776,42.466],[12.7655,42.4778],[12.7565,42.4935],[12.7462,42.5003],[12.7463,42.5097],[12.7363,42.5215],[12.7308,42.5365],[12.7225,42.5402],[12.7141,42.5483],[12.7068,42.5509],[12.7018,42.5508],[12.6993,42.5479],[12.6936,42.5465],[12.6903,42.542],[12.676,42.5382],[12.6689,42.5288],[12.6581,42.5234],[12.6549,42.5181],[12.6523,42.5181],[12.6469,42.5251],[12.6431,42.5385],[12.639,42.5455],[12.6345,42.5481],[12.6264,42.5487],[12.6237,42.5525],[12.6249,42.5556],[12.6412,42.5693],[12.6512,42.5706]]}},{"type":"Feature","properties":{"kmh":58.4,"corse":55194},"geometry":{"type":"LineString","coordinates":[[13.8967,42.9127],[13.895,42.9074],[13.8895,42.9049],[13.7543,42.868],[13.7245,42.8636],[13.694,42.8549],[13.6756,42.8521],[13.669,42.8455],[13.6552,42.8417],[13.6374,42.8447],[13.6181,42.8446],[13.5998,42.8498],[13.5943,42.8551],[13.588,42.8555]]}},{"type":"Feature","properties":{"kmh":58.3,"corse":230058},"geometry":{"type":"LineString","coordinates":[[10.3211,44.8117],[10.3285,44.8101]]}},{"type":"Feature","properties":{"kmh":57.6,"corse":3016},"geometry":{"type":"LineString","coordinates":[[13.7261,43.3079],[13.7256,43.3091]]}},{"type":"Feature","properties":{"kmh":49.2,"corse":90592},"geometry":{"type":"LineString","coordinates":[[12.6398,41.6461],[12.6526,41.6395],[12.6515,41.6324],[12.6528,41.628],[12.6491,41.606],[12.647,41.6019],[12.6407,41.5974],[12.6372,41.5855],[12.6333,41.5239],[12.6263,41.5013],[12.6175,41.4856],[12.6117,41.4682],[12.6224,41.4537],[12.6261,41.4518],[12.6553,41.4595],[12.6621,41.4596]]}},{"type":"Feature","properties":{"kmh":46.1,"corse":87336},"geometry":{"type":"LineString","coordinates":[[11.8754,43.461],[11.8648,43.4661],[11.8313,43.4651],[11.8162,43.4701],[11.8037,43.4682],[11.7945,43.4759]]}},{"type":"Feature","properties":{"kmh":59.8,"corse":43916},"geometry":{"type":"LineString","coordinates":[[11.8982,43.0825],[11.903,43.0699]]}},{"type":"Feature","properties":{"kmh":56.2,"corse":39726},"geometry":{"type":"LineString","coordinates":[[8.5412,45.7776],[8.538,45.7879]]}},{"type":"Feature","properties":{"kmh":53.1,"corse":30966},"geometry":{"type":"LineString","coordinates":[[8.5619,45.7522],[8.564,45.7481],[8.5627,45.7405],[8.5741,45.7305],[8.5767,45.7196],[8.583,45.7123],[8.585,45.7046],[8.6108,45.6863],[8.6206,45.6683],[8.6217,45.6506],[8.6327,45.5949],[8.6129,45.4848],[8.6132,45.4789]]}},{"type":"Feature","properties":{"kmh":49.5,"corse":65009},"geometry":{"type":"LineString","coordinates":[[8.6132,45.4789],[8.6185,45.4581],[8.6219,45.4532]]}},{"type":"Feature","properties":{"kmh":45.6,"corse":30879},"geometry":{"type":"LineString","coordinates":[[8.6132,45.4789],[8.6101,45.4894],[8.5582,45.5731],[8.4984,45.6463],[8.4889,45.6701],[8.4423,45.7392],[8.4402,45.7479],[8.4415,45.7659],[8.4301,45.777],[8.421,45.7916],[8.4204,45.7943],[8.4231,45.7985],[8.4232,45.8018],[8.419,45.8067],[8.413,45.8101],[8.4112,45.8177],[8.4043,45.8223],[8.3977,45.8296],[8.4049,45.8435],[8.4079,45.8561],[8.4144,45.8658],[8.4077,45.8874],[8.4099,45.8932],[8.4253,45.9142],[8.4282,45.9229],[8.4284,45.9372],[8.4264,45.9546],[8.4208,45.9652],[8.3922,45.9938],[8.3706,45.993],[8.324,46.0027]]}},{"type":"Feature","properties":{"kmh":57.2,"corse":119040},"geometry":{"type":"LineString","coordinates":[[8.6219,45.4532],[8.6182,45.4537]]}},{"type":"Feature","properties":{"kmh":58.3,"corse":44838},"geometry":{"type":"LineString","coordinates":[[8.5642,45.7474],[8.5642,45.7471]]}},{"type":"Feature","properties":{"kmh":59.0,"corse":341651},"geometry":{"type":"LineString","coordinates":[[8.8023,45.6574],[8.7895,45.6654]]}},{"type":"Feature","properties":{"kmh":59.4,"corse":401213},"geometry":{"type":"LineString","coordinates":[[8.8023,45.6574],[8.8568,45.6215]]}},{"type":"Feature","properties":{"kmh":47.7,"corse":46319},"geometry":{"type":"LineString","coordinates":[[8.8023,45.6574],[8.7901,45.6659],[8.7887,45.669],[8.8029,45.6954],[8.8037,45.6994],[8.8011,45.7062],[8.8063,45.7213],[8.806,45.7348],[8.8104,45.7437],[8.8097,45.7525],[8.8186,45.7646],[8.8205,45.7741],[8.8275,45.7815],[8.8283,45.7869],[8.8355,45.7971],[8.8365,45.807],[8.8333,45.8159],[8.839,45.8206],[8.8359,45.8288],[8.8366,45.8434],[8.8419,45.8517],[8.8583,45.8584],[8.8699,45.8578],[8.8792,45.8542]]}},{"type":"Feature","properties":{"kmh":59.7,"corse":372878},"geometry":{"type":"LineString","coordinates":[[8.8568,45.6215],[8.8741,45.6105]]}},{"type":"Feature","properties":{"kmh":54.3,"corse":28335},"geometry":{"type":"LineString","coordinates":[[8.8568,45.6215],[8.8619,45.6182]]}},{"type":"Feature","properties":{"kmh":59.6,"corse":388492},"geometry":{"type":"LineString","coordinates":[[8.8741,45.6105],[8.8855,45.6038],[8.9064,45.5993],[8.9093,45.5965],[8.9211,45.5744],[8.9416,45.5556],[9.0034,45.521],[9.0116,45.5182],[9.0233,45.5179],[9.0519,45.5267]]}},{"type":"Feature","properties":{"kmh":56.5,"corse":15614},"geometry":{"type":"LineString","coordinates":[[8.8741,45.6105],[8.8619,45.6182]]}},{"type":"Feature","properties":{"kmh":55.0,"corse":581933},"geometry":{"type":"LineString","coordinates":[[9.0519,45.5267],[9.0668,45.5278],[9.0883,45.5212]]}},{"type":"Feature","properties":{"kmh":54.4,"corse":373999},"geometry":{"type":"LineString","coordinates":[[9.0883,45.5212],[9.0909,45.5205]]}},{"type":"Feature","properties":{"kmh":56.1,"corse":210844},"geometry":{"type":"LineString","coordinates":[[9.0883,45.5212],[9.1216,45.5099],[9.1444,45.5047],[9.1592,45.4983]]}},{"type":"Feature","properties":{"kmh":56.2,"corse":377431},"geometry":{"type":"LineString","coordinates":[[9.1532,45.5101],[9.1535,45.5101]]}},{"type":"Feature","properties":{"kmh":43.5,"corse":456218},"geometry":{"type":"LineString","coordinates":[[9.2154,45.4989],[9.2155,45.4995]]}},{"type":"Feature","properties":{"kmh":43.9,"corse":69151},"geometry":{"type":"LineString","coordinates":[[8.8958,44.4884],[8.8958,44.4869]]}},{"type":"Feature","properties":{"kmh":57.6,"corse":7476},"geometry":{"type":"LineString","coordinates":[[9.1657,45.4956],[9.1645,45.496]]}},{"type":"Feature","properties":{"kmh":57.6,"corse":7476},"geometry":{"type":"LineString","coordinates":[[9.1645,45.496],[9.1592,45.4983]]}},{"type":"Feature","properties":{"kmh":42.1,"corse":67890},"geometry":{"type":"LineString","coordinates":[[9.1645,45.496],[9.1607,45.4977]]}},{"type":"Feature","properties":{"kmh":56.0,"corse":206182},"geometry":{"type":"LineString","coordinates":[[9.1592,45.4983],[9.1607,45.4977]]}},{"type":"Feature","properties":{"kmh":52.0,"corse":539792},"geometry":{"type":"LineString","coordinates":[[9.1752,45.4685],[9.1611,45.4823],[9.1599,45.4983]]}},{"type":"Feature","properties":{"kmh":53.2,"corse":65939},"geometry":{"type":"LineString","coordinates":[[8.2076,44.8947],[8.1971,44.8928]]}},{"type":"Feature","properties":{"kmh":58.4,"corse":2772},"geometry":{"type":"LineString","coordinates":[[12.2948,42.518],[12.2891,42.523]]}},{"type":"Feature","properties":{"kmh":45.6,"corse":75070},"geometry":{"type":"LineString","coordinates":[[12.2891,42.523],[12.2839,42.5281],[12.2787,42.5441],[12.2708,42.5474],[12.2568,42.546],[12.2395,42.5494],[12.2349,42.5463],[12.2284,42.5244],[12.2245,42.5172],[12.2084,42.5032],[12.1891,42.5032],[12.1674,42.5163],[12.1466,42.5191],[12.1271,42.5255],[12.1229,42.5254],[12.1124,42.5205],[12.0812,42.522],[12.0674,42.5175],[12.0576,42.5204],[12.0476,42.5206],[12.0451,42.5193],[12.0439,42.5163],[12.0501,42.5062],[12.0535,42.495],[12.0646,42.4879],[12.0746,42.4751],[12.0792,42.4651],[12.1031,42.4351],[12.1036,42.4292],[12.1105,42.4205],[12.1113,42.4056],[12.1087,42.3999],[12.1118,42.3961],[12.1101,42.3917],[12.1118,42.3856],[12.1063,42.3789],[12.1001,42.3748],[12.0953,42.3642],[12.0858,42.3571],[12.0838,42.3538],[12.0874,42.3382],[12.0861,42.3316],[12.0891,42.3252],[12.0878,42.3201],[12.0913,42.3121],[12.0854,42.2909],[12.0955,42.2845],[12.1083,42.285],[12.1184,42.2818],[12.1223,42.2774],[12.129,42.2747],[12.1348,42.2697],[12.1422,42.2674],[12.1586,42.2532],[12.1565,42.2355],[12.1489,42.226],[12.149,42.2208],[12.1525,42.2133],[12.1506,42.2024],[12.1433,42.1969],[12.1381,42.1789],[12.1376,42.1702],[12.1392,42.1647],[12.1462,42.1578],[12.1494,42.1499],[12.1347,42.1331],[12.1361,42.122],[12.1385,42.1201],[12.1482,42.1188],[12.1531,42.1115],[12.169,42.1074],[12.1744,42.1021],[12.175,42.0976],[12.1815,42.0919],[12.2129,42.0758],[12.2215,42.0694],[12.2242,42.0649],[12.2331,42.0626],[12.2384,42.0563],[12.2441,42.0527],[12.2656,42.0539],[12.2826,42.0579],[12.29,42.0659],[12.2987,42.0683],[12.3163,42.0677],[12.3256,42.0626]]}},{"type":"Feature","properties":{"kmh":55.6,"corse":18121},"geometry":{"type":"LineString","coordinates":[[12.2891,42.523],[12.3036,42.5103],[12.306,42.5013],[12.3337,42.4836],[12.3507,42.4689],[12.3557,42.4665]]}},{"type":"Feature","properties":{"kmh":54.6,"corse":17199},"geometry":{"type":"LineString","coordinates":[[15.2714,37.0697],[15.2638,37.065],[15.2535,37.0549],[15.253,37.0526],[15.2555,37.0471],[15.2552,37.038],[15.251,37.031],[15.2548,37.0242],[15.2547,37.0187],[15.2372,36.9923],[15.2219,36.9777],[15.2204,36.9709],[15.2173,36.9692],[15.1961,36.9674],[15.189,36.9603],[15.1854,36.9536],[15.1784,36.9511],[15.1769,36.9453],[15.1685,36.9439],[15.1612,36.9359],[15.1515,36.9286],[15.1404,36.9236],[15.1364,36.9193],[15.1299,36.9158],[15.1247,36.9051],[15.113,36.8954],[15.1098,36.8882],[15.0973,36.8837],[15.0906,36.8862],[15.0864,36.8857],[15.0816,36.8802],[15.0745,36.8825],[15.0712,36.8819],[15.0708,36.8787],[15.0771,36.8757],[15.0756,36.8671],[15.0646,36.8602],[15.062,36.8569],[15.0511,36.8531],[15.0472,36.8492],[15.0412,36.8491],[15.0332,36.8422],[14.9905,36.8319],[14.9836,36.825],[14.9718,36.8206],[14.9665,36.8214],[14.9566,36.8195],[14.9493,36.8127],[14.9459,36.8066],[14.942,36.805],[14.9238,36.7855],[14.919,36.7835],[14.9171,36.7796],[14.8974,36.7693],[14.8951,36.7656],[14.8914,36.764],[14.8875,36.7551],[14.867,36.7429],[14.8587,36.7439],[14.8505,36.7343],[14.8393,36.7328],[14.8326,36.7348],[14.8165,36.7311],[14.8085,36.7348],[14.8016,36.7316],[14.7944,36.7341],[14.7854,36.7316],[14.7791,36.7338],[14.7737,36.7327],[14.7684,36.7341],[14.7526,36.7296],[14.7378,36.7332],[14.7222,36.7327],[14.7032,36.7401],[14.7023,36.7435],[14.7065,36.7496],[14.7039,36.7541],[14.7039,36.764],[14.6934,36.7734],[14.6917,36.7769],[14.6922,36.7828],[14.7005,36.7914],[14.7012,36.7954],[14.7066,36.8027],[14.7102,36.814],[14.709,36.8179],[14.7099,36.8199],[14.7133,36.8227],[14.7212,36.8219],[14.7238,36.8249],[14.7257,36.8322],[14.7318,36.8336],[14.7422,36.8401],[14.744,36.844],[14.7476,36.8458],[14.7557,36.8552],[14.7385,36.8624],[14.7329,36.8699],[14.7354,36.8803],[14.7389,36.8871],[14.7379,36.8942],[14.7522,36.9046],[14.7512,36.9163],[14.7533,36.9246],[14.75,36.9293],[14.7559,36.9373],[14.7551,36.9405],[14.7443,36.9421],[14.7404,36.9387],[14.7309,36.9364],[14.7275,36.9312],[14.7293,36.9275],[14.7352,36.9179],[14.7381,36.917],[14.7409,36.9185],[14.7403,36.9215],[14.737,36.9223],[14.733,36.9171],[14.7273,36.9161],[14.7256,36.9175],[14.7258,36.9218],[14.7219,36.9225],[14.7207,36.9173],[14.7216,36.9102],[14.7153,36.9029],[14.6816,36.9033],[14.6604,36.8983],[14.6385,36.8852],[14.6312,36.885],[14.6131,36.8802],[14.6064,36.8833],[14.6087,36.8889],[14.6066,36.8954],[14.5998,36.8979],[14.5914,36.8971],[14.5857,36.8989],[14.5755,36.8914],[14.5666,36.8801],[14.5611,36.8774],[14.5453,36.8737],[14.5417,36.8773],[14.5445,36.8829],[14.5428,36.8865],[14.5439,36.8911],[14.542,36.8949],[14.5438,36.9047],[14.5475,36.9081],[14.5487,36.9119],[14.5549,36.9194],[14.5654,36.9278],[14.5682,36.9334],[14.5847,36.9365],[14.5889,36.9409],[14.5988,36.944],[14.6006,36.9483],[14.5997,36.9508],[14.568,36.9581],[14.5612,36.9624],[14.5576,36.9616],[14.5533,36.9573],[14.5476,36.9579],[14.5404,36.9615],[14.5173,36.9575],[14.509,36.9577],[14.4941,36.9611],[14.484,36.9667],[14.4781,36.968],[14.4736,36.973],[14.4582,36.9813],[14.4533,36.986],[14.4419,36.989],[14.4369,36.9931],[14.4221,36.998],[14.4107,37.0169],[14.4008,37.0151],[14.3943,37.0076],[14.3895,37.0069],[14.3599,37.0203],[14.3571,37.0236],[14.3398,37.0339],[14.3322,37.0359],[14.3254,37.0405],[14.3066,37.0469],[14.2993,37.0472],[14.2595,37.0728]]}},{"type":"Feature","properties":{"kmh":58.5,"corse":120032},"geometry":{"type":"LineString","coordinates":[[9.9148,44.1477],[9.9163,44.1515],[9.9151,44.1576],[9.9165,44.1612],[9.942,44.172],[9.9486,44.1762],[9.9713,44.196],[9.9788,44.2094],[9.9729,44.2308],[9.9584,44.2497],[9.9533,44.26],[9.9525,44.2697],[9.9546,44.274],[9.9485,44.2849],[9.9468,44.3113],[9.939,44.3279],[9.9258,44.3358],[9.9121,44.3399],[9.9118,44.3496],[9.9036,44.3609],[9.8873,44.3667],[9.8876,44.3729],[9.8835,44.3807],[9.8778,44.3816],[9.8669,44.3773],[9.8538,44.3813],[9.8536,44.3835],[9.8592,44.3886],[9.8512,44.3981],[9.8482,44.4043],[9.8527,44.4094],[9.8528,44.4115],[9.8472,44.4159],[9.842,44.4255],[9.8205,44.4385],[9.7825,44.482]]}},{"type":"Feature","properties":{"kmh":53.7,"corse":75232},"geometry":{"type":"LineString","coordinates":[[9.9148,44.1477],[9.9051,44.1353],[9.9097,44.1267]]}},{"type":"Feature","properties":{"kmh":55.9,"corse":76793},"geometry":{"type":"LineString","coordinates":[[9.9148,44.1477],[9.9032,44.1345],[9.8977,44.1329]]}},{"type":"Feature","properties":{"kmh":53.1,"corse":103335},"geometry":{"type":"LineString","coordinates":[[10.3924,43.7093],[10.3982,43.7081]]}},{"type":"Feature","properties":{"kmh":45.1,"corse":23022},"geometry":{"type":"LineString","coordinates":[[10.4252,43.8307],[10.402,43.8296],[10.385,43.8336],[10.3635,43.8492],[10.3276,43.869],[10.2649,43.8612],[10.2614,43.862],[10.2577,43.8663]]}},{"type":"Feature","properties":{"kmh":43.3,"corse":40384},"geometry":{"type":"LineString","coordinates":[[10.4252,43.8307],[10.4411,43.836],[10.458,43.8389],[10.5045,43.8373]]}},{"type":"Feature","properties":{"kmh":42.9,"corse":19120},"geometry":{"type":"LineString","coordinates":[[10.4252,43.8307],[10.4187,43.8275],[10.4119,43.8098],[10.4214,43.7854],[10.4362,43.7677],[10.4369,43.7648],[10.3889,43.7243],[10.3871,43.7171]]}},{"type":"Feature","properties":{"kmh":43.3,"corse":49566},"geometry":{"type":"LineString","coordinates":[[10.5045,43.8373],[10.5121,43.837]]}},{"type":"Feature","properties":{"kmh":47.5,"corse":11419},"geometry":{"type":"LineString","coordinates":[[10.5045,43.8373],[10.5112,43.837]]}},{"type":"Feature","properties":{"kmh":42.8,"corse":21241},"geometry":{"type":"LineString","coordinates":[[9.9776,44.2177],[9.9789,44.2124],[9.9833,44.2075],[9.983,44.2016],[9.9853,44.2006],[10.0127,44.2052],[10.0245,44.2022],[10.0316,44.2035],[10.0437,44.1985],[10.065,44.2035],[10.0717,44.2011],[10.0802,44.2011],[10.1014,44.2043],[10.1039,44.2029],[10.1095,44.1939],[10.1103,44.1853],[10.1147,44.1815],[10.1128,44.1723],[10.1213,44.1665],[10.128,44.1646],[10.1466,44.1701],[10.1614,44.171],[10.1894,44.1936],[10.1928,44.1944],[10.2986,44.1822],[10.305,44.1799],[10.3106,44.1723],[10.3192,44.1687],[10.3287,44.1681],[10.3486,44.1492],[10.365,44.1484],[10.3888,44.1318],[10.399,44.1221],[10.4059,44.1205],[10.412,44.1136],[10.4241,44.1142],[10.4411,44.1189],[10.4453,44.118],[10.452,44.1127],[10.4502,44.1053],[10.4557,44.0999],[10.457,44.095],[10.4571,44.0922],[10.4533,44.0889],[10.4503,44.082],[10.4458,44.0773],[10.451,44.071],[10.4562,44.0555],[10.4666,44.0461],[10.4911,44.0408],[10.492,44.0353],[10.4949,44.0324],[10.5254,44.0233],[10.5304,44.0202],[10.5389,44.0199],[10.5444,44.0104],[10.5528,44.0016],[10.5514,43.9845],[10.5483,43.9794],[10.5204,43.9708],[10.5021,43.9545],[10.4975,43.9446],[10.498,43.9397],[10.5077,43.9349],[10.5173,43.927],[10.5273,43.9242],[10.5279,43.9192],[10.5373,43.904],[10.5389,43.8965],[10.5223,43.8523],[10.5205,43.8418],[10.5167,43.8375],[10.5121,43.837]]}},{"type":"Feature","properties":{"kmh":46.2,"corse":394},"geometry":{"type":"LineString","coordinates":[[14.757,40.7809],[14.7489,40.7778],[14.7269,40.7774],[14.709,40.7732],[14.6587,40.7667],[14.6554,40.764],[14.6495,40.746]]}},{"type":"Feature","properties":{"kmh":42.3,"corse":19674},"geometry":{"type":"LineString","coordinates":[[13.4234,42.0386],[13.417,42.034],[13.4147,42.0258],[13.4143,42.0171],[13.4204,42.0006],[13.42,41.997],[13.3999,41.9743],[13.398,41.9624],[13.3916,41.961],[13.385,41.9667],[13.38,41.9683],[13.3776,41.9672],[13.3773,41.9648],[13.3795,41.9631],[13.3895,41.9618],[13.3936,41.9577],[13.3949,41.9521],[13.4044,41.9478],[13.4152,41.9366],[13.4212,41.933],[13.4232,41.9269],[13.4213,41.923],[13.4271,41.9126],[13.4276,41.9073],[13.4326,41.9017],[13.4413,41.8959],[13.4509,41.8798],[13.4639,41.8644],[13.4688,41.8623],[13.4715,41.8586],[13.4781,41.8575],[13.4902,41.8507],[13.5069,41.8448],[13.5129,41.8396],[13.5237,41.8353],[13.5272,41.8319],[13.5281,41.8274],[13.5356,41.8261],[13.5397,41.8192],[13.5467,41.8176],[13.5535,41.8133],[13.5606,41.8045],[13.5713,41.7986],[13.5785,41.7892],[13.5793,41.7842],[13.5959,41.7729],[13.5975,41.767],[13.6064,41.7589],[13.6095,41.7516],[13.6146,41.7472],[13.6155,41.7426],[13.6192,41.74],[13.6203,41.7359],[13.624,41.7326],[13.6268,41.7263],[13.6226,41.7196],[13.5864,41.6942],[13.5846,41.6908],[13.5874,41.6854],[13.5821,41.683],[13.5797,41.6792],[13.5799,41.6771],[13.5842,41.6742],[13.5927,41.6615],[13.603,41.6552],[13.5992,41.6502],[13.6014,41.6435],[13.5934,41.6271],[13.5889,41.6252],[13.5801,41.6283],[13.5754,41.6281],[13.5701,41.6232],[13.5638,41.6202],[13.5579,41.614],[13.5567,41.6101],[13.5593,41.6044],[13.5589,41.5924],[13.5613,41.5894],[13.5942,41.5719],[13.6054,41.5498],[13.6254,41.5329],[13.6385,41.5285]]}},{"type":"Feature","properties":{"kmh":51.2,"corse":51033},"geometry":{"type":"LineString","coordinates":[[13.4234,42.0386],[13.4168,42.0397],[13.3967,42.0553],[13.3725,42.0594],[13.3653,42.0589],[13.3315,42.0498],[13.3116,42.049],[13.3042,42.0502],[13.2753,42.0672],[13.2517,42.0718],[13.229,42.0855],[13.226,42.0914],[13.2118,42.1005],[13.1605,42.0945],[13.1402,42.0995],[13.1338,42.0981],[13.128,42.0994],[13.1226,42.0986],[13.1166,42.1017],[13.0993,42.1004],[13.093,42.102],[13.0877,42.0984],[13.0824,42.0976],[13.0774,42.0934],[13.0691,42.0926],[13.0523,42.0809],[13.0409,42.0643],[13.0301,42.0612],[13.0151,42.0605],[13.0128,42.0502],[13.0137,42.0395],[13.0098,42.0352],[13.0071,42.0281],[13.0026,42.0246],[12.9956,42.0243],[12.9814,42.0311],[12.9791,42.0339],[12.968,42.0354],[12.96,42.0389],[12.9565,42.0428],[12.9525,42.0425],[12.9501,42.0355],[12.9458,42.0338],[12.9429,42.0295],[12.9363,42.0283],[12.9237,42.017],[12.9175,42.0147],[12.9049,42.0173],[12.9006,42.0166],[12.8863,42.009],[12.8829,42.0051],[12.8785,42.003],[12.8758,41.997],[12.869,41.9933],[12.8644,41.988],[12.8557,41.9848],[12.8489,41.9871],[12.8456,41.9865],[12.8426,41.9813],[12.8337,41.9777],[12.8211,41.9563],[12.8165,41.9542],[12.8123,41.955],[12.8058,41.96],[12.8045,41.9638],[12.8076,41.9681],[12.8069,41.9703],[12.7954,41.9717],[12.7936,41.9738],[12.7938,41.9788],[12.7836,41.9846],[12.7874,41.99],[12.7868,41.995],[12.7969,42.0026],[12.796,42.0061],[12.7806,42.0076],[12.7697,42.0003],[12.7522,42.0044],[12.7424,41.9996],[12.7286,41.9972],[12.7212,41.9864],[12.7253,41.9619],[12.7281,41.9534],[12.7272,41.9506],[12.7179,41.9497],[12.7046,41.9458],[12.6739,41.9343],[12.6715,41.9323],[12.6669,41.9227],[12.6641,41.9208],[12.6154,41.9112]]}},{"type":"Feature","properties":{"kmh":48.8,"corse":11777},"geometry":{"type":"LineString","coordinates":[[12.5336,41.8954],[12.5334,41.8954]]}},{"type":"Feature","properties":{"kmh":48.8,"corse":11777},"geometry":{"type":"LineString","coordinates":[[12.5329,41.8954],[12.5327,41.8954]]}},{"type":"Feature","properties":{"kmh":54.1,"corse":201347},"geometry":{"type":"LineString","coordinates":[[12.5332,41.9039],[12.5334,41.9051]]}},{"type":"Feature","properties":{"kmh":44.2,"corse":2021},"geometry":{"type":"LineString","coordinates":[[12.5283,41.9269],[12.5278,41.9296],[12.5232,41.9335],[12.522,41.9385],[12.5174,41.9414]]}},{"type":"Feature","properties":{"kmh":49.4,"corse":87658},"geometry":{"type":"LineString","coordinates":[[7.1493,45.1401],[7.1339,45.1386],[7.118,45.1342],[7.1016,45.1382],[7.0878,45.1394],[7.0671,45.137],[7.0521,45.1384]]}},{"type":"Feature","properties":{"kmh":53.9,"corse":156002},"geometry":{"type":"LineString","coordinates":[[7.1493,45.1401],[7.1784,45.1362],[7.2358,45.1234],[7.2672,45.1104],[7.3028,45.1071],[7.3505,45.1052],[7.3951,45.087],[7.415,45.0822],[7.444,45.0804],[7.456,45.0781],[7.4716,45.079],[7.5062,45.0877],[7.5136,45.0913],[7.5221,45.0915],[7.5507,45.0828],[7.5731,45.0793],[7.6226,45.0581],[7.66,45.0505]]}},{"type":"Feature","properties":{"kmh":49.0,"corse":9487},"geometry":{"type":"LineString","coordinates":[[7.1493,45.1401],[7.1478,45.14]]}},{"type":"Feature","properties":{"kmh":58.9,"corse":437175},"geometry":{"type":"LineString","coordinates":[[12.4612,41.8721],[12.4614,41.8721]]}},{"type":"Feature","properties":{"kmh":56.0,"corse":1345},"geometry":{"type":"LineString","coordinates":[[17.1889,40.5081],[17.1924,40.5033],[17.1917,40.5003],[17.1882,40.4984],[17.1819,40.5003]]}},{"type":"Feature","properties":{"kmh":52.8,"corse":11737},"geometry":{"type":"LineString","coordinates":[[16.2452,39.3961],[16.2429,39.3892],[16.2371,39.3845],[16.2315,39.3817],[16.2247,39.3814]]}},{"type":"Feature","properties":{"kmh":41.5,"corse":18920},"geometry":{"type":"LineString","coordinates":[[14.3225,40.8817],[14.3258,40.8907],[14.3328,40.8991],[14.3275,40.9152],[14.3286,40.9251],[14.3327,40.9336],[14.3369,40.9371],[14.342,40.9383],[14.3453,40.9379],[14.3529,40.9329],[14.3615,40.9314],[14.38,40.932],[14.3856,40.9342],[14.3997,40.9498],[14.4102,40.9576],[14.41,40.9717],[14.4151,40.9804],[14.4206,41.0017],[14.4209,41.0001]]}},{"type":"Feature","properties":{"kmh":57.3,"corse":3114},"geometry":{"type":"LineString","coordinates":[[16.9944,41.083],[16.9853,41.0856]]}},{"type":"Feature","properties":{"kmh":48.8,"corse":209567},"geometry":{"type":"LineString","coordinates":[[11.7415,45.766],[11.7429,45.7612]]}},{"type":"Feature","properties":{"kmh":49.3,"corse":180341},"geometry":{"type":"LineString","coordinates":[[11.7429,45.7612],[11.7462,45.758],[11.7644,45.7508],[11.7882,45.7364],[11.9166,45.6669],[11.9225,45.6655]]}},{"type":"Feature","properties":{"kmh":48.8,"corse":38246},"geometry":{"type":"LineString","coordinates":[[11.7429,45.7612],[11.7412,45.7683],[11.7425,45.7808],[11.737,45.7867],[11.7254,45.7929],[11.7233,45.7999],[11.7185,45.8052],[11.7221,45.8134],[11.72,45.8176],[11.7139,45.8207],[11.7016,45.8315],[11.6908,45.8385],[11.6712,45.848],[11.6612,45.8597],[11.6631,45.8646],[11.678,45.8742],[11.6812,45.8813],[11.691,45.8912],[11.6925,45.8979],[11.7206,45.905],[11.7288,45.9138],[11.7299,45.9167],[11.7283,45.9252],[11.7296,45.9293],[11.7254,45.9367],[11.7268,45.9464],[11.724,45.9516],[11.7115,45.9569],[11.7068,45.9638],[11.6968,45.9664],[11.6856,45.9724],[11.6767,45.9809],[11.6669,45.9938],[11.664,46.0004],[11.6472,46.0139],[11.643,46.0154],[11.6303,46.0145],[11.6114,46.0173],[11.5948,46.0229],[11.5817,46.0298],[11.5599,46.0354],[11.5302,46.0479],[11.5114,46.0517],[11.5052,46.0504],[11.4718,46.0541],[11.4586,46.0503],[11.4509,46.0519],[11.4392,46.0497],[11.414,46.0403],[11.405,46.0388],[11.3957,46.0347],[11.3892,46.0293],[11.3824,46.0277],[11.3718,46.0203],[11.3656,46.018],[11.3545,46.0164],[11.3437,46.0169],[11.3379,46.0152],[11.3302,46.0163],[11.3244,46.0092],[11.3178,46.0058],[11.3096,46.0051],[11.2943,46.0069],[11.285,46.0012],[11.2606,45.9971],[11.2489,46.0008],[11.2456,46.0064],[11.2372,46.009],[11.2345,46.0162],[11.2307,46.0208],[11.2303,46.0264],[11.2327,46.0295],[11.2292,46.034],[11.2338,46.0396],[11.2323,46.0443],[11.2368,46.0596],[11.2268,46.0665],[11.2102,46.0689],[11.1921,46.0795],[11.1832,46.0817],[11.1631,46.0802],[11.1545,46.076],[11.1506,46.0709],[11.1427,46.0665],[11.1409,46.0615],[11.1444,46.0578],[11.1396,46.053],[11.1389,46.0435],[11.1416,46.0399],[11.1395,46.0384],[11.1369,46.0391],[11.1342,46.0434],[11.1359,46.0539],[11.1279,46.0557],[11.1191,46.0548],[11.1168,46.0573]]}},{"type":"Feature","properties":{"kmh":44.0,"corse":44821},"geometry":{"type":"LineString","coordinates":[[11.9225,45.6655],[11.9222,45.6654]]}},{"type":"Feature","properties":{"kmh":51.1,"corse":135520},"geometry":{"type":"LineString","coordinates":[[11.9225,45.6655],[11.9273,45.6659]]}},{"type":"Feature","properties":{"kmh":53.3,"corse":176694},"geometry":{"type":"LineString","coordinates":[[11.9222,45.6654],[11.9214,45.6653]]}},{"type":"Feature","properties":{"kmh":56.4,"corse":131873},"geometry":{"type":"LineString","coordinates":[[11.9222,45.6654],[11.9273,45.6659]]}},{"type":"Feature","properties":{"kmh":53.6,"corse":121912},"geometry":{"type":"LineString","coordinates":[[11.9214,45.6653],[11.9182,45.6639],[11.9168,45.6607],[11.9229,45.6278],[11.9345,45.5861],[11.9217,45.5526],[11.9001,45.5039],[11.8921,45.468],[11.8918,45.4547],[11.8901,45.4479],[11.8871,45.4428],[11.8721,45.427]]}},{"type":"Feature","properties":{"kmh":53.6,"corse":59688},"geometry":{"type":"LineString","coordinates":[[11.9214,45.6653],[11.8645,45.6566],[11.7936,45.6497],[11.791,45.6481],[11.7888,45.6396],[11.7868,45.638],[11.7497,45.635],[11.6235,45.5856],[11.5698,45.5577],[11.567,45.5541]]}},{"type":"Feature","properties":{"kmh":53.4,"corse":100478},"geometry":{"type":"LineString","coordinates":[[11.8721,45.427],[11.8716,45.4265]]}},{"type":"Feature","properties":{"kmh":54.3,"corse":21434},"geometry":{"type":"LineString","coordinates":[[11.8721,45.427],[11.8716,45.4265]]}},{"type":"Feature","properties":{"kmh":53.9,"corse":122364},"geometry":{"type":"LineString","coordinates":[[11.8716,45.4265],[11.8571,45.4141],[11.8625,45.4217],[11.8597,45.4252],[11.863,45.4238]]}},{"type":"Feature","properties":{"kmh":51.0,"corse":29113},"geometry":{"type":"LineString","coordinates":[[11.8828,45.4174],[11.8968,45.4194]]}},{"type":"Feature","properties":{"kmh":53.7,"corse":259168},"geometry":{"type":"LineString","coordinates":[[11.9273,45.6659],[11.9341,45.6664]]}},{"type":"Feature","properties":{"kmh":53.9,"corse":4938},"geometry":{"type":"LineString","coordinates":[[11.9273,45.6659],[11.9373,45.6667]]}},{"type":"Feature","properties":{"kmh":51.1,"corse":135520},"geometry":{"type":"LineString","coordinates":[[11.9341,45.6664],[11.9359,45.6665]]}},{"type":"Feature","properties":{"kmh":56.6,"corse":123648},"geometry":{"type":"LineString","coordinates":[[11.9341,45.6664],[11.9361,45.6666]]}},{"type":"Feature","properties":{"kmh":51.1,"corse":136760},"geometry":{"type":"LineString","coordinates":[[11.9359,45.6665],[11.9424,45.6671],[11.9469,45.665],[11.9528,45.6457],[11.9749,45.6239],[12.0006,45.6095],[12.0651,45.5592],[12.1313,45.5256],[12.1716,45.5028],[12.1771,45.4959],[12.1776,45.4932],[12.1688,45.4783],[12.1702,45.475],[12.1744,45.4744],[12.1965,45.4795]]}},{"type":"Feature","properties":{"kmh":49.3,"corse":1240},"geometry":{"type":"LineString","coordinates":[[11.9359,45.6665],[11.9361,45.6666]]}},{"type":"Feature","properties":{"kmh":47.2,"corse":128024},"geometry":{"type":"LineString","coordinates":[[11.567,45.5541],[11.5664,45.5474],[11.5646,45.5445],[11.5608,45.5422],[11.5557,45.5416]]}},{"type":"Feature","properties":{"kmh":40.8,"corse":66057},"geometry":{"type":"LineString","coordinates":[[11.567,45.5541],[11.57,45.6128],[11.4937,45.6865],[11.4751,45.701],[11.3841,45.711],[11.3582,45.7103]]}},{"type":"Feature","properties":{"kmh":47.1,"corse":126852},"geometry":{"type":"LineString","coordinates":[[11.5557,45.5416],[11.5459,45.5411]]}},{"type":"Feature","properties":{"kmh":54.6,"corse":1172},"geometry":{"type":"LineString","coordinates":[[11.5557,45.5416],[11.5576,45.5417]]}},{"type":"Feature","properties":{"kmh":54.5,"corse":46238},"geometry":{"type":"LineString","coordinates":[[9.6477,45.1858],[9.6973,45.1591],[9.7049,45.1505],[9.7112,45.148],[9.7177,45.149],[9.7496,45.166],[9.7687,45.18],[9.7894,45.1845],[9.8282,45.1812],[9.9178,45.1677],[9.9872,45.1477],[10.0104,45.1432],[10.0058,45.1414],[9.9849,45.1168],[9.9814,45.091],[9.9843,45.0811],[9.9917,45.0328],[9.9952,45.0231],[10.0213,44.994],[10.0264,44.9828],[10.0424,44.9726],[10.0458,44.9687],[10.0439,44.8943]]}},{"type":"Feature","properties":{"kmh":59.2,"corse":40954},"geometry":{"type":"LineString","coordinates":[[15.8068,40.6295],[15.8128,40.6356],[15.819,40.6369],[15.82,40.6396],[15.8169,40.6438],[15.8085,40.6424],[15.8038,40.6439],[15.7984,40.6486]]}},{"type":"Feature","properties":{"kmh":54.3,"corse":28269},"geometry":{"type":"LineString","coordinates":[[15.7984,40.6486],[15.7989,40.6466],[15.8033,40.6439],[15.8036,40.641],[15.8082,40.6383],[15.8144,40.6419],[15.8173,40.641],[15.8164,40.6392],[15.8102,40.6368],[15.8108,40.6331],[15.8066,40.6301]]}},{"type":"Feature","properties":{"kmh":54.6,"corse":51175},"geometry":{"type":"LineString","coordinates":[[15.7984,40.6486],[15.8089,40.657],[15.8119,40.6754],[15.8169,40.6786],[15.8174,40.6829],[15.8217,40.6893],[15.8227,40.6937],[15.8183,40.6984],[15.8023,40.7027],[15.7807,40.7183],[15.781,40.7252],[15.7921,40.7535],[15.7907,40.7578],[15.7848,40.7648],[15.779,40.7804],[15.7601,40.7857],[15.7516,40.7949],[15.745,40.8082],[15.7464,40.8138],[15.7428,40.8223],[15.7447,40.8266],[15.7495,40.8293],[15.7542,40.8424],[15.7512,40.8459],[15.7456,40.8465],[15.7429,40.8502],[15.7376,40.852],[15.7372,40.854],[15.7397,40.8569],[15.7386,40.8594],[15.735,40.8611],[15.7297,40.8598],[15.7267,40.8612],[15.7247,40.8679],[15.7186,40.8715],[15.72,40.8762],[15.7168,40.8818],[15.7172,40.885],[15.7118,40.8908],[15.6962,40.8949],[15.6933,40.9005],[15.6838,40.9081],[15.6827,40.9125],[15.6778,40.9152],[15.679,40.9207],[15.6772,40.9324],[15.675,40.9359],[15.6761,40.9398],[15.6685,40.9455],[15.6676,40.9595],[15.6601,40.9624],[15.6528,40.9727],[15.6532,40.9757],[15.6583,40.9783],[15.6572,40.9829],[15.6508,40.985],[15.6469,40.9899]]}},{"type":"Feature","properties":{"kmh":52.8,"corse":25765},"geometry":{"type":"LineString","coordinates":[[12.2806,46.1827],[12.2719,46.1815],[12.2597,46.1736],[12.2515,46.1738],[12.2466,46.1723],[12.2425,46.1679],[12.2305,46.1614],[12.2261,46.1559],[12.2246,46.1484],[12.2135,46.1456],[12.2102,46.1418],[12.1902,46.1305],[12.1719,46.1107],[12.1517,46.1069],[12.1447,46.102],[12.1244,46.0937],[12.12,46.0941],[12.1137,46.0979],[12.1015,46.0946],[12.0725,46.0968],[12.0491,46.0796],[12.043,46.0776],[12.0233,46.0782],[12.0098,46.0705],[12.0082,46.0662],[11.9996,46.0576],[11.9924,46.053],[11.9861,46.0445],[11.9729,46.0338],[11.9665,46.0237],[11.9559,46.0214],[11.9433,46.0126],[11.9372,46.0101],[11.9262,46.0105],[11.9196,46.0136],[11.9128,46.0136],[11.9096,46.0114],[11.9091,46.009],[11.911,46.0075],[11.9215,46.0063],[11.9381,45.9994],[11.9472,45.9997],[11.954,45.9899],[11.9525,45.9836],[11.9383,45.9754],[11.9336,45.9704],[11.9323,45.9646],[11.934,45.9579],[11.9237,45.948],[11.9202,45.9393],[11.9213,45.9364],[11.9272,45.9333],[11.9355,45.9328],[11.9381,45.9292],[11.9444,45.9267],[11.9475,45.923],[11.9474,45.9205],[11.9417,45.913],[11.9445,45.9044],[11.9458,45.8905],[11.9635,45.8796],[11.97,45.8703],[11.9922,45.8648],[12.0051,45.8533],[12.0147,45.8298],[12.0423,45.7921],[12.0512,45.7859],[12.0528,45.7773],[12.0603,45.7711],[12.0588,45.7677],[12.0415,45.7549],[11.967,45.6848],[11.9487,45.6693],[11.94,45.667]]}},{"type":"Feature","properties":{"kmh":49.3,"corse":42710},"geometry":{"type":"LineString","coordinates":[[12.2806,46.1827],[12.2913,46.1833],[12.3026,46.1747],[12.3102,46.1735],[12.3173,46.1683],[12.3194,46.1633],[12.3179,46.1596],[12.3189,46.1458],[12.3159,46.1403],[12.3169,46.132],[12.3275,46.108],[12.3249,46.0967],[12.3324,46.0919],[12.3309,46.0747],[12.3371,46.0696],[12.3217,46.0554],[12.3165,46.0535],[12.3075,46.0465],[12.3074,46.0442],[12.3111,46.0388],[12.3058,46.0293],[12.284,46.0075],[12.2905,45.9928],[12.2951,45.9878],[12.2964,45.9795],[12.3008,45.9745],[12.319,45.9348],[12.3202,45.918],[12.3304,45.8995],[12.3286,45.8962],[12.312,45.8897]]}},{"type":"Feature","properties":{"kmh":49.2,"corse":24186},"geometry":{"type":"LineString","coordinates":[[12.2806,46.1827],[12.2849,46.1863],[12.2854,46.2054],[12.2842,46.2081],[12.2877,46.2155],[12.2848,46.2233],[12.2938,46.2345],[12.2943,46.2418],[12.2978,46.2462],[12.2982,46.2577],[12.3022,46.2636],[12.3014,46.2767],[12.3042,46.2818],[12.3101,46.2854],[12.3103,46.2955],[12.324,46.3066],[12.3222,46.3131],[12.3151,46.3181],[12.3165,46.3242],[12.323,46.3302],[12.3298,46.3332],[12.3312,46.3369],[12.3301,46.3448],[12.3401,46.3598],[12.3506,46.3656],[12.3541,46.3697],[12.3544,46.3764],[12.3517,46.3839],[12.3553,46.3949],[12.3522,46.3987],[12.3417,46.4009],[12.341,46.4039],[12.347,46.4075],[12.3637,46.4056],[12.3788,46.4126],[12.3847,46.4183],[12.3835,46.4246],[12.3853,46.4276],[12.3835,46.4339],[12.3887,46.4439]]}},{"type":"Feature","properties":{"kmh":56.6,"corse":123648},"geometry":{"type":"LineString","coordinates":[[11.94,45.667],[11.9373,45.6667]]}},{"type":"Feature","properties":{"kmh":52.6,"corse":54782},"geometry":{"type":"LineString","coordinates":[[11.94,45.667],[12.0554,45.6722],[12.1018,45.6767],[12.1653,45.6687],[12.2273,45.6632],[12.2346,45.6597],[12.2452,45.6598]]}},{"type":"Feature","properties":{"kmh":56.5,"corse":124888},"geometry":{"type":"LineString","coordinates":[[11.9373,45.6667],[11.9361,45.6666]]}},{"type":"Feature","properties":{"kmh":55.3,"corse":44398},"geometry":{"type":"LineString","coordinates":[[14.7701,41.1418],[14.7596,41.1444],[14.7562,41.141],[14.7568,41.1384],[14.7659,41.1334],[14.7676,41.1281],[14.7587,41.1184],[14.7525,41.1159],[14.7443,41.1045],[14.7409,41.102],[14.7387,41.0973],[14.7408,41.0933],[14.7394,41.086],[14.7344,41.0838],[14.7156,41.0805],[14.709,41.0705],[14.7093,41.0664],[14.7076,41.0631],[14.7005,41.0566],[14.682,41.0551],[14.6796,41.0507],[14.6717,41.0464],[14.6648,41.0399],[14.6304,41.0281],[14.6072,41.0296],[14.5854,41.0379],[14.5585,41.0406],[14.5448,41.0361],[14.5244,41.0404],[14.5095,41.0406],[14.5058,41.0384],[14.4941,41.036],[14.4856,41.0375],[14.4796,41.0321],[14.4652,41.0336],[14.4556,41.0329],[14.4453,41.0355],[14.4426,41.0337],[14.4436,41.0308],[14.4667,41.0279],[14.4802,41.0185],[14.4808,41.0159],[14.4737,41.0117],[14.4299,41.0002],[14.4228,41.0005],[14.4209,40.999]]}},{"type":"Feature","properties":{"kmh":50.1,"corse":40491},"geometry":{"type":"LineString","coordinates":[[13.9389,41.4159],[13.9235,41.4222],[13.9177,41.4262],[13.9155,41.4293],[13.9152,41.4353],[13.9127,41.4378],[13.8992,41.4389]]}},{"type":"Feature","properties":{"kmh":58.8,"corse":97912},"geometry":{"type":"LineString","coordinates":[[10.3144,44.813],[10.3105,44.8126],[10.3053,44.8092],[10.2998,44.7992],[10.2882,44.7903],[10.2327,44.7683],[10.128,44.7045],[10.1142,44.7009],[10.1091,44.6966],[10.1007,44.693],[10.0972,44.6893],[10.094,44.6797],[10.0804,44.674],[10.0681,44.6635],[10.0513,44.6537],[10.044,44.6425],[10.0346,44.6364],[10.0253,44.6326],[10.0004,44.631],[9.9938,44.6283],[9.9832,44.6179],[9.9742,44.6054],[9.9427,44.5866],[9.9402,44.5812],[9.94,44.5675],[9.9307,44.5544],[9.9265,44.5508],[9.9015,44.5386],[9.89,44.5392],[9.8853,44.5351],[9.8774,44.5333],[9.8649,44.5269],[9.8497,44.5234],[9.8364,44.5123],[9.8259,44.5114],[9.8117,44.5019],[9.7969,44.4996],[9.7836,44.4946],[9.7815,44.4925],[9.7814,44.4896]]}},{"type":"Feature","properties":{"kmh":56.5,"corse":89618},"geometry":{"type":"LineString","coordinates":[[9.6751,45.6903],[9.6869,45.6913],[9.7166,45.682],[9.7442,45.6871],[9.7989,45.6769],[9.8222,45.6596],[9.8513,45.6485],[9.8755,45.6176],[9.9207,45.5825],[10.0003,45.5523]]}},{"type":"Feature","properties":{"kmh":45.3,"corse":384},"geometry":{"type":"LineString","coordinates":[[9.9968,45.5528],[9.9989,45.5525]]}},{"type":"Feature","properties":{"kmh":47.0,"corse":46743},"geometry":{"type":"LineString","coordinates":[[10.2237,45.5299],[10.2273,45.5286],[10.2284,45.5255],[10.2208,45.5191],[10.211,45.4894]]}},{"type":"Feature","properties":{"kmh":47.4,"corse":51183},"geometry":{"type":"LineString","coordinates":[[10.211,45.4894],[10.213,45.4836],[10.2668,45.4181],[10.3205,45.3853],[10.3422,45.3624],[10.4017,45.227],[10.4019,45.2108],[10.3613,45.1322],[10.3636,45.1292],[10.3749,45.1264],[10.3786,45.1235],[10.3763,45.0824],[10.3796,45.0667],[10.4275,44.9876],[10.4253,44.9833],[10.394,44.9624],[10.3821,44.9255],[10.3736,44.9165],[10.3522,44.8548],[10.3475,44.8171]]}},{"type":"Feature","properties":{"kmh":54.3,"corse":689},"geometry":{"type":"LineString","coordinates":[[10.211,45.4894],[10.2016,45.4611],[10.194,45.4452],[10.1454,45.3681],[10.1351,45.3589],[10.0891,45.3315],[10.0849,45.3273],[10.0835,45.3231],[10.0803,45.2709],[10.0787,45.2663],[10.0741,45.2624],[10.0353,45.2406],[10.0322,45.2361],[10.0321,45.2275],[10.0312,45.2344],[10.0256,45.2384],[9.8661,45.2812],[9.7793,45.2932],[9.7738,45.2955],[9.7258,45.3487],[9.7023,45.3643],[9.6754,45.3721],[9.6335,45.4043],[9.6318,45.4099],[9.6487,45.4837],[9.6432,45.4892],[9.6076,45.5018],[9.5997,45.5139],[9.5936,45.5153]]}},{"type":"Feature","properties":{"kmh":57.0,"corse":888},"geometry":{"type":"LineString","coordinates":[[10.3475,44.8171],[10.3475,44.8169]]}},{"type":"Feature","properties":{"kmh":47.5,"corse":53906},"geometry":{"type":"LineString","coordinates":[[10.3475,44.8171],[10.3475,44.8169]]}},{"type":"Feature","properties":{"kmh":43.4,"corse":82456},"geometry":{"type":"LineString","coordinates":[[10.3475,44.8169],[10.3467,44.8106],[10.3448,44.8083],[10.341,44.8072],[10.3358,44.8083]]}},{"type":"Feature","properties":{"kmh":59.8,"corse":100798},"geometry":{"type":"LineString","coordinates":[[9.7814,44.4896],[9.7825,44.482]]}},{"type":"Feature","properties":{"kmh":58.7,"corse":5850},"geometry":{"type":"LineString","coordinates":[[9.7814,44.4896],[9.7825,44.482]]}},{"type":"Feature","properties":{"kmh":43.3,"corse":63731},"geometry":{"type":"LineString","coordinates":[[9.2665,45.4748],[9.24,45.4696],[9.237,45.4665],[9.2374,45.4577]]}},{"type":"Feature","properties":{"kmh":40.0,"corse":331096},"geometry":{"type":"LineString","coordinates":[[9.2115,45.5079],[9.2115,45.5076]]}},{"type":"Feature","properties":{"kmh":52.6,"corse":125122},"geometry":{"type":"LineString","coordinates":[[9.2115,45.5079],[9.2115,45.5076]]}},{"type":"Feature","properties":{"kmh":40.0,"corse":331096},"geometry":{"type":"LineString","coordinates":[[9.2115,45.5076],[9.2115,45.5073]]}},{"type":"Feature","properties":{"kmh":52.6,"corse":125122},"geometry":{"type":"LineString","coordinates":[[9.2115,45.5076],[9.2115,45.5073]]}},{"type":"Feature","properties":{"kmh":40.0,"corse":331096},"geometry":{"type":"LineString","coordinates":[[9.2155,45.4998],[9.2155,45.4995]]}},{"type":"Feature","properties":{"kmh":52.6,"corse":125122},"geometry":{"type":"LineString","coordinates":[[9.2155,45.4998],[9.2155,45.4995]]}},{"type":"Feature","properties":{"kmh":53.1,"corse":28258},"geometry":{"type":"LineString","coordinates":[[15.0917,37.5011],[15.092,37.5011]]}},{"type":"Feature","properties":{"kmh":54.3,"corse":109974},"geometry":{"type":"LineString","coordinates":[[15.5546,38.1749],[15.5613,38.185]]}},{"type":"Feature","properties":{"kmh":56.2,"corse":22887},"geometry":{"type":"LineString","coordinates":[[15.5546,38.1749],[15.548,38.1681],[15.535,38.1704],[15.4551,38.2327],[15.4482,38.2356],[15.4409,38.2362],[15.4153,38.2319],[15.3892,38.2235],[15.3779,38.2148],[15.3655,38.2097],[15.3534,38.2069],[15.3382,38.2041],[15.327,38.2047],[15.2853,38.1993],[15.2738,38.1961],[15.2476,38.1992],[15.2372,38.1974],[15.2297,38.192],[15.2243,38.1767],[15.2087,38.1587],[15.1804,38.1451],[15.167,38.1348],[15.1451,38.1225],[15.124,38.1155],[15.0939,38.111],[15.0727,38.1123],[14.9753,38.1469]]}},{"type":"Feature","properties":{"kmh":59.2,"corse":60343},"geometry":{"type":"LineString","coordinates":[[8.0675,45.5572],[8.0628,45.5647],[8.0639,45.5669],[8.0685,45.5685],[8.0755,45.5661],[8.0891,45.5645],[8.1033,45.5575],[8.1725,45.5652],[8.1767,45.5638],[8.1821,45.558],[8.1936,45.5545],[8.2061,45.5473],[8.2121,45.5414],[8.2317,45.5402],[8.2432,45.5323],[8.2537,45.529],[8.311,45.5335],[8.3206,45.5388],[8.3844,45.525],[8.4292,45.5291],[8.44,45.5247],[8.4895,45.4916],[8.5722,45.4793],[8.5761,45.477],[8.5864,45.4635],[8.611,45.4532],[8.6182,45.4537]]}},{"type":"Feature","properties":{"kmh":59.1,"corse":30574},"geometry":{"type":"LineString","coordinates":[[14.1041,41.3175],[14.1252,41.2883],[14.1288,41.2749],[14.1281,41.2704],[14.1078,41.2425],[14.0786,41.2328],[14.0651,41.2211],[14.0623,41.2157],[14.0615,41.2014],[14.069,41.1913],[14.0769,41.1876],[14.1554,41.1785],[14.1624,41.1717],[14.1909,41.1318]]}},{"type":"Feature","properties":{"kmh":45.8,"corse":190595},"geometry":{"type":"LineString","coordinates":[[14.3216,41.0689],[14.3112,41.0671],[14.3026,41.0618],[14.2837,41.03],[14.2479,41.0034]]}},{"type":"Feature","properties":{"kmh":45.6,"corse":209306},"geometry":{"type":"LineString","coordinates":[[14.2479,41.0034],[14.2185,40.9815],[14.2175,40.9767],[14.2198,40.9683]]}},{"type":"Feature","properties":{"kmh":46.0,"corse":19761},"geometry":{"type":"LineString","coordinates":[[14.2479,41.0034],[14.2541,41.0092],[14.2523,41.0154],[14.2261,41.0338],[14.184,41.0862],[14.1671,41.102],[14.1611,41.1096],[14.1557,41.1216],[14.1519,41.1462],[14.1397,41.1669]]}},{"type":"Feature","properties":{"kmh":52.7,"corse":21417},"geometry":{"type":"LineString","coordinates":[[12.5686,44.0669],[12.5574,44.0721],[12.5194,44.0983],[12.4958,44.1176],[12.476,44.1375],[12.4677,44.1417],[12.464,44.1477],[12.4524,44.1577],[12.3926,44.1984],[12.388,44.2056],[12.3573,44.2384],[12.3511,44.2547],[12.3336,44.2706],[12.3023,44.3032],[12.2834,44.3256],[12.2668,44.3528],[12.2188,44.3968],[12.2105,44.4109],[12.2082,44.4192]]}},{"type":"Feature","properties":{"kmh":57.9,"corse":97095},"geometry":{"type":"LineString","coordinates":[[11.3742,44.4659],[11.3701,44.4558],[11.3546,44.4396],[11.3514,44.4222],[11.3514,44.4127],[11.3395,44.3939],[11.3407,44.3795]]}},{"type":"Feature","properties":{"kmh":53.6,"corse":13191},"geometry":{"type":"LineString","coordinates":[[11.1802,44.2236],[11.188,44.218],[11.1906,44.2135]]}},{"type":"Feature","properties":{"kmh":43.6,"corse":22151},"geometry":{"type":"LineString","coordinates":[[11.2697,43.7848],[11.2736,43.7811]]}},{"type":"Feature","properties":{"kmh":56.6,"corse":43341},"geometry":{"type":"LineString","coordinates":[[10.7832,45.1587],[10.7738,45.1544],[10.7733,45.1503],[10.7993,45.1433],[10.8069,45.1449],[10.8152,45.1442],[10.9037,45.1804],[11.0123,45.1861],[11.0634,45.1835],[11.0673,45.182]]}},{"type":"Feature","properties":{"kmh":54.7,"corse":12194},"geometry":{"type":"LineString","coordinates":[[11.7811,45.077],[11.7815,45.069],[11.7853,45.0601],[11.7965,45.0477],[11.8033,45.0454],[11.8159,45.0454],[11.8679,45.0511],[11.9204,45.0425],[11.949,45.052],[11.9676,45.0522],[11.9981,45.0614],[12.0686,45.0603],[12.1445,45.0512],[12.1835,45.0604],[12.1969,45.0595],[12.2417,45.0763],[12.2472,45.0813],[12.2537,45.0999],[12.2528,45.1055],[12.2481,45.1154],[12.2552,45.1233],[12.2707,45.1527],[12.2794,45.1899],[12.2789,45.1927],[12.2746,45.1978],[12.2753,45.2103]]}},{"type":"Feature","properties":{"kmh":57.3,"corse":86815},"geometry":{"type":"LineString","coordinates":[[9.0771,45.7695],[9.0708,45.7735],[9.0442,45.8261],[9.0354,45.8303],[9.0178,45.8316],[9.0001,45.8355],[8.9992,45.8391],[9.0076,45.8424],[9.0076,45.847],[8.9987,45.8491],[8.9903,45.8467],[8.9795,45.8496],[8.9775,45.8551],[8.9715,45.8613],[8.972,45.864],[8.9639,45.8593],[8.9562,45.8571],[8.9498,45.8515],[8.9362,45.8468],[8.9343,45.8428],[8.9312,45.8407],[8.9186,45.8407],[8.9055,45.8377]]}},{"type":"Feature","properties":{"kmh":44.4,"corse":98874},"geometry":{"type":"LineString","coordinates":[[9.0771,45.7695],[9.0733,45.7749]]}},{"type":"Feature","properties":{"kmh":54.2,"corse":94155},"geometry":{"type":"LineString","coordinates":[[11.3399,46.4813],[11.3362,46.4742],[11.3304,46.4723],[11.3105,46.4828],[11.2936,46.4869],[11.2844,46.4949],[11.2771,46.4987],[11.2705,46.4994],[11.269,46.5057],[11.2473,46.5204],[11.2494,46.5274],[11.2417,46.5313],[11.2323,46.5415],[11.2255,46.5445],[11.2254,46.5493],[11.2177,46.5569],[11.2186,46.5618],[11.2121,46.5677],[11.2006,46.5733],[11.1909,46.5822],[11.1848,46.604],[11.1813,46.6101],[11.1847,46.6164],[11.1843,46.6212],[11.1792,46.6298],[11.1737,46.6338],[11.1692,46.6402],[11.1464,46.6575],[11.1507,46.6633],[11.1498,46.6688],[11.151,46.6712],[11.1475,46.6743]]}},{"type":"Feature","properties":{"kmh":48.9,"corse":12684},"geometry":{"type":"LineString","coordinates":[[11.6241,46.7781],[11.6278,46.7769],[11.6409,46.778],[11.6519,46.7714],[11.6593,46.7718],[11.6664,46.7754],[11.6708,46.7812],[11.6656,46.7908],[11.6713,46.7996],[11.6854,46.8134],[11.6981,46.8177],[11.7123,46.8177],[11.7194,46.8143],[11.7278,46.8155],[11.7328,46.8128],[11.7385,46.813],[11.7467,46.8097],[11.7861,46.8085],[11.7999,46.8101],[11.8112,46.8051],[11.8328,46.8062],[11.8395,46.8038],[11.8448,46.7973],[11.8551,46.7938],[11.858,46.7897],[11.8643,46.7861],[11.872,46.7854],[11.8749,46.7889],[11.8783,46.7897],[11.8851,46.7876],[11.8934,46.7825],[11.905,46.7811],[11.9232,46.7832],[11.9255,46.7859],[11.9247,46.7907],[11.9343,46.7996],[11.9472,46.8026],[11.9504,46.8011],[11.9499,46.7971],[11.9528,46.791],[11.9523,46.7878],[11.9544,46.786],[11.9629,46.7846],[11.9752,46.7911],[11.9837,46.7878],[11.9939,46.7866],[12.0111,46.7783],[12.0121,46.7732],[12.0153,46.7692],[12.0185,46.7687],[12.0259,46.7714],[12.033,46.7639],[12.0412,46.7646],[12.0453,46.7603],[12.0551,46.758],[12.0629,46.7577],[12.0686,46.7603],[12.0795,46.7613],[12.0856,46.759],[12.0948,46.7594],[12.125,46.7444],[12.1466,46.7409],[12.1576,46.7371],[12.1881,46.7356],[12.2141,46.7264],[12.2304,46.7242],[12.2554,46.7266],[12.272,46.7327]]}},{"type":"Feature","properties":{"kmh":53.7,"corse":23323},"geometry":{"type":"LineString","coordinates":[[11.4435,43.7736],[11.4471,43.7752],[11.4475,43.7793],[11.4506,43.7832],[11.4654,43.7885],[11.464,43.7978],[11.4703,43.8027],[11.4755,43.8101],[11.4814,43.8139],[11.4876,43.8274],[11.4946,43.8283],[11.4975,43.8304],[11.4969,43.8434],[11.498,43.846],[11.5064,43.8513],[11.5144,43.8509],[11.5178,43.8546],[11.5287,43.859],[11.5313,43.8617],[11.5284,43.8817],[11.5247,43.8891],[11.52,43.892],[11.5155,43.899],[11.5061,43.9036],[11.5045,43.9117],[11.4942,43.9207],[11.492,43.9263],[11.4843,43.9269],[11.4767,43.9306],[11.4664,43.9304],[11.4451,43.9369],[11.4337,43.9429],[11.4168,43.9448],[11.3911,43.958],[11.3803,43.9598],[11.3917,43.9593],[11.3954,43.9609],[11.3974,43.9658],[11.4076,43.9786],[11.4084,43.9848],[11.4164,43.9895],[11.4162,43.9919],[11.4105,43.9965],[11.4114,43.9995],[11.4145,44.0008],[11.4237,43.9999],[11.4442,44.0165],[11.4513,44.0158],[11.4683,43.9972],[11.4744,43.9965],[11.4899,44.0057],[11.4956,44.0071],[11.5334,44.033],[11.5449,44.0343],[11.5484,44.0393],[11.5483,44.0432],[11.5467,44.0461],[11.5469,44.0509],[11.54,44.0553],[11.5419,44.0592],[11.5481,44.0596],[11.5533,44.0553],[11.5572,44.055],[11.5654,44.0612],[11.5839,44.0619],[11.5912,44.0667],[11.5996,44.0659],[11.6042,44.0717],[11.615,44.0733],[11.6181,44.0786]]}},{"type":"Feature","properties":{"kmh":42.8,"corse":15827},"geometry":{"type":"LineString","coordinates":[[11.268,43.7915],[11.2672,43.789],[11.2686,43.786]]}},{"type":"Feature","properties":{"kmh":53.4,"corse":33570},"geometry":{"type":"LineString","coordinates":[[11.6181,44.0786],[11.6213,44.0818]]}},{"type":"Feature","properties":{"kmh":44.5,"corse":2866},"geometry":{"type":"LineString","coordinates":[[11.6181,44.0786],[11.6213,44.0818]]}},{"type":"Feature","properties":{"kmh":52.6,"corse":35676},"geometry":{"type":"LineString","coordinates":[[11.6213,44.0818],[11.6276,44.0876],[11.6336,44.0901],[11.6394,44.0975],[11.6623,44.1089],[11.6764,44.1209],[11.6812,44.1287],[11.6816,44.133],[11.6863,44.1392],[11.6897,44.1517],[11.6869,44.1579],[11.688,44.1682],[11.6922,44.1735],[11.6929,44.178],[11.6992,44.186],[11.7229,44.1994],[11.7309,44.2059],[11.7441,44.2088],[11.7559,44.2164],[11.7757,44.2223],[11.7943,44.231],[11.8107,44.2479],[11.8524,44.2778],[11.868,44.2956],[11.8752,44.2968]]}},{"type":"Feature","properties":{"kmh":44.9,"corse":135639},"geometry":{"type":"LineString","coordinates":[[9.4911,45.309],[9.4813,45.3092],[9.3842,45.3304],[9.3255,45.3499],[9.3212,45.3534],[9.3085,45.3729],[9.2517,45.4197],[9.2451,45.4233]]}},{"type":"Feature","properties":{"kmh":56.2,"corse":687778},"geometry":{"type":"LineString","coordinates":[[12.5272,41.8874],[12.5249,41.8801],[12.5201,41.8771],[12.5112,41.876],[12.5051,41.8712],[12.4958,41.8709],[12.4814,41.8731],[12.4646,41.872],[12.4606,41.8695],[12.4631,41.8638]]}},{"type":"Feature","properties":{"kmh":46.9,"corse":36261},"geometry":{"type":"LineString","coordinates":[[10.2113,45.5327],[10.1991,45.5376],[10.1943,45.5423],[10.1806,45.546],[10.1588,45.546],[10.14,45.5498],[10.1065,45.5752],[10.0787,45.5914],[10.0735,45.5918],[10.0553,45.5882],[10.0456,45.5912],[10.0355,45.5893],[10.0296,45.5932],[10.03,45.6011],[10.0169,45.6102],[10.0173,45.6156],[10.021,45.6234],[10.0307,45.6334],[10.0366,45.6361],[10.0379,45.6396],[10.036,45.6448],[10.0472,45.6502],[10.0537,45.6621],[10.0735,45.6694],[10.0795,45.6746],[10.0889,45.679],[10.1031,45.6911],[10.1042,45.6954],[10.1088,45.7011],[10.1085,45.7042],[10.111,45.7076],[10.1123,45.715],[10.1103,45.7206],[10.1045,45.7259],[10.0985,45.7269],[10.0956,45.7293],[10.092,45.7349],[10.0934,45.7401],[10.0884,45.7481],[10.0756,45.7594],[10.0682,45.7703],[10.0736,45.7818],[10.0847,45.7852],[10.1022,45.7949],[10.1056,45.7987],[10.106,45.8093],[10.1152,45.8225],[10.1301,45.8375],[10.1386,45.84],[10.1432,45.8441],[10.1451,45.8471],[10.1453,45.8525],[10.1555,45.8559],[10.168,45.8671],[10.1701,45.873],[10.1777,45.8765],[10.1809,45.881],[10.1818,45.8864],[10.1898,45.8908],[10.1932,45.8947],[10.1947,45.8994],[10.2009,45.9054],[10.2198,45.9147],[10.2394,45.9279],[10.2492,45.9364],[10.2609,45.9423],[10.2755,45.9452],[10.2789,45.9539],[10.3006,45.9591],[10.3143,45.9598],[10.3188,45.9661],[10.3245,45.9806],[10.3338,45.9849],[10.3351,45.9905],[10.3394,45.9974],[10.3478,46.0015],[10.3442,46.0102],[10.3491,46.0168],[10.3453,46.0217],[10.3476,46.0283],[10.3468,46.0345],[10.344,46.0379],[10.351,46.0567],[10.3497,46.0622],[10.3507,46.0713],[10.3433,46.0842],[10.3371,46.0862],[10.327,46.0847],[10.3162,46.0875],[10.3101,46.1011],[10.3116,46.1062],[10.311,46.1135],[10.3159,46.1167],[10.3183,46.1258],[10.3275,46.1337],[10.3345,46.1368],[10.3384,46.1435],[10.3441,46.1483],[10.3458,46.1555],[10.3511,46.1624],[10.3493,46.1696],[10.3432,46.1742],[10.3267,46.1771]]}},{"type":"Feature","properties":{"kmh":53.7,"corse":101933},"geometry":{"type":"LineString","coordinates":[[9.7063,45.0521],[9.7038,45.0576],[9.7159,45.0752],[9.7192,45.0989],[9.7165,45.1045],[9.7046,45.1136]]}},{"type":"Feature","properties":{"kmh":54.1,"corse":319},"geometry":{"type":"LineString","coordinates":[[11.6498,46.7099],[11.649,46.7063]]}},{"type":"Feature","properties":{"kmh":44.5,"corse":2388},"geometry":{"type":"LineString","coordinates":[[11.5286,44.533],[11.5363,44.5345],[11.5406,44.5383],[11.563,44.5736],[11.5647,44.5811],[11.5703,44.5896],[11.6049,44.6063],[11.6328,44.6138],[11.6698,44.628],[11.6824,44.6309],[11.6922,44.6384],[11.7063,44.6401],[11.7293,44.6555],[11.7358,44.6581],[11.7612,44.6595],[11.7726,44.6616],[11.7835,44.6676],[11.8059,44.6859],[11.8049,44.6924],[11.7998,44.6967]]}},{"type":"Feature","properties":{"kmh":59.3,"corse":4462},"geometry":{"type":"LineString","coordinates":[[11.4837,43.1355],[11.4841,43.1403],[11.482,43.1427],[11.4643,43.148],[11.4516,43.1696],[11.452,43.1749],[11.4504,43.1785],[11.432,43.1968],[11.4307,43.2015],[11.4315,43.2138],[11.418,43.2327],[11.401,43.2486],[11.3917,43.2535],[11.3799,43.2564],[11.3761,43.2608],[11.3755,43.2631],[11.3793,43.271],[11.3772,43.2776],[11.3822,43.2838],[11.3825,43.2906]]}},{"type":"Feature","properties":{"kmh":57.9,"corse":119482},"geometry":{"type":"LineString","coordinates":[[11.323,43.3318],[11.3156,43.3343],[11.3102,43.3403],[11.3044,43.3521],[11.3026,43.3618],[11.2978,43.3661],[11.2876,43.3687],[11.2851,43.3718],[11.2846,43.3782],[11.2768,43.3824],[11.2703,43.3882],[11.2552,43.3898],[11.2498,43.389],[11.2419,43.3937],[11.2195,43.3963],[11.2085,43.4158],[11.2039,43.4185],[11.1934,43.4186],[11.1859,43.426],[11.1804,43.4284],[11.1796,43.4306],[11.1814,43.4357],[11.1794,43.4394],[11.1712,43.4412],[11.163,43.4375],[11.1554,43.4405],[11.1522,43.4503],[11.159,43.459],[11.1585,43.4631],[11.1288,43.4829],[11.1083,43.5017],[11.0885,43.5119],[11.0744,43.5271],[11.0624,43.5298],[11.0526,43.5358],[11.043,43.539],[11.0362,43.549],[10.9727,43.5986],[10.9646,43.6114],[10.9545,43.646],[10.9299,43.6618],[10.9105,43.681],[10.9056,43.6916],[10.9093,43.703],[10.9184,43.7115],[10.9421,43.7149]]}},{"type":"Feature","properties":{"kmh":56.4,"corse":18291},"geometry":{"type":"LineString","coordinates":[[8.8619,45.6182],[8.8712,45.6118],[8.8701,45.6095],[8.8654,45.6084]]}},{"type":"Feature","properties":{"kmh":40.2,"corse":182354},"geometry":{"type":"LineString","coordinates":[[9.4145,45.5012],[9.4975,45.5157],[9.5089,45.5152],[9.5234,45.5118],[9.5521,45.5132]]}},{"type":"Feature","properties":{"kmh":40.4,"corse":71222},"geometry":{"type":"LineString","coordinates":[[9.5521,45.5132],[9.5715,45.5143],[9.5788,45.5187],[9.6198,45.6056]]}},{"type":"Feature","properties":{"kmh":53.7,"corse":688},"geometry":{"type":"LineString","coordinates":[[9.5521,45.5132],[9.5803,45.5146]]}},{"type":"Feature","properties":{"kmh":47.6,"corse":46550},"geometry":{"type":"LineString","coordinates":[[8.8792,45.8542],[8.8815,45.8542]]}},{"type":"Feature","properties":{"kmh":45.6,"corse":422},"geometry":{"type":"LineString","coordinates":[[8.8792,45.8542],[8.8799,45.8542]]}},{"type":"Feature","properties":{"kmh":54.3,"corse":119384},"geometry":{"type":"LineString","coordinates":[[8.8815,45.8542],[8.8871,45.8523],[8.8968,45.8407],[8.9046,45.8377]]}},{"type":"Feature","properties":{"kmh":58.5,"corse":72834},"geometry":{"type":"LineString","coordinates":[[8.8815,45.8542],[8.8799,45.8542]]}},{"type":"Feature","properties":{"kmh":47.6,"corse":46550},"geometry":{"type":"LineString","coordinates":[[8.9046,45.8377],[8.9055,45.8377]]}},{"type":"Feature","properties":{"kmh":58.5,"corse":72834},"geometry":{"type":"LineString","coordinates":[[8.9046,45.8377],[8.9055,45.8377]]}},{"type":"Feature","properties":{"kmh":44.9,"corse":108962},"geometry":{"type":"LineString","coordinates":[[9.1599,45.4983],[9.1592,45.5022]]}},{"type":"Feature","properties":{"kmh":51.6,"corse":298359},"geometry":{"type":"LineString","coordinates":[[9.1599,45.4983],[9.1607,45.4977]]}},{"type":"Feature","properties":{"kmh":49.8,"corse":1697},"geometry":{"type":"LineString","coordinates":[[9.4269,45.8017],[9.4295,45.7997]]}},{"type":"Feature","properties":{"kmh":43.5,"corse":299246},"geometry":{"type":"LineString","coordinates":[[9.4295,45.7997],[9.4339,45.7946],[9.4346,45.7909],[9.4288,45.7851],[9.4261,45.7795],[9.4172,45.7722],[9.4175,45.7695],[9.4226,45.7621],[9.4213,45.7507],[9.4196,45.7479],[9.4055,45.7378],[9.4019,45.7169],[9.3989,45.7101],[9.3995,45.6991],[9.3884,45.6846],[9.3824,45.6602],[9.3715,45.65]]}},{"type":"Feature","properties":{"kmh":43.5,"corse":297549},"geometry":{"type":"LineString","coordinates":[[9.4295,45.7997],[9.422,45.8047],[9.4206,45.8073]]}},{"type":"Feature","properties":{"kmh":44.0,"corse":41983},"geometry":{"type":"LineString","coordinates":[[9.3715,45.65],[9.3908,45.6689],[9.4483,45.68],[9.4556,45.6843],[9.4828,45.684],[9.5401,45.689],[9.5725,45.6998],[9.5844,45.6991]]}},{"type":"Feature","properties":{"kmh":51.7,"corse":7157},"geometry":{"type":"LineString","coordinates":[[14.5283,37.2291],[14.5516,37.229],[14.5563,37.2212],[14.5576,37.2154],[14.5638,37.2119],[14.5726,37.2101],[14.5795,37.2151],[14.5946,37.217],[14.6045,37.2102],[14.6127,37.2081],[14.6244,37.2018],[14.6301,37.2008],[14.6422,37.2101],[14.6506,37.2133],[14.6631,37.211],[14.6703,37.2024],[14.6846,37.2023],[14.6899,37.204],[14.6925,37.2102],[14.7053,37.2139],[14.7122,37.2109],[14.7189,37.2051],[14.7193,37.2029],[14.7164,37.1999],[14.7168,37.1972],[14.7243,37.1893],[14.7263,37.1842],[14.7319,37.1823],[14.7373,37.1874],[14.7381,37.1912],[14.7414,37.1942],[14.7432,37.202],[14.7498,37.207],[14.7509,37.2107],[14.7567,37.216],[14.7558,37.222],[14.7505,37.2225],[14.7483,37.2243],[14.7495,37.2399],[14.7559,37.2444],[14.761,37.2514],[14.7679,37.2566],[14.7746,37.2593],[14.7834,37.2681],[14.7818,37.2734],[14.7854,37.2798],[14.7842,37.283],[14.785,37.2913],[14.7901,37.294],[14.7958,37.3004],[14.7949,37.3027],[14.7893,37.305],[14.7902,37.3083],[14.7947,37.3093],[14.7983,37.3129],[14.8078,37.3147],[14.8094,37.3119],[14.8037,37.3084],[14.8044,37.3049],[14.8073,37.3043],[14.8117,37.3066],[14.8172,37.3049],[14.8242,37.3065],[14.8354,37.2997],[14.8353,37.2969],[14.8279,37.291],[14.8298,37.2886],[14.8361,37.2877],[14.8464,37.29],[14.8538,37.2969],[14.902,37.3238],[14.9336,37.3357],[14.9482,37.3375],[14.9637,37.3427],[14.9794,37.3361],[14.9814,37.3379],[14.9812,37.3424]]}},{"type":"Feature","properties":{"kmh":55.9,"corse":2031},"geometry":{"type":"LineString","coordinates":[[14.664,41.5581],[14.6606,41.5546],[14.649,41.5516],[14.6448,41.5445],[14.6346,41.5411],[14.6317,41.5345],[14.6256,41.5322],[14.6183,41.5327],[14.6148,41.529],[14.5975,41.5234],[14.5966,41.5181],[14.5889,41.511],[14.5888,41.5091],[14.5919,41.5076],[14.6029,41.5074],[14.6048,41.5012],[14.6009,41.4953],[14.5938,41.4924],[14.5938,41.4878],[14.5885,41.4852],[14.5863,41.4814],[14.5944,41.4719],[14.5987,41.4693],[14.5989,41.4675],[14.5883,41.4646],[14.5866,41.4618],[14.5895,41.4567],[14.5947,41.454],[14.6307,41.4511],[14.6387,41.4471],[14.645,41.446],[14.6531,41.4406],[14.656,41.4348],[14.6552,41.4224],[14.6581,41.4122],[14.6661,41.4001],[14.6701,41.3958],[14.6748,41.3935],[14.6727,41.3891],[14.6741,41.3845],[14.6787,41.3806],[14.6837,41.3803],[14.6891,41.3763],[14.6985,41.3745],[14.7022,41.371],[14.7093,41.3712],[14.7131,41.3649],[14.7128,41.3629],[14.7103,41.3619],[14.7047,41.3651],[14.6845,41.3645],[14.6795,41.3608],[14.6803,41.3543],[14.6758,41.3482],[14.6789,41.3368],[14.6865,41.3319],[14.6881,41.3289],[14.6953,41.3252],[14.6975,41.3219],[14.7085,41.3167],[14.7139,41.318],[14.7211,41.3163],[14.7207,41.3083],[14.7148,41.3032],[14.7105,41.2914],[14.713,41.2901],[14.726,41.2904],[14.7269,41.2834],[14.7287,41.2811],[14.7264,41.2774],[14.7268,41.2719],[14.7296,41.2675],[14.7376,41.2667],[14.7369,41.2624],[14.7383,41.2582],[14.7428,41.2543],[14.7471,41.2536],[14.755,41.2556],[14.7604,41.2524],[14.7641,41.2476],[14.7708,41.2472],[14.774,41.2447],[14.7868,41.242],[14.7885,41.2391],[14.7883,41.2284],[14.7837,41.2239],[14.7906,41.2144],[14.7876,41.2116],[14.7867,41.2068],[14.7801,41.2035],[14.7801,41.1995],[14.8034,41.1884],[14.8103,41.1878],[14.8145,41.1855],[14.8275,41.1898],[14.8391,41.1856],[14.8392,41.1835],[14.8367,41.1822],[14.832,41.1856],[14.8288,41.1856],[14.8265,41.1823],[14.8224,41.1804],[14.8202,41.1763],[14.8096,41.176],[14.8056,41.1724],[14.7954,41.1723],[14.791,41.1751],[14.7883,41.1744],[14.7885,41.1711],[14.8023,41.1641],[14.8042,41.1545],[14.7959,41.1504],[14.7835,41.1514],[14.7766,41.1412]]}},{"type":"Feature","properties":{"kmh":57.4,"corse":90461},"geometry":{"type":"LineString","coordinates":[[13.2364,46.0543],[13.2309,46.0522],[13.2302,46.0491],[13.2586,45.9802],[13.2878,45.9331],[13.2938,45.9188],[13.2975,45.9023],[13.3122,45.87],[13.315,45.8583],[13.3205,45.8508],[13.3277,45.8285],[13.3312,45.8264]]}},{"type":"Feature","properties":{"kmh":58.5,"corse":382},"geometry":{"type":"LineString","coordinates":[[13.3334,45.8259],[13.3412,45.8242]]}},{"type":"Feature","properties":{"kmh":53.5,"corse":819},"geometry":{"type":"LineString","coordinates":[[14.6085,40.8164],[14.6123,40.8134]]}},{"type":"Feature","properties":{"kmh":42.7,"corse":104314},"geometry":{"type":"LineString","coordinates":[[9.0254,45.6289],[8.9696,45.6663],[8.9542,45.6787],[8.9268,45.6959],[8.9126,45.7081],[8.9024,45.7128],[8.8942,45.7241],[8.8953,45.7389],[8.8869,45.7784],[8.8909,45.7851],[8.8823,45.7941],[8.8692,45.7961],[8.8608,45.8041],[8.8532,45.8071],[8.839,45.8197],[8.8325,45.8176],[8.833,45.8135],[8.8314,45.8113],[8.8153,45.8137],[8.802,45.8189],[8.7987,45.8242],[8.7808,45.8255],[8.7683,45.8312],[8.7437,45.8365],[8.7355,45.8402],[8.7159,45.845],[8.6904,45.86]]}},{"type":"Feature","properties":{"kmh":45.1,"corse":119775},"geometry":{"type":"LineString","coordinates":[[9.0254,45.6289],[9.0235,45.6315],[9.0246,45.6347],[9.0339,45.6391],[9.0358,45.6419],[9.04,45.6876],[9.0356,45.6951]]}},{"type":"Feature","properties":{"kmh":44.8,"corse":29607},"geometry":{"type":"LineString","coordinates":[[10.5121,43.837],[10.5112,43.837]]}},{"type":"Feature","properties":{"kmh":44.2,"corse":7357},"geometry":{"type":"LineString","coordinates":[[15.0616,37.4755],[15.0625,37.4764]]}},{"type":"Feature","properties":{"kmh":59.0,"corse":85709},"geometry":{"type":"LineString","coordinates":[[16.6129,38.8219],[16.6095,38.82]]}},{"type":"Feature","properties":{"kmh":58.4,"corse":80972},"geometry":{"type":"LineString","coordinates":[[16.6095,38.82],[16.6036,38.8174],[16.5876,38.8306],[16.5843,38.841],[16.5673,38.8568],[16.559,38.8729],[16.5545,38.8782],[16.5062,38.9059],[16.489,38.9126],[16.4686,38.923],[16.4592,38.9232],[16.448,38.9174],[16.4375,38.9147],[16.4143,38.9149],[16.3847,38.9362],[16.374,38.9351],[16.3644,38.9389],[16.3586,38.9453],[16.3451,38.9507],[16.339,38.9617],[16.3308,38.9643],[16.3268,38.9681],[16.3111,38.9642],[16.2909,38.9621],[16.2726,38.9553],[16.2585,38.9314],[16.2496,38.9256],[16.2508,38.923],[16.2591,38.9204],[16.2636,38.917]]}},{"type":"Feature","properties":{"kmh":53.2,"corse":18020},"geometry":{"type":"LineString","coordinates":[[16.6095,38.82],[16.602,38.8126],[16.5956,38.8014],[16.5649,38.7717],[16.5642,38.7689],[16.567,38.7627],[16.5655,38.7559],[16.5595,38.7495],[16.5565,38.7429],[16.5357,38.7224],[16.5319,38.7095],[16.5338,38.7042],[16.5428,38.6956],[16.5503,38.6827],[16.5475,38.6617],[16.5494,38.6402],[16.5569,38.6059],[16.5619,38.5935],[16.5712,38.5596],[16.5701,38.5372],[16.5735,38.5137],[16.5781,38.4995],[16.5801,38.4714],[16.5798,38.4505],[16.571,38.43],[16.5668,38.4243],[16.5491,38.407],[16.4964,38.363],[16.4667,38.3435],[16.3704,38.3095],[16.3577,38.3061],[16.3483,38.3057],[16.333,38.3012],[16.318,38.2897],[16.3017,38.2705],[16.2869,38.2592],[16.2694,38.2379],[16.2291,38.1985],[16.1962,38.163],[16.1778,38.1469],[16.1686,38.1413],[16.161,38.1317],[16.1565,38.0992],[16.1442,38.0532],[16.1407,38.0455],[16.1433,38.0393],[16.1424,38.0291],[16.1233,37.9984],[16.1127,37.9775],[16.0991,37.9596],[16.063,37.9257],[16.0453,37.923],[16.0373,37.9245],[16.0215,37.9232],[15.9985,37.9168],[15.9911,37.9185],[15.9612,37.92],[15.9496,37.9242],[15.9381,37.9253],[15.9311,37.9291],[15.9206,37.9305],[15.8986,37.9279],[15.8799,37.9287],[15.8345,37.9199],[15.8066,37.9206],[15.7901,37.9171],[15.7776,37.9166]]}},{"type":"Feature","properties":{"kmh":59.5,"corse":1355},"geometry":{"type":"LineString","coordinates":[[10.5144,43.3103],[10.513,43.3123]]}},{"type":"Feature","properties":{"kmh":44.7,"corse":153152},"geometry":{"type":"LineString","coordinates":[[12.5191,41.9967],[12.5205,42.0107],[12.5219,42.0128],[12.5327,42.016],[12.5528,42.0357],[12.5696,42.0465],[12.5735,42.0513],[12.5892,42.0581],[12.6028,42.0699],[12.6103,42.0852],[12.631,42.1013],[12.636,42.114],[12.643,42.1219],[12.6439,42.1468],[12.648,42.1526]]}},{"type":"Feature","properties":{"kmh":44.0,"corse":87513},"geometry":{"type":"LineString","coordinates":[[12.648,42.1526],[12.6484,42.1598]]}},{"type":"Feature","properties":{"kmh":46.9,"corse":43817},"geometry":{"type":"LineString","coordinates":[[12.648,42.1526],[12.6473,42.1619],[12.6207,42.1811],[12.6185,42.1865],[12.6178,42.1948],[12.6145,42.2021],[12.6148,42.207],[12.62,42.2161],[12.6308,42.2219],[12.635,42.2269],[12.6319,42.2353],[12.6331,42.2422]]}},{"type":"Feature","properties":{"kmh":59.0,"corse":77401},"geometry":{"type":"LineString","coordinates":[[7.7168,44.5466],[7.7184,44.552],[7.7174,44.5561]]}},{"type":"Feature","properties":{"kmh":42.3,"corse":434},"geometry":{"type":"LineString","coordinates":[[9.4056,46.32],[9.4001,46.3093],[9.3916,46.3066],[9.3875,46.2998],[9.3891,46.2959],[9.3984,46.2876],[9.3974,46.2754],[9.399,46.2716],[9.4376,46.2322],[9.447,46.2267],[9.446,46.2202],[9.448,46.2122],[9.4587,46.2092],[9.4605,46.207],[9.459,46.2031],[9.4522,46.2003],[9.4493,46.1924],[9.4428,46.1839],[9.4131,46.1528],[9.4119,46.1478],[9.4082,46.1452]]}},{"type":"Feature","properties":{"kmh":48.4,"corse":145610},"geometry":{"type":"LineString","coordinates":[[9.4082,46.1452],[9.3831,46.141],[9.3738,46.1375],[9.353,46.1276],[9.3467,46.1161],[9.3285,46.1144],[9.3256,46.1126],[9.317,46.1005],[9.316,46.0957],[9.3119,46.0912],[9.3109,46.0813],[9.3052,46.0762],[9.3126,46.0632],[9.3124,46.0524],[9.3073,46.0485],[9.2995,46.0346],[9.2873,46.0275],[9.2881,46.0176],[9.2847,46.0112],[9.2916,46.0048],[9.293,45.998],[9.2917,45.994],[9.2925,45.9879],[9.2971,45.9818],[9.2987,45.9739],[9.3046,45.967],[9.3028,45.9622],[9.3026,45.9507],[9.3134,45.9398],[9.3125,45.9249],[9.3137,45.9209],[9.3248,45.913],[9.332,45.9031],[9.3327,45.8984],[9.3347,45.8961],[9.3387,45.8951],[9.3453,45.8964],[9.3523,45.8938],[9.3575,45.8906],[9.3614,45.8854],[9.3766,45.8756],[9.3787,45.8686],[9.3821,45.8663],[9.3841,45.8614],[9.3936,45.8566],[9.4099,45.8374],[9.4187,45.8179],[9.4224,45.8135],[9.4206,45.8076]]}},{"type":"Feature","properties":{"kmh":53.5,"corse":94811},"geometry":{"type":"LineString","coordinates":[[9.4082,46.1452],[9.4152,46.1457],[9.4402,46.1386],[9.497,46.1387],[9.5199,46.1351],[9.5583,46.1337],[9.5723,46.1373],[9.582,46.1351],[9.6214,46.145],[9.6309,46.1553],[9.6608,46.1647],[9.7278,46.1624],[9.7721,46.1576],[9.7905,46.1616],[9.834,46.1617],[9.8596,46.1682],[9.8729,46.1671]]}},{"type":"Feature","properties":{"kmh":44.3,"corse":59388},"geometry":{"type":"LineString","coordinates":[[7.8228,45.0061],[7.8123,44.9996],[7.7724,44.9918],[7.7561,44.9746],[7.7512,44.9743],[7.7373,44.9794]]}},{"type":"Feature","properties":{"kmh":51.7,"corse":64679},"geometry":{"type":"LineString","coordinates":[[13.9698,42.7396],[13.971,42.7352],[13.957,42.7268],[13.9168,42.7118],[13.8886,42.7068],[13.8254,42.7059],[13.8012,42.6996],[13.7741,42.6866],[13.7482,42.6799],[13.7158,42.6606]]}},{"type":"Feature","properties":{"kmh":49.3,"corse":85330},"geometry":{"type":"LineString","coordinates":[[7.6615,45.0122],[7.6686,45.005],[7.6689,45.0021],[7.6671,44.9995],[7.6401,44.9905],[7.6174,44.976],[7.5958,44.9594],[7.5738,44.9541],[7.541,44.9382]]}},{"type":"Feature","properties":{"kmh":48.0,"corse":1530},"geometry":{"type":"LineString","coordinates":[[7.541,44.9382],[7.54,44.938]]}},{"type":"Feature","properties":{"kmh":49.4,"corse":83800},"geometry":{"type":"LineString","coordinates":[[7.541,44.9382],[7.5143,44.9356],[7.4757,44.9264],[7.4223,44.9213],[7.3877,44.9105],[7.3676,44.8979],[7.3373,44.8877]]}},{"type":"Feature","properties":{"kmh":51.3,"corse":499},"geometry":{"type":"LineString","coordinates":[[12.4515,41.8982],[12.4552,41.8956]]}},{"type":"Feature","properties":{"kmh":59.1,"corse":28099},"geometry":{"type":"LineString","coordinates":[[13.003,41.7401],[12.9855,41.7486],[12.9691,41.7656],[12.9655,41.7675],[12.9588,41.7694],[12.9386,41.771],[12.9293,41.7741],[12.9117,41.7754],[12.9003,41.7817],[12.8893,41.7831],[12.8743,41.7881],[12.8603,41.7885],[12.8515,41.791],[12.8473,41.7945],[12.8442,41.8045],[12.8401,41.8087],[12.8302,41.8134],[12.8274,41.8172],[12.8254,41.8253],[12.8179,41.8295],[12.7894,41.829],[12.7725,41.8352],[12.7628,41.8361],[12.7536,41.839],[12.7476,41.8384],[12.7343,41.8322],[12.7145,41.8349],[12.7023,41.8342],[12.6894,41.8295],[12.6745,41.8289],[12.6651,41.8226],[12.6499,41.8187],[12.6401,41.811],[12.6237,41.8048],[12.6053,41.8029],[12.5964,41.8053]]}},{"type":"Feature","properties":{"kmh":44.7,"corse":116471},"geometry":{"type":"LineString","coordinates":[[12.5964,41.8053],[12.5723,41.8262],[12.546,41.8599],[12.5419,41.8682]]}},{"type":"Feature","properties":{"kmh":40.2,"corse":88372},"geometry":{"type":"LineString","coordinates":[[12.5964,41.8053],[12.6028,41.8031],[12.6053,41.8003],[12.6038,41.7897],[12.6074,41.7837],[12.6064,41.7654],[12.6009,41.7562],[12.6011,41.7431],[12.61,41.7251],[12.6198,41.7151],[12.6249,41.7067],[12.6533,41.6908],[12.6594,41.6842],[12.6747,41.6764],[12.6869,41.676],[12.6945,41.6697],[12.7033,41.6719],[12.715,41.6715],[12.724,41.6746],[12.7345,41.6745],[12.7437,41.672],[12.7641,41.6788],[12.7769,41.6778],[12.7809,41.6824]]}},{"type":"Feature","properties":{"kmh":50.7,"corse":22965},"geometry":{"type":"LineString","coordinates":[[12.5316,41.8822],[12.5273,41.8872],[12.5283,41.8956],[12.5306,41.8996]]}},{"type":"Feature","properties":{"kmh":45.1,"corse":119654},"geometry":{"type":"LineString","coordinates":[[9.0356,45.6953],[9.0362,45.7026],[9.0444,45.7235],[9.0408,45.7305],[9.04,45.7388],[9.0414,45.7428],[9.05,45.7495],[9.0517,45.7799],[9.0567,45.7814],[9.0663,45.7805],[9.0774,45.7831],[9.091,45.7903],[9.0961,45.7973],[9.0959,45.7995],[9.0841,45.814]]}},{"type":"Feature","properties":{"kmh":49.1,"corse":1652},"geometry":{"type":"LineString","coordinates":[[9.0356,45.6953],[9.0356,45.6951]]}},{"type":"Feature","properties":{"kmh":45.0,"corse":118123},"geometry":{"type":"LineString","coordinates":[[9.0356,45.6953],[9.0356,45.6951]]}},{"type":"Feature","properties":{"kmh":48.1,"corse":468},"geometry":{"type":"LineString","coordinates":[[9.0732,45.7769],[9.0733,45.7749]]}},{"type":"Feature","properties":{"kmh":43.6,"corse":108284},"geometry":{"type":"LineString","coordinates":[[9.0733,45.7749],[9.0749,45.7794],[9.0816,45.7847],[9.0924,45.7899],[9.0936,45.7927],[9.0914,45.7953],[9.083,45.7995],[9.0722,45.8091]]}},{"type":"Feature","properties":{"kmh":56.7,"corse":47320},"geometry":{"type":"LineString","coordinates":[[10.0602,44.8687],[10.0622,44.8681]]}},{"type":"Feature","properties":{"kmh":44.1,"corse":24019},"geometry":{"type":"LineString","coordinates":[[15.6385,38.1066],[15.6338,38.1019]]}},{"type":"Feature","properties":{"kmh":47.5,"corse":44237},"geometry":{"type":"LineString","coordinates":[[15.6338,38.1019],[15.6323,38.0997],[15.6322,38.0938],[15.635,38.0781],[15.6378,38.0746],[15.6523,38.0666],[15.653,38.0636],[15.6491,38.0533],[15.6518,38.0468],[15.6579,38.0398],[15.654,38.0282],[15.6384,38.0183],[15.6359,38.0138]]}},{"type":"Feature","properties":{"kmh":51.7,"corse":20218},"geometry":{"type":"LineString","coordinates":[[15.6338,38.1019],[15.6359,38.1038]]}},{"type":"Feature","properties":{"kmh":44.1,"corse":24019},"geometry":{"type":"LineString","coordinates":[[15.6359,38.0138],[15.6359,38.0132]]}},{"type":"Feature","properties":{"kmh":51.7,"corse":20218},"geometry":{"type":"LineString","coordinates":[[15.6359,38.0138],[15.6359,38.0132]]}},{"type":"Feature","properties":{"kmh":47.5,"corse":44237},"geometry":{"type":"LineString","coordinates":[[15.6359,38.0132],[15.6397,38.0027],[15.6463,37.9925],[15.6789,37.9551],[15.6957,37.95],[15.7148,37.936],[15.7436,37.9277],[15.7622,37.9187],[15.7776,37.9166]]}},{"type":"Feature","properties":{"kmh":44.1,"corse":24019},"geometry":{"type":"LineString","coordinates":[[15.7776,37.9166],[15.7807,37.9167]]}},{"type":"Feature","properties":{"kmh":49.1,"corse":32429},"geometry":{"type":"LineString","coordinates":[[7.5359,44.388],[7.5284,44.3812],[7.5313,44.3669],[7.5297,44.3613],[7.5158,44.3498],[7.5056,44.3354],[7.4829,44.3248],[7.4809,44.321],[7.4877,44.3118],[7.5024,44.3039],[7.5145,44.294],[7.5178,44.2873],[7.5188,44.276],[7.5225,44.269],[7.5205,44.2621],[7.5293,44.2541],[7.5383,44.2413],[7.5423,44.238],[7.5467,44.2378],[7.5507,44.2399],[7.55,44.2429],[7.5422,44.2432],[7.5407,44.2409],[7.5429,44.2384],[7.5491,44.2372],[7.5528,44.2326],[7.5633,44.2293],[7.5661,44.225],[7.575,44.2222],[7.5757,44.22],[7.5731,44.2162],[7.573,44.2107],[7.5779,44.2037]]}},{"type":"Feature","properties":{"kmh":44.7,"corse":104159},"geometry":{"type":"LineString","coordinates":[[12.4631,41.8638],[12.4631,41.8635]]}},{"type":"Feature","properties":{"kmh":55.7,"corse":384449},"geometry":{"type":"LineString","coordinates":[[12.4631,41.8638],[12.4631,41.8635]]}},{"type":"Feature","properties":{"kmh":53.4,"corse":488858},"geometry":{"type":"LineString","coordinates":[[12.4631,41.8635],[12.4567,41.8558],[12.454,41.8446],[12.4454,41.8341],[12.425,41.8342],[12.4133,41.8265],[12.3975,41.8211],[12.3846,41.823],[12.3749,41.8219],[12.3593,41.817],[12.3387,41.8182],[12.2631,41.7852],[12.259,41.7862],[12.252,41.7934]]}},{"type":"Feature","properties":{"kmh":49.1,"corse":9271},"geometry":{"type":"LineString","coordinates":[[11.598,44.8361],[11.593,44.835],[11.5491,44.8456],[11.505,44.8586],[11.4517,44.8711],[11.4436,44.8747],[11.4159,44.8954],[11.3942,44.926],[11.3632,44.9557],[11.3501,44.963],[11.336,44.9734],[11.3045,44.9906],[11.2883,44.9965]]}},{"type":"Feature","properties":{"kmh":41.3,"corse":364},"geometry":{"type":"LineString","coordinates":[[11.526,43.5671],[11.5271,43.5656]]}},{"type":"Feature","properties":{"kmh":59.1,"corse":993},"geometry":{"type":"LineString","coordinates":[[9.8869,44.1261],[9.8862,44.1259]]}},{"type":"Feature","properties":{"kmh":55.6,"corse":12305},"geometry":{"type":"LineString","coordinates":[[10.5754,43.024],[10.5779,43.022],[10.5775,43.0199],[10.5439,43.0003],[10.5398,42.9948],[10.5424,42.9679],[10.5457,42.9565],[10.5399,42.9518],[10.5419,42.9468],[10.5389,42.9352],[10.5406,42.9291],[10.5389,42.9269],[10.5338,42.925],[10.5446,42.9286]]}},{"type":"Feature","properties":{"kmh":56.4,"corse":5487},"geometry":{"type":"LineString","coordinates":[[12.6515,42.5706],[12.6527,42.5707]]}},{"type":"Feature","properties":{"kmh":48.4,"corse":1777},"geometry":{"type":"LineString","coordinates":[[9.2403,45.4698],[9.2407,45.47]]}},{"type":"Feature","properties":{"kmh":58.5,"corse":73256},"geometry":{"type":"LineString","coordinates":[[8.8799,45.8542],[8.8865,45.8574],[8.8892,45.8635],[8.8872,45.8723],[8.8841,45.8772],[8.8818,45.8886],[8.9009,45.9004],[8.9004,45.9037]]}},{"type":"Feature","properties":{"kmh":49.0,"corse":49425},"geometry":{"type":"LineString","coordinates":[[8.789,45.6654],[8.7895,45.6654]]}},{"type":"Feature","properties":{"kmh":47.0,"corse":130554},"geometry":{"type":"LineString","coordinates":[[8.7895,45.6654],[8.7793,45.6669],[8.775,45.6698],[8.7584,45.7001],[8.711,45.7582],[8.7086,45.7645],[8.7006,45.7753],[8.7011,45.7988],[8.696,45.8103],[8.687,45.8195],[8.6757,45.8271],[8.6651,45.8401],[8.6392,45.8646],[8.629,45.8766],[8.625,45.9004]]}},{"type":"Feature","properties":{"kmh":49.3,"corse":73930},"geometry":{"type":"LineString","coordinates":[[8.625,45.9004],[8.6244,45.9045]]}},{"type":"Feature","properties":{"kmh":44.0,"corse":56624},"geometry":{"type":"LineString","coordinates":[[8.625,45.9004],[8.6245,45.9032]]}},{"type":"Feature","properties":{"kmh":50.0,"corse":59784},"geometry":{"type":"LineString","coordinates":[[8.6244,45.9045],[8.626,45.9095],[8.6402,45.9333],[8.6488,45.9386],[8.6554,45.9394],[8.6617,45.9427],[8.6674,45.9556],[8.6823,45.9599],[8.6888,45.9655],[8.7058,45.9752],[8.7113,45.9801],[8.7155,45.9889],[8.7429,45.9984]]}},{"type":"Feature","properties":{"kmh":46.4,"corse":14146},"geometry":{"type":"LineString","coordinates":[[8.6244,45.9045],[8.6184,45.9084]]}},{"type":"Feature","properties":{"kmh":57.3,"corse":441},"geometry":{"type":"LineString","coordinates":[[13.5119,45.8241],[13.5258,45.8142]]}},{"type":"Feature","properties":{"kmh":44.2,"corse":1008},"geometry":{"type":"LineString","coordinates":[[11.2173,44.5439],[11.2478,44.5339],[11.255,44.535],[11.2868,44.5469],[11.2995,44.5459],[11.3193,44.5388],[11.3251,44.5385],[11.3499,44.5462],[11.3605,44.5641]]}},{"type":"Feature","properties":{"kmh":56.0,"corse":6411},"geometry":{"type":"LineString","coordinates":[[10.3697,43.6618],[10.3694,43.6612]]}},{"type":"Feature","properties":{"kmh":50.2,"corse":48266},"geometry":{"type":"LineString","coordinates":[[11.3086,45.1887],[11.2473,45.1935],[11.2208,45.1917],[11.2165,45.1931],[11.2108,45.2006],[11.2065,45.2016],[11.1679,45.19],[11.0902,45.1847],[11.078,45.1775],[11.0674,45.1819]]}},{"type":"Feature","properties":{"kmh":49.4,"corse":52261},"geometry":{"type":"LineString","coordinates":[[11.3086,45.1887],[11.3139,45.1891],[11.3183,45.1915],[11.3465,45.2107],[11.3936,45.2302],[11.4652,45.2281],[11.4908,45.2236],[11.5221,45.2224],[11.5819,45.223],[11.6204,45.221],[11.6562,45.2219],[11.6967,45.2164],[11.7313,45.2268],[11.7362,45.2305],[11.7434,45.2401]]}},{"type":"Feature","properties":{"kmh":54.3,"corse":14410},"geometry":{"type":"LineString","coordinates":[[11.3086,45.1887],[11.3125,45.1869],[11.3191,45.1744],[11.3435,45.1563],[11.3889,45.1305],[11.4154,45.1116],[11.4269,45.1082],[11.4783,45.102],[11.4821,45.0991],[11.4929,45.0808],[11.5014,45.0765],[11.5592,45.0769],[11.5828,45.0834],[11.5885,45.083],[11.598,45.0791],[11.6346,45.0419],[11.6457,45.0377],[11.667,45.038],[11.7737,45.0662],[11.7798,45.0702],[11.7809,45.077],[11.7812,45.0698]]}},{"type":"Feature","properties":{"kmh":54.8,"corse":3419},"geometry":{"type":"LineString","coordinates":[[10.4141,43.6893],[10.4141,43.6902]]}},{"type":"Feature","properties":{"kmh":43.1,"corse":5556},"geometry":{"type":"LineString","coordinates":[[8.7113,45.6272],[8.7097,45.632],[8.7052,45.6365],[8.7049,45.6432],[8.7091,45.6479],[8.7218,45.6506]]}},{"type":"Feature","properties":{"kmh":49.0,"corse":29229},"geometry":{"type":"LineString","coordinates":[[12.6934,46.16],[12.6516,46.1448],[12.6457,46.132],[12.6308,46.1108],[12.6103,46.0986],[12.6002,46.0816],[12.5984,46.0698],[12.5666,46.0492],[12.5617,46.0407],[12.5533,46.0384],[12.5321,46.0287],[12.5291,46.0169],[12.523,46.0032],[12.5138,45.9539],[12.5096,45.9503],[12.4999,45.9486]]}},{"type":"Feature","properties":{"kmh":42.1,"corse":20839},"geometry":{"type":"LineString","coordinates":[[15.6579,38.1463],[15.6579,38.147]]}},{"type":"Feature","properties":{"kmh":50.4,"corse":17935},"geometry":{"type":"LineString","coordinates":[[15.9698,38.4852],[15.9702,38.4887]]}},{"type":"Feature","properties":{"kmh":50.8,"corse":74677},"geometry":{"type":"LineString","coordinates":[[8.8314,45.6006],[8.7885,45.579],[8.7696,45.5501],[8.7539,45.5415],[8.744,45.5309],[8.7354,45.5259],[8.6967,45.4829],[8.6452,45.4682],[8.6269,45.4523]]}},{"type":"Feature","properties":{"kmh":59.7,"corse":396},"geometry":{"type":"LineString","coordinates":[[6.6792,45.2068],[6.6797,45.2068]]}},{"type":"Feature","properties":{"kmh":59.7,"corse":396},"geometry":{"type":"LineString","coordinates":[[6.7091,45.0807],[6.7091,45.0802]]}},{"type":"Feature","properties":{"kmh":58.6,"corse":895},"geometry":{"type":"LineString","coordinates":[[8.7752,44.7776],[8.7752,44.7781]]}},{"type":"Feature","properties":{"kmh":49.8,"corse":75202},"geometry":{"type":"LineString","coordinates":[[13.7025,37.9811],[13.7035,37.9801]]}},{"type":"Feature","properties":{"kmh":46.1,"corse":83564},"geometry":{"type":"LineString","coordinates":[[12.439,41.9125],[12.439,41.9134]]}},{"type":"Feature","properties":{"kmh":46.1,"corse":83564},"geometry":{"type":"LineString","coordinates":[[12.4092,41.967],[12.4092,41.9673]]}},{"type":"Feature","properties":{"kmh":47.9,"corse":1309},"geometry":{"type":"LineString","coordinates":[[11.7964,45.3274],[11.801,45.3365]]}},{"type":"Feature","properties":{"kmh":40.8,"corse":3837},"geometry":{"type":"LineString","coordinates":[[13.6572,45.7532],[13.6637,45.752],[13.6789,45.7574],[13.6849,45.7565],[13.6911,45.7511],[13.6969,45.7491],[13.6999,45.7441],[13.705,45.7424],[13.7105,45.7361],[13.7138,45.7288],[13.719,45.7276],[13.7262,45.7306],[13.7315,45.7297],[13.7394,45.7231],[13.7462,45.7209],[13.7604,45.7122],[13.7632,45.7046],[13.7732,45.7014],[13.7755,45.6956],[13.7798,45.6924],[13.7849,45.6921],[13.8024,45.6991]]}},{"type":"Feature","properties":{"kmh":76.8,"corse":284055},"geometry":{"type":"LineString","coordinates":[[11.7434,45.2401],[11.7481,45.2464]]}},{"type":"Feature","properties":{"kmh":76.6,"corse":207082},"geometry":{"type":"LineString","coordinates":[[11.8488,45.4034],[11.8495,45.4041]]}},{"type":"Feature","properties":{"kmh":75.5,"corse":301576},"geometry":{"type":"LineString","coordinates":[[12.2523,45.4752],[12.246,45.4785],[12.2238,45.4838],[12.2121,45.4831],[12.1093,45.461],[11.882,45.4174],[11.8752,45.4186],[11.8242,45.4402],[11.7658,45.4607],[11.7045,45.4894],[11.5977,45.535],[11.5626,45.5423],[11.5235,45.5401],[11.4897,45.5226],[11.4553,45.5121],[11.4251,45.4789],[11.4127,45.4621],[11.4061,45.4578],[11.3903,45.4521],[11.3445,45.4127],[11.3387,45.4102],[11.256,45.4017],[11.1908,45.4135],[11.1251,45.4175],[11.0527,45.426],[11.0485,45.4273],[11.0405,45.434],[11.0285,45.4367],[11.012,45.4344],[11.0005,45.426],[10.9874,45.4293],[10.969,45.4258]]}},{"type":"Feature","properties":{"kmh":68.1,"corse":927948},"geometry":{"type":"LineString","coordinates":[[12.2523,45.4752],[12.2599,45.471],[12.2763,45.4664],[12.3208,45.4415]]}},{"type":"Feature","properties":{"kmh":63.6,"corse":346719},"geometry":{"type":"LineString","coordinates":[[12.2523,45.4752],[12.247,45.4784],[12.2245,45.4849]]}},{"type":"Feature","properties":{"kmh":77.6,"corse":41658},"geometry":{"type":"LineString","coordinates":[[12.2231,45.487],[12.2231,45.4873]]}},{"type":"Feature","properties":{"kmh":63.8,"corse":260056},"geometry":{"type":"LineString","coordinates":[[12.2231,45.4873],[12.2245,45.4849]]}},{"type":"Feature","properties":{"kmh":64.5,"corse":245671},"geometry":{"type":"LineString","coordinates":[[12.2231,45.4873],[12.2234,45.5008],[12.2326,45.549],[12.2328,45.565],[12.2298,45.5826],[12.2328,45.6196],[12.2321,45.6543],[12.2352,45.6586],[12.2389,45.6596]]}},{"type":"Feature","properties":{"kmh":68.1,"corse":172977},"geometry":{"type":"LineString","coordinates":[[12.2245,45.4849],[12.223,45.4887],[12.2239,45.4911],[12.2521,45.5098],[12.3769,45.5814],[12.46,45.6154],[12.5505,45.635],[12.5707,45.6463],[12.6794,45.7196],[12.8402,45.7843],[12.9456,45.7835],[12.9937,45.7717],[12.9997,45.7731],[13.0028,45.782],[13.0123,45.7874],[13.0678,45.7989],[13.1795,45.8295],[13.3101,45.8253],[13.3268,45.8271],[13.4203,45.8087],[13.4334,45.81],[13.4487,45.8155],[13.5167,45.8191],[13.5406,45.8082],[13.5654,45.8024]]}},{"type":"Feature","properties":{"kmh":64.2,"corse":53916},"geometry":{"type":"LineString","coordinates":[[13.5844,37.3091],[13.5743,37.3107],[13.5719,37.3138],[13.575,37.3167],[13.5918,37.3201],[13.5932,37.3219],[13.5923,37.3263],[13.5944,37.3375],[13.5974,37.3424],[13.6084,37.3452],[13.6319,37.3571],[13.64,37.369],[13.6417,37.3783],[13.6297,37.3838],[13.627,37.3921],[13.6291,37.4017],[13.6358,37.406],[13.6419,37.413],[13.6489,37.4151],[13.6526,37.4204],[13.6517,37.4297],[13.6537,37.4375],[13.6595,37.4437],[13.6547,37.455],[13.6499,37.46],[13.6525,37.4656],[13.653,37.4741],[13.6623,37.4777],[13.6686,37.4872],[13.6836,37.4968],[13.6839,37.502],[13.6883,37.5145],[13.6959,37.5296],[13.695,37.5401],[13.6902,37.5501],[13.6909,37.5566],[13.6822,37.5621],[13.6719,37.5735],[13.6735,37.5806],[13.6814,37.587],[13.6859,37.5936],[13.6865,37.6019],[13.6835,37.6078],[13.6828,37.6148],[13.6896,37.6264],[13.6891,37.6366],[13.6858,37.6395],[13.6799,37.6503],[13.6717,37.6549],[13.6619,37.6675],[13.6481,37.6726],[13.6441,37.6777],[13.6417,37.6874],[13.6419,37.696],[13.6439,37.6995],[13.6686,37.7178],[13.6697,37.7227],[13.6681,37.7304]]}},{"type":"Feature","properties":{"kmh":68.3,"corse":83865},"geometry":{"type":"LineString","coordinates":[[13.6681,37.7304],[13.6624,37.7434],[13.6624,37.7474],[13.665,37.7528],[13.6619,37.7586],[13.6652,37.7663],[13.6653,37.7706],[13.6724,37.7791],[13.6711,37.7883],[13.6752,37.7975],[13.6697,37.8147],[13.6698,37.8216],[13.6733,37.8294],[13.6709,37.8366],[13.6785,37.8398],[13.6825,37.8443],[13.6898,37.8466],[13.6903,37.8567],[13.6969,37.8614],[13.7028,37.8613],[13.7081,37.8632],[13.7106,37.8697],[13.7141,37.873],[13.7212,37.8756],[13.7279,37.8871],[13.7396,37.8909],[13.7433,37.8956],[13.7469,37.8974],[13.7572,37.9007],[13.7685,37.9002],[13.7739,37.9029],[13.7822,37.9161],[13.7836,37.9235],[13.7867,37.9293],[13.7853,37.9341],[13.7862,37.9417],[13.7844,37.9479],[13.7845,37.9583],[13.7817,37.9653],[13.7787,37.967],[13.7691,37.9655]]}},{"type":"Feature","properties":{"kmh":67.4,"corse":33503},"geometry":{"type":"LineString","coordinates":[[13.6681,37.7304],[13.6701,37.7229],[13.6739,37.7201],[13.7148,37.7165],[13.7295,37.7187],[13.737,37.7159],[13.7426,37.7111],[13.7515,37.7085],[13.7598,37.7097],[13.7639,37.7119],[13.7695,37.7109],[13.7755,37.7129],[13.7852,37.7103],[13.8071,37.7125],[13.8156,37.7049],[13.8218,37.701],[13.8286,37.6998],[13.8331,37.6953],[13.854,37.6895],[13.8614,37.6906],[13.8756,37.6856],[13.8838,37.6753],[13.8838,37.6702],[13.897,37.6564],[13.8995,37.6336],[13.8981,37.6269],[13.9,37.6186],[13.9377,37.5677],[13.9413,37.5653],[13.9416,37.5564],[13.9484,37.549],[13.9597,37.5495],[13.9666,37.546],[13.9735,37.5384],[13.9773,37.5368],[13.992,37.5353],[14.0093,37.5384],[14.0146,37.5417],[14.0317,37.5421],[14.0386,37.5451],[14.0436,37.5435],[14.048,37.5384],[14.0545,37.5362],[14.0716,37.5355],[14.0846,37.5381],[14.0935,37.5355],[14.1026,37.5407],[14.1089,37.5413],[14.118,37.5392],[14.1229,37.5345],[14.1324,37.5327],[14.1406,37.5373],[14.1457,37.5442],[14.1586,37.5412],[14.1656,37.544],[14.1718,37.5445],[14.1993,37.5672],[14.2048,37.5665],[14.21,37.5606],[14.2188,37.5562],[14.2237,37.5577],[14.2288,37.5627],[14.2357,37.559],[14.2459,37.5587],[14.2503,37.5639],[14.2465,37.57],[14.2486,37.5735],[14.2566,37.5769],[14.2756,37.5787],[14.2867,37.5819],[14.293,37.5794],[14.2999,37.579],[14.305,37.5742],[14.3191,37.5736],[14.3246,37.5766],[14.3311,37.5752],[14.3388,37.5767],[14.3491,37.5748],[14.351,37.5778],[14.348,37.582],[14.3478,37.5912],[14.3543,37.5937],[14.3588,37.6014],[14.3662,37.6021],[14.373,37.6058],[14.3776,37.6063],[14.3824,37.602],[14.3941,37.5981],[14.3977,37.5951],[14.4129,37.5914],[14.4211,37.5825],[14.4302,37.5818],[14.4427,37.5774],[14.4492,37.5693],[14.4676,37.5628],[14.477,37.5643],[14.4918,37.5569],[14.5116,37.5504],[14.5255,37.5398],[14.5368,37.5363],[14.5441,37.5384],[14.5562,37.5364],[14.5715,37.5417],[14.5782,37.5402],[14.5877,37.5418],[14.5934,37.5471],[14.5973,37.5537],[14.6034,37.5575],[14.6064,37.5651],[14.6167,37.5697],[14.6258,37.5716],[14.6361,37.5714],[14.6444,37.575],[14.6634,37.5696],[14.6728,37.5687],[14.6788,37.5645],[14.7032,37.5581],[14.7375,37.5342],[14.7436,37.528],[14.7604,37.5161],[14.7765,37.5108],[14.7848,37.505],[14.8178,37.4891],[14.829,37.4862],[14.8502,37.4695],[14.8816,37.4516],[14.9036,37.4496],[14.9097,37.4522],[14.9197,37.4599],[14.9273,37.4621],[14.9346,37.4611],[14.9698,37.4483],[14.9768,37.449],[15.0076,37.4581],[15.0149,37.458],[15.0282,37.4549],[15.0425,37.4588]]}},{"type":"Feature","properties":{"kmh":61.4,"corse":181527},"geometry":{"type":"LineString","coordinates":[[13.7691,37.9655],[13.7492,37.9667],[13.734,37.974],[13.7081,37.9776],[13.7016,37.9821],[13.701,37.9875],[13.6973,37.9903],[13.675,37.9941],[13.6628,37.9938],[13.6231,38.0059],[13.6006,38.0248],[13.5924,38.0264],[13.583,38.0319],[13.568,38.0372],[13.5576,38.0467],[13.5437,38.0536],[13.5332,38.0636],[13.5313,38.0817],[13.5189,38.0911],[13.5127,38.0915],[13.4961,38.0867],[13.4117,38.0863],[13.3966,38.0907],[13.3858,38.0972]]}},{"type":"Feature","properties":{"kmh":62.1,"corse":27002},"geometry":{"type":"LineString","coordinates":[[13.7691,37.9655],[13.7961,37.9697],[13.8167,37.9768],[13.8322,37.9767],[13.9291,38.0118],[13.9833,38.0266],[13.9896,38.0295],[14.0189,38.0327],[14.0262,38.0349],[14.0348,38.0349],[14.0397,38.0296],[14.0643,38.0181],[14.0739,38.0176],[14.0872,38.0193],[14.108,38.0145],[14.1309,38.0171],[14.1477,38.0245],[14.1547,38.0235],[14.1699,38.018],[14.1828,38.0179],[14.1943,38.0147],[14.2109,38.0144],[14.2301,38.0096],[14.2492,38.0105],[14.2554,38.0078],[14.2741,38.0101],[14.2858,38.007],[14.2967,38.0067],[14.3136,38.0081],[14.3259,38.011],[14.3459,38.0186],[14.3578,38.0146],[14.3656,38.014],[14.375,38.0157],[14.3911,38.0218],[14.4017,38.0233],[14.4209,38.0329],[14.4327,38.0367],[14.45,38.0324],[14.4678,38.0331],[14.4729,38.0319],[14.5115,38.0402],[14.5259,38.0418],[14.5401,38.0468],[14.5526,38.0551],[14.563,38.0587],[14.5816,38.0577],[14.5957,38.0595],[14.612,38.066],[14.6278,38.0687],[14.6406,38.0735]]}},{"type":"Feature","properties":{"kmh":63.9,"corse":5929},"geometry":{"type":"LineString","coordinates":[[13.3858,38.0972],[13.3829,38.0979]]}},{"type":"Feature","properties":{"kmh":60.4,"corse":190835},"geometry":{"type":"LineString","coordinates":[[13.3858,38.0972],[13.3723,38.1054]]}},{"type":"Feature","properties":{"kmh":63.7,"corse":4211},"geometry":{"type":"LineString","coordinates":[[13.3829,38.0979],[13.3827,38.0979]]}},{"type":"Feature","properties":{"kmh":64.2,"corse":1718},"geometry":{"type":"LineString","coordinates":[[13.3829,38.0979],[13.3827,38.0979]]}},{"type":"Feature","properties":{"kmh":63.9,"corse":5929},"geometry":{"type":"LineString","coordinates":[[13.3827,38.0979],[13.3723,38.0983]]}},{"type":"Feature","properties":{"kmh":67.6,"corse":664},"geometry":{"type":"LineString","coordinates":[[15.002,40.3516],[15.0022,40.3556]]}},{"type":"Feature","properties":{"kmh":69.7,"corse":380135},"geometry":{"type":"LineString","coordinates":[[14.7726,40.6755],[14.7663,40.6802],[14.7623,40.6856],[14.6944,40.7403],[14.6841,40.743]]}},{"type":"Feature","properties":{"kmh":65.3,"corse":95270},"geometry":{"type":"LineString","coordinates":[[14.2905,40.8537],[14.2887,40.8541]]}},{"type":"Feature","properties":{"kmh":67.3,"corse":24633},"geometry":{"type":"LineString","coordinates":[[14.2887,40.8541],[14.2884,40.8541]]}},{"type":"Feature","properties":{"kmh":64.5,"corse":70637},"geometry":{"type":"LineString","coordinates":[[14.2887,40.8541],[14.2884,40.8541]]}},{"type":"Feature","properties":{"kmh":65.3,"corse":95270},"geometry":{"type":"LineString","coordinates":[[14.2884,40.8541],[14.2809,40.8536]]}},{"type":"Feature","properties":{"kmh":76.8,"corse":546767},"geometry":{"type":"LineString","coordinates":[[14.2809,40.8536],[14.2733,40.853]]}},{"type":"Feature","properties":{"kmh":75.5,"corse":497061},"geometry":{"type":"LineString","coordinates":[[14.2809,40.8536],[14.2883,40.8545],[14.2947,40.8577],[14.2965,40.8682]]}},{"type":"Feature","properties":{"kmh":77.6,"corse":172113},"geometry":{"type":"LineString","coordinates":[[11.1218,46.077],[11.1157,46.0648],[11.1178,46.053],[11.1277,46.0434],[11.128,46.0194],[11.1217,45.9921],[11.1138,45.9791],[11.109,45.9547],[11.0997,45.9408],[11.0834,45.9276],[11.0431,45.9155],[11.0366,45.9081],[11.031,45.8804],[11.0031,45.8623],[11.0035,45.8289],[11.0111,45.8178],[11.0216,45.796],[11.0201,45.7881],[11.0115,45.7719],[10.9994,45.7632],[10.9843,45.7447],[10.9474,45.7303],[10.9437,45.7274],[10.9399,45.7229],[10.9373,45.7143],[10.9316,45.7066],[10.926,45.695],[10.9061,45.6814],[10.9017,45.6716],[10.9035,45.6652],[10.8973,45.6486],[10.8888,45.6432],[10.8776,45.6297],[10.8627,45.6172],[10.8562,45.607],[10.8512,45.6023]]}},{"type":"Feature","properties":{"kmh":74.6,"corse":214689},"geometry":{"type":"LineString","coordinates":[[11.1218,46.077],[11.1178,46.0839],[11.0839,46.1255],[11.0828,46.1311],[11.0846,46.1361],[11.1124,46.1658],[11.1247,46.1862],[11.1214,46.1942],[11.122,46.1974],[11.1384,46.2209],[11.2072,46.2475],[11.225,46.2635],[11.2328,46.2884],[11.2605,46.3236],[11.2773,46.3492],[11.2815,46.3524],[11.2924,46.3554],[11.2959,46.3588],[11.3135,46.3956],[11.3314,46.4635],[11.3412,46.4837],[11.3478,46.4904],[11.3561,46.4949]]}},{"type":"Feature","properties":{"kmh":65.6,"corse":24035},"geometry":{"type":"LineString","coordinates":[[11.1218,46.077],[11.119,46.0722]]}},{"type":"Feature","properties":{"kmh":69.3,"corse":47277},"geometry":{"type":"LineString","coordinates":[[11.3561,46.4949],[11.3634,46.4989]]}},{"type":"Feature","properties":{"kmh":65.0,"corse":112343},"geometry":{"type":"LineString","coordinates":[[11.3561,46.4949],[11.3634,46.4989]]}},{"type":"Feature","properties":{"kmh":60.5,"corse":80199},"geometry":{"type":"LineString","coordinates":[[8.4692,44.3018],[8.4697,44.3038]]}},{"type":"Feature","properties":{"kmh":60.6,"corse":78882},"geometry":{"type":"LineString","coordinates":[[8.4715,44.3186],[8.4732,44.3222]]}},{"type":"Feature","properties":{"kmh":66.1,"corse":33328},"geometry":{"type":"LineString","coordinates":[[8.7794,44.4266],[8.7906,44.425],[8.7988,44.4257],[8.8191,44.4362],[8.8714,44.4504],[8.8797,44.4478],[8.8828,44.44],[8.8889,44.4359]]}},{"type":"Feature","properties":{"kmh":66.2,"corse":33871},"geometry":{"type":"LineString","coordinates":[[8.8889,44.4359],[8.8871,44.4411]]}},{"type":"Feature","properties":{"kmh":72.0,"corse":543},"geometry":{"type":"LineString","coordinates":[[8.8889,44.4359],[8.8891,44.4357]]}},{"type":"Feature","properties":{"kmh":66.1,"corse":33328},"geometry":{"type":"LineString","coordinates":[[8.8871,44.4411],[8.8871,44.4423]]}},{"type":"Feature","properties":{"kmh":72.0,"corse":543},"geometry":{"type":"LineString","coordinates":[[8.8871,44.4411],[8.8871,44.4423]]}},{"type":"Feature","properties":{"kmh":66.6,"corse":31761},"geometry":{"type":"LineString","coordinates":[[8.8871,44.4423],[8.8874,44.4457]]}},{"type":"Feature","properties":{"kmh":75.1,"corse":303506},"geometry":{"type":"LineString","coordinates":[[8.8874,44.4474],[8.8881,44.4511],[8.8956,44.4615],[8.8925,44.4727],[8.8958,44.4869]]}},{"type":"Feature","properties":{"kmh":75.1,"corse":303506},"geometry":{"type":"LineString","coordinates":[[8.8958,44.4884],[8.8961,44.4999],[8.9002,44.505],[8.91,44.5107],[8.9109,44.5137],[8.9095,44.5185],[8.914,44.5289],[8.9244,44.5373],[8.9328,44.5415],[8.9373,44.5902],[8.9511,44.6114],[8.9466,44.6184],[8.946,44.6241],[8.9405,44.6307],[8.908,44.6602],[8.8966,44.6667],[8.8946,44.684],[8.8916,44.6879]]}},{"type":"Feature","properties":{"kmh":66.8,"corse":77093},"geometry":{"type":"LineString","coordinates":[[8.8916,44.6879],[8.8914,44.6882]]}},{"type":"Feature","properties":{"kmh":77.7,"corse":152858},"geometry":{"type":"LineString","coordinates":[[8.8916,44.6879],[8.8914,44.6882]]}},{"type":"Feature","properties":{"kmh":65.0,"corse":112559},"geometry":{"type":"LineString","coordinates":[[8.8914,44.6882],[8.8703,44.7012],[8.8647,44.7093],[8.8644,44.7154],[8.8688,44.7375],[8.8581,44.7586],[8.8651,44.7751],[8.8642,44.794],[8.8548,44.8122],[8.8535,44.821],[8.8504,44.8283],[8.8539,44.8545],[8.8528,44.8924],[8.8553,44.8961],[8.8767,44.9097],[8.9349,44.9667],[8.9922,44.9938],[9.0087,44.9979]]}},{"type":"Feature","properties":{"kmh":62.9,"corse":176048},"geometry":{"type":"LineString","coordinates":[[9.0087,44.9979],[9.0164,44.9992]]}},{"type":"Feature","properties":{"kmh":77.2,"corse":20596},"geometry":{"type":"LineString","coordinates":[[9.0087,44.9979],[9.0199,44.9997]]}},{"type":"Feature","properties":{"kmh":61.3,"corse":144035},"geometry":{"type":"LineString","coordinates":[[9.0164,44.9992],[9.0206,45.0008],[9.0762,45.0568],[9.1083,45.0842]]}},{"type":"Feature","properties":{"kmh":70.7,"corse":34380},"geometry":{"type":"LineString","coordinates":[[9.0164,44.9992],[9.0199,44.9997]]}},{"type":"Feature","properties":{"kmh":62.8,"corse":130721},"geometry":{"type":"LineString","coordinates":[[9.1408,45.1872],[9.1508,45.194]]}},{"type":"Feature","properties":{"kmh":62.9,"corse":128968},"geometry":{"type":"LineString","coordinates":[[9.2453,45.4144],[9.2441,45.424]]}},{"type":"Feature","properties":{"kmh":63.1,"corse":167590},"geometry":{"type":"LineString","coordinates":[[9.2441,45.424],[9.2405,45.43]]}},{"type":"Feature","properties":{"kmh":63.6,"corse":38622},"geometry":{"type":"LineString","coordinates":[[9.2441,45.424],[9.2451,45.4233]]}},{"type":"Feature","properties":{"kmh":63.1,"corse":171649},"geometry":{"type":"LineString","coordinates":[[9.2405,45.43],[9.2399,45.4315]]}},{"type":"Feature","properties":{"kmh":64.4,"corse":4059},"geometry":{"type":"LineString","coordinates":[[9.2405,45.43],[9.2441,45.4248]]}},{"type":"Feature","properties":{"kmh":63.1,"corse":167590},"geometry":{"type":"LineString","coordinates":[[9.2399,45.4315],[9.2353,45.4441]]}},{"type":"Feature","properties":{"kmh":64.4,"corse":4059},"geometry":{"type":"LineString","coordinates":[[9.2399,45.4315],[9.2399,45.4311]]}},{"type":"Feature","properties":{"kmh":74.0,"corse":850985},"geometry":{"type":"LineString","coordinates":[[9.2378,45.4833],[9.2365,45.4854]]}},{"type":"Feature","properties":{"kmh":64.1,"corse":182718},"geometry":{"type":"LineString","coordinates":[[7.7312,44.9825],[7.7435,44.9748],[7.744,44.9686],[7.7533,44.9383],[7.7531,44.9338],[7.7362,44.8716],[7.7232,44.8337],[7.685,44.7696],[7.6836,44.7602],[7.6916,44.713],[7.6915,44.7022],[7.6875,44.6906],[7.6648,44.6539],[7.6626,44.6473],[7.6639,44.6426],[7.7181,44.5539]]}},{"type":"Feature","properties":{"kmh":70.5,"corse":542447},"geometry":{"type":"LineString","coordinates":[[7.7312,44.9825],[7.7135,44.9906],[7.681,44.9964],[7.6639,45.0096],[7.6585,45.0176]]}},{"type":"Feature","properties":{"kmh":77.5,"corse":309051},"geometry":{"type":"LineString","coordinates":[[7.7312,44.9825],[7.7373,44.9794]]}},{"type":"Feature","properties":{"kmh":68.4,"corse":601336},"geometry":{"type":"LineString","coordinates":[[7.6585,45.0176],[7.6576,45.0235]]}},{"type":"Feature","properties":{"kmh":67.9,"corse":7418},"geometry":{"type":"LineString","coordinates":[[7.6585,45.0176],[7.6572,45.0273],[7.6603,45.0348]]}},{"type":"Feature","properties":{"kmh":65.9,"corse":389207},"geometry":{"type":"LineString","coordinates":[[7.6779,45.061],[7.6723,45.0528],[7.6682,45.0503],[7.6588,45.0508],[7.6546,45.054],[7.6557,45.0583],[7.6771,45.0892],[7.6945,45.1065],[7.6993,45.1167],[7.7295,45.1271]]}},{"type":"Feature","properties":{"kmh":68.6,"corse":303105},"geometry":{"type":"LineString","coordinates":[[9.1419,44.363],[9.1319,44.3617],[9.108,44.3685],[9.1017,44.3729],[9.0875,44.3729],[9.0754,44.3776],[9.0578,44.3805],[9.0428,44.3807],[9.0322,44.3838],[8.9971,44.388],[8.9687,44.4044],[8.9496,44.4056],[8.9412,44.4128],[8.9269,44.4175],[8.9122,44.4164],[8.9074,44.4179],[8.8973,44.4331],[8.889,44.4404],[8.8874,44.4469]]}},{"type":"Feature","properties":{"kmh":74.2,"corse":267758},"geometry":{"type":"LineString","coordinates":[[9.1425,44.363],[9.1471,44.3609],[9.1488,44.3552],[9.1573,44.3478],[9.1968,44.3361],[9.221,44.3374],[9.2227,44.3389],[9.225,44.3497],[9.2318,44.3512],[9.2444,44.3421],[9.2567,44.34],[9.2787,44.3312],[9.3062,44.323],[9.3254,44.3138],[9.3425,44.308],[9.3712,44.2944],[9.3968,44.2766],[9.4105,44.2706],[9.4257,44.2666],[9.4351,44.2598],[9.4906,44.2411],[9.5233,44.214],[9.5479,44.2077],[9.557,44.2],[9.5686,44.1946],[9.5822,44.1851],[9.6204,44.172],[9.625,44.1679],[9.6323,44.1554],[9.6429,44.147],[9.6564,44.1461],[9.6723,44.1418],[9.6945,44.1298],[9.7026,44.1273],[9.71,44.1203],[9.7255,44.1153],[9.7278,44.1127],[9.7297,44.1044],[9.7438,44.0956],[9.7506,44.0952],[9.7999,44.1075],[9.809,44.1124],[9.8169,44.1107],[9.8273,44.1115],[9.8319,44.1144],[9.8368,44.1214],[9.8431,44.1241],[9.8499,44.1231],[9.8582,44.1178],[9.8784,44.1188],[9.8856,44.1253],[9.8977,44.1329]]}},{"type":"Feature","properties":{"kmh":61.6,"corse":63984},"geometry":{"type":"LineString","coordinates":[[8.2902,44.3694],[8.2854,44.3714],[8.2764,44.3709],[8.2638,44.3735],[8.2507,44.3717],[8.242,44.373],[8.2283,44.3812],[8.226,44.3848],[8.2201,44.3881],[8.2117,44.3884],[8.2037,44.3924],[8.1893,44.3901],[8.1848,44.3907],[8.1821,44.3928],[8.1813,44.3965],[8.1837,44.4025],[8.1793,44.4051],[8.1706,44.4038],[8.1641,44.4046],[8.1592,44.4029],[8.1036,44.4007],[8.0953,44.3974],[8.085,44.3969],[8.0746,44.3904],[8.0682,44.3843],[8.0668,44.3778],[8.0629,44.3754],[8.0516,44.3752],[8.0475,44.3765],[8.0365,44.3887],[8.0047,44.3967],[7.9853,44.3996],[7.9782,44.3987],[7.9652,44.3936],[7.9527,44.3922],[7.9158,44.3716],[7.909,44.3698],[7.878,44.3783],[7.8461,44.3902],[7.8343,44.3908],[7.8161,44.3984],[7.804,44.4133],[7.7857,44.4311],[7.772,44.4559],[7.7559,44.5004],[7.7439,44.5163],[7.7254,44.5316],[7.7183,44.5402],[7.7167,44.5437],[7.7181,44.5539]]}},{"type":"Feature","properties":{"kmh":65.2,"corse":76411},"geometry":{"type":"LineString","coordinates":[[7.7181,44.5539],[7.7162,44.5457],[7.7113,44.5418],[7.6028,44.5023],[7.5886,44.4943],[7.5819,44.4851],[7.5599,44.4275],[7.5442,44.4122],[7.5379,44.4018],[7.5412,44.3924],[7.5359,44.388]]}},{"type":"Feature","properties":{"kmh":61.7,"corse":80287},"geometry":{"type":"LineString","coordinates":[[15.1,37.5066],[15.0943,37.5015],[15.0869,37.5012],[15.0758,37.4939],[15.0724,37.4851],[15.0425,37.4588]]}},{"type":"Feature","properties":{"kmh":63.3,"corse":49342},"geometry":{"type":"LineString","coordinates":[[15.0425,37.4588],[15.0306,37.448],[15.0174,37.4122],[14.9957,37.3682],[14.9884,37.3634],[14.9811,37.3633],[14.9778,37.3612],[14.9818,37.3354],[14.9853,37.3265],[14.9774,37.3183],[14.9776,37.3113],[14.9995,37.3005],[15.0097,37.3035],[15.0212,37.3127],[15.0311,37.3155],[15.0434,37.3124],[15.0462,37.3139],[15.0485,37.3183],[15.0524,37.3198],[15.0657,37.318],[15.0693,37.3147],[15.073,37.3075],[15.0794,37.3044],[15.1092,37.3102],[15.1169,37.3076],[15.1235,37.3079],[15.1297,37.305],[15.1376,37.304],[15.1441,37.2974],[15.1561,37.2921],[15.1593,37.2859],[15.165,37.2826],[15.1703,37.2767],[15.1835,37.2727],[15.1945,37.2731],[15.2096,37.26],[15.2201,37.2585],[15.231,37.2518],[15.2324,37.2496],[15.2316,37.2464],[15.2245,37.2415],[15.2205,37.2419],[15.2144,37.2473],[15.2102,37.2484],[15.2068,37.2471],[15.2005,37.2408],[15.1917,37.2422],[15.1866,37.241],[15.1805,37.2345],[15.1836,37.2268],[15.1804,37.2183],[15.1792,37.2053],[15.1964,37.1593],[15.2128,37.1339],[15.2371,37.1139],[15.2543,37.1052],[15.2604,37.0733],[15.2682,37.0688],[15.2763,37.0708],[15.2817,37.0686]]}},{"type":"Feature","properties":{"kmh":62.5,"corse":129967},"geometry":{"type":"LineString","coordinates":[[8.6071,44.9088],[8.6016,44.913]]}},{"type":"Feature","properties":{"kmh":64.8,"corse":63317},"geometry":{"type":"LineString","coordinates":[[8.62,45.0369],[8.6188,45.0428],[8.6234,45.0484],[8.6538,45.0568],[8.6634,45.0631],[8.6673,45.0717],[8.6689,45.0971]]}},{"type":"Feature","properties":{"kmh":64.6,"corse":52092},"geometry":{"type":"LineString","coordinates":[[8.6689,45.0971],[8.6689,45.0977]]}},{"type":"Feature","properties":{"kmh":68.6,"corse":9671},"geometry":{"type":"LineString","coordinates":[[8.6689,45.0971],[8.6689,45.0977]]}},{"type":"Feature","properties":{"kmh":65.9,"corse":46078},"geometry":{"type":"LineString","coordinates":[[8.6689,45.0977],[8.6716,45.1167],[8.714,45.2172],[8.7307,45.2478],[8.7348,45.2624],[8.7421,45.2663],[8.8581,45.3086],[8.8663,45.3184],[8.8747,45.3361],[8.9123,45.377],[8.9202,45.3941],[8.9216,45.4011],[8.9264,45.4032],[8.9582,45.4044]]}},{"type":"Feature","properties":{"kmh":69.0,"corse":34046},"geometry":{"type":"LineString","coordinates":[[8.2087,44.895],[8.2076,44.8947]]}},{"type":"Feature","properties":{"kmh":71.6,"corse":13536},"geometry":{"type":"LineString","coordinates":[[8.8883,44.6904],[8.8879,44.6907]]}},{"type":"Feature","properties":{"kmh":77.1,"corse":303398},"geometry":{"type":"LineString","coordinates":[[13.4977,43.6076],[13.4854,43.6061],[13.453,43.6106],[13.4284,43.6174],[13.4033,43.6277]]}},{"type":"Feature","properties":{"kmh":68.2,"corse":44807},"geometry":{"type":"LineString","coordinates":[[12.916,43.3568],[12.9012,43.3407],[12.8948,43.3289],[12.8869,43.3218],[12.8774,43.3186],[12.8658,43.3183],[12.8582,43.3124],[12.8473,43.3088],[12.8394,43.3036],[12.8113,43.297],[12.7854,43.2993],[12.774,43.3023],[12.7606,43.2996],[12.7578,43.2973],[12.7572,43.2808],[12.7636,43.2663],[12.7641,43.2581],[12.7673,43.2539],[12.7686,43.247],[12.7675,43.2422],[12.7693,43.237],[12.7615,43.228],[12.758,43.2169],[12.7584,43.2125],[12.7617,43.2093],[12.7724,43.2077],[12.7779,43.2016],[12.779,43.198],[12.7776,43.1895],[12.7839,43.1824],[12.7846,43.1777],[12.7824,43.1726],[12.7822,43.1659],[12.7742,43.1591],[12.7784,43.1399],[12.7739,43.1348],[12.7637,43.1312],[12.7612,43.1283],[12.7617,43.1231],[12.7658,43.1166],[12.7667,43.1114],[12.7652,43.1059],[12.7685,43.0973],[12.7664,43.0879],[12.7673,43.0837],[12.7639,43.0763],[12.7657,43.0703],[12.7573,43.0651],[12.755,43.0563],[12.7548,43.0417],[12.7591,43.0371],[12.7613,43.031],[12.7533,43.0261],[12.7532,43.0214],[12.7488,43.0132],[12.7415,43.0093],[12.7432,43.0006],[12.7423,42.9931],[12.7377,42.9838],[12.7255,42.9749],[12.72,42.9638],[12.7107,42.9579],[12.7131,42.9455]]}},{"type":"Feature","properties":{"kmh":73.2,"corse":70858},"geometry":{"type":"LineString","coordinates":[[12.7131,42.9455],[12.7251,42.8947],[12.7363,42.8707],[12.7387,42.8602],[12.7517,42.8456],[12.7607,42.8297],[12.7609,42.8118],[12.7565,42.8036],[12.756,42.7989],[12.7574,42.787],[12.7653,42.7771],[12.7665,42.7707],[12.7631,42.7646],[12.7531,42.755],[12.7476,42.7519],[12.7374,42.7481],[12.7225,42.7482],[12.7099,42.7403],[12.6976,42.7351],[12.6906,42.7342],[12.6806,42.7297],[12.6681,42.7299],[12.6615,42.7243],[12.6528,42.7221],[12.6454,42.718],[12.6454,42.7149],[12.6513,42.7114],[12.6545,42.7066],[12.6526,42.7013],[12.6525,42.6919],[12.6365,42.6654],[12.6342,42.6521],[12.6456,42.6379],[12.6504,42.6346],[12.6638,42.6308],[12.6779,42.6203],[12.6832,42.6131],[12.6835,42.6026],[12.686,42.5981],[12.6768,42.5908],[12.6725,42.5771],[12.6686,42.5724],[12.6644,42.571],[12.6446,42.5704]]}},{"type":"Feature","properties":{"kmh":63.7,"corse":82363},"geometry":{"type":"LineString","coordinates":[[12.7131,42.9455],[12.709,42.9597],[12.6648,42.987],[12.5807,43.0624],[12.4933,43.0859],[12.4482,43.0932],[12.4343,43.0911]]}},{"type":"Feature","properties":{"kmh":74.2,"corse":85221},"geometry":{"type":"LineString","coordinates":[[12.6446,42.5704],[12.5674,42.568],[12.5617,42.5664],[12.5327,42.5491],[12.5171,42.5279],[12.5076,42.5233],[12.4858,42.5032],[12.4628,42.4902],[12.453,42.4817],[12.4368,42.4761],[12.4248,42.4635],[12.4126,42.4561],[12.4083,42.4412]]}},{"type":"Feature","properties":{"kmh":72.1,"corse":21373},"geometry":{"type":"LineString","coordinates":[[12.6446,42.5704],[12.6512,42.5706]]}},{"type":"Feature","properties":{"kmh":74.1,"corse":72863},"geometry":{"type":"LineString","coordinates":[[12.4083,42.4412],[12.4083,42.4409]]}},{"type":"Feature","properties":{"kmh":75.3,"corse":12358},"geometry":{"type":"LineString","coordinates":[[12.4083,42.4412],[12.4083,42.4409]]}},{"type":"Feature","properties":{"kmh":64.4,"corse":130963},"geometry":{"type":"LineString","coordinates":[[12.4083,42.4409],[12.4145,42.4119],[12.4295,42.393]]}},{"type":"Feature","properties":{"kmh":75.3,"corse":137692},"geometry":{"type":"LineString","coordinates":[[13.5139,43.5426],[13.5139,43.5419]]}},{"type":"Feature","properties":{"kmh":77.6,"corse":209417},"geometry":{"type":"LineString","coordinates":[[13.9698,42.7396],[13.9819,42.7302],[13.9988,42.6995],[14.0287,42.6616],[14.0295,42.6549],[14.0318,42.6513],[14.039,42.6456],[14.0622,42.615],[14.0923,42.582],[14.1005,42.5697],[14.1285,42.5391],[14.1338,42.5309],[14.1483,42.5184],[14.1577,42.5125],[14.1632,42.5018],[14.1773,42.4899],[14.1871,42.4838],[14.207,42.4659],[14.2102,42.4609]]}},{"type":"Feature","properties":{"kmh":61.0,"corse":16071},"geometry":{"type":"LineString","coordinates":[[13.7264,43.3072],[13.7263,43.3028],[13.723,43.3007],[13.6694,43.2907],[13.6329,43.2884],[13.6104,43.2808],[13.595,43.2794],[13.5635,43.2803],[13.5515,43.2819],[13.5306,43.2877],[13.5196,43.2867],[13.4967,43.2882],[13.4834,43.2849],[13.4697,43.2759],[13.4646,43.2748],[13.4588,43.2781],[13.4584,43.2813],[13.4603,43.2831],[13.4695,43.2848],[13.4717,43.2891],[13.4672,43.2916],[13.4599,43.2907],[13.4553,43.2931]]}},{"type":"Feature","properties":{"kmh":78.0,"corse":272307},"geometry":{"type":"LineString","coordinates":[[12.5798,44.0618],[12.5622,44.0697],[12.5558,44.0708],[12.4441,44.071],[12.41,44.0935],[12.3371,44.1132],[12.2619,44.1416],[12.2353,44.15],[11.8442,44.3093]]}},{"type":"Feature","properties":{"kmh":68.9,"corse":436595},"geometry":{"type":"LineString","coordinates":[[12.5187,41.9383],[12.5185,41.9385]]}},{"type":"Feature","properties":{"kmh":74.5,"corse":230149},"geometry":{"type":"LineString","coordinates":[[12.5269,41.922],[12.5269,41.9216]]}},{"type":"Feature","properties":{"kmh":69.0,"corse":131540},"geometry":{"type":"LineString","coordinates":[[12.5179,41.8925],[12.5173,41.8925]]}},{"type":"Feature","properties":{"kmh":68.7,"corse":1071433},"geometry":{"type":"LineString","coordinates":[[12.5018,41.9002],[12.5161,41.8922]]}},{"type":"Feature","properties":{"kmh":78.9,"corse":302889},"geometry":{"type":"LineString","coordinates":[[11.8442,44.3093],[11.8374,44.312]]}},{"type":"Feature","properties":{"kmh":77.0,"corse":4726},"geometry":{"type":"LineString","coordinates":[[11.8442,44.3093],[11.8749,44.2969]]}},{"type":"Feature","properties":{"kmh":79.0,"corse":297910},"geometry":{"type":"LineString","coordinates":[[11.8374,44.312],[11.7421,44.3501]]}},{"type":"Feature","properties":{"kmh":77.0,"corse":4726},"geometry":{"type":"LineString","coordinates":[[11.8374,44.312],[11.7955,44.3289]]}},{"type":"Feature","properties":{"kmh":76.0,"corse":366736},"geometry":{"type":"LineString","coordinates":[[11.7421,44.3501],[11.3876,44.4904]]}},{"type":"Feature","properties":{"kmh":71.7,"corse":30916},"geometry":{"type":"LineString","coordinates":[[11.7421,44.3501],[11.7955,44.3289]]}},{"type":"Feature","properties":{"kmh":76.2,"corse":347865},"geometry":{"type":"LineString","coordinates":[[11.3876,44.4904],[11.3569,44.5027]]}},{"type":"Feature","properties":{"kmh":69.0,"corse":22752},"geometry":{"type":"LineString","coordinates":[[11.3876,44.4904],[11.3769,44.495],[11.3751,44.4989]]}},{"type":"Feature","properties":{"kmh":77.6,"corse":152939},"geometry":{"type":"LineString","coordinates":[[11.277,44.5225],[11.2078,44.5473],[11.0518,44.5991],[11.0303,44.6134],[11.0024,44.6286],[10.9722,44.6415],[10.9344,44.6536]]}},{"type":"Feature","properties":{"kmh":78.7,"corse":133536},"geometry":{"type":"LineString","coordinates":[[10.9344,44.6536],[10.9157,44.6583],[10.9023,44.6674],[10.8889,44.6694],[10.8386,44.6531],[10.8248,44.647],[10.8142,44.6469],[10.7825,44.6559],[10.7536,44.6608],[10.7304,44.6667],[10.6831,44.6822],[10.6539,44.6942]]}},{"type":"Feature","properties":{"kmh":70.3,"corse":19610},"geometry":{"type":"LineString","coordinates":[[10.9344,44.6536],[10.9307,44.6545]]}},{"type":"Feature","properties":{"kmh":76.6,"corse":139079},"geometry":{"type":"LineString","coordinates":[[10.6539,44.6942],[10.6399,44.6996],[10.6295,44.7115],[10.6254,44.7139],[10.6041,44.7157],[10.4119,44.7775],[10.3352,44.8085],[10.3121,44.8134],[10.2633,44.8171],[10.1951,44.8314],[10.0602,44.8687]]}},{"type":"Feature","properties":{"kmh":75.5,"corse":662},"geometry":{"type":"LineString","coordinates":[[10.6539,44.6942],[10.6433,44.6977]]}},{"type":"Feature","properties":{"kmh":63.5,"corse":279053},"geometry":{"type":"LineString","coordinates":[[11.3322,44.5074],[11.3329,44.5074]]}},{"type":"Feature","properties":{"kmh":63.8,"corse":780458},"geometry":{"type":"LineString","coordinates":[[11.3322,44.5074],[11.3405,44.5063]]}},{"type":"Feature","properties":{"kmh":64.0,"corse":501405},"geometry":{"type":"LineString","coordinates":[[11.3322,44.5074],[11.3321,44.5075]]}},{"type":"Feature","properties":{"kmh":78.9,"corse":93929},"geometry":{"type":"LineString","coordinates":[[10.0602,44.8687],[10.0174,44.8801],[9.914,44.9304],[9.8346,44.9784],[9.7685,45.0146],[9.7266,45.0406],[9.7102,45.0474],[9.7063,45.0521]]}},{"type":"Feature","properties":{"kmh":62.6,"corse":85445},"geometry":{"type":"LineString","coordinates":[[10.0602,44.8687],[10.0565,44.8707],[10.0452,44.8862],[10.0439,44.892]]}},{"type":"Feature","properties":{"kmh":66.8,"corse":145528},"geometry":{"type":"LineString","coordinates":[[11.3218,44.5102],[11.3083,44.5142],[11.3062,44.5169],[11.3068,44.5201],[11.3159,44.5272],[11.333,44.5312],[11.3423,44.5388]]}},{"type":"Feature","properties":{"kmh":78.7,"corse":151466},"geometry":{"type":"LineString","coordinates":[[11.0674,45.1819],[11.0673,45.182]]}},{"type":"Feature","properties":{"kmh":76.8,"corse":135854},"geometry":{"type":"LineString","coordinates":[[10.8216,45.53],[10.8206,45.519],[10.8316,45.5089],[10.8476,45.5068],[10.8744,45.4975],[10.9014,45.4851],[10.9282,45.4841],[10.9392,45.4803],[10.9413,45.4771],[10.9393,45.4596],[10.9506,45.4439],[10.952,45.4315],[10.9559,45.428],[10.9625,45.4265]]}},{"type":"Feature","properties":{"kmh":78.2,"corse":149284},"geometry":{"type":"LineString","coordinates":[[10.8216,45.53],[10.8242,45.545],[10.8387,45.5669],[10.851,45.6021]]}},{"type":"Feature","properties":{"kmh":64.7,"corse":600},"geometry":{"type":"LineString","coordinates":[[10.8216,45.53],[10.8203,45.5214]]}},{"type":"Feature","properties":{"kmh":78.1,"corse":148793},"geometry":{"type":"LineString","coordinates":[[10.851,45.6021],[10.8512,45.6023]]}},{"type":"Feature","properties":{"kmh":78.5,"corse":491},"geometry":{"type":"LineString","coordinates":[[10.851,45.6021],[10.8512,45.6023]]}},{"type":"Feature","properties":{"kmh":65.1,"corse":131743},"geometry":{"type":"LineString","coordinates":[[11.3634,46.4989],[11.3675,46.4994],[11.3748,46.4951],[11.3786,46.4946]]}},{"type":"Feature","properties":{"kmh":70.0,"corse":51134},"geometry":{"type":"LineString","coordinates":[[11.3786,46.4946],[11.3792,46.4946]]}},{"type":"Feature","properties":{"kmh":62.1,"corse":80609},"geometry":{"type":"LineString","coordinates":[[11.3786,46.4946],[11.3792,46.4946]]}},{"type":"Feature","properties":{"kmh":65.1,"corse":131743},"geometry":{"type":"LineString","coordinates":[[11.3792,46.4946],[11.3932,46.4946],[11.4056,46.4864],[11.4255,46.4856],[11.4321,46.4866],[11.4415,46.4948],[11.4475,46.4964]]}},{"type":"Feature","properties":{"kmh":70.7,"corse":46245},"geometry":{"type":"LineString","coordinates":[[11.4475,46.4964],[11.448,46.4964]]}},{"type":"Feature","properties":{"kmh":62.2,"corse":85498},"geometry":{"type":"LineString","coordinates":[[11.4475,46.4964],[11.448,46.4964]]}},{"type":"Feature","properties":{"kmh":65.1,"corse":131729},"geometry":{"type":"LineString","coordinates":[[11.448,46.4964],[11.4587,46.4982],[11.4809,46.5091],[11.5073,46.5338],[11.5247,46.5594],[11.5308,46.5977],[11.5348,46.605],[11.5356,46.6102],[11.541,46.6187],[11.557,46.6346],[11.5647,46.6367],[11.5735,46.643],[11.5832,46.6452],[11.5958,46.6552],[11.6059,46.6571],[11.6126,46.6639],[11.6183,46.6669],[11.6248,46.68],[11.6395,46.6906],[11.6469,46.701],[11.6496,46.7082],[11.65,46.7144]]}},{"type":"Feature","properties":{"kmh":70.7,"corse":46245},"geometry":{"type":"LineString","coordinates":[[11.65,46.7144],[11.65,46.7147]]}},{"type":"Feature","properties":{"kmh":62.2,"corse":85179},"geometry":{"type":"LineString","coordinates":[[11.65,46.7144],[11.65,46.7147]]}},{"type":"Feature","properties":{"kmh":65.1,"corse":129133},"geometry":{"type":"LineString","coordinates":[[11.65,46.7147],[11.6393,46.7349],[11.6386,46.744],[11.6329,46.7523],[11.6333,46.7563],[11.6366,46.7618],[11.6364,46.7661],[11.6385,46.769],[11.6368,46.7728],[11.6303,46.7747],[11.6137,46.7838],[11.6065,46.7936],[11.5994,46.7975],[11.5574,46.8119],[11.5452,46.8139]]}},{"type":"Feature","properties":{"kmh":71.6,"corse":40808},"geometry":{"type":"LineString","coordinates":[[11.5452,46.8139],[11.5447,46.8139]]}},{"type":"Feature","properties":{"kmh":62.2,"corse":82457},"geometry":{"type":"LineString","coordinates":[[11.5452,46.8139],[11.5447,46.8139]]}},{"type":"Feature","properties":{"kmh":65.3,"corse":123093},"geometry":{"type":"LineString","coordinates":[[11.5447,46.8139],[11.5391,46.8149],[11.5335,46.8311],[11.5211,46.8457],[11.5171,46.8475],[11.5064,46.8609],[11.486,46.8701],[11.4526,46.8821],[11.448,46.8906],[11.4316,46.9016],[11.4319,46.9061],[11.4449,46.9147],[11.4474,46.9236],[11.4497,46.9265],[11.45,46.931],[11.438,46.9408],[11.4151,46.9469]]}},{"type":"Feature","properties":{"kmh":75.3,"corse":25412},"geometry":{"type":"LineString","coordinates":[[11.4151,46.9469],[11.4142,46.9469]]}},{"type":"Feature","properties":{"kmh":62.7,"corse":97537},"geometry":{"type":"LineString","coordinates":[[11.4151,46.9469],[11.4142,46.9469]]}},{"type":"Feature","properties":{"kmh":65.3,"corse":122936},"geometry":{"type":"LineString","coordinates":[[11.4142,46.9469],[11.3975,46.949],[11.3938,46.9512],[11.3929,46.9552],[11.3942,46.9581],[11.4032,46.9622]]}},{"type":"Feature","properties":{"kmh":75.3,"corse":25412},"geometry":{"type":"LineString","coordinates":[[11.4032,46.9622],[11.4037,46.9622]]}},{"type":"Feature","properties":{"kmh":62.7,"corse":97537},"geometry":{"type":"LineString","coordinates":[[11.4032,46.9622],[11.4037,46.9622]]}},{"type":"Feature","properties":{"kmh":65.3,"corse":122949},"geometry":{"type":"LineString","coordinates":[[11.4037,46.9622],[11.4234,46.9608],[11.477,46.9747],[11.4928,46.9828],[11.5053,47.0023]]}},{"type":"Feature","properties":{"kmh":60.5,"corse":52485},"geometry":{"type":"LineString","coordinates":[[7.3225,45.7342],[7.3343,45.7366],[7.3413,45.7415],[7.3521,45.7447],[7.3678,45.7418],[7.3765,45.7422],[7.3847,45.7446],[7.3924,45.7408],[7.4078,45.7426],[7.4221,45.74],[7.4497,45.7388],[7.4649,45.7363],[7.4762,45.7413],[7.4895,45.7403],[7.5159,45.7417],[7.5256,45.7393],[7.5334,45.7423],[7.5461,45.7422],[7.5749,45.7461],[7.6048,45.7446],[7.6129,45.7412],[7.6294,45.7466],[7.6444,45.7447],[7.649,45.7402],[7.6607,45.7353],[7.6634,45.7279],[7.6673,45.7237],[7.6664,45.7133],[7.6684,45.709],[7.6645,45.6992],[7.6679,45.6941],[7.6662,45.689],[7.6701,45.6832],[7.6709,45.6787],[7.6797,45.6753],[7.6835,45.6651],[7.694,45.6567],[7.7137,45.6445],[7.7192,45.6356],[7.7274,45.6322],[7.7478,45.6047],[7.7587,45.6019],[7.773,45.6025],[7.7822,45.5997],[7.7906,45.5916],[7.802,45.586],[7.8052,45.5808],[7.8049,45.571],[7.8184,45.5579],[7.8276,45.5423],[7.8396,45.5346],[7.8534,45.5184],[7.8579,45.4933],[7.8639,45.4768],[7.8763,45.4615]]}},{"type":"Feature","properties":{"kmh":63.9,"corse":49999},"geometry":{"type":"LineString","coordinates":[[7.8869,45.1935],[7.8848,45.1932]]}},{"type":"Feature","properties":{"kmh":72.3,"corse":398791},"geometry":{"type":"LineString","coordinates":[[12.5368,41.8773],[12.5301,41.8846],[12.5161,41.8922]]}},{"type":"Feature","properties":{"kmh":65.8,"corse":480952},"geometry":{"type":"LineString","coordinates":[[12.5161,41.8922],[12.5245,41.8877],[12.5266,41.8847],[12.5253,41.8807],[12.5194,41.877]]}},{"type":"Feature","properties":{"kmh":61.4,"corse":349511},"geometry":{"type":"LineString","coordinates":[[11.2344,43.8027],[11.2307,43.8081],[11.2248,43.8093],[11.2158,43.8037],[11.2042,43.7928],[11.1657,43.7891],[11.1113,43.7808],[11.1054,43.777],[11.0995,43.7652],[11.0843,43.7608],[11.0474,43.7544],[11.0342,43.7473],[11.0128,43.7269],[11.0035,43.7224],[10.7702,43.6939],[10.7602,43.6906],[10.744,43.6906],[10.6952,43.6673],[10.685,43.6581],[10.6775,43.6552],[10.5766,43.6692],[10.4929,43.685],[10.4501,43.6904],[10.4331,43.6946],[10.3982,43.7081]]}},{"type":"Feature","properties":{"kmh":76.0,"corse":331674},"geometry":{"type":"LineString","coordinates":[[10.3924,43.7093],[10.3895,43.7113]]}},{"type":"Feature","properties":{"kmh":77.7,"corse":312435},"geometry":{"type":"LineString","coordinates":[[10.3895,43.7113],[10.3872,43.7163],[10.3866,43.7252],[10.3475,43.761],[10.3403,43.7657],[10.2554,43.8692],[10.2516,43.8783],[10.2442,43.9415],[10.2382,43.9497],[10.1346,44.0249],[10.1247,44.0255],[10.0962,44.0361],[10.0294,44.0664],[9.9655,44.1079],[9.9299,44.1087],[9.9172,44.1154],[9.9097,44.1267]]}},{"type":"Feature","properties":{"kmh":60.1,"corse":34749},"geometry":{"type":"LineString","coordinates":[[10.3895,43.7113],[10.3913,43.7085],[10.3908,43.6998],[10.3694,43.6612]]}},{"type":"Feature","properties":{"kmh":76.9,"corse":4761},"geometry":{"type":"LineString","coordinates":[[11.8754,43.461],[11.8793,43.4574],[11.8774,43.4534],[11.8556,43.4421],[11.851,43.4366],[11.8422,43.4309],[11.841,43.4015]]}},{"type":"Feature","properties":{"kmh":77.7,"corse":4386},"geometry":{"type":"LineString","coordinates":[[11.841,43.4015],[11.8414,43.4003]]}},{"type":"Feature","properties":{"kmh":66.9,"corse":375},"geometry":{"type":"LineString","coordinates":[[11.841,43.4015],[11.8525,43.373]]}},{"type":"Feature","properties":{"kmh":69.5,"corse":40734},"geometry":{"type":"LineString","coordinates":[[11.8414,43.4003],[11.8413,43.3947],[11.8438,43.3886]]}},{"type":"Feature","properties":{"kmh":68.5,"corse":36348},"geometry":{"type":"LineString","coordinates":[[11.8414,43.4003],[11.8525,43.373]]}},{"type":"Feature","properties":{"kmh":77.7,"corse":4386},"geometry":{"type":"LineString","coordinates":[[11.8438,43.3886],[11.8511,43.3699]]}},{"type":"Feature","properties":{"kmh":68.5,"corse":36348},"geometry":{"type":"LineString","coordinates":[[11.8438,43.3886],[11.8436,43.3889]]}},{"type":"Feature","properties":{"kmh":68.5,"corse":36723},"geometry":{"type":"LineString","coordinates":[[11.8525,43.373],[11.888,43.3476],[11.918,43.3399],[11.9212,43.3378],[11.9227,43.3098],[11.9603,43.2762],[12.008,43.2104]]}},{"type":"Feature","properties":{"kmh":63.6,"corse":61871},"geometry":{"type":"LineString","coordinates":[[12.008,43.2104],[12.0227,43.1904],[12.0347,43.187],[12.0395,43.1871],[12.0563,43.1925],[12.085,43.1972],[12.1285,43.1913],[12.1377,43.1855],[12.1788,43.1797],[12.188,43.1699],[12.1889,43.1617],[12.1867,43.1536],[12.1981,43.14],[12.2021,43.1374],[12.2349,43.126],[12.2501,43.106],[12.2564,43.1037],[12.2917,43.0984],[12.3154,43.0962],[12.3428,43.0802],[12.3492,43.0803],[12.3565,43.0852],[12.3541,43.0969],[12.3558,43.1032],[12.3505,43.1129],[12.3535,43.1165],[12.3594,43.1167],[12.385,43.0946],[12.3877,43.0866],[12.3876,43.0817],[12.3779,43.0684],[12.3788,43.0653],[12.3828,43.0627],[12.3904,43.0621],[12.3953,43.064],[12.4147,43.0847],[12.4221,43.0885],[12.4343,43.0911]]}},{"type":"Feature","properties":{"kmh":60.0,"corse":11977},"geometry":{"type":"LineString","coordinates":[[12.008,43.2104],[12.0124,43.203],[12.0142,43.1644],[12.0387,43.1083],[12.0571,43.0841],[12.0561,43.0621],[12.0528,43.0577],[12.0319,43.0413],[12.0227,43.0246],[12.0028,43.0147],[11.9803,43.0138],[11.9625,43.0085],[11.9599,43.0065],[11.9567,42.9997]]}},{"type":"Feature","properties":{"kmh":74.3,"corse":339},"geometry":{"type":"LineString","coordinates":[[12.4343,43.0911],[12.4434,43.093],[12.4501,43.0979],[12.4505,43.1002],[12.4471,43.1052]]}},{"type":"Feature","properties":{"kmh":67.0,"corse":108165},"geometry":{"type":"LineString","coordinates":[[8.6281,45.7255],[8.6262,45.7196],[8.6219,45.7175],[8.6111,45.719],[8.5921,45.7179],[8.5864,45.7189],[8.5654,45.7439],[8.561,45.7536],[8.5545,45.7602],[8.5528,45.7661],[8.5448,45.7718],[8.5408,45.7784],[8.5355,45.7916],[8.5369,45.8027],[8.5435,45.8137],[8.5666,45.8331],[8.5711,45.8407],[8.5649,45.8674],[8.5566,45.8774],[8.5512,45.8798],[8.5395,45.8807],[8.5173,45.8902],[8.5117,45.8984],[8.5035,45.9034],[8.5013,45.9112],[8.4929,45.9208],[8.4878,45.9243],[8.475,45.9279],[8.4709,45.9462],[8.4636,45.9494],[8.4522,45.9576],[8.4346,45.9644],[8.4262,45.9735],[8.4152,45.9814],[8.4099,45.9892],[8.3947,45.9945],[8.367,45.9938],[8.336,46.0011],[8.3176,46.0036],[8.2999,46.0038],[8.2918,46.0075],[8.2859,46.013],[8.2836,46.0232],[8.2846,46.0315],[8.2774,46.0396],[8.2783,46.0527],[8.294,46.0762],[8.2967,46.1153]]}},{"type":"Feature","properties":{"kmh":66.0,"corse":133146},"geometry":{"type":"LineString","coordinates":[[8.6281,45.7255],[8.6284,45.7261]]}},{"type":"Feature","properties":{"kmh":64.2,"corse":1254},"geometry":{"type":"LineString","coordinates":[[8.6281,45.7255],[8.6284,45.7261]]}},{"type":"Feature","properties":{"kmh":65.9,"corse":136235},"geometry":{"type":"LineString","coordinates":[[8.6284,45.7261],[8.6354,45.7285],[8.6477,45.726],[8.6888,45.7226],[8.7018,45.7042],[8.7031,45.6933],[8.7064,45.6893],[8.7509,45.6714],[8.7712,45.6662]]}},{"type":"Feature","properties":{"kmh":62.1,"corse":316130},"geometry":{"type":"LineString","coordinates":[[8.7712,45.6662],[8.791,45.665]]}},{"type":"Feature","properties":{"kmh":61.9,"corse":150336},"geometry":{"type":"LineString","coordinates":[[8.7712,45.6662],[8.764,45.6669],[8.7598,45.6597],[8.7562,45.6579],[8.7341,45.655],[8.7218,45.6506]]}},{"type":"Feature","properties":{"kmh":61.7,"corse":480499},"geometry":{"type":"LineString","coordinates":[[9.0909,45.5205],[9.1232,45.5096],[9.1406,45.5057],[9.1554,45.5101],[9.2166,45.5003]]}},{"type":"Feature","properties":{"kmh":66.1,"corse":378686},"geometry":{"type":"LineString","coordinates":[[9.2239,45.497],[9.2281,45.4953]]}},{"type":"Feature","properties":{"kmh":71.5,"corse":6635},"geometry":{"type":"LineString","coordinates":[[8.5972,44.9166],[8.5968,44.917]]}},{"type":"Feature","properties":{"kmh":75.2,"corse":306653},"geometry":{"type":"LineString","coordinates":[[12.6154,41.9112],[12.5242,41.8934]]}},{"type":"Feature","properties":{"kmh":77.0,"corse":104701},"geometry":{"type":"LineString","coordinates":[[12.5306,41.8996],[12.5332,41.9039]]}},{"type":"Feature","properties":{"kmh":61.7,"corse":67401},"geometry":{"type":"LineString","coordinates":[[6.7093,45.0787],[6.7122,45.0737],[6.7302,45.0596],[6.7456,45.0508],[6.7649,45.0452],[6.7746,45.0444],[6.7835,45.0415],[6.7949,45.0411],[6.8067,45.038],[6.8284,45.0384],[6.841,45.0416],[6.8883,45.074],[6.8954,45.0773]]}},{"type":"Feature","properties":{"kmh":61.6,"corse":70765},"geometry":{"type":"LineString","coordinates":[[6.8954,45.0773],[6.9066,45.079],[6.9127,45.0838],[6.9228,45.0874],[6.9317,45.0932],[6.9532,45.1019],[6.9614,45.108],[6.9991,45.1236],[7.0064,45.1319],[7.0089,45.1328],[7.0187,45.1335],[7.0384,45.1297],[7.0464,45.1248],[7.063,45.1243],[7.0824,45.1252],[7.1016,45.1296],[7.1194,45.1286],[7.125,45.1308],[7.1312,45.1378]]}},{"type":"Feature","properties":{"kmh":60.1,"corse":3364},"geometry":{"type":"LineString","coordinates":[[6.8954,45.0773],[6.8874,45.0734]]}},{"type":"Feature","properties":{"kmh":70.6,"corse":180716},"geometry":{"type":"LineString","coordinates":[[11.9063,42.0415],[11.9066,42.0415]]}},{"type":"Feature","properties":{"kmh":63.8,"corse":511524},"geometry":{"type":"LineString","coordinates":[[12.4493,41.8988],[12.4577,41.8929],[12.4581,41.8745],[12.4612,41.8721]]}},{"type":"Feature","properties":{"kmh":63.8,"corse":511454},"geometry":{"type":"LineString","coordinates":[[12.4614,41.8721],[12.4731,41.8727]]}},{"type":"Feature","properties":{"kmh":78.2,"corse":514236},"geometry":{"type":"LineString","coordinates":[[14.2198,40.9683],[14.2236,40.9623],[14.2656,40.9385],[14.2912,40.9109],[14.3106,40.9038],[14.3147,40.9009],[14.3168,40.8943],[14.3138,40.8854],[14.3023,40.8759],[14.2965,40.8682]]}},{"type":"Feature","properties":{"kmh":78.6,"corse":53362},"geometry":{"type":"LineString","coordinates":[[14.2965,40.8682],[14.3167,40.8738],[14.3225,40.8817]]}},{"type":"Feature","properties":{"kmh":78.2,"corse":222990},"geometry":{"type":"LineString","coordinates":[[16.8412,41.1222],[16.8556,41.117],[16.8818,41.1183],[16.9281,41.109],[16.9594,41.0928],[17.0723,41.0611],[17.1641,41.0198],[17.1832,41.0058],[17.2117,40.9953],[17.2491,40.9718],[17.298,40.9493],[17.307,40.9416],[17.3233,40.9137],[17.3613,40.8687],[17.3859,40.8517]]}},{"type":"Feature","properties":{"kmh":79.3,"corse":74844},"geometry":{"type":"LineString","coordinates":[[16.8412,41.1222],[16.8441,41.1171],[16.8404,41.1084],[16.8364,41.1062],[16.8255,41.1051],[16.821,41.103],[16.8107,41.0859],[16.8059,41.0815],[16.7902,41.0729],[16.7681,41.0692],[16.7577,41.0637],[16.7409,41.0419],[16.731,41.0354],[16.7217,41.0249],[16.7199,41.0207],[16.7186,41.0072],[16.7209,41.0032],[16.7417,40.9822],[16.7598,40.9487],[16.7991,40.9211],[16.8085,40.9175],[16.8307,40.914],[16.8365,40.9102],[16.8383,40.9058],[16.8365,40.8987],[16.8375,40.8951],[16.8684,40.864],[16.8931,40.8425],[16.9092,40.8192],[16.9159,40.808],[16.9168,40.7924]]}},{"type":"Feature","properties":{"kmh":79.6,"corse":240845},"geometry":{"type":"LineString","coordinates":[[16.8412,41.1222],[16.7383,41.1627],[16.6775,41.1795],[16.6317,41.1876],[16.5805,41.2],[16.5332,41.2251],[16.5026,41.2341],[16.4276,41.2665],[16.4128,41.2754],[16.2911,41.3124],[16.2783,41.3148]]}},{"type":"Feature","properties":{"kmh":79.8,"corse":70874},"geometry":{"type":"LineString","coordinates":[[16.9168,40.7924],[16.9176,40.7748],[16.9241,40.7559],[16.9261,40.7421],[16.9251,40.7008],[16.9275,40.676],[16.9144,40.6385],[16.9139,40.6318],[16.916,40.6275],[16.9364,40.6152],[16.9509,40.6115],[16.964,40.6052],[16.9979,40.608],[17.0276,40.606],[17.0438,40.6069],[17.0653,40.6019],[17.1033,40.5862],[17.142,40.55],[17.1554,40.5337],[17.1889,40.5081]]}},{"type":"Feature","properties":{"kmh":71.1,"corse":3976},"geometry":{"type":"LineString","coordinates":[[16.9168,40.7924],[16.9165,40.7977]]}},{"type":"Feature","properties":{"kmh":75.7,"corse":13219},"geometry":{"type":"LineString","coordinates":[[16.8175,40.3703],[16.7418,40.3083],[16.7349,40.3011],[16.716,40.2686],[16.6989,40.2447],[16.6931,40.2341],[16.6896,40.2205],[16.6879,40.1928],[16.6828,40.1824],[16.6582,40.143],[16.629,40.1169],[16.606,40.0874],[16.6019,40.0662],[16.6031,40.0567],[16.5981,40.0437],[16.5982,40.0372],[16.6092,40.0158],[16.6105,39.9972],[16.6136,39.985],[16.623,39.9679],[16.6224,39.9577],[16.605,39.9356],[16.5525,39.8878],[16.5342,39.8685],[16.5181,39.8454],[16.5035,39.8332],[16.4591,39.7539]]}},{"type":"Feature","properties":{"kmh":63.6,"corse":37229},"geometry":{"type":"LineString","coordinates":[[16.4591,39.7539],[16.4537,39.7453],[16.4395,39.7375],[16.3563,39.7263],[16.3238,39.7275],[16.2941,39.7164],[16.2833,39.7006],[16.2514,39.6698],[16.237,39.6427],[16.2106,39.6093],[16.2063,39.5984],[16.2079,39.586],[16.2113,39.5812],[16.2298,39.5682],[16.2331,39.5603],[16.2276,39.5468],[16.2149,39.5263],[16.207,39.5035],[16.2105,39.4949],[16.2116,39.4848],[16.2209,39.4646],[16.2414,39.4481],[16.2453,39.441],[16.2446,39.426],[16.2479,39.4119],[16.2414,39.3747],[16.243,39.3599]]}},{"type":"Feature","properties":{"kmh":67.1,"corse":29272},"geometry":{"type":"LineString","coordinates":[[16.4591,39.7539],[16.4549,39.746],[16.4549,39.7426],[16.4724,39.6997],[16.4872,39.673],[16.4948,39.645],[16.5142,39.6286],[16.5356,39.6224],[16.5715,39.6202],[16.5802,39.6159],[16.6155,39.6053],[16.6687,39.6007],[16.6983,39.608],[16.7194,39.6067],[16.7481,39.608],[16.7719,39.6059],[16.7902,39.6014],[16.8138,39.5882],[16.8174,39.5841],[16.8217,39.5733],[16.8273,39.5653],[16.8412,39.5531],[16.8634,39.5385],[16.912,39.5167],[16.9358,39.5077],[16.9486,39.498],[17.0209,39.4694],[17.0492,39.4405],[17.0771,39.4213],[17.0884,39.416],[17.1109,39.4091],[17.1162,39.4057],[17.129,39.4029],[17.1319,39.3993],[17.1155,39.3654],[17.118,39.3373],[17.1087,39.3143],[17.1084,39.3031],[17.1108,39.2889],[17.1022,39.2633],[17.1137,39.1995],[17.1066,39.1108],[17.1073,39.1029],[17.1123,39.0901],[17.1011,39.0767],[17.1016,39.0615],[17.0921,39.0487],[17.0849,39.0449],[17.0584,39.0413],[17.0465,39.0416],[17.031,39.0489],[16.9869,39.0426],[16.9609,39.0237],[16.9576,39.0174],[16.9633,39.0039],[16.9641,38.9784],[16.9683,38.9634],[16.9675,38.9593],[16.9624,38.9509],[16.9584,38.9474],[16.9512,38.9454],[16.8946,38.9418],[16.8279,38.9274],[16.7277,38.8896],[16.685,38.8652],[16.6535,38.8421],[16.6129,38.8219]]}},{"type":"Feature","properties":{"kmh":70.6,"corse":71482},"geometry":{"type":"LineString","coordinates":[[16.046,39.3467],[16.2216,39.3814],[16.2313,39.3801],[16.2384,39.3755],[16.2412,39.3709],[16.243,39.3599]]}},{"type":"Feature","properties":{"kmh":69.8,"corse":49216},"geometry":{"type":"LineString","coordinates":[[16.046,39.3467],[16.0403,39.3436],[16.0405,39.3361]]}},{"type":"Feature","properties":{"kmh":66.7,"corse":31264},"geometry":{"type":"LineString","coordinates":[[16.046,39.3467],[16.0402,39.3474],[16.0365,39.3513]]}},{"type":"Feature","properties":{"kmh":71.9,"corse":42610},"geometry":{"type":"LineString","coordinates":[[16.0601,39.2257],[16.0601,39.2252]]}},{"type":"Feature","properties":{"kmh":71.9,"corse":42610},"geometry":{"type":"LineString","coordinates":[[16.0645,39.1636],[16.0645,39.1625]]}},{"type":"Feature","properties":{"kmh":72.4,"corse":182235},"geometry":{"type":"LineString","coordinates":[[16.2555,38.9213],[16.2688,38.9132],[16.2774,38.9024],[16.2809,38.8789],[16.2734,38.857],[16.2527,38.8279],[16.2357,38.8163],[16.2289,38.8014],[16.2277,38.7946],[16.2206,38.7854],[16.2208,38.7759],[16.2191,38.7723],[16.2025,38.76],[16.1968,38.7537],[16.1889,38.7496],[16.1825,38.7426],[16.1625,38.732],[16.1506,38.721],[16.1236,38.7042],[16.1234,38.6967],[16.1302,38.669],[16.1347,38.6586],[16.1269,38.641],[16.1115,38.631],[16.067,38.5819],[16.0485,38.5711],[16.0418,38.5642],[16.0234,38.5515],[16.0188,38.5458],[16.0116,38.5409],[16.0071,38.5347],[15.9933,38.5254],[15.9712,38.4984],[15.97,38.486],[15.9678,38.4814],[15.9489,38.4724],[15.9349,38.4615],[15.9076,38.4367],[15.8919,38.4153],[15.8828,38.4106],[15.8751,38.4041],[15.8672,38.3946],[15.8678,38.3878],[15.8665,38.3847],[15.8539,38.3758],[15.8511,38.3699],[15.84,38.3611],[15.8321,38.3258],[15.8204,38.3034],[15.8113,38.2902],[15.7974,38.2808],[15.7904,38.2786],[15.7533,38.2574],[15.7364,38.2528],[15.7157,38.253],[15.7068,38.2495],[15.6895,38.2485],[15.6728,38.2401],[15.6552,38.2346],[15.6398,38.2319],[15.6369,38.23],[15.634,38.2223],[15.6361,38.1908],[15.644,38.1823],[15.6433,38.1713],[15.6542,38.1621],[15.6591,38.1519],[15.6576,38.136],[15.6528,38.129],[15.6529,38.1228],[15.6498,38.1189],[15.6495,38.1147],[15.6359,38.1038]]}},{"type":"Feature","properties":{"kmh":63.5,"corse":2601},"geometry":{"type":"LineString","coordinates":[[14.4145,41.0708],[14.4107,41.0525],[14.4041,41.0393],[14.4032,41.0239],[14.405,41.0192],[14.4122,41.014]]}},{"type":"Feature","properties":{"kmh":63.5,"corse":2601},"geometry":{"type":"LineString","coordinates":[[14.4205,41.0026],[14.4206,40.9991]]}},{"type":"Feature","properties":{"kmh":79.8,"corse":68135},"geometry":{"type":"LineString","coordinates":[[17.1885,40.4931],[17.1882,40.4928]]}},{"type":"Feature","properties":{"kmh":68.0,"corse":318322},"geometry":{"type":"LineString","coordinates":[[14.3282,41.0685],[14.3216,41.0689]]}},{"type":"Feature","properties":{"kmh":62.3,"corse":2353},"geometry":{"type":"LineString","coordinates":[[16.2607,41.3174],[16.1639,41.3065],[16.1543,41.303],[16.1452,41.2938],[16.1313,41.2859],[16.121,41.2826],[16.1087,41.2819],[16.0764,41.2715],[16.0733,41.268],[16.0572,41.2365],[16.0503,41.2294],[16.0504,41.2261],[16.055,41.2208],[16.0517,41.2146],[16.0373,41.208],[16.0311,41.1939],[16.0161,41.1744],[16.0156,41.1705],[16.0226,41.1516],[16.0381,41.147],[16.0625,41.1288],[16.0691,41.1031],[16.0688,41.0932],[16.0754,41.0865],[16.072,41.0684],[16.0732,41.058],[16.0803,41.0298],[16.1075,41.0164],[16.1192,41.0066],[16.1284,41.0035],[16.1306,41.001],[16.1308,40.9893],[16.1225,40.986],[16.1207,40.9832],[16.1243,40.9734],[16.1389,40.9586],[16.1383,40.9554],[16.1311,40.9536],[16.1242,40.9563],[16.1206,40.9597],[16.1141,40.9585],[16.1057,40.9616],[16.0953,40.955],[16.0872,40.9534]]}},{"type":"Feature","properties":{"kmh":63.4,"corse":7644},"geometry":{"type":"LineString","coordinates":[[11.7429,45.7612],[11.7821,45.7116],[11.7959,45.6627],[11.7916,45.6534],[11.7897,45.6439]]}},{"type":"Feature","properties":{"kmh":70.2,"corse":332},"geometry":{"type":"LineString","coordinates":[[14.9829,40.6059],[14.9906,40.6036]]}},{"type":"Feature","properties":{"kmh":70.2,"corse":332},"geometry":{"type":"LineString","coordinates":[[14.9906,40.6036],[14.9915,40.6032]]}},{"type":"Feature","properties":{"kmh":77.2,"corse":53661},"geometry":{"type":"LineString","coordinates":[[14.9906,40.6036],[15.007,40.6002],[15.0296,40.6023],[15.0525,40.6111]]}},{"type":"Feature","properties":{"kmh":77.2,"corse":53661},"geometry":{"type":"LineString","coordinates":[[14.9906,40.6036],[14.9864,40.6048]]}},{"type":"Feature","properties":{"kmh":69.1,"corse":161004},"geometry":{"type":"LineString","coordinates":[[12.5021,41.8709],[12.5032,41.8709]]}},{"type":"Feature","properties":{"kmh":67.4,"corse":275171},"geometry":{"type":"LineString","coordinates":[[12.4798,41.8731],[12.4795,41.8731]]}},{"type":"Feature","properties":{"kmh":70.1,"corse":32657},"geometry":{"type":"LineString","coordinates":[[15.8052,40.6285],[15.8068,40.6295]]}},{"type":"Feature","properties":{"kmh":65.0,"corse":108824},"geometry":{"type":"LineString","coordinates":[[12.2567,45.6631],[12.2675,45.7209],[12.2679,45.7753],[12.2572,45.788],[12.2501,45.811],[12.261,45.824],[12.2923,45.8801],[12.2968,45.8839],[12.3302,45.8967],[12.4229,45.9234],[12.4754,45.9448],[12.5493,45.9563],[12.579,45.9685],[12.6181,45.9666],[12.6502,45.9595],[12.6603,45.9501],[12.6659,45.9477],[12.6964,45.9463],[12.7111,45.9417],[12.8355,45.952],[12.8695,45.9593],[12.9634,45.9615],[13.2069,46.0472],[13.2364,46.0543]]}},{"type":"Feature","properties":{"kmh":64.5,"corse":245890},"geometry":{"type":"LineString","coordinates":[[12.2567,45.6631],[12.2522,45.6603],[12.24,45.6596]]}},{"type":"Feature","properties":{"kmh":68.3,"corse":95327},"geometry":{"type":"LineString","coordinates":[[12.2567,45.6631],[12.2583,45.6664],[12.2606,45.6674],[12.3209,45.6763],[12.3787,45.6869],[12.4196,45.6983],[12.4394,45.7061],[12.4516,45.7091],[12.4627,45.7229],[12.4826,45.7709],[12.4879,45.7744],[12.5437,45.7848],[12.575,45.7831],[12.6239,45.777],[12.6479,45.7783],[12.6599,45.7753],[12.6689,45.7749],[12.8052,45.7737],[12.816,45.7753],[12.832,45.7814]]}},{"type":"Feature","properties":{"kmh":64.5,"corse":245112},"geometry":{"type":"LineString","coordinates":[[12.24,45.6596],[12.2389,45.6596]]}},{"type":"Feature","properties":{"kmh":78.8,"corse":778},"geometry":{"type":"LineString","coordinates":[[12.24,45.6596],[12.2389,45.6596]]}},{"type":"Feature","properties":{"kmh":67.2,"corse":122809},"geometry":{"type":"LineString","coordinates":[[13.8992,41.4389],[13.8773,41.4454],[13.8646,41.4467],[13.8588,41.4494],[13.8498,41.458],[13.8499,41.4711],[13.8483,41.4757],[13.8366,41.4839],[13.8308,41.4838],[13.8175,41.4775],[13.804,41.4778],[13.771,41.4874],[13.7206,41.4979],[13.6949,41.5124],[13.6348,41.5294],[13.6057,41.5276],[13.5614,41.5303],[13.5081,41.5213],[13.4917,41.5216],[13.4726,41.5278],[13.4612,41.5285],[13.4511,41.5335],[13.426,41.5356],[13.4137,41.5322],[13.3977,41.5365],[13.388,41.5453],[13.3847,41.5465],[13.3797,41.5469],[13.3715,41.5437],[13.3671,41.5437],[13.3504,41.553],[13.3429,41.5662],[13.3298,41.5802],[13.329,41.5907],[13.3369,41.6012],[13.3402,41.6096],[13.34,41.6137],[13.3364,41.6196],[13.3254,41.6277],[13.3094,41.6334],[13.2989,41.6326],[13.2772,41.6344],[13.2624,41.6502],[13.2519,41.6524],[13.242,41.6603],[13.2356,41.6607],[13.2265,41.6563],[13.218,41.6595],[13.2096,41.6602],[13.1996,41.666],[13.1895,41.668],[13.1833,41.6724],[13.1747,41.6744],[13.1563,41.6845],[13.1411,41.6882],[13.113,41.7016]]}},{"type":"Feature","properties":{"kmh":75.2,"corse":332314},"geometry":{"type":"LineString","coordinates":[[10.0003,45.5523],[10.0467,45.5448],[10.1372,45.5488],[10.176,45.536],[10.2128,45.5323]]}},{"type":"Feature","properties":{"kmh":60.3,"corse":89284},"geometry":{"type":"LineString","coordinates":[[9.8876,44.3729],[9.8875,44.3707]]}},{"type":"Feature","properties":{"kmh":63.4,"corse":458866},"geometry":{"type":"LineString","coordinates":[[9.4145,45.5012],[9.2665,45.4748],[9.2472,45.4716],[9.2419,45.4724]]}},{"type":"Feature","properties":{"kmh":79.9,"corse":5549},"geometry":{"type":"LineString","coordinates":[[9.2374,45.4604],[9.2372,45.4547]]}},{"type":"Feature","properties":{"kmh":63.5,"corse":469382},"geometry":{"type":"LineString","coordinates":[[12.5331,41.9049],[12.5282,41.897],[12.5272,41.8874]]}},{"type":"Feature","properties":{"kmh":78.5,"corse":3796},"geometry":{"type":"LineString","coordinates":[[8.0675,45.5572],[8.0731,45.5538],[8.0842,45.5515],[8.0939,45.5514],[8.1006,45.5467],[8.1008,45.5414],[8.0937,45.5292],[8.083,45.5214],[8.0804,45.5165],[8.0915,45.4905],[8.0927,45.4797],[8.1147,45.4584],[8.1162,45.4542],[8.1147,45.4464],[8.117,45.4415],[8.1356,45.4324],[8.151,45.4092],[8.1858,45.3712],[8.1853,45.3663],[8.1771,45.362]]}},{"type":"Feature","properties":{"kmh":68.7,"corse":13294},"geometry":{"type":"LineString","coordinates":[[14.4746,41.4879],[14.4607,41.5001],[14.449,41.5044],[14.3904,41.5336],[14.3724,41.538],[14.3674,41.5413],[14.3581,41.5425],[14.3549,41.5496],[14.3321,41.5781],[14.3298,41.5852],[14.3254,41.5894],[14.317,41.5902],[14.3122,41.586],[14.2986,41.5827],[14.2934,41.5829],[14.2894,41.5786],[14.2852,41.5781],[14.2823,41.5797],[14.275,41.5895],[14.2754,41.5953],[14.2666,41.6005],[14.2592,41.6008],[14.254,41.5963],[14.2511,41.5958],[14.2434,41.601],[14.2403,41.6014],[14.2335,41.5938],[14.2428,41.589],[14.2429,41.5843],[14.24,41.5768],[14.2445,41.566],[14.2409,41.5625],[14.2145,41.5618],[14.2018,41.5658],[14.1807,41.5611],[14.17,41.5551],[14.1601,41.5452],[14.1612,41.5319],[14.1594,41.5291],[14.1341,41.5268],[14.044,41.4798],[14.0442,41.4769],[14.0961,41.4116],[14.1037,41.3986],[14.1069,41.373],[14.1044,41.3607],[14.1069,41.3373],[14.099,41.3252],[14.1041,41.3175]]}},{"type":"Feature","properties":{"kmh":62.4,"corse":76475},"geometry":{"type":"LineString","coordinates":[[11.3406,44.3826],[11.3389,44.3753],[11.3324,44.3686],[11.2656,44.3266],[11.2579,44.3157],[11.2488,44.3099],[11.2408,44.3007],[11.2141,44.2939],[11.2073,44.2905],[11.1979,44.2821],[11.1945,44.2758],[11.1876,44.2704],[11.1834,44.2646],[11.1796,44.252],[11.1763,44.232],[11.1778,44.2258],[11.1886,44.2173],[11.1906,44.2118],[11.1527,44.0462]]}},{"type":"Feature","properties":{"kmh":69.0,"corse":146198},"geometry":{"type":"LineString","coordinates":[[11.1119,44.8916],[11.1119,44.8923]]}},{"type":"Feature","properties":{"kmh":62.2,"corse":1139},"geometry":{"type":"LineString","coordinates":[[11.1527,44.0462],[11.1523,44.044]]}},{"type":"Feature","properties":{"kmh":63.8,"corse":59096},"geometry":{"type":"LineString","coordinates":[[11.1527,44.0462],[11.1527,44.0427],[11.1577,44.0353],[11.1579,44.0326],[11.143,44.0228],[11.1425,44.0189],[11.1463,44.0116],[11.1425,44.0039],[11.1433,43.9979],[11.1421,43.9935],[11.1395,43.9891],[11.131,43.9831],[11.1276,43.976],[11.1273,43.9732],[11.1305,43.966],[11.1316,43.9547],[11.1294,43.948],[11.1317,43.9384],[11.1288,43.9294],[11.1276,43.9138],[11.1076,43.8945],[11.1032,43.8868],[11.1049,43.8824],[11.1201,43.8708]]}},{"type":"Feature","properties":{"kmh":62.7,"corse":16140},"geometry":{"type":"LineString","coordinates":[[11.1251,44.9754],[11.1249,44.9799]]}},{"type":"Feature","properties":{"kmh":72.3,"corse":35271},"geometry":{"type":"LineString","coordinates":[[11.7955,44.3289],[11.81,44.3235],[11.8162,44.3239],[11.8212,44.3265],[11.8978,44.4083],[11.9047,44.4123],[11.9242,44.4156],[11.9791,44.4112],[12.0209,44.3822],[12.0292,44.3793],[12.0372,44.3787],[12.0452,44.38],[12.1933,44.4315],[12.2013,44.4311],[12.2063,44.4265]]}},{"type":"Feature","properties":{"kmh":63.0,"corse":1080},"geometry":{"type":"LineString","coordinates":[[12.2063,44.4265],[12.2087,44.4175]]}},{"type":"Feature","properties":{"kmh":72.6,"corse":34022},"geometry":{"type":"LineString","coordinates":[[12.2063,44.4265],[12.2082,44.4192]]}},{"type":"Feature","properties":{"kmh":64.8,"corse":20320},"geometry":{"type":"LineString","coordinates":[[12.5283,41.9279],[12.5285,41.9276]]}},{"type":"Feature","properties":{"kmh":64.3,"corse":17881},"geometry":{"type":"LineString","coordinates":[[12.5285,41.9276],[12.5285,41.9273]]}},{"type":"Feature","properties":{"kmh":68.8,"corse":2439},"geometry":{"type":"LineString","coordinates":[[12.5285,41.9276],[12.5285,41.9273]]}},{"type":"Feature","properties":{"kmh":64.8,"corse":20320},"geometry":{"type":"LineString","coordinates":[[12.5285,41.9273],[12.5276,41.919],[12.533,41.9094]]}},{"type":"Feature","properties":{"kmh":70.9,"corse":66108},"geometry":{"type":"LineString","coordinates":[[13.5654,45.8024],[13.5659,45.8024]]}},{"type":"Feature","properties":{"kmh":62.8,"corse":166272},"geometry":{"type":"LineString","coordinates":[[13.5654,45.8024],[13.5659,45.8024]]}},{"type":"Feature","properties":{"kmh":65.1,"corse":232380},"geometry":{"type":"LineString","coordinates":[[13.5659,45.8024],[13.5744,45.8026]]}},{"type":"Feature","properties":{"kmh":63.8,"corse":179874},"geometry":{"type":"LineString","coordinates":[[13.5744,45.8026],[13.5748,45.8026]]}},{"type":"Feature","properties":{"kmh":69.6,"corse":52506},"geometry":{"type":"LineString","coordinates":[[13.5744,45.8026],[13.5748,45.8026]]}},{"type":"Feature","properties":{"kmh":65.1,"corse":232340},"geometry":{"type":"LineString","coordinates":[[13.5748,45.8026],[13.5826,45.8038],[13.5862,45.8024],[13.5896,45.7963],[13.5954,45.7922],[13.5985,45.7847],[13.6046,45.7796],[13.6101,45.7777],[13.6227,45.7779],[13.6286,45.7762]]}},{"type":"Feature","properties":{"kmh":70.9,"corse":66108},"geometry":{"type":"LineString","coordinates":[[13.6286,45.7762],[13.6289,45.7762]]}},{"type":"Feature","properties":{"kmh":62.8,"corse":166272},"geometry":{"type":"LineString","coordinates":[[13.6286,45.7762],[13.6289,45.7762]]}},{"type":"Feature","properties":{"kmh":65.1,"corse":232380},"geometry":{"type":"LineString","coordinates":[[13.6289,45.7762],[13.6291,45.7762]]}},{"type":"Feature","properties":{"kmh":65.1,"corse":216934},"geometry":{"type":"LineString","coordinates":[[13.6291,45.7762],[13.6293,45.7762]]}},{"type":"Feature","properties":{"kmh":65.4,"corse":15446},"geometry":{"type":"LineString","coordinates":[[13.6291,45.7762],[13.6293,45.7762]]}},{"type":"Feature","properties":{"kmh":63.4,"corse":198930},"geometry":{"type":"LineString","coordinates":[[13.6293,45.7762],[13.6295,45.7762]]}},{"type":"Feature","properties":{"kmh":75.1,"corse":33450},"geometry":{"type":"LineString","coordinates":[[13.6293,45.7762],[13.6295,45.7762]]}},{"type":"Feature","properties":{"kmh":65.1,"corse":232380},"geometry":{"type":"LineString","coordinates":[[13.6295,45.7762],[13.6297,45.7762]]}},{"type":"Feature","properties":{"kmh":65.1,"corse":216934},"geometry":{"type":"LineString","coordinates":[[13.6297,45.7762],[13.63,45.7762]]}},{"type":"Feature","properties":{"kmh":65.4,"corse":15446},"geometry":{"type":"LineString","coordinates":[[13.6297,45.7762],[13.63,45.7762]]}},{"type":"Feature","properties":{"kmh":65.4,"corse":229396},"geometry":{"type":"LineString","coordinates":[[13.63,45.7762],[13.6418,45.7774],[13.6518,45.7705],[13.6534,45.767],[13.6505,45.7616],[13.6507,45.759],[13.6633,45.7462],[13.6767,45.7397],[13.6877,45.7318],[13.6982,45.7217],[13.7161,45.7102],[13.7214,45.7035],[13.736,45.6968],[13.7427,45.6905],[13.7562,45.6816],[13.7574,45.6793],[13.756,45.6754],[13.7592,45.6704],[13.7716,45.6583]]}},{"type":"Feature","properties":{"kmh":68.3,"corse":43948},"geometry":{"type":"LineString","coordinates":[[10.9485,45.4177],[10.9485,45.4218],[10.9522,45.4256],[10.9562,45.4268],[10.9648,45.426]]}},{"type":"Feature","properties":{"kmh":71.2,"corse":60025},"geometry":{"type":"LineString","coordinates":[[9.0199,44.9997],[9.0335,44.9992],[9.1048,45.0108],[9.1751,45.034],[9.2308,45.0571],[9.2599,45.0666],[9.2754,45.0765],[9.2848,45.079],[9.3894,45.0831],[9.4353,45.0633],[9.4513,45.066],[9.4798,45.0647],[9.5158,45.0596],[9.5432,45.0607],[9.614,45.0586],[9.6366,45.0556],[9.6947,45.0598],[9.7015,45.0583],[9.7043,45.0556]]}},{"type":"Feature","properties":{"kmh":77.6,"corse":18862},"geometry":{"type":"LineString","coordinates":[[9.2394,45.4783],[9.2394,45.48]]}},{"type":"Feature","properties":{"kmh":61.5,"corse":36173},"geometry":{"type":"LineString","coordinates":[[15.5558,41.4659],[15.5691,41.4604],[15.5736,41.4556],[15.6193,41.335],[15.6233,41.3211],[15.6196,41.3139],[15.5988,41.2942],[15.5913,41.2813],[15.5547,41.2321],[15.5518,41.2236],[15.544,41.216],[15.5357,41.1924],[15.5326,41.1705],[15.5351,41.1623],[15.5326,41.1532],[15.5367,41.1427],[15.5403,41.1385],[15.5773,41.1172],[15.5811,41.1126],[15.5746,41.0973],[15.5701,41.093],[15.5599,41.0897],[15.5543,41.0861],[15.5507,41.0818],[15.5509,41.0761],[15.5544,41.075],[15.5581,41.0779],[15.5624,41.0785],[15.5657,41.0834],[15.5698,41.0848],[15.5788,41.0805],[15.5822,41.0763],[15.5874,41.0748],[15.5902,41.0694],[15.5895,41.0649],[15.598,41.0602],[15.6028,41.0502],[15.6036,41.0445],[15.6013,41.0398],[15.6033,41.036],[15.6083,41.032],[15.6062,41.0254],[15.6068,41.0223],[15.622,41.0114],[15.627,41.0034],[15.6318,40.9991],[15.6394,40.9957],[15.6469,40.9899]]}},{"type":"Feature","properties":{"kmh":71.8,"corse":22422},"geometry":{"type":"LineString","coordinates":[[10.4733,45.1076],[10.4666,45.1056],[10.4617,45.1059],[10.3742,45.1266]]}},{"type":"Feature","properties":{"kmh":71.9,"corse":22924},"geometry":{"type":"LineString","coordinates":[[10.3644,45.1289],[10.3262,45.1373],[10.0633,45.1369],[10.0347,45.1432],[10.0125,45.1432]]}},{"type":"Feature","properties":{"kmh":63.3,"corse":4837},"geometry":{"type":"LineString","coordinates":[[10.0125,45.1432],[10.0104,45.1432]]}},{"type":"Feature","properties":{"kmh":74.2,"corse":18087},"geometry":{"type":"LineString","coordinates":[[10.0125,45.1432],[10.0083,45.1432]]}},{"type":"Feature","properties":{"kmh":69.7,"corse":684},"geometry":{"type":"LineString","coordinates":[[9.703,45.153],[9.7016,45.1549]]}},{"type":"Feature","properties":{"kmh":63.0,"corse":40112},"geometry":{"type":"LineString","coordinates":[[9.6477,45.1858],[9.5898,45.2206],[9.5223,45.2852],[9.5047,45.3062],[9.4998,45.3088],[9.4911,45.309]]}},{"type":"Feature","properties":{"kmh":78.8,"corse":1678},"geometry":{"type":"LineString","coordinates":[[9.2407,45.47],[9.2409,45.47]]}},{"type":"Feature","properties":{"kmh":63.4,"corse":50725},"geometry":{"type":"LineString","coordinates":[[11.323,43.3318],[11.3326,43.3282],[11.3397,43.3278],[11.3459,43.3238],[11.3577,43.3197],[11.3599,43.3127],[11.3638,43.3068],[11.3716,43.3029],[11.3773,43.3034],[11.3811,43.3017],[11.3837,43.2953],[11.3825,43.2906],[11.4032,43.2928],[11.4206,43.3042],[11.4721,43.3089],[11.4793,43.3084],[11.5103,43.3004],[11.5221,43.2826],[11.537,43.2753],[11.5414,43.2709],[11.551,43.2688],[11.568,43.2597],[11.5711,43.2546],[11.5713,43.2502],[11.5627,43.2469],[11.561,43.2444],[11.5662,43.2367],[11.5635,43.2297],[11.5682,43.2266],[11.5738,43.228],[11.5773,43.2341],[11.6,43.2464],[11.606,43.2739],[11.601,43.2881],[11.6058,43.291],[11.62,43.29],[11.639,43.2786],[11.6406,43.2586],[11.6492,43.2496],[11.6584,43.2491],[11.6772,43.2537],[11.6819,43.2535],[11.6898,43.2574],[11.7156,43.2554],[11.7438,43.2231],[11.7469,43.1983],[11.7502,43.1928],[11.7907,43.1728],[11.8287,43.1643],[11.8899,43.1014],[11.8936,43.0952],[11.8984,43.0778],[11.9038,43.0691],[11.9171,43.0607],[11.9395,43.0523],[11.9549,43.0495],[11.9592,43.0467],[11.9653,43.0231],[11.9644,43.0163],[11.9567,42.9997]]}},{"type":"Feature","properties":{"kmh":65.9,"corse":1560},"geometry":{"type":"LineString","coordinates":[[8.8517,45.6061],[8.8524,45.6062]]}},{"type":"Feature","properties":{"kmh":61.3,"corse":131586},"geometry":{"type":"LineString","coordinates":[[8.8524,45.6062],[8.8939,45.6133],[8.9058,45.6189],[9.0268,45.6276]]}},{"type":"Feature","properties":{"kmh":69.3,"corse":78173},"geometry":{"type":"LineString","coordinates":[[8.8524,45.6062],[8.8398,45.6046],[8.8291,45.5994],[8.821,45.598],[8.7716,45.6027],[8.7503,45.6095],[8.7258,45.6079],[8.7167,45.6128],[8.7113,45.6272]]}},{"type":"Feature","properties":{"kmh":69.7,"corse":117965},"geometry":{"type":"LineString","coordinates":[[9.1078,39.2162],[9.1033,39.2193],[9.0921,39.2331],[9.0899,39.2385],[9.0825,39.2438],[9.0779,39.2513],[9.0431,39.2653],[9.0264,39.2766],[8.9929,39.2889],[8.9785,39.2995],[8.9555,39.3106],[8.9539,39.3149],[8.9546,39.3225],[8.9356,39.3823],[8.916,39.4274],[8.8925,39.5022],[8.8756,39.5179],[8.8574,39.5225],[8.8308,39.5356],[8.8084,39.5522]]}},{"type":"Feature","properties":{"kmh":63.5,"corse":50312},"geometry":{"type":"LineString","coordinates":[[8.8084,39.5522],[8.8021,39.557]]}},{"type":"Feature","properties":{"kmh":74.6,"corse":45139},"geometry":{"type":"LineString","coordinates":[[8.8084,39.5522],[8.7917,39.5648],[8.7655,39.58],[8.7589,39.5854],[8.7202,39.6408],[8.692,39.7018],[8.659,39.7274],[8.6444,39.7466],[8.6381,39.7599],[8.6458,39.8024],[8.6321,39.833],[8.6211,39.8527],[8.6192,39.8633],[8.6024,39.9065],[8.6042,39.9098],[8.6151,39.916],[8.6589,39.9238],[8.67,39.9298],[8.6822,39.9585],[8.6976,39.9861],[8.7058,39.9957],[8.7024,40.0004],[8.697,40.0018],[8.6843,40.0102],[8.6831,40.0129],[8.6854,40.0189],[8.6911,40.0239],[8.7071,40.0268],[8.7179,40.041],[8.7342,40.0472],[8.7406,40.0528],[8.7435,40.0584],[8.7533,40.067],[8.7728,40.0729],[8.7838,40.0879],[8.7875,40.1033],[8.8,40.1165],[8.8126,40.1229],[8.8186,40.1302],[8.8143,40.1464],[8.8094,40.1538],[8.8101,40.1592],[8.8073,40.1655],[8.8099,40.1736],[8.8069,40.1801],[8.8074,40.1853],[8.8019,40.1918],[8.8005,40.1975],[8.8103,40.221],[8.8076,40.2376],[8.8096,40.2442],[8.8031,40.248],[8.7905,40.2471],[8.7834,40.2528],[8.7788,40.2543],[8.7701,40.2498],[8.7633,40.2428],[8.7585,40.2418],[8.7547,40.2432],[8.7518,40.2467],[8.7529,40.2502],[8.7746,40.2611],[8.7766,40.2636],[8.7745,40.2672],[8.7628,40.271],[8.7621,40.2733],[8.764,40.2792]]}},{"type":"Feature","properties":{"kmh":68.9,"corse":13803},"geometry":{"type":"LineString","coordinates":[[8.764,40.2792],[8.7664,40.2777],[8.7642,40.2708],[8.7729,40.2689]]}},{"type":"Feature","properties":{"kmh":75.8,"corse":30246},"geometry":{"type":"LineString","coordinates":[[8.764,40.2792],[8.769,40.2854],[8.7777,40.2885],[8.7794,40.2936],[8.7867,40.2968],[8.7901,40.3028],[8.7971,40.3067],[8.7983,40.3096],[8.7907,40.3164],[8.7769,40.3418],[8.7765,40.3509],[8.7606,40.4128],[8.7608,40.4183],[8.7637,40.4224],[8.7668,40.433],[8.7614,40.4365],[8.7544,40.433],[8.7359,40.4362],[8.7331,40.4383],[8.7274,40.4507],[8.7278,40.4537],[8.7367,40.4653],[8.7538,40.474],[8.7627,40.4739],[8.7787,40.4821],[8.789,40.4842],[8.8027,40.4954],[8.8137,40.496],[8.8183,40.4983],[8.8215,40.5037],[8.8329,40.5073],[8.8399,40.5118],[8.8523,40.5137],[8.8576,40.5175],[8.8665,40.5196],[8.8679,40.5237],[8.8771,40.5342],[8.8755,40.5406],[8.8753,40.5544],[8.8828,40.5711],[8.9069,40.5959],[8.9157,40.6015]]}},{"type":"Feature","properties":{"kmh":68.3,"corse":33822},"geometry":{"type":"LineString","coordinates":[[8.9157,40.6015],[8.9198,40.6061],[8.9167,40.6102],[8.8605,40.6278],[8.8472,40.629],[8.8378,40.6316],[8.8136,40.632],[8.8011,40.6388],[8.7917,40.6419],[8.7692,40.6425],[8.7558,40.6393],[8.7454,40.6485],[8.7388,40.6512],[8.7317,40.6595],[8.7216,40.6643],[8.7101,40.6636],[8.6979,40.6772],[8.6809,40.6774],[8.6684,40.6743],[8.6599,40.6775],[8.6444,40.6786],[8.6361,40.683],[8.6302,40.6884],[8.6068,40.7012],[8.5944,40.6981],[8.587,40.6998],[8.5776,40.6932],[8.5736,40.6921],[8.5643,40.6949],[8.5393,40.6883],[8.5243,40.6904],[8.5193,40.6949],[8.5204,40.6995],[8.5245,40.7034],[8.5266,40.7098],[8.5247,40.7249],[8.5352,40.7284],[8.5507,40.7265],[8.5554,40.7313],[8.5551,40.7352],[8.5048,40.7608],[8.4958,40.7636],[8.4731,40.7746],[8.462,40.7765],[8.4547,40.7807],[8.4502,40.7864],[8.436,40.7961],[8.4026,40.8122],[8.3996,40.8231],[8.3958,40.8291],[8.3973,40.8379]]}},{"type":"Feature","properties":{"kmh":69.1,"corse":31168},"geometry":{"type":"LineString","coordinates":[[8.9157,40.6015],[8.943,40.6134],[8.9782,40.6202],[8.9878,40.6285],[8.9903,40.6377],[8.9976,40.643],[9.0029,40.6531],[9.0139,40.6564],[9.0398,40.6706],[9.0706,40.6768],[9.0726,40.6897],[9.0652,40.7029],[9.068,40.7075],[9.0874,40.708],[9.1117,40.7146],[9.1184,40.7203],[9.117,40.7325],[9.1186,40.7361],[9.1436,40.7474],[9.1491,40.753],[9.173,40.7599],[9.185,40.7758],[9.1965,40.7754],[9.2067,40.766],[9.212,40.7638],[9.2372,40.7692],[9.2422,40.773],[9.2521,40.776],[9.2578,40.7818],[9.2637,40.7838],[9.2687,40.7938],[9.2763,40.7995],[9.2785,40.8038],[9.2863,40.8065],[9.2893,40.8106],[9.2961,40.8148],[9.2958,40.8201],[9.2983,40.8226],[9.3297,40.8308],[9.3461,40.8223],[9.3596,40.8195],[9.3671,40.8226],[9.3667,40.8298],[9.3706,40.8331],[9.3804,40.8318],[9.3873,40.8282],[9.4014,40.8354],[9.4075,40.8416],[9.4182,40.8462],[9.4247,40.8545],[9.4476,40.8644],[9.4546,40.8778],[9.465,40.8853],[9.4662,40.8945],[9.482,40.9054],[9.4878,40.9179],[9.5006,40.926]]}},{"type":"Feature","properties":{"kmh":65.1,"corse":7722},"geometry":{"type":"LineString","coordinates":[[13.8462,37.3777],[13.8475,37.3744],[13.8568,37.3679],[13.8549,37.3636],[13.8577,37.3531],[13.8548,37.347],[13.8559,37.3366],[13.8679,37.3272],[13.8765,37.3248],[13.8876,37.3166],[13.9023,37.3181],[13.9097,37.321],[13.9131,37.3201],[13.9162,37.3144],[13.9147,37.3085],[13.9207,37.303],[13.9194,37.2954],[13.9207,37.2916],[13.9243,37.2891],[13.9334,37.2872],[13.9345,37.2851],[13.9335,37.2792],[13.9374,37.2759],[13.939,37.2705],[13.942,37.2668],[13.9526,37.2652],[13.9562,37.2625],[13.9514,37.2533],[13.9434,37.2491],[13.9381,37.2435],[13.9378,37.2357],[13.9422,37.2309],[13.9421,37.2256],[13.9483,37.2206],[13.9482,37.217],[13.9446,37.2144],[13.9328,37.2129],[13.9273,37.2088],[13.9167,37.2083],[13.9136,37.2066],[13.9129,37.2035],[13.9178,37.1984],[13.9175,37.1945],[13.9088,37.1852],[13.8969,37.1839],[13.8941,37.181],[13.8959,37.1783],[13.9035,37.1751],[13.9114,37.1692],[13.9125,37.1648],[13.9066,37.1581],[13.8938,37.1582],[13.8798,37.156],[13.8774,37.1508],[13.8828,37.1453],[13.9224,37.1163],[13.9305,37.1133],[13.9393,37.1048],[13.9422,37.104],[13.9652,37.1115],[13.9802,37.1125],[13.9877,37.1163],[13.9966,37.1118],[14.0025,37.1111],[14.0078,37.1122],[14.012,37.111],[14.0201,37.1138],[14.0269,37.1118],[14.0554,37.1138],[14.0649,37.1175],[14.0706,37.1219],[14.0783,37.121],[14.0825,37.1259],[14.0914,37.1311],[14.0967,37.1375],[14.1002,37.1393],[14.1072,37.1394],[14.1131,37.1368],[14.1199,37.1426],[14.1242,37.1439],[14.1337,37.1405],[14.1435,37.1436],[14.1478,37.1487],[14.1508,37.15],[14.1683,37.1471],[14.1782,37.1399],[14.1781,37.1355],[14.1808,37.1285],[14.1845,37.1248],[14.1862,37.1183],[14.2028,37.1081],[14.2205,37.0816],[14.2385,37.0769],[14.2482,37.0779],[14.2595,37.0728]]}},{"type":"Feature","properties":{"kmh":66.6,"corse":31585},"geometry":{"type":"LineString","coordinates":[[10.4653,43.3581],[10.4517,43.3709],[10.431,43.398],[10.4224,43.4045],[10.4131,43.4046],[10.4088,43.4066],[10.4021,43.4155],[10.4007,43.426],[10.3906,43.4332],[10.3825,43.4459],[10.3712,43.4566],[10.354,43.4646],[10.3373,43.4698],[10.3316,43.4749],[10.3343,43.4823],[10.3291,43.4913],[10.3299,43.4984],[10.3272,43.5041],[10.3262,43.513],[10.3302,43.5197],[10.3378,43.5609],[10.3247,43.5801],[10.3694,43.6612]]}},{"type":"Feature","properties":{"kmh":63.5,"corse":2512},"geometry":{"type":"LineString","coordinates":[[14.4192,40.9944],[14.4204,40.9981]]}},{"type":"Feature","properties":{"kmh":64.5,"corse":37936},"geometry":{"type":"LineString","coordinates":[[13.2473,46.0573],[13.2498,46.0591],[13.2505,46.0619],[13.245,46.1279],[13.2408,46.1464],[13.2328,46.1636],[13.2285,46.1698],[13.2083,46.1881],[13.1884,46.2208],[13.1763,46.228],[13.1458,46.2359],[13.1329,46.2491],[13.1296,46.2548],[13.1295,46.2709],[13.1208,46.2895],[13.12,46.2945],[13.1313,46.3244],[13.139,46.3389],[13.1399,46.3499],[13.1328,46.3654],[13.1321,46.3702],[13.1391,46.3941],[13.1493,46.4014],[13.2729,46.4385],[13.2854,46.4442],[13.2933,46.4537],[13.2914,46.4767],[13.2935,46.4882],[13.3039,46.5054],[13.3086,46.5082],[13.3326,46.5125],[13.3513,46.5228],[13.3651,46.5225],[13.3903,46.5076],[13.4037,46.506],[13.4161,46.509],[13.4401,46.5242],[13.4533,46.5252],[13.5088,46.4944],[13.52,46.4914],[13.5616,46.4918],[13.5737,46.4933],[13.5963,46.4991],[13.6071,46.5062]]}},{"type":"Feature","properties":{"kmh":63.6,"corse":34283},"geometry":{"type":"LineString","coordinates":[[13.2473,46.0573],[13.2472,46.0572]]}},{"type":"Feature","properties":{"kmh":64.2,"corse":14373},"geometry":{"type":"LineString","coordinates":[[13.2473,46.0573],[13.2468,46.0571]]}},{"type":"Feature","properties":{"kmh":63.6,"corse":34585},"geometry":{"type":"LineString","coordinates":[[13.2472,46.0572],[13.2465,46.0569]]}},{"type":"Feature","properties":{"kmh":64.0,"corse":302},"geometry":{"type":"LineString","coordinates":[[13.2472,46.0572],[13.2468,46.0571]]}},{"type":"Feature","properties":{"kmh":63.6,"corse":34283},"geometry":{"type":"LineString","coordinates":[[13.2465,46.0569],[13.2364,46.0543]]}},{"type":"Feature","properties":{"kmh":64.0,"corse":302},"geometry":{"type":"LineString","coordinates":[[13.2465,46.0569],[13.2551,46.0558],[13.3044,46.0212],[13.3195,46.0176],[13.4087,45.9703],[13.4523,45.9614],[13.4818,45.9475],[13.5112,45.9396],[13.5453,45.9351],[13.5745,45.939],[13.5926,45.9385],[13.603,45.9357],[13.6068,45.933]]}},{"type":"Feature","properties":{"kmh":62.4,"corse":71652},"geometry":{"type":"LineString","coordinates":[[13.2364,46.0543],[13.2468,46.0571]]}},{"type":"Feature","properties":{"kmh":63.1,"corse":4254},"geometry":{"type":"LineString","coordinates":[[13.0526,41.7298],[13.0422,41.7346],[13.0172,41.7334],[13.0087,41.7358],[13.003,41.7401]]}},{"type":"Feature","properties":{"kmh":62.5,"corse":422},"geometry":{"type":"LineString","coordinates":[[15.302,37.8757],[15.3032,37.8776]]}},{"type":"Feature","properties":{"kmh":69.2,"corse":23875},"geometry":{"type":"LineString","coordinates":[[11.9567,42.9997],[11.9667,42.947],[11.9741,42.9293],[11.9943,42.8961]]}},{"type":"Feature","properties":{"kmh":63.4,"corse":33548},"geometry":{"type":"LineString","coordinates":[[12.3357,42.4809],[12.3453,42.4724],[12.3542,42.4671],[12.3773,42.461],[12.3856,42.4561],[12.3931,42.4474],[12.4064,42.4426],[12.4082,42.4405]]}},{"type":"Feature","properties":{"kmh":60.2,"corse":46265},"geometry":{"type":"LineString","coordinates":[[9.8729,46.1671],[9.8843,46.1706],[9.9051,46.1688],[9.9157,46.1704],[9.9414,46.1652],[9.9529,46.1602],[9.9901,46.1648],[10.0378,46.1587],[10.0694,46.1594],[10.0808,46.1612],[10.0904,46.1644],[10.1183,46.1835],[10.1266,46.1929],[10.1462,46.2098],[10.1528,46.2108],[10.1616,46.2157],[10.1675,46.2153]]}},{"type":"Feature","properties":{"kmh":67.9,"corse":59688},"geometry":{"type":"LineString","coordinates":[[10.0116,44.9148],[10.0418,44.9001],[10.0439,44.8931]]}},{"type":"Feature","properties":{"kmh":62.5,"corse":85067},"geometry":{"type":"LineString","coordinates":[[10.0439,44.8931],[10.0439,44.892]]}},{"type":"Feature","properties":{"kmh":78.2,"corse":378},"geometry":{"type":"LineString","coordinates":[[10.0439,44.8931],[10.0439,44.892]]}},{"type":"Feature","properties":{"kmh":64.5,"corse":43399},"geometry":{"type":"LineString","coordinates":[[10.061,44.8684],[10.0878,44.8613],[10.0951,44.858],[10.1223,44.8329],[10.1426,44.8192],[10.1617,44.7828],[10.1624,44.776],[10.1606,44.7723],[10.1451,44.7538],[10.1063,44.717],[10.1017,44.7108],[10.1019,44.707],[10.1095,44.6996],[10.1086,44.6969],[10.1045,44.6949]]}},{"type":"Feature","properties":{"kmh":70.4,"corse":95120},"geometry":{"type":"LineString","coordinates":[[16.2606,39.319],[16.2547,39.3315],[16.2538,39.3384],[16.2453,39.3521],[16.243,39.3599]]}},{"type":"Feature","properties":{"kmh":69.0,"corse":92079},"geometry":{"type":"LineString","coordinates":[[10.4136,43.6921],[10.4141,43.6891],[10.4124,43.6856],[10.3989,43.674],[10.3759,43.6669],[10.3694,43.6612]]}},{"type":"Feature","properties":{"kmh":71.8,"corse":1215},"geometry":{"type":"LineString","coordinates":[[10.7533,42.9271],[10.7606,42.9265]]}},{"type":"Feature","properties":{"kmh":67.9,"corse":8485},"geometry":{"type":"LineString","coordinates":[[11.2113,42.5024],[11.2106,42.5033]]}},{"type":"Feature","properties":{"kmh":73.6,"corse":2115},"geometry":{"type":"LineString","coordinates":[[11.2467,42.4532],[11.2489,42.4507]]}},{"type":"Feature","properties":{"kmh":63.7,"corse":4203},"geometry":{"type":"LineString","coordinates":[[15.5637,41.4629],[15.5667,41.4627],[15.7085,41.517],[15.7285,41.5169],[15.7432,41.5217],[15.7492,41.5249],[15.7527,41.534],[15.7558,41.5367],[15.8146,41.5538],[15.8554,41.5776],[15.8802,41.6021],[15.8916,41.6092],[15.9081,41.6231]]}},{"type":"Feature","properties":{"kmh":78.0,"corse":17204},"geometry":{"type":"LineString","coordinates":[[15.0008,41.9907],[14.9926,42.0007]]}},{"type":"Feature","properties":{"kmh":72.0,"corse":543},"geometry":{"type":"LineString","coordinates":[[8.8873,44.4131],[8.8852,44.4186],[8.8916,44.4326]]}},{"type":"Feature","properties":{"kmh":65.6,"corse":3828},"geometry":{"type":"LineString","coordinates":[[7.6188,43.7896],[7.6186,43.7896]]}},{"type":"Feature","properties":{"kmh":70.5,"corse":800},"geometry":{"type":"LineString","coordinates":[[13.8948,42.0664],[13.9002,42.0698]]}},{"type":"Feature","properties":{"kmh":66.9,"corse":6679},"geometry":{"type":"LineString","coordinates":[[9.1572,45.5058],[9.1592,45.5022]]}},{"type":"Feature","properties":{"kmh":69.3,"corse":16856},"geometry":{"type":"LineString","coordinates":[[16.0359,39.3533],[16.0335,39.359]]}},{"type":"Feature","properties":{"kmh":60.6,"corse":58191},"geometry":{"type":"LineString","coordinates":[[9.4206,45.8073],[9.4206,45.8076]]}},{"type":"Feature","properties":{"kmh":62.2,"corse":3628},"geometry":{"type":"LineString","coordinates":[[8.8402,44.8957],[8.8321,44.8951],[8.8284,44.8923],[8.7759,44.7833],[8.7752,44.7776],[8.7769,44.7724],[8.7837,44.7652],[8.7902,44.7611]]}},{"type":"Feature","properties":{"kmh":66.9,"corse":42023},"geometry":{"type":"LineString","coordinates":[[9.2156,45.4993],[9.2156,45.4996]]}},{"type":"Feature","properties":{"kmh":66.9,"corse":42023},"geometry":{"type":"LineString","coordinates":[[9.2156,45.4997],[9.2156,45.5]]}},{"type":"Feature","properties":{"kmh":60.4,"corse":9421},"geometry":{"type":"LineString","coordinates":[[17.2177,40.4807],[17.2179,40.4807]]}},{"type":"Feature","properties":{"kmh":69.7,"corse":1035},"geometry":{"type":"LineString","coordinates":[[15.2398,40.0959],[15.2437,40.0914]]}},{"type":"Feature","properties":{"kmh":69.0,"corse":2145},"geometry":{"type":"LineString","coordinates":[[12.1613,42.7018],[12.1411,42.7178],[12.13,42.7219],[12.1228,42.7266]]}},{"type":"Feature","properties":{"kmh":77.0,"corse":480},"geometry":{"type":"LineString","coordinates":[[13.8757,41.196],[13.8746,41.1968]]}},{"type":"Feature","properties":{"kmh":79.4,"corse":2590},"geometry":{"type":"LineString","coordinates":[[13.8667,41.2028],[13.8736,41.1976]]}},{"type":"Feature","properties":{"kmh":68.8,"corse":2439},"geometry":{"type":"LineString","coordinates":[[12.51,41.9491],[12.51,41.9494]]}},{"type":"Feature","properties":{"kmh":80.4,"corse":57684},"geometry":{"type":"LineString","coordinates":[[8.92,44.4173],[8.9208,44.4173]]}},{"type":"Feature","properties":{"kmh":86.6,"corse":209814},"geometry":{"type":"LineString","coordinates":[[11.7434,45.2401],[11.71,45.1953],[11.7084,45.1876],[11.7105,45.183],[11.7796,45.0919],[11.7809,45.0876],[11.7812,45.0687],[11.7424,44.9949],[11.746,44.9757],[11.7311,44.9466],[11.7257,44.9425],[11.6258,44.9029],[11.6189,44.8974],[11.6163,44.893],[11.6083,44.8493],[11.5791,44.8132],[11.4842,44.7675],[11.447,44.7428],[11.4142,44.7114],[11.3817,44.6625],[11.3684,44.5795],[11.3519,44.5482],[11.3423,44.5388]]}},{"type":"Feature","properties":{"kmh":81.1,"corse":245326},"geometry":{"type":"LineString","coordinates":[[11.7481,45.2464],[11.7725,45.2796],[11.8072,45.3487],[11.8171,45.3638],[11.8488,45.4034]]}},{"type":"Feature","properties":{"kmh":80.9,"corse":245142},"geometry":{"type":"LineString","coordinates":[[11.8495,45.4041],[11.8627,45.4194],[11.8693,45.4205],[11.8774,45.4182]]}},{"type":"Feature","properties":{"kmh":81.7,"corse":49765},"geometry":{"type":"LineString","coordinates":[[12.2129,45.4832],[12.2215,45.4844],[12.223,45.4875]]}},{"type":"Feature","properties":{"kmh":83.8,"corse":113605},"geometry":{"type":"LineString","coordinates":[[14.9809,40.6064],[14.9934,40.6023],[14.9972,40.5986],[14.9936,40.5859],[15.0123,40.4855],[15.0161,40.3877],[15.0138,40.3845],[15.0063,40.381],[15.0014,40.3752],[15.002,40.3461],[15.0135,40.3377],[15.018,40.3301],[15.0246,40.3271],[15.0301,40.3189],[15.0536,40.3121],[15.0931,40.2936],[15.1087,40.2911],[15.121,40.2791],[15.126,40.2698],[15.1266,40.2595],[15.1333,40.2543],[15.141,40.2437],[15.1637,40.2244],[15.1606,40.2016],[15.1563,40.1882],[15.1568,40.1739],[15.1548,40.1622],[15.1567,40.1588],[15.1634,40.1546],[15.1725,40.141],[15.1761,40.1328],[15.1936,40.1267],[15.2061,40.1242],[15.2327,40.1045],[15.2426,40.0921],[15.2627,40.0862],[15.2911,40.0918],[15.299,40.0969],[15.3048,40.0987],[15.3154,40.0984],[15.3512,40.0901],[15.3701,40.0994],[15.3863,40.1004],[15.4081,40.1076],[15.4798,40.0995],[15.4961,40.0914],[15.5103,40.0814],[15.5148,40.0765],[15.5192,40.0747],[15.541,40.0784],[15.5668,40.0775],[15.5832,40.0812],[15.6019,40.0756],[15.634,40.0775],[15.6384,40.0744],[15.6666,40.0396],[15.6783,40.0304],[15.6785,40.0181],[15.6811,40.0107],[15.709,39.9961],[15.7274,39.9705],[15.7329,39.966],[15.7389,39.9533],[15.7562,39.9365],[15.7623,39.9286],[15.77,39.9145],[15.7837,39.8964],[15.7879,39.8817],[15.7877,39.8732],[15.7941,39.8616],[15.7909,39.8407],[15.7944,39.82],[15.8067,39.7989],[15.8138,39.7925],[15.8242,39.775],[15.8199,39.7573],[15.8219,39.7437],[15.8181,39.7243],[15.8124,39.7116],[15.8128,39.6992],[15.8206,39.6806],[15.8339,39.6692],[15.8358,39.657],[15.8392,39.6512],[15.8446,39.6292],[15.8519,39.6199],[15.8544,39.6123],[15.8606,39.6032],[15.8649,39.5856],[15.8685,39.5792],[15.872,39.5629],[15.8748,39.5567],[15.8816,39.5458],[15.8854,39.5429],[15.9059,39.538],[15.9134,39.5322],[15.927,39.5265],[15.9459,39.5043],[15.9617,39.4772],[15.9784,39.4651],[15.9858,39.4566],[15.9953,39.4441],[16.0023,39.4312],[16.0292,39.3646],[16.0347,39.3573],[16.0365,39.3513]]}},{"type":"Feature","properties":{"kmh":81.4,"corse":190065},"geometry":{"type":"LineString","coordinates":[[14.9809,40.6064],[14.8651,40.6427],[14.8399,40.6438],[14.8125,40.6517],[14.8066,40.6552],[14.8026,40.6624],[14.799,40.6653],[14.7875,40.6717],[14.7763,40.6733],[14.7726,40.6755]]}},{"type":"Feature","properties":{"kmh":84.8,"corse":11980},"geometry":{"type":"LineString","coordinates":[[14.9809,40.6064],[14.9829,40.6059]]}},{"type":"Feature","properties":{"kmh":87.4,"corse":60885},"geometry":{"type":"LineString","coordinates":[[8.8874,44.4457],[8.8874,44.4458]]}},{"type":"Feature","properties":{"kmh":88.6,"corse":208644},"geometry":{"type":"LineString","coordinates":[[8.8874,44.4469],[8.8874,44.4474]]}},{"type":"Feature","properties":{"kmh":84.3,"corse":234355},"geometry":{"type":"LineString","coordinates":[[8.8958,44.4869],[8.8958,44.4884]]}},{"type":"Feature","properties":{"kmh":90.9,"corse":427429},"geometry":{"type":"LineString","coordinates":[[9.2378,45.4833],[9.2374,45.4559],[9.2349,45.4455],[9.2412,45.429],[9.2441,45.4248],[9.2791,45.3971],[9.2978,45.3668],[9.3069,45.3577],[9.319,45.3512],[9.3549,45.3397],[9.3672,45.3341],[9.3759,45.3284],[9.3931,45.3118],[9.4074,45.3012],[9.4584,45.2702],[9.5564,45.1958],[9.6262,45.1491],[9.6502,45.1344],[9.6904,45.1214],[9.7046,45.1136]]}},{"type":"Feature","properties":{"kmh":95.8,"corse":416841},"geometry":{"type":"LineString","coordinates":[[9.2365,45.4854],[9.2303,45.4927]]}},{"type":"Feature","properties":{"kmh":93.5,"corse":570073},"geometry":{"type":"LineString","coordinates":[[9.2303,45.4927],[9.2281,45.4953]]}},{"type":"Feature","properties":{"kmh":87.4,"corse":151898},"geometry":{"type":"LineString","coordinates":[[9.2303,45.4927],[9.2378,45.4848],[9.2397,45.4747],[9.2419,45.4724]]}},{"type":"Feature","properties":{"kmh":88.0,"corse":274703},"geometry":{"type":"LineString","coordinates":[[7.6576,45.0235],[7.6579,45.0289],[7.6628,45.0395],[7.6736,45.0548]]}},{"type":"Feature","properties":{"kmh":88.6,"corse":227249},"geometry":{"type":"LineString","coordinates":[[8.891,44.6884],[8.8712,44.7003],[8.8626,44.7084],[8.8592,44.7226],[8.8543,44.7288],[8.7866,44.763],[8.6837,44.8408],[8.6065,44.9092],[8.5977,44.9163],[8.5903,44.9197],[8.5219,44.9192],[8.382,44.8763],[8.3704,44.874],[8.3608,44.874],[8.3364,44.8781],[8.316,44.8776],[8.2704,44.9022],[8.2593,44.9049],[8.2507,44.9044],[8.1971,44.8928],[8.1742,44.8964],[8.1599,44.8949],[8.1497,44.8915],[8.1317,44.8802],[8.1235,44.8789],[8.1151,44.8818],[8.0955,44.8981],[8.0905,44.8993],[8.0606,44.8993],[8.0347,44.9143],[8.0141,44.9207],[8.006,44.9256],[7.9796,44.9367],[7.9745,44.9419],[7.9759,44.9509],[7.974,44.9551],[7.9609,44.9623],[7.7715,44.9666],[7.7561,44.9701],[7.7373,44.9794]]}},{"type":"Feature","properties":{"kmh":92.7,"corse":416737},"geometry":{"type":"LineString","coordinates":[[11.2269,43.8131],[11.2333,43.8046]]}},{"type":"Feature","properties":{"kmh":83.2,"corse":196708},"geometry":{"type":"LineString","coordinates":[[13.4977,43.6076],[13.5023,43.6084],[13.5073,43.6059],[13.5157,43.605],[13.5269,43.599],[13.5292,43.5936],[13.5287,43.5869],[13.5252,43.5816],[13.5139,43.5426]]}},{"type":"Feature","properties":{"kmh":84.8,"corse":180227},"geometry":{"type":"LineString","coordinates":[[13.5139,43.5419],[13.5368,43.5001],[13.5793,43.4876],[13.5999,43.4697],[13.6199,43.4486],[13.626,43.447],[13.65,43.4473],[13.6549,43.4456],[13.6586,43.4418],[13.6661,43.4201],[13.6758,43.4106],[13.702,43.3497],[13.7242,43.3134],[13.7279,43.3038],[13.7528,43.2709],[13.7798,43.2237],[13.7897,43.195],[13.8062,43.1594],[13.8278,43.128],[13.8427,43.1007],[13.846,43.0912],[13.8458,43.0832],[13.8497,43.061],[13.8614,43.0205],[13.8695,42.9999],[13.8711,42.9867],[13.8797,42.9595],[13.8953,42.9236],[13.8982,42.8989],[13.9087,42.8764],[13.9178,42.8324],[13.9349,42.8156],[13.9465,42.7901],[13.9483,42.7815],[13.9686,42.7466],[13.9698,42.7396]]}},{"type":"Feature","properties":{"kmh":87.4,"corse":204611},"geometry":{"type":"LineString","coordinates":[[13.4033,43.6277],[13.3093,43.6668],[13.2564,43.6944],[13.2317,43.709],[13.1603,43.7567],[13.1307,43.7735],[13.0948,43.7986],[13.0665,43.8219],[13.0197,43.8452],[12.9868,43.8647],[12.9604,43.8821],[12.9294,43.9057],[12.9234,43.9069],[12.9122,43.9045],[12.8872,43.9097],[12.8669,43.9097],[12.8553,43.9162],[12.8365,43.9171],[12.8119,43.9269],[12.7988,43.9275],[12.7928,43.9307],[12.7877,43.937],[12.7838,43.9453],[12.7631,43.9519],[12.7394,43.9624]]}},{"type":"Feature","properties":{"kmh":87.8,"corse":200556},"geometry":{"type":"LineString","coordinates":[[12.7394,43.9624],[12.7125,43.9696],[12.6659,43.9934],[12.6109,44.036],[12.5904,44.0567],[12.5635,44.0692]]}},{"type":"Feature","properties":{"kmh":85.3,"corse":2155},"geometry":{"type":"LineString","coordinates":[[12.7394,43.9624],[12.7451,43.9599]]}},{"type":"Feature","properties":{"kmh":86.5,"corse":585932},"geometry":{"type":"LineString","coordinates":[[12.5191,41.9967],[12.5154,41.9906],[12.5091,41.9845],[12.5085,41.9774]]}},{"type":"Feature","properties":{"kmh":85.5,"corse":541559},"geometry":{"type":"LineString","coordinates":[[12.5085,41.9774],[12.5085,41.9771]]}},{"type":"Feature","properties":{"kmh":99.5,"corse":44373},"geometry":{"type":"LineString","coordinates":[[12.5085,41.9774],[12.5085,41.9771]]}},{"type":"Feature","properties":{"kmh":86.5,"corse":585912},"geometry":{"type":"LineString","coordinates":[[12.5085,41.9771],[12.5104,41.9451],[12.5129,41.9415],[12.5185,41.9385]]}},{"type":"Feature","properties":{"kmh":87.8,"corse":463698},"geometry":{"type":"LineString","coordinates":[[12.5187,41.9383],[12.528,41.929],[12.5272,41.9199],[12.5332,41.9065],[12.527,41.8948],[12.5188,41.8925]]}},{"type":"Feature","properties":{"kmh":82.9,"corse":394173},"geometry":{"type":"LineString","coordinates":[[12.5188,41.8925],[12.5179,41.8925]]}},{"type":"Feature","properties":{"kmh":90.9,"corse":66951},"geometry":{"type":"LineString","coordinates":[[12.5188,41.8925],[12.5179,41.8925]]}},{"type":"Feature","properties":{"kmh":84.4,"corse":451947},"geometry":{"type":"LineString","coordinates":[[12.5179,41.8925],[12.5084,41.8969],[12.5097,41.8958]]}},{"type":"Feature","properties":{"kmh":88.1,"corse":617987},"geometry":{"type":"LineString","coordinates":[[11.3569,44.5027],[11.3329,44.5074]]}},{"type":"Feature","properties":{"kmh":83.5,"corse":701682},"geometry":{"type":"LineString","coordinates":[[11.3321,44.5075],[11.3054,44.5144]]}},{"type":"Feature","properties":{"kmh":90.2,"corse":122552},"geometry":{"type":"LineString","coordinates":[[14.2102,42.4609],[14.2212,42.4482],[14.2445,42.447],[14.2793,42.4248],[14.2926,42.4192],[14.3243,42.4005],[14.3449,42.3921],[14.3714,42.3777],[14.3837,42.3748],[14.391,42.3714],[14.3988,42.3634],[14.4071,42.3577],[14.4084,42.3493],[14.4166,42.3297],[14.423,42.3215],[14.437,42.3104],[14.4443,42.2973],[14.5013,42.2486],[14.5381,42.2282],[14.5873,42.2043],[14.6103,42.2013],[14.6479,42.1887],[14.6727,42.1768],[14.7008,42.1668],[14.7069,42.1633],[14.7119,42.1577],[14.7139,42.1522],[14.7145,42.1016],[14.7308,42.0861],[14.742,42.0783],[14.7873,42.0565],[14.8425,42.0358],[14.9051,42.0186],[14.9601,42.0081],[14.9859,42.0048],[14.9926,42.0007]]}},{"type":"Feature","properties":{"kmh":80.0,"corse":187898},"geometry":{"type":"LineString","coordinates":[[11.3118,44.513],[11.286,44.52],[11.2795,44.5236],[11.2733,44.5367],[11.1826,44.6524],[11.1457,44.735],[11.1391,44.8448],[11.1359,44.8513],[11.1135,44.8823],[11.1119,44.8916]]}},{"type":"Feature","properties":{"kmh":86.5,"corse":136262},"geometry":{"type":"LineString","coordinates":[[11.1119,44.8923],[11.1176,44.9347],[11.125,44.9734],[11.1247,44.9924],[11.1294,45.0348],[11.1336,45.047],[11.1426,45.0622],[11.1436,45.0698],[11.1319,45.0927],[11.1073,45.127],[11.0854,45.1651],[11.0785,45.1744],[11.0727,45.1787]]}},{"type":"Feature","properties":{"kmh":91.9,"corse":103647},"geometry":{"type":"LineString","coordinates":[[11.0727,45.1787],[11.0674,45.1819]]}},{"type":"Feature","properties":{"kmh":88.0,"corse":8836},"geometry":{"type":"LineString","coordinates":[[11.0727,45.1787],[11.0665,45.1824]]}},{"type":"Feature","properties":{"kmh":88.4,"corse":104124},"geometry":{"type":"LineString","coordinates":[[11.0673,45.182],[11.0574,45.1887],[11.0503,45.1961],[11.0186,45.2468],[11.0077,45.2986],[10.9613,45.3933],[10.949,45.4148],[10.9479,45.4206],[10.9504,45.4328]]}},{"type":"Feature","properties":{"kmh":92.9,"corse":63941},"geometry":{"type":"LineString","coordinates":[[10.9504,45.4328],[10.9507,45.436]]}},{"type":"Feature","properties":{"kmh":89.7,"corse":5278},"geometry":{"type":"LineString","coordinates":[[10.9504,45.4328],[10.948,45.4283],[10.9413,45.4271]]}},{"type":"Feature","properties":{"kmh":83.4,"corse":526},"geometry":{"type":"LineString","coordinates":[[11.4046,46.9491],[11.4038,46.9491]]}},{"type":"Feature","properties":{"kmh":83.4,"corse":526},"geometry":{"type":"LineString","coordinates":[[11.3997,46.9488],[11.3993,46.9488]]}},{"type":"Feature","properties":{"kmh":92.1,"corse":409674},"geometry":{"type":"LineString","coordinates":[[12.6398,41.6461],[12.6341,41.6486],[12.6252,41.6556],[12.6157,41.6658],[12.5801,41.6962],[12.5665,41.7188],[12.5616,41.7374],[12.558,41.7682],[12.5621,41.7987],[12.5569,41.8116],[12.5561,41.8194],[12.5603,41.8321],[12.5604,41.837],[12.5548,41.8467],[12.5486,41.8531],[12.5462,41.8607],[12.5355,41.8797],[12.5316,41.8822]]}},{"type":"Feature","properties":{"kmh":96.7,"corse":447419},"geometry":{"type":"LineString","coordinates":[[11.7945,43.4759],[11.7802,43.4924],[11.7726,43.4988],[11.7407,43.5139],[11.7295,43.5162],[11.6687,43.5219],[11.6223,43.5327],[11.5932,43.5359],[11.5783,43.5412],[11.5547,43.559],[11.5357,43.5762],[11.5172,43.5875],[11.5013,43.6021],[11.4678,43.6375],[11.459,43.66],[11.4514,43.6721]]}},{"type":"Feature","properties":{"kmh":93.3,"corse":471975},"geometry":{"type":"LineString","coordinates":[[11.4514,43.6721],[11.4442,43.6871],[11.4368,43.6935],[11.428,43.6987],[11.3873,43.7156],[11.3777,43.7213],[11.3399,43.7522],[11.3313,43.7646],[11.326,43.7683],[11.3115,43.7691]]}},{"type":"Feature","properties":{"kmh":81.7,"corse":4116},"geometry":{"type":"LineString","coordinates":[[11.4514,43.6721],[11.4538,43.6791],[11.4506,43.6843],[11.4511,43.6948],[11.4487,43.7002],[11.4503,43.7183],[11.4652,43.728],[11.463,43.7349],[11.4693,43.7416],[11.4698,43.7449],[11.4673,43.7502],[11.4662,43.761],[11.4613,43.7649],[11.4584,43.7699],[11.4528,43.7725],[11.4435,43.7736]]}},{"type":"Feature","properties":{"kmh":95.1,"corse":387365},"geometry":{"type":"LineString","coordinates":[[11.3115,43.7691],[11.3108,43.7691]]}},{"type":"Feature","properties":{"kmh":84.7,"corse":84610},"geometry":{"type":"LineString","coordinates":[[11.3115,43.7691],[11.3108,43.7691]]}},{"type":"Feature","properties":{"kmh":93.4,"corse":470898},"geometry":{"type":"LineString","coordinates":[[11.3108,43.7691],[11.3027,43.7683],[11.2845,43.7703],[11.2719,43.7824]]}},{"type":"Feature","properties":{"kmh":83.5,"corse":7667},"geometry":{"type":"LineString","coordinates":[[11.238,43.7979],[11.2374,43.7985]]}},{"type":"Feature","properties":{"kmh":86.4,"corse":228339},"geometry":{"type":"LineString","coordinates":[[10.4015,43.7074],[10.3924,43.7093]]}},{"type":"Feature","properties":{"kmh":86.0,"corse":226995},"geometry":{"type":"LineString","coordinates":[[9.9097,44.1267],[9.9061,44.1313],[9.8977,44.1329]]}},{"type":"Feature","properties":{"kmh":84.6,"corse":81175},"geometry":{"type":"LineString","coordinates":[[12.5416,41.8967],[12.5334,41.8954]]}},{"type":"Feature","properties":{"kmh":86.0,"corse":28592},"geometry":{"type":"LineString","coordinates":[[12.5334,41.8954],[12.5331,41.8954]]}},{"type":"Feature","properties":{"kmh":83.4,"corse":53144},"geometry":{"type":"LineString","coordinates":[[12.5334,41.8954],[12.5331,41.8954]]}},{"type":"Feature","properties":{"kmh":84.5,"corse":81442},"geometry":{"type":"LineString","coordinates":[[12.5331,41.8954],[12.5302,41.897],[12.5306,41.8996]]}},{"type":"Feature","properties":{"kmh":96.9,"corse":28029},"geometry":{"type":"LineString","coordinates":[[10.1263,44.0253],[10.1271,44.0253]]}},{"type":"Feature","properties":{"kmh":93.4,"corse":207701},"geometry":{"type":"LineString","coordinates":[[10.4095,43.7033],[10.4145,43.6903],[10.4692,43.5938],[10.4716,43.5801],[10.4766,43.5673],[10.4884,43.5534],[10.4919,43.5521],[10.5002,43.553],[10.5049,43.5495],[10.4963,43.5295],[10.4771,43.5177],[10.4741,43.5067],[10.4868,43.483],[10.4924,43.4683],[10.4971,43.4489],[10.4965,43.4458],[10.4883,43.4357],[10.4866,43.4312],[10.4959,43.4067],[10.4926,43.3961],[10.4866,43.3923],[10.4675,43.3731],[10.4639,43.366],[10.4637,43.3624],[10.4673,43.3555],[10.5102,43.3167],[10.5405,43.2674],[10.5599,43.2231],[10.566,43.1769],[10.5617,43.1611],[10.5529,43.1454],[10.5429,43.1178],[10.5399,43.1023],[10.5422,43.0628],[10.5546,43.0383],[10.5598,43.0336],[10.7007,42.9471],[10.7504,42.9277],[10.7662,42.9271],[10.826,42.9409],[10.8853,42.948],[10.9233,42.9494],[10.933,42.9482],[10.9388,42.9457],[10.9485,42.9285],[10.9583,42.9207],[10.966,42.9194],[10.9935,42.9212],[11.0021,42.9191],[11.0469,42.8928],[11.0577,42.8835],[11.0671,42.8722],[11.0738,42.8589],[11.1065,42.7673]]}},{"type":"Feature","properties":{"kmh":85.2,"corse":268635},"geometry":{"type":"LineString","coordinates":[[11.798,42.0884],[11.8063,42.0829],[11.8109,42.0721],[11.8209,42.0568],[11.8234,42.0478],[11.8319,42.0418],[11.8447,42.0357],[11.8522,42.0343],[11.8687,42.037],[11.8823,42.0413],[11.8993,42.0398],[11.9063,42.0415]]}},{"type":"Feature","properties":{"kmh":83.4,"corse":285643},"geometry":{"type":"LineString","coordinates":[[11.9066,42.0415],[11.9236,42.0377],[11.9944,42.0107],[12.046,41.9805],[12.0934,41.9446],[12.1054,41.9382],[12.1259,41.9331],[12.1624,41.9306],[12.1888,41.9218],[12.2079,41.9086],[12.2435,41.8728],[12.252,41.866],[12.2583,41.865],[12.2776,41.8673],[12.3168,41.8677]]}},{"type":"Feature","properties":{"kmh":81.2,"corse":223130},"geometry":{"type":"LineString","coordinates":[[12.3168,41.8677],[12.3182,41.8677]]}},{"type":"Feature","properties":{"kmh":87.1,"corse":69567},"geometry":{"type":"LineString","coordinates":[[12.3168,41.8677],[12.3182,41.8677]]}},{"type":"Feature","properties":{"kmh":82.6,"corse":292697},"geometry":{"type":"LineString","coordinates":[[12.3182,41.8677],[12.3781,41.877],[12.4293,41.8958],[12.4397,41.8984],[12.4493,41.8988]]}},{"type":"Feature","properties":{"kmh":96.7,"corse":18410},"geometry":{"type":"LineString","coordinates":[[12.5252,41.8801],[12.5255,41.8804]]}},{"type":"Feature","properties":{"kmh":80.8,"corse":145378},"geometry":{"type":"LineString","coordinates":[[16.8636,41.1174],[16.8789,41.1183]]}},{"type":"Feature","properties":{"kmh":86.2,"corse":105852},"geometry":{"type":"LineString","coordinates":[[16.0405,39.3361],[16.0464,39.3085],[16.0519,39.2992],[16.0578,39.2703],[16.0599,39.2205],[16.0646,39.1838],[16.0645,39.1592],[16.0671,39.1383],[16.0835,39.095],[16.0858,39.0842],[16.1038,39.0313],[16.1178,39.0185],[16.1223,39.0115],[16.131,39.0027],[16.1407,38.9857],[16.1438,38.977],[16.1509,38.9692],[16.1549,38.9547],[16.158,38.9513],[16.1638,38.9494],[16.1805,38.9494],[16.1926,38.9429],[16.207,38.938],[16.2194,38.9297],[16.235,38.9278],[16.2555,38.9213]]}},{"type":"Feature","properties":{"kmh":89.6,"corse":137774},"geometry":{"type":"LineString","coordinates":[[17.3859,40.8517],[17.3978,40.8439],[17.489,40.8004],[17.5257,40.7747],[17.561,40.7583],[17.5885,40.7504],[17.6095,40.7512],[17.6243,40.7497],[17.6731,40.7414],[17.7081,40.7269],[17.7538,40.7175],[17.7577,40.7141],[17.7635,40.7002],[17.7796,40.6817],[17.793,40.6623],[17.8151,40.6532],[17.8284,40.6409],[17.8368,40.6363],[17.9032,40.6233],[17.909,40.6251],[17.9303,40.6371],[17.9366,40.6367],[17.9598,40.606],[18.0027,40.4854],[18.0277,40.4559],[18.0784,40.4081],[18.1031,40.3909],[18.1438,40.358],[18.1657,40.3457]]}},{"type":"Feature","properties":{"kmh":90.9,"corse":159326},"geometry":{"type":"LineString","coordinates":[[16.2883,41.3132],[16.222,41.3222],[16.1629,41.339],[16.0705,41.3525],[15.9457,41.3424],[15.9364,41.3388],[15.9074,41.3172],[15.8693,41.3132],[15.7379,41.3467],[15.5882,41.4524]]}},{"type":"Feature","properties":{"kmh":90.1,"corse":8851},"geometry":{"type":"LineString","coordinates":[[15.5882,41.4524],[15.5831,41.4539],[15.5781,41.452],[15.5766,41.4492],[15.5779,41.4444]]}},{"type":"Feature","properties":{"kmh":90.6,"corse":152223},"geometry":{"type":"LineString","coordinates":[[15.5882,41.4524],[15.5509,41.4678]]}},{"type":"Feature","properties":{"kmh":89.1,"corse":10347},"geometry":{"type":"LineString","coordinates":[[15.5895,41.4137],[15.5929,41.4007],[15.5888,41.385],[15.584,41.3796],[15.5577,41.3594],[15.5176,41.3475],[15.4288,41.3249],[15.3836,41.2928],[15.3772,41.2812],[15.3467,41.2682],[15.3385,41.2671],[15.3288,41.2615],[15.3093,41.2555],[15.3061,41.2532],[15.3036,41.2481],[15.2944,41.2422],[15.2712,41.2414],[15.2636,41.2379],[15.2532,41.2385],[15.245,41.2347],[15.2267,41.235],[15.2161,41.239],[15.2066,41.2375],[15.1916,41.2406],[15.1838,41.2401],[15.1726,41.2351],[15.1601,41.2267],[15.1658,41.2151],[15.1654,41.2075],[15.1528,41.1941],[15.1437,41.1877],[15.1282,41.1706],[15.1258,41.1698],[15.122,41.1698],[15.1182,41.1721],[15.1174,41.1831],[15.1091,41.1943],[15.0912,41.1994],[15.0868,41.2024],[15.0842,41.2219],[15.0783,41.2251],[15.0613,41.2221],[15.0415,41.2231],[15.0264,41.2148],[15.0042,41.2086],[14.9783,41.1901],[14.9718,41.1817],[14.9603,41.1775],[14.9553,41.1507],[14.9456,41.1481],[14.933,41.1476],[14.9223,41.1406],[14.9011,41.145],[14.8615,41.1393],[14.8268,41.1509],[14.8016,41.1454],[14.7897,41.1451],[14.7736,41.1409],[14.7357,41.1498],[14.7255,41.1549],[14.7226,41.1597],[14.7273,41.1855],[14.7201,41.1911],[14.7204,41.1969],[14.7158,41.2051],[14.7085,41.2116],[14.6996,41.214],[14.6852,41.2114],[14.6761,41.2144],[14.6539,41.2179],[14.6434,41.2215],[14.6287,41.2167],[14.624,41.2166],[14.6202,41.218],[14.6147,41.2252],[14.6107,41.2263],[14.6014,41.2212],[14.5915,41.2211],[14.582,41.2187],[14.5657,41.2068],[14.5608,41.2069],[14.5389,41.2136],[14.5159,41.2098],[14.5105,41.2073],[14.5075,41.2003],[14.5048,41.1978],[14.4811,41.1935],[14.4758,41.1899],[14.4748,41.1864],[14.4761,41.1806],[14.4669,41.1683],[14.4649,41.1605],[14.4652,41.1528],[14.4587,41.135],[14.4564,41.1229],[14.4351,41.1018],[14.4306,41.0916],[14.4231,41.0843],[14.4152,41.0723],[14.4106,41.0525],[14.404,41.0392],[14.4039,41.0284],[14.4025,41.0252],[14.3977,41.0242],[14.3924,41.0276]]}},{"type":"Feature","properties":{"kmh":80.3,"corse":69535},"geometry":{"type":"LineString","coordinates":[[17.1889,40.5081],[17.1917,40.5051],[17.1927,40.5005],[17.1885,40.4931]]}},{"type":"Feature","properties":{"kmh":80.3,"corse":69535},"geometry":{"type":"LineString","coordinates":[[17.1882,40.4928],[17.1843,40.4878]]}},{"type":"Feature","properties":{"kmh":81.9,"corse":93342},"geometry":{"type":"LineString","coordinates":[[17.1843,40.4878],[17.1847,40.4833],[17.1885,40.4808],[17.207,40.4821],[17.2179,40.4807],[17.2285,40.4853],[17.2318,40.4893]]}},{"type":"Feature","properties":{"kmh":84.7,"corse":43645},"geometry":{"type":"LineString","coordinates":[[17.1843,40.4878],[17.1856,40.4939],[17.1844,40.4983],[17.1707,40.5052],[17.1323,40.5178],[17.1043,40.5222],[17.0719,40.5199],[17.0136,40.5046],[16.9883,40.494],[16.9376,40.4645],[16.8661,40.4103],[16.8132,40.3668],[16.807,40.3644],[16.8014,40.3665],[16.78,40.3816],[16.7622,40.3878],[16.7484,40.3876],[16.723,40.392],[16.7106,40.3918],[16.6658,40.4013],[16.642,40.3959],[16.627,40.3984],[16.6188,40.4043],[16.5944,40.4141],[16.5867,40.4144],[16.5769,40.412],[16.5697,40.4149],[16.5601,40.4163],[16.5478,40.4238],[16.5422,40.4349],[16.5317,40.4402],[16.5155,40.4527],[16.4977,40.4781],[16.4908,40.4997],[16.4507,40.5417],[16.4283,40.554],[16.3928,40.5667],[16.3673,40.5803],[16.3129,40.5894],[16.2848,40.5863],[16.2667,40.5863],[16.2465,40.5928],[16.2342,40.595],[16.1845,40.5948],[16.1714,40.5918],[16.1558,40.5907],[16.1421,40.5831],[16.1173,40.574],[16.1147,40.5715],[16.1132,40.5623],[16.1036,40.5538],[16.0699,40.5474],[16.0609,40.5545],[16.0486,40.5689],[16.0345,40.5731],[16.0238,40.5733],[15.9857,40.5943],[15.984,40.5964],[15.9835,40.6019],[15.9815,40.6035],[15.9753,40.6044],[15.956,40.6118],[15.9524,40.6186],[15.9527,40.63],[15.9439,40.6369],[15.9378,40.6474],[15.9264,40.6531],[15.8965,40.6499],[15.8889,40.6537],[15.8765,40.6566],[15.8626,40.6459],[15.8543,40.6424],[15.8407,40.6422],[15.8334,40.6438],[15.8272,40.6418],[15.8218,40.6368],[15.8139,40.6344],[15.804,40.6279],[15.7837,40.6243],[15.7699,40.6262],[15.7585,40.6222],[15.7488,40.6169],[15.745,40.6128],[15.7385,40.6108],[15.732,40.6053],[15.6824,40.6071],[15.6749,40.612],[15.6737,40.6165],[15.6693,40.6198],[15.6671,40.625],[15.6565,40.6303],[15.6535,40.6358],[15.6385,40.6406],[15.6289,40.6491],[15.6277,40.6517],[15.6307,40.6627],[15.6296,40.6744],[15.6281,40.6769],[15.6225,40.6795],[15.6194,40.6792],[15.6127,40.6703],[15.6071,40.6681],[15.6009,40.6682],[15.5884,40.6754],[15.5775,40.6914],[15.5607,40.6988],[15.5387,40.701],[15.5341,40.6993],[15.5304,40.6938],[15.5123,40.6859],[15.5042,40.6802],[15.5006,40.6753],[15.5031,40.6641],[15.4982,40.6529],[15.4906,40.6454],[15.4738,40.6404],[15.4674,40.6364],[15.4647,40.6276],[15.4531,40.6135],[15.4446,40.609],[15.4321,40.6086],[15.4204,40.6144],[15.4032,40.6174],[15.3938,40.6131],[15.3889,40.6071],[15.3815,40.6052],[15.371,40.5986],[15.3557,40.5973],[15.3493,40.5951],[15.3405,40.5952],[15.3312,40.6009],[15.3235,40.6022],[15.315,40.606],[15.2872,40.6053],[15.2727,40.6116],[15.2575,40.6085],[15.254,40.6108],[15.2499,40.6176],[15.2447,40.6202],[15.2394,40.6288],[15.2336,40.6303],[15.2287,40.6293],[15.2248,40.6253],[15.2167,40.6212],[15.2096,40.6232],[15.1948,40.6234],[15.179,40.6157],[15.1638,40.6164],[15.1495,40.6127],[15.1434,40.6127],[15.1377,40.6105],[15.1351,40.6059],[15.1319,40.6041],[15.122,40.605],[15.1173,40.5972],[15.1123,40.5954],[15.1091,40.5956],[15.0985,40.601],[15.0874,40.6011],[15.0774,40.6065],[15.0699,40.6127],[15.0525,40.6111]]}},{"type":"Feature","properties":{"kmh":97.6,"corse":95405},"geometry":{"type":"LineString","coordinates":[[15.5509,41.4678],[15.5442,41.4707],[15.541,41.4744],[15.512,41.5492],[15.4749,41.6004],[15.403,41.6674],[15.3928,41.6794],[15.3969,41.7207],[15.3945,41.7473],[15.3974,41.7598],[15.394,41.769],[15.3688,41.7878],[15.3603,41.7999],[15.3554,41.8043],[15.3437,41.8121],[15.3266,41.8187],[15.3031,41.8323],[15.2973,41.8397],[15.2959,41.8492]]}},{"type":"Feature","properties":{"kmh":82.7,"corse":97033},"geometry":{"type":"LineString","coordinates":[[15.5509,41.4678],[15.5558,41.4659]]}},{"type":"Feature","properties":{"kmh":97.9,"corse":92535},"geometry":{"type":"LineString","coordinates":[[15.0008,41.9907],[15.0069,41.9849],[15.0193,41.9633],[15.0382,41.9601],[15.0609,41.9446],[15.0681,41.9413],[15.1481,41.9232],[15.1945,41.9162],[15.231,41.9149],[15.2675,41.8994],[15.284,41.8911],[15.2909,41.8837],[15.2956,41.8638],[15.2959,41.8492]]}},{"type":"Feature","properties":{"kmh":86.6,"corse":186420},"geometry":{"type":"LineString","coordinates":[[14.3924,41.0276],[14.3379,41.0657],[14.3282,41.0685]]}},{"type":"Feature","properties":{"kmh":89.2,"corse":155643},"geometry":{"type":"LineString","coordinates":[[14.3924,41.0276],[14.4133,41.0132],[14.4185,41.0078],[14.4209,40.999],[14.4171,40.9853],[14.4213,40.9801],[14.4403,40.9726],[14.5308,40.9197],[14.5331,40.9139],[14.5376,40.8698],[14.5458,40.8559],[14.5507,40.8489],[14.5589,40.8423],[14.595,40.8276],[14.6165,40.8096],[14.6279,40.8028],[14.6311,40.7978],[14.6308,40.7905],[14.6244,40.7749],[14.6263,40.7706],[14.6296,40.7683]]}},{"type":"Feature","properties":{"kmh":90.0,"corse":168630},"geometry":{"type":"LineString","coordinates":[[14.3216,41.0689],[14.2622,41.0717],[14.2483,41.0755],[14.2222,41.0955],[14.2,41.1072],[14.1966,41.1123],[14.1953,41.1249],[14.1862,41.1373],[14.1802,41.14],[14.1647,41.1415],[14.1526,41.1485],[14.1325,41.1765],[14.1029,41.2022],[14.094,41.2156],[14.0908,41.2284],[14.0904,41.2986],[14.088,41.3082],[14.0822,41.3186],[14.0705,41.3304],[13.9774,41.399],[13.966,41.4054],[13.9389,41.4159]]}},{"type":"Feature","properties":{"kmh":83.2,"corse":269596},"geometry":{"type":"LineString","coordinates":[[13.113,41.7016],[13.0635,41.7234],[13.0395,41.738],[13.0228,41.7448],[13.005,41.7483],[12.9811,41.7493],[12.8967,41.7637],[12.8587,41.7763],[12.83,41.7912],[12.7858,41.8305],[12.7642,41.8746],[12.7584,41.883],[12.7378,41.8983],[12.7226,41.9127],[12.7134,41.9181],[12.7008,41.9219],[12.6863,41.9227],[12.6605,41.9171],[12.6154,41.9112]]}},{"type":"Feature","properties":{"kmh":91.7,"corse":185513},"geometry":{"type":"LineString","coordinates":[[14.6841,40.743],[14.6718,40.7456],[14.6296,40.7683]]}},{"type":"Feature","properties":{"kmh":98.9,"corse":34474},"geometry":{"type":"LineString","coordinates":[[14.6296,40.7683],[14.5809,40.7953],[14.5038,40.8624],[14.4844,40.8741],[14.4455,40.8846],[14.4134,40.8859],[14.3649,40.8931],[14.3393,40.8953],[14.3284,40.8918],[14.3225,40.8817]]}},{"type":"Feature","properties":{"kmh":92.7,"corse":74650},"geometry":{"type":"LineString","coordinates":[[12.5026,41.8709],[12.5028,41.8709]]}},{"type":"Feature","properties":{"kmh":92.3,"corse":74279},"geometry":{"type":"LineString","coordinates":[[12.4614,41.8721],[12.4612,41.8721]]}},{"type":"Feature","properties":{"kmh":82.0,"corse":244001},"geometry":{"type":"LineString","coordinates":[[10.0003,45.5523],[9.9842,45.5528],[9.8974,45.5342],[9.8579,45.5348],[9.8133,45.5297],[9.7851,45.5245],[9.7273,45.5231],[9.5379,45.5123],[9.495,45.5063],[9.4574,45.5079],[9.4145,45.5012]]}},{"type":"Feature","properties":{"kmh":92.2,"corse":188053},"geometry":{"type":"LineString","coordinates":[[10.2128,45.5323],[10.2232,45.5299],[10.254,45.5277],[10.38,45.4737],[10.3904,45.4727],[10.4201,45.4739],[10.4827,45.4569],[10.4897,45.458],[10.5144,45.4677],[10.5236,45.4679],[10.6002,45.4356],[10.67,45.4421],[10.6945,45.435],[10.7001,45.4366],[10.7064,45.441],[10.7127,45.4422],[10.7585,45.4307],[10.8168,45.4213],[10.8511,45.4275],[10.9413,45.4271]]}},{"type":"Feature","properties":{"kmh":82.4,"corse":23787},"geometry":{"type":"LineString","coordinates":[[14.0482,41.4827],[14.0393,41.4782],[14.0274,41.4672],[14.0268,41.4608],[14.0296,41.4514],[14.029,41.4463],[14.0201,41.4328],[14.0137,41.4298],[14.0011,41.4288],[13.9895,41.4303],[13.9607,41.4418],[13.95,41.4408],[13.9376,41.4428],[13.9215,41.4383],[13.8992,41.4389]]}},{"type":"Feature","properties":{"kmh":87.3,"corse":28555},"geometry":{"type":"LineString","coordinates":[[12.2236,45.486],[12.2236,45.4861]]}},{"type":"Feature","properties":{"kmh":91.3,"corse":9324},"geometry":{"type":"LineString","coordinates":[[13.6277,45.7763],[13.628,45.7763]]}},{"type":"Feature","properties":{"kmh":81.0,"corse":540},"geometry":{"type":"LineString","coordinates":[[11.9086,44.413],[11.9011,44.4137],[11.8889,44.4216]]}},{"type":"Feature","properties":{"kmh":81.5,"corse":20487},"geometry":{"type":"LineString","coordinates":[[9.7119,45.0467],[9.7094,45.0481],[9.7039,45.0563]]}},{"type":"Feature","properties":{"kmh":97.6,"corse":50315},"geometry":{"type":"LineString","coordinates":[[15.2959,41.8492],[15.2959,41.8495]]}},{"type":"Feature","properties":{"kmh":86.8,"corse":180741},"geometry":{"type":"LineString","coordinates":[[10.9413,45.4271],[10.9687,45.4257],[10.9857,45.4292]]}},{"type":"Feature","properties":{"kmh":81.1,"corse":1780},"geometry":{"type":"LineString","coordinates":[[14.229,40.9896],[14.2227,40.9867],[14.2003,40.987]]}},{"type":"Feature","properties":{"kmh":84.4,"corse":8280},"geometry":{"type":"LineString","coordinates":[[13.2368,41.6609],[13.2371,41.6609]]}},{"type":"Feature","properties":{"kmh":84.4,"corse":8280},"geometry":{"type":"LineString","coordinates":[[13.2377,41.661],[13.238,41.661]]}},{"type":"Feature","properties":{"kmh":83.7,"corse":18553},"geometry":{"type":"LineString","coordinates":[[10.2635,44.8171],[10.2639,44.8171]]}},{"type":"Feature","properties":{"kmh":82.8,"corse":13020},"geometry":{"type":"LineString","coordinates":[[10.0579,44.8692],[10.061,44.8684],[10.0533,44.8697],[10.0495,44.868],[10.0407,44.8525],[10.0206,44.8393],[10.0104,44.8245],[10.0044,44.8219],[9.9942,44.821],[9.9881,44.8187]]}},{"type":"Feature","properties":{"kmh":97.6,"corse":1668},"geometry":{"type":"LineString","coordinates":[[13.6068,45.933],[13.611,45.926],[13.6104,45.9211],[13.5742,45.9001],[13.5678,45.8985],[13.5606,45.8993],[13.5375,45.8932],[13.5221,45.8914],[13.5133,45.8833],[13.4888,45.8769],[13.4829,45.8714],[13.4817,45.8684],[13.4875,45.8492],[13.5119,45.8241]]}},{"type":"Feature","properties":{"kmh":85.6,"corse":117872},"geometry":{"type":"LineString","coordinates":[[9.0909,45.5205],[9.0774,45.5247],[9.071,45.525],[9.0621,45.5223],[9.0541,45.5145],[9.0461,45.5112],[8.9081,45.4971],[8.8794,45.4923],[8.8643,45.4891],[8.8218,45.473],[8.8083,45.4699],[8.75,45.4668],[8.6507,45.4681],[8.6244,45.4693],[8.5901,45.4743],[8.5746,45.4744],[8.3696,45.4601],[8.2152,45.4338],[8.1918,45.4247],[8.1717,45.4118],[8.1367,45.3757],[8.1097,45.3547],[8.0058,45.259],[7.997,45.2524],[7.9777,45.2428],[7.9308,45.2261],[7.8521,45.1926],[7.7487,45.1414],[7.7391,45.1313],[7.7295,45.1271]]}},{"type":"Feature","properties":{"kmh":97.4,"corse":10359},"geometry":{"type":"LineString","coordinates":[[12.2227,45.4893],[12.2227,45.49]]}},{"type":"Feature","properties":{"kmh":82.8,"corse":13404},"geometry":{"type":"LineString","coordinates":[[10.0843,44.8623],[10.0703,44.8659]]}},{"type":"Feature","properties":{"kmh":80.4,"corse":3727},"geometry":{"type":"LineString","coordinates":[[8.8398,44.4244],[8.8383,44.4244]]}},{"type":"Feature","properties":{"kmh":80.4,"corse":3727},"geometry":{"type":"LineString","coordinates":[[7.6203,43.7896],[7.6193,43.7896]]}},{"type":"Feature","properties":{"kmh":93.6,"corse":722},"geometry":{"type":"LineString","coordinates":[[13.1293,46.258],[13.1293,46.2596]]}},{"type":"Feature","properties":{"kmh":93.6,"corse":722},"geometry":{"type":"LineString","coordinates":[[13.14,46.3486],[13.14,46.3491]]}},{"type":"Feature","properties":{"kmh":110.5,"corse":67149},"geometry":{"type":"LineString","coordinates":[[8.8874,44.4458],[8.8874,44.4469]]}},{"type":"Feature","properties":{"kmh":114.1,"corse":27014},"geometry":{"type":"LineString","coordinates":[[8.8874,44.4451],[8.8874,44.4457]]}},{"type":"Feature","properties":{"kmh":110.9,"corse":347632},"geometry":{"type":"LineString","coordinates":[[12.5191,41.9967],[12.5214,42.0178],[12.528,42.0301],[12.5298,42.0368],[12.5308,42.0634],[12.5413,42.0898],[12.5516,42.1086],[12.5531,42.1164],[12.5501,42.1432],[12.5339,42.1756],[12.5236,42.2099],[12.5223,42.2228],[12.5286,42.2546],[12.5262,42.2687],[12.5212,42.2755],[12.5018,42.2867],[12.4847,42.304],[12.4765,42.3176],[12.4638,42.3312],[12.4592,42.3385],[12.4521,42.3558],[12.4501,42.3672],[12.4467,42.3746],[12.4338,42.3875],[12.419,42.4056],[12.3855,42.4389],[12.3342,42.482],[12.315,42.4931],[12.3014,42.5031],[12.2668,42.5224],[12.259,42.5292],[12.2549,42.537],[12.2525,42.5471],[12.2239,42.6267],[12.1589,42.7046],[12.1402,42.7203],[12.0888,42.7412],[12.0517,42.763],[12.0366,42.7753],[12.0275,42.792],[12.0112,42.811],[12.0077,42.8223],[12.012,42.8389],[12.0118,42.8434],[11.9994,42.8729],[11.9943,42.8961],[11.9726,42.9322],[11.9626,42.9567],[11.9578,42.9789],[11.9487,42.9997],[11.9301,43.0196],[11.9202,43.0542],[11.9148,43.0624],[11.9,43.0786],[11.8926,43.1004],[11.8908,43.1082],[11.8897,43.1341],[11.8943,43.1777],[11.8855,43.2026],[11.8888,43.2213],[11.8884,43.2309],[11.8777,43.2514],[11.8713,43.2796],[11.8703,43.2995],[11.8734,43.321],[11.8717,43.3305],[11.8552,43.3586],[11.8469,43.3821],[11.8151,43.4471],[11.808,43.4597],[11.7945,43.4759]]}},{"type":"Feature","properties":{"kmh":108.4,"corse":338934},"geometry":{"type":"LineString","coordinates":[[11.3329,44.5074],[11.3321,44.5075]]}},{"type":"Feature","properties":{"kmh":112.4,"corse":257904},"geometry":{"type":"LineString","coordinates":[[11.3054,44.5144],[11.2778,44.5222],[11.2157,44.5449],[11.1213,44.5762],[11.1024,44.5841],[11.0826,44.5974],[11.0644,44.6199],[11.0525,44.6302],[11.0426,44.6359],[11.0058,44.6509],[10.9968,44.6565],[10.9764,44.6738],[10.937,44.6938],[10.9229,44.6966],[10.9047,44.6959],[10.8848,44.6914],[10.8538,44.6764],[10.8399,44.6741],[10.8258,44.6751],[10.7241,44.7097],[10.6189,44.7319],[10.5762,44.7425],[10.4577,44.7977],[10.3818,44.8275],[10.3339,44.8432],[10.2846,44.8534],[10.2361,44.8668],[10.1169,44.8856],[10.0967,44.89],[10.0665,44.8932],[10.0461,44.8986],[9.9045,44.9658],[9.8047,45.0043],[9.7931,45.0105],[9.7799,45.0202],[9.7729,45.0282],[9.7586,45.0618],[9.7505,45.073],[9.724,45.0992],[9.7046,45.1136]]}},{"type":"Feature","properties":{"kmh":118.6,"corse":41700},"geometry":{"type":"LineString","coordinates":[[11.1119,44.8916],[11.1119,44.8923]]}},{"type":"Feature","properties":{"kmh":115.2,"corse":287246},"geometry":{"type":"LineString","coordinates":[[11.2719,43.7824],[11.2641,43.7894],[11.2471,43.7869],[11.2437,43.7877],[11.2333,43.8046]]}},{"type":"Feature","properties":{"kmh":122.1,"corse":41555},"geometry":{"type":"LineString","coordinates":[[12.5334,41.9051],[12.5331,41.9075]]}},{"type":"Feature","properties":{"kmh":104.1,"corse":957},"geometry":{"type":"LineString","coordinates":[[7.6571,45.0511],[7.6624,45.0498],[7.667,45.0458],[7.6665,45.0429],[7.6626,45.039]]}},{"type":"Feature","properties":{"kmh":101.8,"corse":162890},"geometry":{"type":"LineString","coordinates":[[11.1065,42.7673],[11.1409,42.6704],[11.1346,42.6426],[11.1349,42.6353],[11.1597,42.5911],[11.1635,42.5808],[11.1628,42.5672],[11.1847,42.5394],[11.2485,42.4512],[11.2601,42.4421],[11.2773,42.4358],[11.2804,42.4313],[11.2818,42.4216],[11.299,42.4133],[11.3405,42.4133],[11.3685,42.4088],[11.456,42.385],[11.4691,42.3876],[11.4911,42.3804],[11.4998,42.3802],[11.5246,42.3706],[11.5387,42.3681],[11.5556,42.3692],[11.5702,42.3649],[11.586,42.3572],[11.5907,42.3408],[11.597,42.3325],[11.7039,42.2646],[11.7162,42.2449],[11.7328,42.2367],[11.7387,42.2307],[11.7744,42.1767],[11.7732,42.1714],[11.7515,42.149],[11.7501,42.145],[11.7512,42.1392],[11.7597,42.1286],[11.7677,42.1233],[11.7783,42.1103],[11.7867,42.104],[11.7891,42.0991],[11.795,42.0945],[11.798,42.0884]]}},{"type":"Feature","properties":{"kmh":104.5,"corse":13361},"geometry":{"type":"LineString","coordinates":[[12.5128,41.8763],[12.513,41.8763]]}},{"type":"Feature","properties":{"kmh":110.0,"corse":71196},"geometry":{"type":"LineString","coordinates":[[12.5209,41.8775],[12.5276,41.8821],[12.5316,41.8822]]}},{"type":"Feature","properties":{"kmh":106.6,"corse":295837},"geometry":{"type":"LineString","coordinates":[[12.6398,41.6461],[12.6569,41.6389],[12.6796,41.6372],[12.8235,41.5881],[12.9619,41.5319],[13.0049,41.5052],[13.0304,41.5001],[13.05,41.4896],[13.0768,41.4815],[13.0933,41.4784],[13.1132,41.4657],[13.1285,41.4536],[13.144,41.4445],[13.1515,41.4358],[13.1986,41.4172],[13.2034,41.4122],[13.2097,41.4011],[13.302,41.3505],[13.322,41.3364],[13.3299,41.3368],[13.3436,41.3453],[13.3677,41.3491],[13.4267,41.3372],[13.4461,41.3348],[13.4611,41.3269],[13.4747,41.324],[13.5403,41.2772],[13.5515,41.2655],[13.5599,41.2616],[13.5648,41.2573],[13.5802,41.2536],[13.6027,41.2571],[13.6201,41.2655],[13.6415,41.265],[13.6529,41.2627],[13.6812,41.2651],[13.6989,41.2598],[13.7293,41.257],[13.7695,41.2479],[13.7925,41.2416],[13.808,41.2351],[13.846,41.2183],[13.9891,41.1102],[14.0294,41.0629],[14.0571,41.0246],[14.0702,41.0],[14.0743,40.9951],[14.0827,40.9935],[14.1226,40.9961],[14.1518,40.9958],[14.1955,40.9879],[14.206,40.9858],[14.2134,40.9821],[14.2167,40.9785],[14.2198,40.9683]]}},{"type":"Feature","properties":{"kmh":103.0,"corse":51354},"geometry":{"type":"LineString","coordinates":[[15.2959,41.849],[15.2959,41.8506]]}},{"type":"Feature","properties":{"kmh":101.5,"corse":77716},"geometry":{"type":"LineString","coordinates":[[15.0008,41.9907],[14.9926,42.0007]]}},{"type":"Feature","properties":{"kmh":101.7,"corse":59016},"geometry":{"type":"LineString","coordinates":[[13.5139,43.5419],[13.5139,43.5426]]}},{"type":"Feature","properties":{"kmh":101.8,"corse":127875},"geometry":{"type":"LineString","coordinates":[[13.9389,41.4159],[13.9134,41.4242],[13.8763,41.4276],[13.8032,41.4421],[13.7679,41.4585],[13.7411,41.4676],[13.7072,41.4827],[13.6522,41.4974],[13.6198,41.5135],[13.5841,41.5269],[13.5581,41.5291],[13.501,41.5202],[13.4493,41.5185],[13.4199,41.5226],[13.3937,41.5303],[13.3656,41.5339],[13.3523,41.5374],[13.3204,41.5533],[13.3023,41.5667],[13.2693,41.6028],[13.2549,41.6298],[13.2406,41.6428],[13.2257,41.6513],[13.1931,41.6662],[13.1714,41.6796],[13.113,41.7016]]}},{"type":"Feature","properties":{"kmh":115.2,"corse":87919},"geometry":{"type":"LineString","coordinates":[[11.9066,42.0415],[11.9063,42.0415]]}},{"type":"Feature","properties":{"kmh":116.1,"corse":88120},"geometry":{"type":"LineString","coordinates":[[9.1425,44.363],[9.1419,44.363]]}},{"type":"Feature","properties":{"kmh":123.7,"corse":180438},"geometry":{"type":"LineString","coordinates":[[11.2269,43.8131],[11.2116,43.8238],[11.2108,43.8276],[11.236,43.8469],[11.244,43.855],[11.2647,43.9015],[11.2727,43.9124],[11.294,43.9343],[11.3278,43.9534],[11.3513,43.9698],[11.4078,44.0339],[11.414,44.0459],[11.4279,44.0902],[11.4346,44.1222],[11.4348,44.1397],[11.427,44.1566],[11.4059,44.184],[11.3713,44.2134],[11.3639,44.2228],[11.3597,44.2325],[11.3517,44.2665],[11.3505,44.2821],[11.3569,44.3248],[11.35,44.367],[11.3498,44.3807],[11.353,44.3962],[11.3604,44.4152],[11.3619,44.432],[11.3711,44.4499],[11.3741,44.4592],[11.3765,44.4739],[11.3748,44.495],[11.3757,44.504],[11.3729,44.5095],[11.3617,44.5177],[11.3314,44.5286],[11.3423,44.5388]]}},{"type":"Feature","properties":{"kmh":103.5,"corse":270122},"geometry":{"type":"LineString","coordinates":[[11.3742,44.4659],[11.3764,44.4759],[11.3756,44.4922],[11.3716,44.4966],[11.3569,44.5027]]}},{"type":"Feature","properties":{"kmh":124.0,"corse":14315},"geometry":{"type":"LineString","coordinates":[[10.9372,45.4271],[10.9459,45.4268],[10.9482,45.4254],[10.9483,45.4183]]}},{"type":"Feature","properties":{"kmh":100.8,"corse":85352},"geometry":{"type":"LineString","coordinates":[[11.5266,45.5407],[11.5273,45.5407]]}},{"type":"Feature","properties":{"kmh":107.1,"corse":829},"geometry":{"type":"LineString","coordinates":[[12.3438,41.8185],[12.3349,41.8208],[12.3194,41.8291],[12.3027,41.8304],[12.2917,41.8294],[12.2878,41.8306],[12.2704,41.8457],[12.2445,41.8719]]}},{"type":"Feature","properties":{"kmh":104.2,"corse":38060},"geometry":{"type":"LineString","coordinates":[[11.8488,45.4034],[11.8495,45.4041]]}},{"type":"Feature","properties":{"kmh":112.1,"corse":1227},"geometry":{"type":"LineString","coordinates":[[13.5119,45.8241],[13.5112,45.8202],[13.5052,45.8185]]}},{"type":"Feature","properties":{"kmh":103.7,"corse":17655},"geometry":{"type":"LineString","coordinates":[[18.1611,40.3482],[18.1456,40.3561],[18.0755,40.3699],[18.0201,40.3935],[17.9725,40.387],[17.9337,40.4031],[17.8329,40.4221],[17.6466,40.4031],[17.6337,40.4061],[17.6202,40.4135],[17.6136,40.4228],[17.5929,40.5205],[17.5893,40.5231],[17.4673,40.5234],[17.4638,40.5217],[17.4604,40.5149],[17.4482,40.5142],[17.4434,40.5157],[17.4291,40.5292],[17.4179,40.5275],[17.4027,40.5307],[17.3387,40.52],[17.2792,40.5139],[17.2511,40.505],[17.2318,40.4893]]}},{"type":"Feature","properties":{"kmh":101.4,"corse":8292},"geometry":{"type":"LineString","coordinates":[[9.2864,45.079],[9.2853,45.079]]}},{"type":"Feature","properties":{"kmh":102.7,"corse":21000},"geometry":{"type":"LineString","coordinates":[[8.0658,44.8987],[8.0652,44.8987]]}},{"type":"Feature","properties":{"kmh":100.5,"corse":56766},"geometry":{"type":"LineString","coordinates":[[16.0405,39.3361],[16.0365,39.3513]]}},{"type":"Feature","properties":{"kmh":104.7,"corse":7433},"geometry":{"type":"LineString","coordinates":[[16.8271,41.1278],[16.8405,41.1224]]}},{"type":"Feature","properties":{"kmh":121.1,"corse":2147},"geometry":{"type":"LineString","coordinates":[[7.6559,45.0585],[7.649,45.0544],[7.6391,45.0547]]}},{"type":"Feature","properties":{"kmh":111.8,"corse":2534},"geometry":{"type":"LineString","coordinates":[[6.7093,45.0787],[6.7117,45.0859],[6.7111,45.0889],[6.6576,45.1845],[6.6588,45.187],[6.6705,45.1963],[6.6823,45.2013],[6.6839,45.2044],[6.6812,45.2066],[6.6771,45.2063],[6.6591,45.1934]]}},{"type":"Feature","properties":{"kmh":118.2,"corse":45670},"geometry":{"type":"LineString","coordinates":[[12.4967,41.8709],[12.4961,41.8709]]}},{"type":"Feature","properties":{"kmh":122.7,"corse":42860},"geometry":{"type":"LineString","coordinates":[[12.4783,41.873],[12.4776,41.873]]}},{"type":"Feature","properties":{"kmh":105.2,"corse":1400},"geometry":{"type":"LineString","coordinates":[[17.1882,40.4928],[17.1885,40.4931]]}},{"type":"Feature","properties":{"kmh":105.2,"corse":1400},"geometry":{"type":"LineString","coordinates":[[17.1157,40.5754],[17.1144,40.5767]]}},{"type":"Feature","properties":{"kmh":141.9,"corse":76233},"geometry":{"type":"LineString","coordinates":[[12.5615,41.7391],[12.5615,41.7387]]}},{"type":"Feature","properties":{"kmh":132.0,"corse":165755},"geometry":{"type":"LineString","coordinates":[[11.3725,44.4537],[11.3742,44.4659]]}},{"type":"Feature","properties":{"kmh":152.8,"corse":752},"geometry":{"type":"LineString","coordinates":[[12.5334,41.9053],[12.5334,41.9057]]}},{"type":"Feature","properties":{"kmh":138.1,"corse":149337},"geometry":{"type":"LineString","coordinates":[[12.5185,41.9385],[12.5187,41.9383]]}},{"type":"Feature","properties":{"kmh":143.2,"corse":50888},"geometry":{"type":"LineString","coordinates":[[12.5272,41.8868],[12.5272,41.8868]]}},{"type":"Feature","properties":{"kmh":142.2,"corse":98015},"geometry":{"type":"LineString","coordinates":[[12.5272,41.8868],[12.5312,41.8838]]}},{"type":"Feature","properties":{"kmh":130.2,"corse":915},"geometry":{"type":"LineString","coordinates":[[11.8476,45.4021],[11.8571,45.4141]]}},{"type":"Feature","properties":{"kmh":130.2,"corse":915},"geometry":{"type":"LineString","coordinates":[[11.8597,45.4252],[11.8587,45.4256]]}}]}